repository,file_path,line_number,target_name,cache_type,is_explicit,strategy_category,cache_options,enclosing_class,enclosing_function,file_url,code_snippet
dask/dask,dask/array/core.py,6112,open,NOT_EXPLICIT,False,Implicit Default,None,None,to_npy_stack,https://github.com/dask/dask/blob/main/dask/array/core.py#L6112,"    with open(os.path.join(dirname, ""info""), ""wb"") as f:"
dask/dask,dask/array/core.py,6139,open,NOT_EXPLICIT,False,Implicit Default,None,None,from_npy_stack,https://github.com/dask/dask/blob/main/dask/array/core.py#L6139,"    with open(os.path.join(dirname, ""info""), ""rb"") as f:"
dask/dask,dask/bag/avro.py,67,OpenFile,NOT_EXPLICIT,False,Implicit Default,None,None,open_head,https://github.com/dask/dask/blob/main/dask/bag/avro.py#L67,"    with OpenFile(fs, path, compression=compression) as f:"
dask/dask,dask/bag/avro.py,123,OpenFile,NOT_EXPLICIT,False,Implicit Default,None,None,read_avro,https://github.com/dask/dask/blob/main/dask/bag/avro.py#L123,"            f = OpenFile(fs, path, compression=compression)"
dask/dask,dask/bag/avro.py,136,open_files,NOT_EXPLICIT,False,Implicit Default,None,None,read_avro,https://github.com/dask/dask/blob/main/dask/bag/avro.py#L136,"        files = open_files(urlpath, compression=compression, **storage_options)"
dask/dask,dask/bag/avro.py,152,read_block,NOT_EXPLICIT,False,Implicit Default,None,None,read_chunk,https://github.com/dask/dask/blob/main/dask/bag/avro.py#L152,"        chunk = read_block(f, off, l, head[""sync""])"
dask/dask,dask/bag/avro.py,256,open_files,NOT_EXPLICIT,False,Implicit Default,None,None,to_avro,https://github.com/dask/dask/blob/main/dask/bag/avro.py#L256,"    files = open_files(         filename,         ""wb"",         name_function=name_function,         num=b.npartitions,         **storage_options,     )"
dask/dask,dask/bag/core.py,259,open_files,NOT_EXPLICIT,False,Implicit Default,None,None,to_textfiles,https://github.com/dask/dask/blob/main/dask/bag/core.py#L259,"    files = open_files(         path,         compression=compression,         mode=mode,         encoding=encoding,         name_function=name_function,         num=b.npartitions,         **(storage_options or {}),     )"
dask/dask,dask/bag/text.py,100,open_files,NOT_EXPLICIT,False,Implicit Default,None,None,read_text,https://github.com/dask/dask/blob/main/dask/bag/text.py#L100,"        files = open_files(             urlpath,             mode=""rt"",             encoding=encoding,             errors=errors,             compression=compression,             newline=newline,             **(storage_options or {}),         )"
dask/dask,dask/bytes/core.py,153,OpenFile,NOT_EXPLICIT,False,Implicit Default,None,None,read_bytes,https://github.com/dask/dask/blob/main/dask/bytes/core.py#L153,"                OpenFile(fs, path, compression=compression),"
dask/dask,dask/bytes/core.py,168,OpenFile,NOT_EXPLICIT,False,Implicit Default,None,None,read_bytes,https://github.com/dask/dask/blob/main/dask/bytes/core.py#L168,"        with OpenFile(fs, paths[0], compression=compression) as f:"
dask/dask,dask/bytes/core.py,194,read_block,NOT_EXPLICIT,False,Implicit Default,None,None,read_block_from_file,https://github.com/dask/dask/blob/main/dask/bytes/core.py#L194,"        return read_block(f, off, bs, delimiter)"
dask/dask,dask/config.py,179,open,NOT_EXPLICIT,False,Implicit Default,None,None,_load_config_file,https://github.com/dask/dask/blob/main/dask/config.py#L179,        with open(path) as f:
dask/dask,dask/config.py,352,open,NOT_EXPLICIT,False,Implicit Default,None,None,ensure_file,https://github.com/dask/dask/blob/main/dask/config.py#L352,            with open(source) as f:
dask/dask,dask/config.py,361,open,NOT_EXPLICIT,False,Implicit Default,None,None,ensure_file,https://github.com/dask/dask/blob/main/dask/config.py#L361,"            with open(tmp, ""w"") as f:"
dask/dask,dask/config.py,888,open,NOT_EXPLICIT,False,Implicit Default,None,None,_initialize,https://github.com/dask/dask/blob/main/dask/config.py#L888,    with open(fn) as f:
dask/dask,dask/dataframe/dask_expr/io/parquet.py,1781,fs.open,NOT_EXPLICIT,False,Implicit Default,None,None,_read_partition_stats,https://github.com/dask/dask/blob/main/dask/dataframe/dask_expr/io/parquet.py#L1781,"            with fs.open(path, default_cache=""none"") as f:"
dask/dask,dask/dataframe/io/csv.py,911,open_file,NOT_EXPLICIT,False,Implicit Default,None,None,to_csv,https://github.com/dask/dask/blob/main/dask/dataframe/io/csv.py#L911,"        first_file = open_file(filename, mode=mode, **file_options)"
dask/dask,dask/dataframe/io/csv.py,915,open_file,NOT_EXPLICIT,False,Implicit Default,None,None,to_csv,https://github.com/dask/dask/blob/main/dask/dataframe/io/csv.py#L915,"        append_file = open_file(filename, mode=append_mode, **file_options)"
dask/dask,dask/dataframe/io/csv.py,922,open_files,NOT_EXPLICIT,False,Implicit Default,None,None,to_csv,https://github.com/dask/dask/blob/main/dask/dataframe/io/csv.py#L922,"        files = open_files(             filename,             mode=mode,             name_function=name_function,             num=df.npartitions,             **file_options,         )"
dask/dask,dask/dataframe/io/json.py,78,open_files,NOT_EXPLICIT,False,Implicit Default,None,None,to_json,https://github.com/dask/dask/blob/main/dask/dataframe/io/json.py#L78,"    outfiles = open_files(         url_path,         ""wt"",         encoding=encoding,         errors=errors,         name_function=name_function,         num=df.npartitions,         compression=compression,         **(storage_options or {}),     )"
dask/dask,dask/dataframe/io/json.py,268,open_files,NOT_EXPLICIT,False,Implicit Default,None,None,read_json,https://github.com/dask/dask/blob/main/dask/dataframe/io/json.py#L268,"        files = open_files(             url_path,             ""rt"",             encoding=encoding,             errors=errors,             compression=compression,             **storage_options,         )"
dask/dask,dask/dataframe/io/orc/arrow.py,39,fs.open,NOT_EXPLICIT,False,Implicit Default,None,ArrowORCEngine,read_metadata,https://github.com/dask/dask/blob/main/dask/dataframe/io/orc/arrow.py#L39,"                with fs.open(path, ""rb"") as f:"
dask/dask,dask/dataframe/io/orc/arrow.py,60,fs.open,NOT_EXPLICIT,False,Implicit Default,None,ArrowORCEngine,read_metadata,https://github.com/dask/dask/blob/main/dask/dataframe/io/orc/arrow.py#L60,"                    with fs.open(paths[0], ""rb"") as f:"
dask/dask,dask/dataframe/io/orc/arrow.py,111,fs.open,NOT_EXPLICIT,False,Implicit Default,None,ArrowORCEngine,write_partition,https://github.com/dask/dask/blob/main/dask/dataframe/io/orc/arrow.py#L111,"        with fs.open(fs.sep.join([path, filename]), ""wb"") as f:"
dask/dask,dask/dataframe/io/orc/arrow.py,122,fs.open,NOT_EXPLICIT,False,Implicit Default,None,None,_read_orc_stripes,https://github.com/dask/dask/blob/main/dask/dataframe/io/orc/arrow.py#L122,"    with fs.open(path, ""rb"") as f:"
dask/dask,dask/dataframe/io/parquet/arrow.py,150,fs.open,NOT_EXPLICIT,False,Implicit Default,None,None,_write_partitioned,https://github.com/dask/dask/blob/main/dask/dataframe/io/parquet/arrow.py#L150,"        with fs.open(full_path, ""wb"") as f:"
dask/dask,dask/dataframe/io/parquet/arrow.py,684,fs.open,NOT_EXPLICIT,False,Implicit Default,None,ArrowDatasetEngine,initialize_write,https://github.com/dask/dask/blob/main/dask/dataframe/io/parquet/arrow.py#L684,"                    with fs.open(fs.sep.join([path, ""_metadata""]), mode=""rb"") as fil:"
dask/dask,dask/dataframe/io/parquet/arrow.py,690,fs.open,NOT_EXPLICIT,False,Implicit Default,None,ArrowDatasetEngine,initialize_write,https://github.com/dask/dask/blob/main/dask/dataframe/io/parquet/arrow.py#L690,"                        with fs.open(                             sorted(ds.files, key=natural_sort_key)[-1], mode=""rb""                         ) as fil:"
dask/dask,dask/dataframe/io/parquet/arrow.py,851,fs.open,NOT_EXPLICIT,False,Implicit Default,None,ArrowDatasetEngine,write_partition,https://github.com/dask/dask/blob/main/dask/dataframe/io/parquet/arrow.py#L851,"            with fs.open(fs.sep.join([path, filename]), ""wb"") as fil:"
dask/dask,dask/dataframe/io/parquet/arrow.py,882,fs.open,NOT_EXPLICIT,False,Implicit Default,None,ArrowDatasetEngine,write_metadata,https://github.com/dask/dask/blob/main/dask/dataframe/io/parquet/arrow.py#L882,"                with fs.open(common_metadata_path, ""wb"") as fil:"
dask/dask,dask/dataframe/io/parquet/arrow.py,895,fs.open,NOT_EXPLICIT,False,Implicit Default,None,ArrowDatasetEngine,write_metadata,https://github.com/dask/dask/blob/main/dask/dataframe/io/parquet/arrow.py#L895,"            with fs.open(metadata_path, ""wb"") as fil:"
dask/dask,dask/dataframe/io/parquet/arrow.py,1820,fs.open,NOT_EXPLICIT,False,Implicit Default,None,ArrowDatasetEngine,collect_file_metadata,https://github.com/dask/dask/blob/main/dask/dataframe/io/parquet/arrow.py#L1820,"        with fs.open(path, ""rb"") as f:"
dask/dask,dask/dataframe/io/parquet/arrow.py,1836,fs.open,NOT_EXPLICIT,False,Implicit Default,None,ArrowDatasetEngine,aggregate_metadata,https://github.com/dask/dask/blob/main/dask/dataframe/io/parquet/arrow.py#L1836,"            with fs.open(metadata_path, ""wb"") as fil:"
dask/dask,dask/dataframe/io/utils.py,210,fsspec_parquet.open_parquet_file,parts,True,Columnar / Section Caching,None,None,_open_input_files,https://github.com/dask/dask/blob/main/dask/dataframe/io/utils.py#L210,"                fsspec_parquet.open_parquet_file(                     path,                     fs=fs,                     row_groups=rgs,                     **kwargs,                 ),"
dask/dask,dask/dataframe/io/utils.py,221,fs.open,parts,True,Columnar / Section Caching,None,None,_open_input_files,https://github.com/dask/dask/blob/main/dask/dataframe/io/utils.py#L221,"        return [_set_context(fs.open(path, **kwargs), context_stack) for path in paths]"
dask/dask,dask/dataframe/io/utils.py,222,open,parts,True,Columnar / Section Caching,None,None,_open_input_files,https://github.com/dask/dask/blob/main/dask/dataframe/io/utils.py#L222,"    return [_set_context(open(path, **kwargs), context_stack) for path in paths]"
dask/dask,dask/dot.py,312,open,NOT_EXPLICIT,False,Implicit Default,None,None,graphviz_to_file,https://github.com/dask/dask/blob/main/dask/dot.py#L312,"    with open(full_filename, ""wb"") as f:"
dask/dask,dask/system.py,22,open,NOT_EXPLICIT,False,Implicit Default,None,None,_try_extract_cgroup_cpu_quota,https://github.com/dask/dask/blob/main/dask/system.py#L22,"            with open(f""/sys/fs/cgroup/{dirname}/cpu.cfs_quota_us"") as f:"
dask/dask,dask/system.py,24,open,NOT_EXPLICIT,False,Implicit Default,None,None,_try_extract_cgroup_cpu_quota,https://github.com/dask/dask/blob/main/dask/system.py#L24,"            with open(f""/sys/fs/cgroup/{dirname}/cpu.cfs_period_us"") as f:"
dask/dask,dask/system.py,32,open,NOT_EXPLICIT,False,Implicit Default,None,None,_try_extract_cgroup_cpu_quota,https://github.com/dask/dask/blob/main/dask/system.py#L32,"        with open(""/proc/self/cgroup"") as f:"
dask/dask,dask/system.py,36,open,NOT_EXPLICIT,False,Implicit Default,None,None,_try_extract_cgroup_cpu_quota,https://github.com/dask/dask/blob/main/dask/system.py#L36,"        with open(f""/sys/fs/cgroup{group_path}cpu.max"") as f:"
dask/dask,dask/utils.py,415,open,NOT_EXPLICIT,False,Implicit Default,None,None,filetext,https://github.com/dask/dask/blob/main/dask/utils.py#L415,"        f = open(filename, mode=mode)"
dask/dask,dask/utils.py,483,open,NOT_EXPLICIT,False,Implicit Default,None,None,filetexts,https://github.com/dask/dask/blob/main/dask/utils.py#L483,"            f = open(filename, f""w{mode}"")"
intake/intake,docs/make_api.py,8,open,NOT_EXPLICIT,False,Implicit Default,None,None,run,https://github.com/intake/intake/blob/master/docs/make_api.py#L8,"    with open(fn, ""w"") as f:"
intake/intake,docs/plugins.py,38,open,NOT_EXPLICIT,False,Implicit Default,None,None,generate_plugin_table,https://github.com/intake/intake/blob/master/docs/plugins.py#L38,"    plugins = yaml.safe_load(open(""plugins.yaml"", ""rb""))"
intake/intake,intake/catalog/base.py,341,open_files,NOT_EXPLICIT,False,Implicit Default,None,Catalog,save,https://github.com/intake/intake/blob/master/intake/catalog/base.py#L341,"        with open_files([url], **(storage_options or {}), mode=""wt"")[0] as f:"
intake/intake,intake/catalog/local.py,639,open_files,NOT_EXPLICIT,False,Implicit Default,None,YAMLFileCatalog,_load,https://github.com/intake/intake/blob/master/intake/catalog/local.py#L639,"                file_open = open_files(self.path, mode=""rb"", **options)"
intake/intake,intake/catalog/local.py,690,open_files,NOT_EXPLICIT,False,Implicit Default,None,YAMLFileCatalog,add,https://github.com/intake/intake/blob/master/intake/catalog/local.py#L690,"            file_open = open_files([self.path], mode=""wt"", **options)"
intake/intake,intake/catalog/local.py,693,open_files,NOT_EXPLICIT,False,Implicit Default,None,YAMLFileCatalog,add,https://github.com/intake/intake/blob/master/intake/catalog/local.py#L693,"            file_open = open_files([path], mode=""wt"", **options)"
intake/intake,intake/catalog/local.py,805,open_files,NOT_EXPLICIT,False,Implicit Default,None,YAMLFilesCatalog,_load,https://github.com/intake/intake/blob/master/intake/catalog/local.py#L805,"            files = sum([open_files(p, mode=""rb"", **options) for p in self.path], [])"
intake/intake,intake/catalog/local.py,812,open_files,NOT_EXPLICIT,False,Implicit Default,None,YAMLFilesCatalog,_load,https://github.com/intake/intake/blob/master/intake/catalog/local.py#L812,"            files = open_files(self.path, mode=""rb"", **options)"
intake/intake,intake/config.py,83,open,NOT_EXPLICIT,False,Implicit Default,None,Config,save,https://github.com/intake/intake/blob/master/intake/config.py#L83,"        with open(fn, ""w"") as f:"
intake/intake,intake/config.py,153,open,NOT_EXPLICIT,False,Implicit Default,None,Config,load,https://github.com/intake/intake/blob/master/intake/config.py#L153,            with open(fn) as f:
intake/intake,intake/readers/catalogs.py,376,fsspec.open,NOT_EXPLICIT,False,Implicit Default,None,STACIndex,_read,https://github.com/intake/intake/blob/master/intake/readers/catalogs.py#L376,"        with fsspec.open(""https://stacindex.org/api/catalogs"") as f:"
intake/intake,intake/readers/datatypes.py,1932,fs.cat_file,NOT_EXPLICIT,False,Implicit Default,None,None,recommend,https://github.com/intake/intake/blob/master/intake/readers/datatypes.py#L1932,"            head = fs.cat_file(url2[0] if isinstance(url2, list) else url2, end=2**20)"
intake/intake,intake/readers/entry.py,420,fsspec.open,NOT_EXPLICIT,False,Implicit Default,None,Catalog,to_yaml_file,https://github.com/intake/intake/blob/master/intake/readers/entry.py#L420,"        with fsspec.open(path, mode=""wt"", **storage_options) as stream:"
intake/intake,intake/readers/entry.py,432,fsspec.open,NOT_EXPLICIT,False,Implicit Default,None,Catalog,from_yaml_file,https://github.com/intake/intake/blob/master/intake/readers/entry.py#L432,"        of = fsspec.open(path, **storage_options)"
intake/intake,intake/readers/output.py,125,fsspec.open,NOT_EXPLICIT,False,Implicit Default,None,NumpyToNumpyFile,run,https://github.com/intake/intake/blob/master/intake/readers/output.py#L125,"            with fsspec.open(path, **storage_options) as f:"
intake/intake,intake/readers/output.py,158,fsspec.open,NOT_EXPLICIT,False,Implicit Default,None,MatplotlibToPNG,run,https://github.com/intake/intake/blob/master/intake/readers/output.py#L158,"        with fsspec.open(url, mode=""wb"", **(storage_options or {})) as f:"
intake/intake,intake/readers/output.py,293,fsspec.open,NOT_EXPLICIT,False,Implicit Default,None,NumpyToPNG,run,https://github.com/intake/intake/blob/master/intake/readers/output.py#L293,"        with fsspec.open(url, mode=""wb"", **(storage_options or {})) as f:"
intake/intake,intake/readers/output.py,320,fsspec.open,NOT_EXPLICIT,False,Implicit Default,None,NumpyToTIFF,run,https://github.com/intake/intake/blob/master/intake/readers/output.py#L320,"            with fsspec.open(url, mode=""wb"", **(storage_options or {})) as f:"
intake/intake,intake/readers/output.py,337,fsspec.open,NOT_EXPLICIT,False,Implicit Default,None,PILImageToPNG,run,https://github.com/intake/intake/blob/master/intake/readers/output.py#L337,"        with fsspec.open(url, mode=""wb"", **(storage_options or {})) as f:"
intake/intake,intake/readers/output.py,353,fsspec.open,NOT_EXPLICIT,False,Implicit Default,None,PILImageToJPEG,run,https://github.com/intake/intake/blob/master/intake/readers/output.py#L353,"        with fsspec.open(url, mode=""wb"", **(storage_options or {})) as f:"
intake/intake,intake/readers/output.py,368,fsspec.open,NOT_EXPLICIT,False,Implicit Default,None,PILImageToTIFF,run,https://github.com/intake/intake/blob/master/intake/readers/output.py#L368,"        with fsspec.open(url, mode=""wb"", **(storage_options or {})) as f:"
intake/intake,intake/readers/output.py,402,fsspec.open,NOT_EXPLICIT,False,Implicit Default,None,NumpyToWAV,run,https://github.com/intake/intake/blob/master/intake/readers/output.py#L402,"            with fsspec.open(url, mode=""wb"", **(storage_options or {})) as f:"
intake/intake,intake/readers/readers.py,264,_fs.cat_file,NOT_EXPLICIT,False,Implicit Default,None,FileReader,_sniff_head,https://github.com/intake/intake/blob/master/intake/readers/readers.py#L264,"            head = _fs.cat_file(url2, start=0, end=nbytes)"
intake/intake,intake/readers/readers.py,723,open,NOT_EXPLICIT,False,Implicit Default,None,LlamaServerReader,_read,https://github.com/intake/intake/blob/master/intake/readers/readers.py#L723,"        f = open(log_file, ""wb"")"
intake/intake,intake/readers/readers.py,736,fsspec.open_local,NOT_EXPLICIT,False,Implicit Default,None,LlamaServerReader,_read,https://github.com/intake/intake/blob/master/intake/readers/readers.py#L736,"                path = fsspec.open_local(f""simplecache::{v}"")"
intake/intake,intake/readers/readers.py,923,fsspec.open,NOT_EXPLICIT,False,Implicit Default,None,SKLearnModelReader,_read,https://github.com/intake/intake/blob/master/intake/readers/readers.py#L923,"        with fsspec.open(data.url, **(data.storage_options or {})) as f:"
intake/intake,intake/readers/readers.py,1000,h.cat,NOT_EXPLICIT,False,Implicit Default,None,HandleToUrlReader,_extract,https://github.com/intake/intake/blob/master/intake/readers/readers.py#L1000,"            rr = h.cat([f""{base}/{u.lstrip('hdl:/')}"" for u in ids])"
intake/intake,intake/readers/readers.py,1007,h.cat,NOT_EXPLICIT,False,Implicit Default,None,HandleToUrlReader,_read,https://github.com/intake/intake/blob/master/intake/readers/readers.py#L1007,"        r = h.cat(f""{base}/{data.url.lstrip('hdl:/')}"")"
intake/intake,intake/readers/readers.py,1044,fsspec.open,NOT_EXPLICIT,False,Implicit Default,None,PandasHDF5,_read,https://github.com/intake/intake/blob/master/intake/readers/readers.py#L1044,"            with fsspec.open(data.url, ""rb"", **data.storage_options) as f:"
intake/intake,intake/readers/readers.py,1286,fsspec.open,NOT_EXPLICIT,False,Implicit Default,None,PythonModule,_read,https://github.com/intake/intake/blob/master/intake/readers/readers.py#L1286,"        with fsspec.open(data.url, ""rt"", **(data.storage_options or {})) as f:"
intake/intake,intake/readers/readers.py,1318,fsspec.open,NOT_EXPLICIT,False,Implicit Default,None,NumpyText,_read,https://github.com/intake/intake/blob/master/intake/readers/readers.py#L1318,"            with fsspec.open(data.url, **(data.storage_options or {})) as f:"
intake/intake,intake/readers/readers.py,1415,fsspec.open_local,NOT_EXPLICIT,False,Implicit Default,None,XArrayDatasetReader,_read,https://github.com/intake/intake/blob/master/intake/readers/readers.py#L1415,"                ofs = fsspec.open_local(data.url, **(data.storage_options or {}))"
intake/intake,intake/readers/readers.py,1419,fsspec.open_files,NOT_EXPLICIT,False,Implicit Default,None,XArrayDatasetReader,_read,https://github.com/intake/intake/blob/master/intake/readers/readers.py#L1419,"                ofs0 = fsspec.open_files(data.url, **(data.storage_options or {}))"
intake/intake,intake/readers/readers.py,1433,fsspec.open_local,NOT_EXPLICIT,False,Implicit Default,None,XArrayDatasetReader,_read,https://github.com/intake/intake/blob/master/intake/readers/readers.py#L1433,"                    f = fsspec.open_local(data.url, **(data.storage_options or {}))"
intake/intake,intake/readers/readers.py,1436,"fsspec.open(data.url, **data.storage_options or {}).open",NOT_EXPLICIT,False,Implicit Default,None,XArrayDatasetReader,_read,https://github.com/intake/intake/blob/master/intake/readers/readers.py#L1436,"                    f = fsspec.open(data.url, **(data.storage_options or {})).open()"
intake/intake,intake/readers/readers.py,1436,fsspec.open,NOT_EXPLICIT,False,Implicit Default,None,XArrayDatasetReader,_read,https://github.com/intake/intake/blob/master/intake/readers/readers.py#L1436,"                    f = fsspec.open(data.url, **(data.storage_options or {})).open()"
intake/intake,intake/readers/readers.py,1513,fsspec.open_files,NOT_EXPLICIT,False,Implicit Default,None,RasterIOXarrayReader,_read,https://github.com/intake/intake/blob/master/intake/readers/readers.py#L1513,"        ofs = fsspec.open_files(data.url, **(data.storage_options or {}))"
intake/intake,intake/readers/readers.py,1578,fsspec.open,NOT_EXPLICIT,False,Implicit Default,None,GeoPandasReader,_read,https://github.com/intake/intake/blob/master/intake/readers/readers.py#L1578,"            with fsspec.open(data.url, **(data.storage_options or {})) as f:"
intake/intake,intake/readers/readers.py,1600,fsspec.open,NOT_EXPLICIT,False,Implicit Default,None,ScipyMatrixMarketReader,_read,https://github.com/intake/intake/blob/master/intake/readers/readers.py#L1600,"        with fsspec.open(data.url, **data.storage_options) as f:"
intake/intake,intake/readers/readers.py,1612,fsspec.open,NOT_EXPLICIT,False,Implicit Default,None,NibabelNiftiReader,_read,https://github.com/intake/intake/blob/master/intake/readers/readers.py#L1612,"        with fsspec.open(data.url, **(data.storage_options or {})) as f:"
intake/intake,intake/readers/readers.py,1639,"fsspec.open(data.url, **data.storage_options or {}).open",NOT_EXPLICIT,False,Implicit Default,None,ASDFReader,_read,https://github.com/intake/intake/blob/master/intake/readers/readers.py#L1639,"            f = fsspec.open(data.url, **(data.storage_options or {})).open()"
intake/intake,intake/readers/readers.py,1639,fsspec.open,NOT_EXPLICIT,False,Implicit Default,None,ASDFReader,_read,https://github.com/intake/intake/blob/master/intake/readers/readers.py#L1639,"            f = fsspec.open(data.url, **(data.storage_options or {})).open()"
intake/intake,intake/readers/readers.py,1653,fsspec.open,NOT_EXPLICIT,False,Implicit Default,None,DicomReader,_read,https://github.com/intake/intake/blob/master/intake/readers/readers.py#L1653,"        with fsspec.open(data.url, **(data.storage_options or {})) as f:"
intake/intake,intake/readers/readers.py,1683,"fsspec.open(data.url, **data.storage_options or {}).open",NOT_EXPLICIT,False,Implicit Default,None,PMTileReader,_read,https://github.com/intake/intake/blob/master/intake/readers/readers.py#L1683,"            f = fsspec.open(data.url, **(data.storage_options or {})).open()"
intake/intake,intake/readers/readers.py,1683,fsspec.open,NOT_EXPLICIT,False,Implicit Default,None,PMTileReader,_read,https://github.com/intake/intake/blob/master/intake/readers/readers.py#L1683,"            f = fsspec.open(data.url, **(data.storage_options or {})).open()"
intake/intake,intake/readers/readers.py,1690,open,NOT_EXPLICIT,False,Implicit Default,None,PMTileReader,_read,https://github.com/intake/intake/blob/master/intake/readers/readers.py#L1690,            f = open(data.url)
intake/intake,intake/readers/readers.py,1889,"fsspec.open(data.url, **data.storage_options or {}).open",NOT_EXPLICIT,False,Implicit Default,None,GeoPandasTabular,_read,https://github.com/intake/intake/blob/master/intake/readers/readers.py#L1889,"            f = fsspec.open(data.url, **(data.storage_options or {})).open()"
intake/intake,intake/readers/readers.py,1889,fsspec.open,NOT_EXPLICIT,False,Implicit Default,None,GeoPandasTabular,_read,https://github.com/intake/intake/blob/master/intake/readers/readers.py#L1889,"            f = fsspec.open(data.url, **(data.storage_options or {})).open()"
intake/intake,intake/readers/readers.py,1971,fsspec.open,NOT_EXPLICIT,False,Implicit Default,None,MessagePackReader,_read,https://github.com/intake/intake/blob/master/intake/readers/readers.py#L1971,"        with fsspec.open(data.url, ""rb"", **(data.storage_options or {})) as f:"
intake/intake,intake/readers/readers.py,1998,fsspec.open,NOT_EXPLICIT,False,Implicit Default,None,MarkdownReader,_read,https://github.com/intake/intake/blob/master/intake/readers/readers.py#L1998,"        with fsspec.open(data.url, ""r"", **(data.storage_options or {})) as f:"
intake/intake,intake/readers/readers.py,2005,fsspec.open,NOT_EXPLICIT,False,Implicit Default,None,MarkdownReader,discover,https://github.com/intake/intake/blob/master/intake/readers/readers.py#L2005,"        with fsspec.open(data.url, ""rb"", **(data.storage_options or {})) as f:"
intake/intake,intake/readers/readers.py,2036,fsspec.open,NOT_EXPLICIT,False,Implicit Default,None,TOMLReader,_read,https://github.com/intake/intake/blob/master/intake/readers/readers.py#L2036,"        with fsspec.open(data.url, ""rb"", **(data.storage_options or {})) as f:"
intake/intake,intake/readers/readers.py,2081,fsspec.open,NOT_EXPLICIT,False,Implicit Default,None,INIReader,_read,https://github.com/intake/intake/blob/master/intake/readers/readers.py#L2081,"        with fsspec.open(data.url, ""r"", **(data.storage_options or {})) as f:"
intake/intake,intake/readers/readers.py,2113,fsspec.open,NOT_EXPLICIT,False,Implicit Default,None,PDFTextReader,_read,https://github.com/intake/intake/blob/master/intake/readers/readers.py#L2113,"        with fsspec.open(data.url, ""rb"", **(data.storage_options or {})) as f:"
intake/intake,intake/readers/readers.py,2251,fsspec.open,NOT_EXPLICIT,False,Implicit Default,None,PILImageReader,_read,https://github.com/intake/intake/blob/master/intake/readers/readers.py#L2251,"        with fsspec.open(data.url, ""rb"", **(data.storage_options or {})) as f:"
intake/intake,intake/readers/readers.py,2468,fsspec.open,NOT_EXPLICIT,False,Implicit Default,None,BioPythonFASTAReader,_read,https://github.com/intake/intake/blob/master/intake/readers/readers.py#L2468,"        with fsspec.open(data.url, ""r"", **(data.storage_options or {})) as f:"
intake/intake,intake/readers/readers.py,2664,fsspec.open,NOT_EXPLICIT,False,Implicit Default,None,GGUFMetadataReader,_read,https://github.com/intake/intake/blob/master/intake/readers/readers.py#L2664,"        with fsspec.open(data.url, ""rb"", **(data.storage_options or {})) as f:"
intake/intake,intake/readers/readers.py,2751,fsspec.open,NOT_EXPLICIT,False,Implicit Default,None,PMTilesMetadataReader,_read,https://github.com/intake/intake/blob/master/intake/readers/readers.py#L2751,"        with fsspec.open(data.url, ""rb"", **(data.storage_options or {})) as f:"
intake/intake,intake/readers/readers.py,2847,fsspec.open,NOT_EXPLICIT,False,Implicit Default,None,OSMPBFMetadataReader,_read,https://github.com/intake/intake/blob/master/intake/readers/readers.py#L2847,"        with fsspec.open(data.url, ""rb"", **(data.storage_options or {})) as f:"
intake/intake,intake/readers/readers.py,2980,fsspec.open,NOT_EXPLICIT,False,Implicit Default,None,SKLearnModelMetadataReader,_read,https://github.com/intake/intake/blob/master/intake/readers/readers.py#L2980,"        with fsspec.open(data.url, ""rb"", **(data.storage_options or {})) as f:"
intake/intake,intake/readers/readers.py,3073,fsspec.open,NOT_EXPLICIT,False,Implicit Default,None,TorchModelMetadataReader,_read,https://github.com/intake/intake/blob/master/intake/readers/readers.py#L3073,"        with fsspec.open(data.url, ""rb"", **(data.storage_options or {})) as raw_f:"
intake/intake,intake/readers/readers.py,3135,fsspec.open,NOT_EXPLICIT,False,Implicit Default,None,JoblibMetadataReader,_read,https://github.com/intake/intake/blob/master/intake/readers/readers.py#L3135,"        with fsspec.open(data.url, ""rb"", **(data.storage_options or {})) as f:"
intake/intake,intake/readers/readers.py,3513,fsspec.open_local,NOT_EXPLICIT,False,Implicit Default,None,None,_as_local,https://github.com/intake/intake/blob/master/intake/readers/readers.py#L3513,"        return fsspec.open_local(             f""simplecache::{url}"", **{""simplecache"": {}, **(data.storage_options or {})}         )"
intake/intake,intake/readers/search.py,126,fsspec.open,NOT_EXPLICIT,False,Implicit Default,None,EnvironmentSatisfied,_is_consistent,https://github.com/intake/intake/blob/master/intake/readers/search.py#L126,"                with fsspec.open(env, ""rt"") as f:"
intake/intake,intake/readers/search.py,128,open,NOT_EXPLICIT,False,Implicit Default,None,EnvironmentSatisfied,_is_consistent,https://github.com/intake/intake/blob/master/intake/readers/search.py#L128,"            with open(fn, ""wt"") as f:"
intake/intake,intake/source/jsonfiles.py,74,fsspec.open,NOT_EXPLICIT,False,Implicit Default,None,JSONFileSource,read,https://github.com/intake/intake/blob/master/intake/source/jsonfiles.py#L74,"        with fsspec.open(             urlpath,             mode=self.mode,             encoding=self.encoding,             compression=self.compression,             **self._storage_options,         ) as f:"
intake/intake,intake/source/jsonfiles.py,157,fsspec.open,NOT_EXPLICIT,False,Implicit Default,None,JSONLinesFileSource,_open,https://github.com/intake/intake/blob/master/intake/source/jsonfiles.py#L157,"        with fsspec.open(             urlpath,             mode=self.mode,             encoding=self.encoding,             compression=self.compression,             **self._storage_options,         ) as f:"
intake/intake,intake/util_tests.py,29,open,NOT_EXPLICIT,False,Implicit Default,None,None,temp_conf,https://github.com/intake/intake/blob/master/intake/util_tests.py#L29,"        with open(fn, ""w"") as f:"
pandas-dev/pandas,asv_bench/benchmarks/io/csv.py,532,open,NOT_EXPLICIT,False,Implicit Default,None,ReadCSVMemoryGrowth,setup,https://github.com/pandas-dev/pandas/blob/main/asv_bench/benchmarks/io/csv.py#L532,"        with open(self.fname, ""w"", encoding=""utf-8"") as f:"
pandas-dev/pandas,asv_bench/benchmarks/io/csv.py,727,open,NOT_EXPLICIT,False,Implicit Default,None,ReadCSVParallelLargeFile,setup,https://github.com/pandas-dev/pandas/blob/main/asv_bench/benchmarks/io/csv.py#L727,"        with open(self.fname, ""rb"") as f:"
pandas-dev/pandas,doc/make.py,169,open,NOT_EXPLICIT,False,Implicit Default,None,DocBuilder,_get_page_title,https://github.com/pandas-dev/pandas/blob/main/doc/make.py#L169,"        with open(fname, encoding=""utf-8"") as f:"
pandas-dev/pandas,doc/make.py,174,open,NOT_EXPLICIT,False,Implicit Default,None,DocBuilder,_get_page_title,https://github.com/pandas-dev/pandas/blob/main/doc/make.py#L174,"        with open(os.devnull, ""a"", encoding=""utf-8"") as f:"
pandas-dev/pandas,doc/make.py,192,open,NOT_EXPLICIT,False,Implicit Default,None,DocBuilder,_add_redirects,https://github.com/pandas-dev/pandas/blob/main/doc/make.py#L192,"        with open(REDIRECTS_FILE, encoding=""utf-8"") as mapping_fd:"
pandas-dev/pandas,doc/make.py,215,open,NOT_EXPLICIT,False,Implicit Default,None,DocBuilder,_add_redirects,https://github.com/pandas-dev/pandas/blob/main/doc/make.py#L215,"                with open(path, ""w"", encoding=""utf-8"") as moved_page_fd:"
pandas-dev/pandas,doc/source/conf.py,199,open,NOT_EXPLICIT,False,Implicit Default,None,None,global,https://github.com/pandas-dev/pandas/blob/main/doc/source/conf.py#L199,"with open(os.path.join(source_path, ""index.rst.template""), encoding=""utf-8"") as f:"
pandas-dev/pandas,doc/source/conf.py,201,open,NOT_EXPLICIT,False,Implicit Default,None,None,global,https://github.com/pandas-dev/pandas/blob/main/doc/source/conf.py#L201,"with open(os.path.join(source_path, ""index.rst""), ""w"", encoding=""utf-8"") as f:"
pandas-dev/pandas,generate_pxi.py,8,open,NOT_EXPLICIT,False,Implicit Default,None,None,process_tempita,https://github.com/pandas-dev/pandas/blob/main/generate_pxi.py#L8,"    with open(pxifile, encoding=""utf-8"") as f:"
pandas-dev/pandas,generate_pxi.py,12,open,NOT_EXPLICIT,False,Implicit Default,None,None,process_tempita,https://github.com/pandas-dev/pandas/blob/main/generate_pxi.py#L12,"    with open(outfile, ""w"", encoding=""utf-8"") as f:"
pandas-dev/pandas,generate_version.py,27,open,NOT_EXPLICIT,False,Implicit Default,None,None,write_version_info,https://github.com/pandas-dev/pandas/blob/main/generate_version.py#L27,"    with open(path, ""w"", encoding=""utf-8"") as file:"
pandas-dev/pandas,pandas/compat/_cpu.py,18,open,NOT_EXPLICIT,False,Implicit Default,None,None,_read_sysfs_int,https://github.com/pandas-dev/pandas/blob/main/pandas/compat/_cpu.py#L18,"        with open(path, encoding=""utf-8"") as fh:"
pandas-dev/pandas,pandas/compat/_cpu.py,30,open,NOT_EXPLICIT,False,Implicit Default,None,None,_read_sysfs_str,https://github.com/pandas-dev/pandas/blob/main/pandas/compat/_cpu.py#L30,"        with open(path, encoding=""utf-8"") as fh:"
pandas-dev/pandas,pandas/core/series.py,1688,open,NOT_EXPLICIT,False,Implicit Default,None,Series,to_string,https://github.com/pandas-dev/pandas/blob/main/pandas/core/series.py#L1688,"            with open(buf, ""w"", encoding=""utf-8"") as f:"
pandas-dev/pandas,pandas/io/clipboard/__init__.py,302,open,NOT_EXPLICIT,False,Implicit Default,None,None,copy_dev_clipboard,https://github.com/pandas-dev/pandas/blob/main/pandas/io/clipboard/__init__.py#L302,"        with open(""/dev/clipboard"", ""w"", encoding=""utf-8"") as fd:"
pandas-dev/pandas,pandas/io/clipboard/__init__.py,306,open,NOT_EXPLICIT,False,Implicit Default,None,None,paste_dev_clipboard,https://github.com/pandas-dev/pandas/blob/main/pandas/io/clipboard/__init__.py#L306,"        with open(""/dev/clipboard"", encoding=""utf-8"") as fd:"
pandas-dev/pandas,pandas/io/common.py,452,fsspec.open,NOT_EXPLICIT,False,Implicit Default,None,None,_get_filepath_or_buffer,https://github.com/pandas-dev/pandas/blob/main/pandas/io/common.py#L452,"            open_file = fsspec.open(                 filepath_or_buffer, mode=fsspec_mode, **(storage_options or {})             )"
pandas-dev/pandas,pandas/io/common.py,464,fsspec.open,NOT_EXPLICIT,False,Implicit Default,None,None,_get_filepath_or_buffer,https://github.com/pandas-dev/pandas/blob/main/pandas/io/common.py#L464,"            open_file = fsspec.open(                 filepath_or_buffer, mode=fsspec_mode, **(storage_options or {})             )"
pandas-dev/pandas,pandas/io/common.py,936,open,NOT_EXPLICIT,False,Implicit Default,None,None,get_handle,https://github.com/pandas-dev/pandas/blob/main/pandas/io/common.py#L936,"            handle = open(                 handle,                 ioargs.mode,                 encoding=ioargs.encoding,                 errors=errors,                 newline="""",             )"
pandas-dev/pandas,pandas/io/common.py,945,open,NOT_EXPLICIT,False,Implicit Default,None,None,get_handle,https://github.com/pandas-dev/pandas/blob/main/pandas/io/common.py#L945,"            handle = open(handle, ioargs.mode)"
pandas-dev/pandas,pandas/io/common.py,1198,open,NOT_EXPLICIT,False,Implicit Default,None,None,_maybe_memory_map,https://github.com/pandas-dev/pandas/blob/main/pandas/io/common.py#L1198,"        handle = open(handle, ""rb"")"
pandas-dev/pandas,pandas/io/formats/format.py,1079,open,NOT_EXPLICIT,False,Implicit Default,None,None,_get_buffer,https://github.com/pandas-dev/pandas/blob/main/pandas/io/formats/format.py#L1079,"        with open(buf, ""w"", encoding=encoding, newline="""") as f:"
pandas-dev/pandas,pandas/io/parquet.py,347,"fsspec.open(path, 'wb', **storage_options or {}).open",NOT_EXPLICIT,False,Implicit Default,None,FastParquetImpl,write,https://github.com/pandas-dev/pandas/blob/main/pandas/io/parquet.py#L347,"            kwargs[""open_with""] = lambda path, _: fsspec.open(                 path, ""wb"", **(storage_options or {})             ).open()"
pandas-dev/pandas,pandas/io/parquet.py,347,fsspec.open,NOT_EXPLICIT,False,Implicit Default,None,FastParquetImpl,write,https://github.com/pandas-dev/pandas/blob/main/pandas/io/parquet.py#L347,"            kwargs[""open_with""] = lambda path, _: fsspec.open(                 path, ""wb"", **(storage_options or {})             ).open()"
pandas-dev/pandas,pandas/io/parquet.py,397,fsspec.open,NOT_EXPLICIT,False,Implicit Default,None,FastParquetImpl,read,https://github.com/pandas-dev/pandas/blob/main/pandas/io/parquet.py#L397,"            parquet_kwargs[""fs""] = fsspec.open(path, ""rb"", **(storage_options or {})).fs"
pandas-dev/pandas,pandas/io/parsers/readers.py,611,open,NOT_EXPLICIT,False,Implicit Default,None,None,_can_parallelize_csv,https://github.com/pandas-dev/pandas/blob/main/pandas/io/parsers/readers.py#L611,"    with open(filepath, ""rb"") as fd:"
pandas-dev/pandas,pandas/io/parsers/readers.py,638,open,NOT_EXPLICIT,False,Implicit Default,None,None,_find_data_start_offset,https://github.com/pandas-dev/pandas/blob/main/pandas/io/parsers/readers.py#L638,"    with open(filepath, ""rb"") as fd:"
pandas-dev/pandas,pandas/io/parsers/readers.py,666,open,NOT_EXPLICIT,False,Implicit Default,None,None,_find_chunk_byte_offsets,https://github.com/pandas-dev/pandas/blob/main/pandas/io/parsers/readers.py#L666,"    with open(filepath, ""rb"") as fd:"
pandas-dev/pandas,pandas/io/parsers/readers.py,773,open,NOT_EXPLICIT,False,Implicit Default,None,None,_read_csv_chunks,https://github.com/pandas-dev/pandas/blob/main/pandas/io/parsers/readers.py#L773,"    with open(filepath, ""rb"") as fh:"
pandas-dev/pandas,pandas/io/parsers/readers.py,809,open,NOT_EXPLICIT,False,Implicit Default,None,None,_read_csv_chunks,https://github.com/pandas-dev/pandas/blob/main/pandas/io/parsers/readers.py#L809,"    with open(filepath, ""rb"") as fd:"
pandas-dev/pandas,pandas/io/parsers/readers.py,980,open,NOT_EXPLICIT,False,Implicit Default,None,None,_read_csv_chunks,https://github.com/pandas-dev/pandas/blob/main/pandas/io/parsers/readers.py#L980,"    with open(filepath, ""rb"") as fh:"
pandas-dev/pandas,pandas/tests/io/conftest.py,134,open,NOT_EXPLICIT,False,Implicit Default,None,None,s3_bucket_public_with_data,https://github.com/pandas-dev/pandas/blob/main/pandas/tests/io/conftest.py#L134,"        with open(file_name, ""rb"") as f:"
pandas-dev/pandas,pandas/tests/io/conftest.py,162,open,NOT_EXPLICIT,False,Implicit Default,None,None,s3_bucket_private_with_data,https://github.com/pandas-dev/pandas/blob/main/pandas/tests/io/conftest.py#L162,"        with open(file_name, ""rb"") as f:"
pandas-dev/pandas,pandas/tests/io/generate_legacy_storage_files.py,364,open,NOT_EXPLICIT,False,Implicit Default,None,None,write_legacy_pickles,https://github.com/pandas-dev/pandas/blob/main/pandas/tests/io/generate_legacy_storage_files.py#L364,"    with open(os.path.join(output_dir, pth), ""wb"") as fh:"
pandas-dev/pandas,pandas/util/_print_versions.py,142,open,NOT_EXPLICIT,False,Implicit Default,None,None,show_versions,https://github.com/pandas-dev/pandas/blob/main/pandas/util/_print_versions.py#L142,"            with open(as_json, ""w"", encoding=""utf-8"") as f:"
pandas-dev/pandas,scripts/check_for_inconsistent_pandas_namespace.py,127,open,NOT_EXPLICIT,False,Implicit Default,None,None,main,https://github.com/pandas-dev/pandas/blob/main/scripts/check_for_inconsistent_pandas_namespace.py#L127,"        with open(path, encoding=""utf-8"") as fd:"
pandas-dev/pandas,scripts/check_for_inconsistent_pandas_namespace.py,134,open,NOT_EXPLICIT,False,Implicit Default,None,None,main,https://github.com/pandas-dev/pandas/blob/main/scripts/check_for_inconsistent_pandas_namespace.py#L134,"        with open(path, ""w"", encoding=""utf-8"") as fd:"
pandas-dev/pandas,scripts/check_test_naming.py,125,open,NOT_EXPLICIT,False,Implicit Default,None,None,main,https://github.com/pandas-dev/pandas/blob/main/scripts/check_test_naming.py#L125,"                        with open(os.path.join(_file), encoding=""utf-8"") as fd:"
pandas-dev/pandas,scripts/check_test_naming.py,152,open,NOT_EXPLICIT,False,Implicit Default,None,None,global,https://github.com/pandas-dev/pandas/blob/main/scripts/check_test_naming.py#L152,"        with open(file, encoding=""utf-8"") as fd:"
pandas-dev/pandas,scripts/issue_assignment/gate.py,32,open,NOT_EXPLICIT,False,Implicit Default,None,None,main,https://github.com/pandas-dev/pandas/blob/main/scripts/issue_assignment/gate.py#L32,    with open(args.event_path) as fh:
pandas-dev/pandas,scripts/issue_assignment/unassign_inactive.py,204,open,NOT_EXPLICIT,False,Implicit Default,None,None,main,https://github.com/pandas-dev/pandas/blob/main/scripts/issue_assignment/unassign_inactive.py#L204,    with open(args.event_path) as fh:
pandas-dev/pandas,scripts/pandas_errors_documented.py,39,open,NOT_EXPLICIT,False,Implicit Default,None,None,main,https://github.com/pandas-dev/pandas/blob/main/scripts/pandas_errors_documented.py#L39,"    with open(args.path, encoding=""utf-8"") as f:"
pandas-dev/pandas,scripts/pandas_errors_documented.py,41,open,NOT_EXPLICIT,False,Implicit Default,None,None,main,https://github.com/pandas-dev/pandas/blob/main/scripts/pandas_errors_documented.py#L41,"    with open(API_PATH, encoding=""utf-8"") as f:"
pandas-dev/pandas,scripts/sort_whatsnew_note.py,71,open,NOT_EXPLICIT,False,Implicit Default,None,None,main,https://github.com/pandas-dev/pandas/blob/main/scripts/sort_whatsnew_note.py#L71,"        with open(path, encoding=""utf-8"") as fd:"
pandas-dev/pandas,scripts/sort_whatsnew_note.py,76,open,NOT_EXPLICIT,False,Implicit Default,None,None,main,https://github.com/pandas-dev/pandas/blob/main/scripts/sort_whatsnew_note.py#L76,"            with open(path, ""w"", encoding=""utf-8"") as fd:"
pandas-dev/pandas,scripts/validate_exception_location.py,43,open,NOT_EXPLICIT,False,Implicit Default,None,None,get_warnings_and_exceptions_from_api_path,https://github.com/pandas-dev/pandas/blob/main/scripts/validate_exception_location.py#L43,"    with open(API_PATH, encoding=""utf-8"") as f:"
pandas-dev/pandas,scripts/validate_exception_location.py,99,open,NOT_EXPLICIT,False,Implicit Default,None,None,main,https://github.com/pandas-dev/pandas/blob/main/scripts/validate_exception_location.py#L99,"        with open(path, encoding=""utf-8"") as fd:"
pandas-dev/pandas,scripts/validate_min_versions_in_sync.py,59,open,NOT_EXPLICIT,False,Implicit Default,None,None,pin_min_versions_to_environment_yml,https://github.com/pandas-dev/pandas/blob/main/scripts/validate_min_versions_in_sync.py#L59,"    with open(PYPROJECT_PATH, ""rb"") as toml_f:"
pandas-dev/pandas,scripts/validate_min_versions_in_sync.py,62,open,NOT_EXPLICIT,False,Implicit Default,None,None,pin_min_versions_to_environment_yml,https://github.com/pandas-dev/pandas/blob/main/scripts/validate_min_versions_in_sync.py#L62,"    with open(ENV_PATH, encoding=""utf-8"") as yaml_f:"
pandas-dev/pandas,scripts/validate_min_versions_in_sync.py,72,open,NOT_EXPLICIT,False,Implicit Default,None,None,pin_min_versions_to_environment_yml,https://github.com/pandas-dev/pandas/blob/main/scripts/validate_min_versions_in_sync.py#L72,"        with open(ENV_PATH, ""w"", encoding=""utf-8"") as f:"
pandas-dev/pandas,scripts/validate_min_versions_in_sync.py,290,open,NOT_EXPLICIT,False,Implicit Default,None,None,get_versions_from_toml,https://github.com/pandas-dev/pandas/blob/main/scripts/validate_min_versions_in_sync.py#L290,"    with open(PYPROJECT_PATH, ""rb"") as pyproject_f:"
pandas-dev/pandas,scripts/validate_min_versions_in_sync.py,311,open,NOT_EXPLICIT,False,Implicit Default,None,None,main,https://github.com/pandas-dev/pandas/blob/main/scripts/validate_min_versions_in_sync.py#L311,"    with open(PIXI_PATH, encoding=""utf-8"") as f:"
pandas-dev/pandas,scripts/validate_rst_title_capitalization.py,239,open,NOT_EXPLICIT,False,Implicit Default,None,None,find_titles,https://github.com/pandas-dev/pandas/blob/main/scripts/validate_rst_title_capitalization.py#L239,"    with open(rst_file, encoding=""utf-8"") as fd:"
pandas-dev/pandas,scripts/validate_unwanted_patterns.py,535,open,NOT_EXPLICIT,False,Implicit Default,None,None,main,https://github.com/pandas-dev/pandas/blob/main/scripts/validate_unwanted_patterns.py#L535,"        with open(file_path, encoding=""utf-8"") as file_obj:"
pandas-dev/pandas,web/pandas_web.py,203,open,NOT_EXPLICIT,False,Implicit Default,None,Preprocessors,maintainers_add_info,https://github.com/pandas-dev/pandas/blob/main/web/pandas_web.py#L203,"        with open(             pathlib.Path(context[""target_path""]) / ""maintainers.json"",             ""w"",             encoding=""utf-8"",         ) as f:"
pandas-dev/pandas,web/pandas_web.py,233,open,NOT_EXPLICIT,False,Implicit Default,None,Preprocessors,home_add_releases,https://github.com/pandas-dev/pandas/blob/main/web/pandas_web.py#L233,"        with open(             pathlib.Path(context[""target_path""]) / ""releases.json"",             ""w"",             encoding=""utf-8"",         ) as f:"
pandas-dev/pandas,web/pandas_web.py,336,open,NOT_EXPLICIT,False,Implicit Default,None,Preprocessors,roadmap_pdeps,https://github.com/pandas-dev/pandas/blob/main/web/pandas_web.py#L336,"        with open(             pathlib.Path(context[""target_path""]) / ""pdeps.json"", ""w"", encoding=""utf-8""         ) as f:"
pydata/xarray,xarray/backends/common.py,227,fs.open,NOT_EXPLICIT,False,Implicit Default,None,None,_open_remote_file,https://github.com/pydata/xarray/blob/main/xarray/backends/common.py#L227,"    return fs.open(paths[0], mode=mode, **open_kwargs)"
pydata/xarray,xarray/core/utils.py,784,open,NOT_EXPLICIT,False,Implicit Default,None,None,try_read_magic_number_from_path,https://github.com/pydata/xarray/blob/main/xarray/core/utils.py#L784,"            with open(path, ""rb"") as f:"
pydata/xarray,xarray/util/generate_aggregations.py,783,open,NOT_EXPLICIT,False,Implicit Default,None,None,write_methods,https://github.com/pydata/xarray/blob/main/xarray/util/generate_aggregations.py#L783,"    with open(filepath, mode=""w"", encoding=""utf-8"") as f:"
zarr-developers/zarr-python,src/zarr/api/asynchronous.py,328,open,NOT_EXPLICIT,False,Implicit Default,None,None,load,https://github.com/zarr-developers/zarr-python/blob/main/src/zarr/api/asynchronous.py#L328,"    obj = await open(store=store, path=path, zarr_format=zarr_format)"
iterative/dvc,dvc/analytics.py,79,open,NOT_EXPLICIT,False,Implicit Default,None,None,send,https://github.com/iterative/dvc/blob/main/dvc/analytics.py#L79,"    with open(path, encoding=""utf-8"") as fobj:"
iterative/dvc,dvc/api/data.py,297,fs.open,NOT_EXPLICIT,False,Implicit Default,None,None,_open,https://github.com/iterative/dvc/blob/main/dvc/api/data.py#L297,"                with fs.open(fs_path, mode=mode, encoding=encoding) as fobj:"
iterative/dvc,dvc/api/data.py,320,open,NOT_EXPLICIT,False,Implicit Default,None,None,read,https://github.com/iterative/dvc/blob/main/dvc/api/data.py#L320,"    with open(         path,         repo=repo,         rev=rev,         remote=remote,         mode=mode,         encoding=encoding,         config=config,         remote_config=remote_config,     ) as fd:"
iterative/dvc,dvc/config.py,158,open,NOT_EXPLICIT,False,Implicit Default,None,Config,init,https://github.com/iterative/dvc/blob/main/dvc/config.py#L158,"        with open(config_file, ""w+"", encoding=""utf-8""):"
iterative/dvc,dvc/config.py,211,fs.open,NOT_EXPLICIT,False,Implicit Default,None,Config,load_file,https://github.com/iterative/dvc/blob/main/dvc/config.py#L211,        with fs.open(path) as fobj:
iterative/dvc,dvc/config.py,241,fs.open,NOT_EXPLICIT,False,Implicit Default,None,Config,_save_config,https://github.com/iterative/dvc/blob/main/dvc/config.py#L241,"        with fs.open(filename, ""wb"") as fobj:"
iterative/dvc,dvc/daemon.py,155,open,NOT_EXPLICIT,False,Implicit Default,None,None,_spawn,https://github.com/iterative/dvc/blob/main/dvc/daemon.py#L155,"        file = open(output_file, ""ab"")  # noqa: SIM115"
iterative/dvc,dvc/fs/dvc.py,362,self.repo.fs.open,NOT_EXPLICIT,False,Implicit Default,None,_DVCFileSystem,_open,https://github.com/iterative/dvc/blob/main/dvc/fs/dvc.py#L362,"            return self.repo.fs.open(fs_path, mode=mode)"
iterative/dvc,dvc/fs/dvc.py,369,dvc_fs.open,NOT_EXPLICIT,False,Implicit Default,None,_DVCFileSystem,_open,https://github.com/iterative/dvc/blob/main/dvc/fs/dvc.py#L369,"        return dvc_fs.open(dvc_path, mode=mode, cache=kwargs.get(""cache"", False))"
iterative/dvc,dvc/ignore.py,117,fs.open,NOT_EXPLICIT,False,Implicit Default,None,DvcIgnorePatterns,from_file,https://github.com/iterative/dvc/blob/main/dvc/ignore.py#L117,"        with fs.open(path, encoding=""utf-8"") as fobj:"
iterative/dvc,dvc/ignore.py,560,open,NOT_EXPLICIT,False,Implicit Default,None,None,init,https://github.com/iterative/dvc/blob/main/dvc/ignore.py#L560,"    with open(dvcignore, ""w"", encoding=""utf-8"") as fobj:"
iterative/dvc,dvc/render/converter/image.py,25,open,NOT_EXPLICIT,False,Implicit Default,None,ImageConverter,_write_image,https://github.com/iterative/dvc/blob/main/dvc/render/converter/image.py#L25,"        with open(img_path, ""wb"") as fd:"
iterative/dvc,dvc/repo/__init__.py,600,open,NOT_EXPLICIT,False,Implicit Default,None,Repo,_btime,https://github.com/iterative/dvc/blob/main/dvc/repo/__init__.py#L600,"            with open(path, ""x""):"
iterative/dvc,dvc/repo/experiments/cache.py,53,obj.fs.open,NOT_EXPLICIT,False,Implicit Default,None,ExpCache,get,https://github.com/iterative/dvc/blob/main/dvc/repo/experiments/cache.py#L53,"            with obj.fs.open(obj.path, ""rb"") as fobj:"
iterative/dvc,dvc/repo/experiments/executor/base.py,375,open,NOT_EXPLICIT,False,Implicit Default,None,BaseExecutor,unpack_repro_args,https://github.com/iterative/dvc/blob/main/dvc/repo/experiments/executor/base.py#L375,"        with open(path, ""rb"") as fobj:"
iterative/dvc,dvc/repo/experiments/executor/local.py,146,open,NOT_EXPLICIT,False,Implicit Default,None,TempDirExecutor,_update_config,https://github.com/iterative/dvc/blob/main/dvc/repo/experiments/executor/local.py#L146,"            with open(local_config, ""wb"") as fobj:"
iterative/dvc,dvc/repo/experiments/executor/local.py,158,open,NOT_EXPLICIT,False,Implicit Default,None,TempDirExecutor,_update_git_config,https://github.com/iterative/dvc/blob/main/dvc/repo/experiments/executor/local.py#L158,"            with open(local_config, ""wb"") as fobj:"
iterative/dvc,dvc/repo/experiments/queue/base.py,424,open,NOT_EXPLICIT,False,Implicit Default,None,BaseStashQueue,_pack_args,https://github.com/iterative/dvc/blob/main/dvc/repo/experiments/queue/base.py#L424,"            with open(self.args_file, ""rb"") as fobj:"
iterative/dvc,dvc/repo/experiments/queue/celery.py,445,open,NOT_EXPLICIT,False,Implicit Default,None,LocalCeleryQueue,logs,https://github.com/iterative/dvc/blob/main/dvc/repo/experiments/queue/celery.py#L445,"        with open(             proc_info.stdout, encoding=encoding or locale.getpreferredencoding()         ) as fobj:"
iterative/dvc,dvc/repo/plots/__init__.py,552,fs.open,NOT_EXPLICIT,False,Implicit Default,None,None,parse,https://github.com/iterative/dvc/blob/main/dvc/repo/plots/__init__.py#L552,"        with fs.open(path, mode=""rb"", **fs_kwargs) as fd:"
iterative/dvc,dvc/repo/plots/__init__.py,559,fs.open,NOT_EXPLICIT,False,Implicit Default,None,None,parse,https://github.com/iterative/dvc/blob/main/dvc/repo/plots/__init__.py#L559,"        with fs.open(path, mode=""r"", encoding=""utf8"", **fs_kwargs) as fd:"
iterative/dvc,dvc/rwlock.py,55,fs.open,NOT_EXPLICIT,False,Implicit Default,None,None,_edit_rwlock,https://github.com/iterative/dvc/blob/main/dvc/rwlock.py#L55,"            with fs.open(path, encoding=""utf-8"") as fobj:"
iterative/dvc,dvc/rwlock.py,66,fs.open,NOT_EXPLICIT,False,Implicit Default,None,None,_edit_rwlock,https://github.com/iterative/dvc/blob/main/dvc/rwlock.py#L66,"        with fs.open(path, ""w"", encoding=""utf-8"") as fobj:"
iterative/dvc,dvc/scm.py,281,git_fs.open('.gitattributes').read,NOT_EXPLICIT,False,Implicit Default,None,None,lfs_prefetch,https://github.com/iterative/dvc/blob/main/dvc/scm.py#L281,"        if ""filter=lfs"" not in git_fs.open("".gitattributes"").read():"
iterative/dvc,dvc/scm.py,281,git_fs.open,NOT_EXPLICIT,False,Implicit Default,None,None,lfs_prefetch,https://github.com/iterative/dvc/blob/main/dvc/scm.py#L281,"        if ""filter=lfs"" not in git_fs.open("".gitattributes"").read():"
iterative/dvc,dvc/testing/api_tests.py,109,fs.open,NOT_EXPLICIT,False,Implicit Default,None,TestAPI,test_filesystem,https://github.com/iterative/dvc/blob/main/dvc/testing/api_tests.py#L109,"            fs.open(""data"")"
iterative/dvc,dvc/testing/api_tests.py,111,fs.open,NOT_EXPLICIT,False,Implicit Default,None,TestAPI,test_filesystem,https://github.com/iterative/dvc/blob/main/dvc/testing/api_tests.py#L111,"            fs.open(""scripts"")"
iterative/dvc,dvc/testing/api_tests.py,112,fs.open,NOT_EXPLICIT,False,Implicit Default,None,TestAPI,test_filesystem,https://github.com/iterative/dvc/blob/main/dvc/testing/api_tests.py#L112,"        with fs.open(""/data/foo"") as fobj:"
iterative/dvc,dvc/testing/api_tests.py,114,fs.open,NOT_EXPLICIT,False,Implicit Default,None,TestAPI,test_filesystem,https://github.com/iterative/dvc/blob/main/dvc/testing/api_tests.py#L114,"        with fs.open(""/scripts/script1"") as fobj:"
iterative/dvc,dvc/testing/remote_tests.py,87,open,NOT_EXPLICIT,False,Implicit Default,None,TestRemote,test,https://github.com/iterative/dvc/blob/main/dvc/testing/remote_tests.py#L87,"        with open(cache, encoding=""utf-8"") as fd:"
iterative/dvc,dvc/updater.py,74,open,NOT_EXPLICIT,False,Implicit Default,None,Updater,_check,https://github.com/iterative/dvc/blob/main/dvc/updater.py#L74,"        with open(self.updater_file, encoding=""utf-8"") as fobj:"
iterative/dvc,dvc/updater.py,115,open,NOT_EXPLICIT,False,Implicit Default,None,Updater,_get_latest_version,https://github.com/iterative/dvc/blob/main/dvc/updater.py#L115,"        with open(self.updater_file, ""w+"", encoding=""utf-8"") as fobj:"
iterative/dvc,tests/utils/__init__.py,16,open,NOT_EXPLICIT,False,Implicit Default,None,None,get_gitignore_content,https://github.com/iterative/dvc/blob/main/tests/utils/__init__.py#L16,"    with open(Git.GITIGNORE, encoding=""utf-8"") as gitignore:"
kedro-org/kedro,features/steps/cli_steps.py,282,open,NOT_EXPLICIT,False,Implicit Default,None,None,add_test_jupyter_nb,https://github.com/kedro-org/kedro/blob/main/features/steps/cli_steps.py#L282,"    with open(         str(context.root_project_dir / ""notebooks"" / ""hello_world.ipynb""),         ""w"",         encoding=""utf-8"",     ) as test_nb_fh:"
kedro-org/kedro,features/steps/cli_steps.py,422,open,NOT_EXPLICIT,False,Implicit Default,None,None,simulate_nb_execution,https://github.com/kedro-org/kedro/blob/main/features/steps/cli_steps.py#L422,"    with open(         str(context.root_project_dir / ""notebooks"" / ""hello_world.ipynb""),         ""w"",         encoding=""utf-8"",     ) as test_nb_fh:"
kedro-org/kedro,features/steps/cli_steps.py,660,open,NOT_EXPLICIT,False,Implicit Default,None,None,check_additional_cell_added,https://github.com/kedro-org/kedro/blob/main/features/steps/cli_steps.py#L660,"    with open(         str(context.root_project_dir / ""notebooks"" / ""hello_world.ipynb""),         encoding=""utf-8"",     ) as test_nb_fh:"
kedro-org/kedro,kedro/config/omegaconf_config.py,350,self._fs.open,NOT_EXPLICIT,False,Implicit Default,None,OmegaConfigLoader,load_and_merge_dir_config,https://github.com/kedro-org/kedro/blob/main/kedro/config/omegaconf_config.py#L350,                with self._fs.open(str(config_filepath.as_posix())) as open_config:
kedro-org/kedro,kedro/framework/cli/starters.py,715,open,NOT_EXPLICIT,False,Implicit Default,None,None,_fetch_validate_parse_config_from_file,https://github.com/kedro-org/kedro/blob/main/kedro/framework/cli/starters.py#L715,"        with open(config_path, encoding=""utf-8"") as config_file:"
kedro-org/kedro,kedro/framework/cli/starters.py,995,open,NOT_EXPLICIT,False,Implicit Default,None,None,_create_project,https://github.com/kedro-org/kedro/blob/main/kedro/framework/cli/starters.py#L995,"            with open(result_path + ""/.telemetry"", ""w"") as telemetry_file:"
kedro-org/kedro,kedro_benchmarks/benchmark_ocl.py,41,open,NOT_EXPLICIT,False,Implicit Default,None,None,_create_config_file,https://github.com/kedro-org/kedro/blob/main/kedro_benchmarks/benchmark_ocl.py#L41,"    with open(file_path, ""w"") as f:"
kedro-org/kedro,kedro_benchmarks/benchmark_runner.py,113,open,NOT_EXPLICIT,False,Implicit Default,None,RunnerMemorySuite,setup,https://github.com/kedro-org/kedro/blob/main/kedro_benchmarks/benchmark_runner.py#L113,"        with open(data_dir / ""data.csv"", ""w"") as f:"
kedro-org/kedro,kedro_benchmarks/benchmark_runner.py,144,open,NOT_EXPLICIT,False,Implicit Default,None,RunnerTimeSuite,setup,https://github.com/kedro-org/kedro/blob/main/kedro_benchmarks/benchmark_runner.py#L144,"        with open(data_dir / ""data.csv"", ""w"") as f:"
kedro-org/kedro,tools/github_actions/extract_release_notes.py,6,open,NOT_EXPLICIT,False,Implicit Default,None,None,extract_section,https://github.com/kedro-org/kedro/blob/main/tools/github_actions/extract_release_notes.py#L6,    with open(filename) as file:
kedro-org/kedro,tools/github_actions/extract_release_notes.py,39,open,NOT_EXPLICIT,False,Implicit Default,None,None,global,https://github.com/kedro-org/kedro/blob/main/tools/github_actions/extract_release_notes.py#L39,"    with open(""release_body.txt"", ""w"") as text_file:"
kedro-org/kedro,tools/github_actions/github_actions_release.py,37,open,NOT_EXPLICIT,False,Implicit Default,None,None,global,https://github.com/kedro-org/kedro/blob/main/tools/github_actions/github_actions_release.py#L37,"        with open(env_file, ""a"") as file:"
huggingface/datasets,benchmarks/benchmark_array_xd.py,137,open,NOT_EXPLICIT,False,Implicit Default,None,None,benchmark_array_xd,https://github.com/huggingface/datasets/blob/main/benchmarks/benchmark_array_xd.py#L137,"    with open(RESULTS_FILE_PATH, ""wb"") as f:"
huggingface/datasets,benchmarks/benchmark_getitem_100B.py,73,open,NOT_EXPLICIT,False,Implicit Default,None,None,benchmark_table_100B,https://github.com/huggingface/datasets/blob/main/benchmarks/benchmark_getitem_100B.py#L73,"    with open(RESULTS_FILE_PATH, ""wb"") as f:"
huggingface/datasets,benchmarks/benchmark_indices_mapping.py,55,open,NOT_EXPLICIT,False,Implicit Default,None,None,benchmark_indices_mapping,https://github.com/huggingface/datasets/blob/main/benchmarks/benchmark_indices_mapping.py#L55,"    with open(RESULTS_FILE_PATH, ""wb"") as f:"
huggingface/datasets,benchmarks/benchmark_iterating.py,93,open,NOT_EXPLICIT,False,Implicit Default,None,None,benchmark_iterating,https://github.com/huggingface/datasets/blob/main/benchmarks/benchmark_iterating.py#L93,"    with open(RESULTS_FILE_PATH, ""wb"") as f:"
huggingface/datasets,benchmarks/benchmark_map_filter.py,66,open,NOT_EXPLICIT,False,Implicit Default,None,None,benchmark_map_filter,https://github.com/huggingface/datasets/blob/main/benchmarks/benchmark_map_filter.py#L66,"    with open(RESULTS_FILE_PATH, ""wb"") as f:"
huggingface/datasets,benchmarks/format.py,6,open,NOT_EXPLICIT,False,Implicit Default,None,None,format_json_to_md,https://github.com/huggingface/datasets/blob/main/benchmarks/format.py#L6,"    with open(input_json_file, encoding=""utf-8"") as f:"
huggingface/datasets,benchmarks/format.py,41,open,NOT_EXPLICIT,False,Implicit Default,None,None,format_json_to_md,https://github.com/huggingface/datasets/blob/main/benchmarks/format.py#L41,"    with open(output_md_file, ""w"", encoding=""utf-8"") as f:"
huggingface/datasets,setup.py,249,open,NOT_EXPLICIT,False,Implicit Default,None,None,global,https://github.com/huggingface/datasets/blob/main/setup.py#L249,"    long_description=open(""README.md"", encoding=""utf-8"").read(),"
huggingface/datasets,src/datasets/arrow_dataset.py,1931,fs.open,NOT_EXPLICIT,False,Implicit Default,None,Dataset,save_to_disk,https://github.com/huggingface/datasets/blob/main/src/datasets/arrow_dataset.py#L1931,"        with fs.open(             posixpath.join(dataset_path, config.DATASET_STATE_JSON_FILENAME), ""w"", encoding=""utf-8""         ) as state_file:"
huggingface/datasets,src/datasets/arrow_dataset.py,1935,fs.open,NOT_EXPLICIT,False,Implicit Default,None,Dataset,save_to_disk,https://github.com/huggingface/datasets/blob/main/src/datasets/arrow_dataset.py#L1935,"        with fs.open(             posixpath.join(dataset_path, config.DATASET_INFO_FILENAME), ""w"", encoding=""utf-8""         ) as dataset_info_file:"
huggingface/datasets,src/datasets/arrow_dataset.py,2065,open,NOT_EXPLICIT,False,Implicit Default,None,Dataset,load_from_disk,https://github.com/huggingface/datasets/blob/main/src/datasets/arrow_dataset.py#L2065,"        with open(dataset_state_json_path, encoding=""utf-8"") as state_file:"
huggingface/datasets,src/datasets/arrow_dataset.py,2067,open,NOT_EXPLICIT,False,Implicit Default,None,Dataset,load_from_disk,https://github.com/huggingface/datasets/blob/main/src/datasets/arrow_dataset.py#L2067,"        with open(dataset_info_path, encoding=""utf-8"") as dataset_info_file:"
huggingface/datasets,src/datasets/arrow_dataset.py,6911,fs.read_text,NOT_EXPLICIT,False,Implicit Default,None,None,_get_updated_dataset_card,https://github.com/huggingface/datasets/blob/main/src/datasets/arrow_dataset.py#L6911,"        legacy_dataset_info: dict = json.loads(fs.read_text(config.DATASETDICT_INFOS_FILENAME, encoding=""utf-8"")).get("
huggingface/datasets,src/datasets/arrow_dataset.py,6920,fs.read_text,NOT_EXPLICIT,False,Implicit Default,None,None,_get_updated_dataset_card,https://github.com/huggingface/datasets/blob/main/src/datasets/arrow_dataset.py#L6920,"        dataset_card = DatasetCard(fs.read_text(config.REPOCARD_FILENAME, newline="""", encoding=""utf-8""))"
huggingface/datasets,src/datasets/arrow_dataset.py,7019,fs.read_text,NOT_EXPLICIT,False,Implicit Default,None,None,_get_updated_dataset_card,https://github.com/huggingface/datasets/blob/main/src/datasets/arrow_dataset.py#L7019,"        legacy_dataset_infos: dict = json.loads(fs.read_text(config.DATASETDICT_INFOS_FILENAME, encoding=""utf-8""))"
huggingface/datasets,src/datasets/arrow_writer.py,524,self._fs.open,NOT_EXPLICIT,False,Implicit Default,None,ArrowWriter,__init__,https://github.com/huggingface/datasets/blob/main/src/datasets/arrow_writer.py#L524,"            self.stream = self._fs.open(path, ""wb"")"
huggingface/datasets,src/datasets/dataset_dict.py,1370,fs.open,NOT_EXPLICIT,False,Implicit Default,None,DatasetDict,save_to_disk,https://github.com/huggingface/datasets/blob/main/src/datasets/dataset_dict.py#L1370,"        with fs.open(             posixpath.join(dataset_dict_path, config.DATASETDICT_JSON_FILENAME),             ""w"",             encoding=""utf-8"",         ) as f:"
huggingface/datasets,src/datasets/dataset_dict.py,1432,fs.open,NOT_EXPLICIT,False,Implicit Default,None,DatasetDict,load_from_disk,https://github.com/huggingface/datasets/blob/main/src/datasets/dataset_dict.py#L1432,"        with fs.open(dataset_dict_json_path, ""r"", encoding=""utf-8"") as f:"
huggingface/datasets,src/datasets/features/features.py,1193,open,NOT_EXPLICIT,False,Implicit Default,None,ClassLabel,_load_names_from_file,https://github.com/huggingface/datasets/blob/main/src/datasets/features/features.py#L1193,"        with open(names_filepath, encoding=""utf-8"") as f:"
huggingface/datasets,src/datasets/filesystems/compression.py,66,self._open_with_fsspec().fs.info,NOT_EXPLICIT,False,Implicit Default,None,BaseCompressedFileFileSystem,_get_dirs,https://github.com/huggingface/datasets/blob/main/src/datasets/filesystems/compression.py#L66,"            f = {**self._open_with_fsspec().fs.info(self.fo), ""name"": self.uncompressed_name}"
huggingface/datasets,src/datasets/filesystems/compression.py,70,self._open_with_fsspec().open,NOT_EXPLICIT,False,Implicit Default,None,BaseCompressedFileFileSystem,cat,https://github.com/huggingface/datasets/blob/main/src/datasets/filesystems/compression.py#L70,        with self._open_with_fsspec().open() as f:
huggingface/datasets,src/datasets/filesystems/compression.py,85,self._open_with_fsspec().open,NOT_EXPLICIT,False,Implicit Default,None,BaseCompressedFileFileSystem,_open,https://github.com/huggingface/datasets/blob/main/src/datasets/filesystems/compression.py#L85,        return self._open_with_fsspec().open()
huggingface/datasets,src/datasets/info.py,209,fs.open,NOT_EXPLICIT,False,Implicit Default,None,DatasetInfo,write_to_directory,https://github.com/huggingface/datasets/blob/main/src/datasets/info.py#L209,"        with fs.open(posixpath.join(dataset_info_dir, config.DATASET_INFO_FILENAME), ""wb"") as f:"
huggingface/datasets,src/datasets/info.py,212,fs.open,NOT_EXPLICIT,False,Implicit Default,None,DatasetInfo,write_to_directory,https://github.com/huggingface/datasets/blob/main/src/datasets/info.py#L212,"            with fs.open(posixpath.join(dataset_info_dir, config.LICENSE_FILENAME), ""wb"") as f:"
huggingface/datasets,src/datasets/info.py,277,fs.open,NOT_EXPLICIT,False,Implicit Default,None,DatasetInfo,from_directory,https://github.com/huggingface/datasets/blob/main/src/datasets/info.py#L277,"        with fs.open(posixpath.join(dataset_info_dir, config.DATASET_INFO_FILENAME), ""r"", encoding=""utf-8"") as f:"
huggingface/datasets,src/datasets/info.py,347,open,NOT_EXPLICIT,False,Implicit Default,None,DatasetInfosDict,write_to_directory,https://github.com/huggingface/datasets/blob/main/src/datasets/info.py#L347,"            with open(dataset_infos_path, ""w"", encoding=""utf-8"") as f:"
huggingface/datasets,src/datasets/info.py,376,open,NOT_EXPLICIT,False,Implicit Default,None,DatasetInfosDict,from_directory,https://github.com/huggingface/datasets/blob/main/src/datasets/info.py#L376,"            with open(os.path.join(dataset_infos_dir, config.DATASETDICT_INFOS_FILENAME), encoding=""utf-8"") as f:"
huggingface/datasets,src/datasets/io/json.py,113,fsspec.open,NOT_EXPLICIT,False,Implicit Default,None,JsonDatasetWriter,write,https://github.com/huggingface/datasets/blob/main/src/datasets/io/json.py#L113,"            with fsspec.open(                 self.path_or_buf, ""wb"", compression=compression, **(self.storage_options or {})             ) as buffer:"
huggingface/datasets,src/datasets/io/parquet.py,100,fsspec.open,NOT_EXPLICIT,False,Implicit Default,None,ParquetDatasetWriter,write,https://github.com/huggingface/datasets/blob/main/src/datasets/io/parquet.py#L100,"            with fsspec.open(self.path_or_buf, ""wb"", **(self.storage_options or {})) as buffer:"
huggingface/datasets,src/datasets/load.py,434,open,NOT_EXPLICIT,False,Implicit Default,None,LocalDatasetModuleFactory,get_module,https://github.com/huggingface/datasets/blob/main/src/datasets/load.py#L434,"            with open(standalone_yaml_path, encoding=""utf-8"") as f:"
huggingface/datasets,src/datasets/load.py,488,open,NOT_EXPLICIT,False,Implicit Default,None,LocalDatasetModuleFactory,get_module,https://github.com/huggingface/datasets/blob/main/src/datasets/load.py#L488,"            with open(os.path.join(self.path, config.DATASETDICT_INFOS_FILENAME), encoding=""utf-8"") as f:"
huggingface/datasets,src/datasets/load.py,612,open,NOT_EXPLICIT,False,Implicit Default,None,HubDatasetModuleFactory,get_module,https://github.com/huggingface/datasets/blob/main/src/datasets/load.py#L612,"            with open(standalone_yaml_path, encoding=""utf-8"") as f:"
huggingface/datasets,src/datasets/load.py,697,open,NOT_EXPLICIT,False,Implicit Default,None,HubDatasetModuleFactory,get_module,https://github.com/huggingface/datasets/blob/main/src/datasets/load.py#L697,"            with open(dataset_infos_path, encoding=""utf-8"") as f:"
huggingface/datasets,src/datasets/load.py,873,hffs.read_text,NOT_EXPLICIT,False,Implicit Default,None,HubBucketDatasetModuleFactory,get_module,https://github.com/huggingface/datasets/blob/main/src/datasets/load.py#L873,"            dataset_card_data = DatasetCard(hffs.read_text(readme_path, newline="""", encoding=""utf-8"")).data"
huggingface/datasets,src/datasets/load.py,877,hffs.read_text,NOT_EXPLICIT,False,Implicit Default,None,HubBucketDatasetModuleFactory,get_module,https://github.com/huggingface/datasets/blob/main/src/datasets/load.py#L877,"            standalone_yaml_data = yaml.safe_load(hffs.read_text(standalone_yaml_path, newline="""", encoding=""utf-8""))"
huggingface/datasets,src/datasets/load.py,881,hffs.open,NOT_EXPLICIT,False,Implicit Default,None,HubBucketDatasetModuleFactory,get_module,https://github.com/huggingface/datasets/blob/main/src/datasets/load.py#L881,"            with hffs.open(standalone_yaml_path, ""r"", encoding=""utf-8"") as f:"
huggingface/datasets,src/datasets/load.py,935,hffs.open,NOT_EXPLICIT,False,Implicit Default,None,HubBucketDatasetModuleFactory,get_module,https://github.com/huggingface/datasets/blob/main/src/datasets/load.py#L935,"            with hffs.open(xjoin(self.path, config.DATASETDICT_INFOS_FILENAME), ""r"", encoding=""utf-8"") as f:"
huggingface/datasets,src/datasets/packaged_modules/arrow/arrow.py,40,open,NOT_EXPLICIT,False,Implicit Default,None,Arrow,_split_generators,https://github.com/huggingface/datasets/blob/main/src/datasets/packaged_modules/arrow/arrow.py#L40,"                    with open(file, ""rb"") as f:"
huggingface/datasets,src/datasets/packaged_modules/arrow/arrow.py,62,open,NOT_EXPLICIT,False,Implicit Default,None,Arrow,_generate_tables,https://github.com/huggingface/datasets/blob/main/src/datasets/packaged_modules/arrow/arrow.py#L62,"            with open(file, ""rb"") as f:"
huggingface/datasets,src/datasets/packaged_modules/cache/cache.py,185,open,NOT_EXPLICIT,False,Implicit Default,None,Cache,_generate_tables,https://github.com/huggingface/datasets/blob/main/src/datasets/packaged_modules/cache/cache.py#L185,"            with open(file, ""rb"") as f:"
huggingface/datasets,src/datasets/packaged_modules/conll/conll.py,126,open,NOT_EXPLICIT,False,Implicit Default,None,Conll,_generate_tables,https://github.com/huggingface/datasets/blob/main/src/datasets/packaged_modules/conll/conll.py#L126,"                with open(file, encoding=self.config.encoding, errors=self.config.encoding_errors) as f:"
huggingface/datasets,src/datasets/packaged_modules/eval/eval.py,62,open,NOT_EXPLICIT,False,Implicit Default,None,Eval,_iter_samples_from_log_files,https://github.com/huggingface/datasets/blob/main/src/datasets/packaged_modules/eval/eval.py#L62,            with open(sample_file) as f:
huggingface/datasets,src/datasets/packaged_modules/folder_based_builder/folder_based_builder.py,313,open,NOT_EXPLICIT,False,Implicit Default,None,FolderBasedBuilder,_read_metadata,https://github.com/huggingface/datasets/blob/main/src/datasets/packaged_modules/folder_based_builder/folder_based_builder.py#L313,"            with open(metadata_file, ""rb"") as f:"
huggingface/datasets,src/datasets/packaged_modules/folder_based_builder/folder_based_builder.py,352,open,NOT_EXPLICIT,False,Implicit Default,None,FolderBasedBuilder,_read_metadata,https://github.com/huggingface/datasets/blob/main/src/datasets/packaged_modules/folder_based_builder/folder_based_builder.py#L352,"            with open(metadata_file, ""rb"") as f:"
huggingface/datasets,src/datasets/packaged_modules/hdf5/hdf5.py,57,open,NOT_EXPLICIT,False,Implicit Default,None,HDF5,_split_generators,https://github.com/huggingface/datasets/blob/main/src/datasets/packaged_modules/hdf5/hdf5.py#L57,"                    with open(first_file, ""rb"") as f:"
huggingface/datasets,src/datasets/packaged_modules/hdf5/hdf5.py,71,open,NOT_EXPLICIT,False,Implicit Default,None,HDF5,_generate_tables,https://github.com/huggingface/datasets/blob/main/src/datasets/packaged_modules/hdf5/hdf5.py#L71,"                with open(file, ""rb"") as f:"
huggingface/datasets,src/datasets/packaged_modules/json/json.py,161,open,NOT_EXPLICIT,False,Implicit Default,None,Json,_generate_tables,https://github.com/huggingface/datasets/blob/main/src/datasets/packaged_modules/json/json.py#L161,"                    with open(file, encoding=self.config.encoding, errors=self.config.encoding_errors) as f:"
huggingface/datasets,src/datasets/packaged_modules/json/json.py,225,open,NOT_EXPLICIT,False,Implicit Default,None,Json,_generate_tables,https://github.com/huggingface/datasets/blob/main/src/datasets/packaged_modules/json/json.py#L225,"                    with open(file, ""rb"") as f:"
huggingface/datasets,src/datasets/packaged_modules/json/json.py,321,open,NOT_EXPLICIT,False,Implicit Default,None,Json,_generate_tables,https://github.com/huggingface/datasets/blob/main/src/datasets/packaged_modules/json/json.py#L321,"                                    with open(                                         file, encoding=self.config.encoding, errors=self.config.encoding_errors                                     ) as f:"
huggingface/datasets,src/datasets/packaged_modules/pandas/pandas.py,55,open,NOT_EXPLICIT,False,Implicit Default,None,Pandas,_generate_tables,https://github.com/huggingface/datasets/blob/main/src/datasets/packaged_modules/pandas/pandas.py#L55,"            with open(file, ""rb"") as f:"
huggingface/datasets,src/datasets/packaged_modules/parquet/parquet.py,126,open,NOT_EXPLICIT,False,Implicit Default,None,Parquet,_split_generators,https://github.com/huggingface/datasets/blob/main/src/datasets/packaged_modules/parquet/parquet.py#L126,"                        with open(file, ""rb"") as f:"
huggingface/datasets,src/datasets/packaged_modules/parquet/parquet.py,173,open,NOT_EXPLICIT,False,Implicit Default,None,Parquet,_generate_more_gen_kwargs,https://github.com/huggingface/datasets/blob/main/src/datasets/packaged_modules/parquet/parquet.py#L173,"                with open(file, ""rb"") as f:"
huggingface/datasets,src/datasets/packaged_modules/parquet/parquet.py,199,open,NOT_EXPLICIT,False,Implicit Default,None,Parquet,_generate_tables,https://github.com/huggingface/datasets/blob/main/src/datasets/packaged_modules/parquet/parquet.py#L199,"                with open(file, ""rb"") as f:"
huggingface/datasets,src/datasets/packaged_modules/spark/spark.py,148,open,NOT_EXPLICIT,False,Implicit Default,None,Spark,create_cache_and_write_probe,https://github.com/huggingface/datasets/blob/main/src/datasets/packaged_modules/spark/spark.py#L148,"            open(probe_file, ""a"")"
huggingface/datasets,src/datasets/packaged_modules/text/text.py,94,open,NOT_EXPLICIT,False,Implicit Default,None,Text,_generate_tables,https://github.com/huggingface/datasets/blob/main/src/datasets/packaged_modules/text/text.py#L94,"                with open(file, encoding=self.config.encoding, errors=self.config.encoding_errors) as f:"
huggingface/datasets,src/datasets/packaged_modules/tsfile/tsfile.py,736,open,NOT_EXPLICIT,False,Implicit Default,None,TsFile,_open_reader,https://github.com/huggingface/datasets/blob/main/src/datasets/packaged_modules/tsfile/tsfile.py#L736,"            with open(file, ""rb"") as fh:"
huggingface/datasets,src/datasets/packaged_modules/webdataset/_tenbin.py,276,open,NOT_EXPLICIT,False,Implicit Default,None,None,save,https://github.com/huggingface/datasets/blob/main/src/datasets/packaged_modules/webdataset/_tenbin.py#L276,"    with open(fname, ""wb"") as stream:"
huggingface/datasets,src/datasets/packaged_modules/webdataset/_tenbin.py,284,open,NOT_EXPLICIT,False,Implicit Default,None,None,load,https://github.com/huggingface/datasets/blob/main/src/datasets/packaged_modules/webdataset/_tenbin.py#L284,"    with open(fname, ""rb"") as stream:"
huggingface/datasets,src/datasets/packaged_modules/xml/xml.py,67,open,NOT_EXPLICIT,False,Implicit Default,None,Xml,_generate_tables,https://github.com/huggingface/datasets/blob/main/src/datasets/packaged_modules/xml/xml.py#L67,"            with open(file, encoding=self.config.encoding, errors=self.config.encoding_errors) as f:"
huggingface/datasets,src/datasets/search.py,396,fsspec.open,NOT_EXPLICIT,False,Implicit Default,None,FaissIndex,save,https://github.com/huggingface/datasets/blob/main/src/datasets/search.py#L396,"        with fsspec.open(str(file), ""wb"", **(storage_options or {})) as f:"
huggingface/datasets,src/datasets/search.py,411,fsspec.open,NOT_EXPLICIT,False,Implicit Default,None,FaissIndex,load,https://github.com/huggingface/datasets/blob/main/src/datasets/search.py#L411,"        with fsspec.open(str(file), ""rb"", **(storage_options or {})) as f:"
huggingface/datasets,src/datasets/utils/extract.py,72,open,NOT_EXPLICIT,False,Implicit Default,None,MagicNumberBaseExtractor,read_magic_number,https://github.com/huggingface/datasets/blob/main/src/datasets/utils/extract.py#L72,"        with open(path, ""rb"") as f:"
huggingface/datasets,src/datasets/utils/extract.py,141,open,NOT_EXPLICIT,False,Implicit Default,None,GzipExtractor,extract,https://github.com/huggingface/datasets/blob/main/src/datasets/utils/extract.py#L141,"            with open(output_path, ""wb"") as extracted_file:"
huggingface/datasets,src/datasets/utils/extract.py,172,open,NOT_EXPLICIT,False,Implicit Default,None,ZipExtractor,is_extractable,https://github.com/huggingface/datasets/blob/main/src/datasets/utils/extract.py#L172,"            with open(path, ""rb"") as fp:"
huggingface/datasets,src/datasets/utils/extract.py,235,open,NOT_EXPLICIT,False,Implicit Default,None,XzExtractor,extract,https://github.com/huggingface/datasets/blob/main/src/datasets/utils/extract.py#L235,"            with open(output_path, ""wb"") as extracted_file:"
huggingface/datasets,src/datasets/utils/extract.py,301,open,NOT_EXPLICIT,False,Implicit Default,None,ZstdExtractor,extract,https://github.com/huggingface/datasets/blob/main/src/datasets/utils/extract.py#L301,"        with open(input_path, ""rb"") as ifh, open(output_path, ""wb"") as ofh:"
huggingface/datasets,src/datasets/utils/extract.py,301,open,NOT_EXPLICIT,False,Implicit Default,None,ZstdExtractor,extract,https://github.com/huggingface/datasets/blob/main/src/datasets/utils/extract.py#L301,"        with open(input_path, ""rb"") as ifh, open(output_path, ""wb"") as ofh:"
huggingface/datasets,src/datasets/utils/extract.py,311,open,NOT_EXPLICIT,False,Implicit Default,None,Bzip2Extractor,extract,https://github.com/huggingface/datasets/blob/main/src/datasets/utils/extract.py#L311,"            with open(output_path, ""wb"") as extracted_file:"
huggingface/datasets,src/datasets/utils/extract.py,377,open,NOT_EXPLICIT,False,Implicit Default,None,Lz4Extractor,extract,https://github.com/huggingface/datasets/blob/main/src/datasets/utils/extract.py#L377,"            with open(output_path, ""wb"") as extracted_file:"
huggingface/datasets,src/datasets/utils/file_utils.py,403,open,NOT_EXPLICIT,False,Implicit Default,None,None,get_from_cache,https://github.com/huggingface/datasets/blob/main/src/datasets/utils/file_utils.py#L403,"        with open(incomplete_path, ""w+b"") as temp_file:"
huggingface/datasets,src/datasets/utils/file_utils.py,414,open,NOT_EXPLICIT,False,Implicit Default,None,None,get_from_cache,https://github.com/huggingface/datasets/blob/main/src/datasets/utils/file_utils.py#L414,"        with open(meta_path, ""w"", encoding=""utf-8"") as meta_file:"
huggingface/datasets,src/datasets/utils/file_utils.py,559,fsspec.open,NOT_EXPLICIT,False,Implicit Default,None,None,_get_extraction_protocol,https://github.com/huggingface/datasets/blob/main/src/datasets/utils/file_utils.py#L559,"        with fsspec.open(urlpath, **(storage_options or {})) as f:"
huggingface/datasets,src/datasets/utils/file_utils.py,967,open,NOT_EXPLICIT,False,Implicit Default,None,None,xopen,https://github.com/huggingface/datasets/blob/main/src/datasets/utils/file_utils.py#L967,"        return open(main_hop, mode, *args, **kwargs)"
huggingface/datasets,src/datasets/utils/file_utils.py,982,fs.open,NOT_EXPLICIT,False,Implicit Default,None,None,xopen,https://github.com/huggingface/datasets/blob/main/src/datasets/utils/file_utils.py#L982,"            file_obj = fs.open(paths[0], mode)"
huggingface/datasets,src/datasets/utils/info_utils.py,84,open,NOT_EXPLICIT,False,Implicit Default,None,None,get_size_checksum_dict,https://github.com/huggingface/datasets/blob/main/src/datasets/utils/info_utils.py#L84,"        with open(path, ""rb"") as f:"
huggingface/datasets,tests/fixtures/files.py,72,open,NOT_EXPLICIT,False,Implicit Default,None,None,text_file,https://github.com/huggingface/datasets/blob/main/tests/fixtures/files.py#L72,"    with open(filename, ""w"") as f:"
huggingface/datasets,tests/fixtures/files.py,200,open,NOT_EXPLICIT,False,Implicit Default,None,None,xml_file,https://github.com/huggingface/datasets/blob/main/tests/fixtures/files.py#L200,"    with open(filename, ""w"") as f:"
huggingface/datasets,tests/fixtures/files.py,273,open,NOT_EXPLICIT,False,Implicit Default,None,None,csv_path,https://github.com/huggingface/datasets/blob/main/tests/fixtures/files.py#L273,"    with open(path, ""w"", newline="""") as f:"
huggingface/datasets,tests/fixtures/files.py,284,open,NOT_EXPLICIT,False,Implicit Default,None,None,csv2_path,https://github.com/huggingface/datasets/blob/main/tests/fixtures/files.py#L284,"    with open(path, ""w"", newline="""") as f:"
huggingface/datasets,tests/fixtures/files.py,297,open,NOT_EXPLICIT,False,Implicit Default,None,None,bz2_csv_path,https://github.com/huggingface/datasets/blob/main/tests/fixtures/files.py#L297,"    with open(csv_path, ""rb"") as f:"
huggingface/datasets,tests/fixtures/files.py,342,open,NOT_EXPLICIT,False,Implicit Default,None,None,parquet_path,https://github.com/huggingface/datasets/blob/main/tests/fixtures/files.py#L342,"    with open(path, ""wb"") as f:"
huggingface/datasets,tests/fixtures/files.py,361,open,NOT_EXPLICIT,False,Implicit Default,None,None,multi_row_groups_parquet_path,https://github.com/huggingface/datasets/blob/main/tests/fixtures/files.py#L361,"    with open(path, ""wb"") as f:"
huggingface/datasets,tests/fixtures/files.py,382,open,NOT_EXPLICIT,False,Implicit Default,None,None,json_list_of_dicts_path,https://github.com/huggingface/datasets/blob/main/tests/fixtures/files.py#L382,"    with open(path, ""w"") as f:"
huggingface/datasets,tests/fixtures/files.py,391,open,NOT_EXPLICIT,False,Implicit Default,None,None,json_dict_of_lists_path,https://github.com/huggingface/datasets/blob/main/tests/fixtures/files.py#L391,"    with open(path, ""w"") as f:"
huggingface/datasets,tests/fixtures/files.py,399,open,NOT_EXPLICIT,False,Implicit Default,None,None,jsonl_path,https://github.com/huggingface/datasets/blob/main/tests/fixtures/files.py#L399,"    with open(path, ""w"") as f:"
huggingface/datasets,tests/fixtures/files.py,408,open,NOT_EXPLICIT,False,Implicit Default,None,None,jsonl2_path,https://github.com/huggingface/datasets/blob/main/tests/fixtures/files.py#L408,"    with open(path, ""w"") as f:"
huggingface/datasets,tests/fixtures/files.py,417,open,NOT_EXPLICIT,False,Implicit Default,None,None,jsonl_312_path,https://github.com/huggingface/datasets/blob/main/tests/fixtures/files.py#L417,"    with open(path, ""w"") as f:"
huggingface/datasets,tests/fixtures/files.py,426,open,NOT_EXPLICIT,False,Implicit Default,None,None,jsonl_str_path,https://github.com/huggingface/datasets/blob/main/tests/fixtures/files.py#L426,"    with open(path, ""w"") as f:"
huggingface/datasets,tests/fixtures/files.py,435,open,NOT_EXPLICIT,False,Implicit Default,None,None,jsonl_missing_fields_path,https://github.com/huggingface/datasets/blob/main/tests/fixtures/files.py#L435,"    with open(path, ""w"") as f:"
huggingface/datasets,tests/fixtures/files.py,444,open,NOT_EXPLICIT,False,Implicit Default,None,None,jsonl_mixed_types_path,https://github.com/huggingface/datasets/blob/main/tests/fixtures/files.py#L444,"    with open(path, ""w"") as f:"
huggingface/datasets,tests/fixtures/files.py,455,open,NOT_EXPLICIT,False,Implicit Default,None,None,text_gz_path,https://github.com/huggingface/datasets/blob/main/tests/fixtures/files.py#L455,"    with open(text_path, ""rb"") as orig_file:"
huggingface/datasets,tests/fixtures/files.py,466,open,NOT_EXPLICIT,False,Implicit Default,None,None,jsonl_gz_path,https://github.com/huggingface/datasets/blob/main/tests/fixtures/files.py#L466,"    with open(jsonl_path, ""rb"") as orig_file:"
huggingface/datasets,tests/fixtures/files.py,519,open,NOT_EXPLICIT,False,Implicit Default,None,None,text_path,https://github.com/huggingface/datasets/blob/main/tests/fixtures/files.py#L519,"    with open(path, ""w"") as f:"
huggingface/datasets,tests/fixtures/files.py,529,open,NOT_EXPLICIT,False,Implicit Default,None,None,text2_path,https://github.com/huggingface/datasets/blob/main/tests/fixtures/files.py#L529,"    with open(path, ""w"") as f:"
huggingface/datasets,tests/fixtures/files.py,539,open,NOT_EXPLICIT,False,Implicit Default,None,None,text_dir,https://github.com/huggingface/datasets/blob/main/tests/fixtures/files.py#L539,"    with open(path, ""w"") as f:"
huggingface/datasets,tests/fixtures/files.py,549,open,NOT_EXPLICIT,False,Implicit Default,None,None,text_dir_with_unsupported_extension,https://github.com/huggingface/datasets/blob/main/tests/fixtures/files.py#L549,"    with open(path, ""w"") as f:"
huggingface/datasets,tests/fixtures/files.py,586,open,NOT_EXPLICIT,False,Implicit Default,None,None,text_path_with_unicode_new_lines,https://github.com/huggingface/datasets/blob/main/tests/fixtures/files.py#L586,"    with open(path, ""w"", encoding=""utf-8"") as f:"
huggingface/datasets,tests/fixtures/files.py,616,open,NOT_EXPLICIT,False,Implicit Default,None,None,tensor_file,https://github.com/huggingface/datasets/blob/main/tests/fixtures/files.py#L616,"    with open(path, ""wb"") as f:"
huggingface/datasets,tests/fixtures/files.py,635,open,NOT_EXPLICIT,False,Implicit Default,None,None,data_dir_with_hidden_files,https://github.com/huggingface/datasets/blob/main/tests/fixtures/files.py#L635,"    with open(data_dir / ""subdir"" / ""train.txt"", ""w"") as f:"
huggingface/datasets,tests/fixtures/files.py,637,open,NOT_EXPLICIT,False,Implicit Default,None,None,data_dir_with_hidden_files,https://github.com/huggingface/datasets/blob/main/tests/fixtures/files.py#L637,"    with open(data_dir / ""subdir"" / ""test.txt"", ""w"") as f:"
huggingface/datasets,tests/fixtures/files.py,640,open,NOT_EXPLICIT,False,Implicit Default,None,None,data_dir_with_hidden_files,https://github.com/huggingface/datasets/blob/main/tests/fixtures/files.py#L640,"    with open(data_dir / ""subdir"" / "".test.txt"", ""w"") as f:"
huggingface/datasets,tests/fixtures/files.py,645,open,NOT_EXPLICIT,False,Implicit Default,None,None,data_dir_with_hidden_files,https://github.com/huggingface/datasets/blob/main/tests/fixtures/files.py#L645,"    with open(data_dir / "".subdir"" / ""train.txt"", ""w"") as f:"
huggingface/datasets,tests/fixtures/files.py,647,open,NOT_EXPLICIT,False,Implicit Default,None,None,data_dir_with_hidden_files,https://github.com/huggingface/datasets/blob/main/tests/fixtures/files.py#L647,"    with open(data_dir / "".subdir"" / ""test.txt"", ""w"") as f:"
huggingface/datasets,utils/release.py,33,open,NOT_EXPLICIT,False,Implicit Default,None,None,update_version_in_file,https://github.com/huggingface/datasets/blob/main/utils/release.py#L33,"    with open(fname, ""r"", encoding=""utf-8"", newline=""\n"") as f:"
huggingface/datasets,utils/release.py,38,open,NOT_EXPLICIT,False,Implicit Default,None,None,update_version_in_file,https://github.com/huggingface/datasets/blob/main/utils/release.py#L38,"    with open(fname, ""w"", encoding=""utf-8"", newline=""\n"") as f:"
huggingface/datasets,utils/release.py,50,open,NOT_EXPLICIT,False,Implicit Default,None,None,get_version,https://github.com/huggingface/datasets/blob/main/utils/release.py#L50,"    with open(REPLACE_FILES[""init""], ""r"") as f:"
pytorch/pytorch,.ci/lumen_cli/cli/lib/core/torchtitan/lib.py,21,open,NOT_EXPLICIT,False,Implicit Default,None,None,_load_torchtitan_test_library_yaml,https://github.com/pytorch/pytorch/blob/main/.ci/lumen_cli/cli/lib/core/torchtitan/lib.py#L21,"    with open(_TORCHTITAN_TEST_LIBRARY_PATH, encoding=""utf-8"") as f:"
pytorch/pytorch,.ci/lumen_cli/cli/lib/core/vllm/lib.py,43,open,NOT_EXPLICIT,False,Implicit Default,None,None,_load_vllm_test_library_yaml,https://github.com/pytorch/pytorch/blob/main/.ci/lumen_cli/cli/lib/core/vllm/lib.py#L43,"    with open(_VLLM_TEST_LIBRARY_PATH, encoding=""utf-8"") as f:"
pytorch/pytorch,.ci/lumen_cli/cli/lib/core/vllm/lib.py,100,open,NOT_EXPLICIT,False,Implicit Default,None,None,_load_disabled_vllm_tests_from_yaml,https://github.com/pytorch/pytorch/blob/main/.ci/lumen_cli/cli/lib/core/vllm/lib.py#L100,"    with open(_DISABLED_VLLM_TESTS_PATH, encoding=""utf-8"") as f:"
pytorch/pytorch,.ci/pytorch/print_sccache_log.py,6,open,NOT_EXPLICIT,False,Implicit Default,None,None,global,https://github.com/pytorch/pytorch/blob/main/.ci/pytorch/print_sccache_log.py#L6,with open(log_file_path) as f:
pytorch/pytorch,.ci/pytorch/smoke_test/smoke_test.py,80,open,NOT_EXPLICIT,False,Implicit Default,None,None,load_json_from_basedir,https://github.com/pytorch/pytorch/blob/main/.ci/pytorch/smoke_test/smoke_test.py#L80,        with open(BASE_DIR / filename) as fptr:
pytorch/pytorch,.ci/pytorch/windows/_common.py,94,open,NOT_EXPLICIT,False,Implicit Default,None,None,download,https://github.com/pytorch/pytorch/blob/main/.ci/pytorch/windows/_common.py#L94,"            with urllib.request.urlopen(url) as response, open(dest, ""wb"") as out:"
pytorch/pytorch,.claude/skills/triaging-issues/scripts/add_bot_triaged.py,28,open,NOT_EXPLICIT,False,Implicit Default,None,None,debug_log,https://github.com/pytorch/pytorch/blob/main/.claude/skills/triaging-issues/scripts/add_bot_triaged.py#L28,"        with open(DEBUG_LOG, ""a"") as f:"
pytorch/pytorch,.claude/skills/triaging-issues/scripts/validate_issue_target.py,20,open,NOT_EXPLICIT,False,Implicit Default,None,None,debug_log,https://github.com/pytorch/pytorch/blob/main/.claude/skills/triaging-issues/scripts/validate_issue_target.py#L20,"        with open(DEBUG_LOG, ""a"") as log:"
pytorch/pytorch,.claude/skills/triaging-issues/scripts/validate_labels.py,61,open,NOT_EXPLICIT,False,Implicit Default,None,None,debug_log,https://github.com/pytorch/pytorch/blob/main/.claude/skills/triaging-issues/scripts/validate_labels.py#L61,"        with open(DEBUG_LOG, ""a"") as f:"
pytorch/pytorch,.claude/skills/triaging-issues/scripts/validate_labels.py,79,open,NOT_EXPLICIT,False,Implicit Default,None,None,_load_labels_from_file,https://github.com/pytorch/pytorch/blob/main/.claude/skills/triaging-issues/scripts/validate_labels.py#L79,        with open(path) as f:
pytorch/pytorch,.github/actions/reuse-old-whl/reuse_old_whl.py,205,open,NOT_EXPLICIT,False,Implicit Default,None,None,find_old_whl,https://github.com/pytorch/pytorch/blob/main/.github/actions/reuse-old-whl/reuse_old_whl.py#L205,"                with open(""artifacts.zip"", ""wb"") as f:"
pytorch/pytorch,.github/actions/reuse-old-whl/reuse_old_whl.py,245,open,NOT_EXPLICIT,False,Implicit Default,None,None,change_content_to_new_version,https://github.com/pytorch/pytorch/blob/main/.github/actions/reuse-old-whl/reuse_old_whl.py#L245,            with open(file) as f:
pytorch/pytorch,.github/actions/reuse-old-whl/reuse_old_whl.py,248,open,NOT_EXPLICIT,False,Implicit Default,None,None,change_content_to_new_version,https://github.com/pytorch/pytorch/blob/main/.github/actions/reuse-old-whl/reuse_old_whl.py#L248,"            with open(file, ""w"") as f:"
pytorch/pytorch,.github/actions/reuse-old-whl/reuse_old_whl.py,312,open,NOT_EXPLICIT,False,Implicit Default,None,None,set_output,https://github.com/pytorch/pytorch/blob/main/.github/actions/reuse-old-whl/reuse_old_whl.py#L312,"        with open(str(os.getenv(""GITHUB_OUTPUT"")), ""a"") as env:"
pytorch/pytorch,.github/ci_configs/vllm/use_existing_torch.py,49,open,NOT_EXPLICIT,False,Implicit Default,None,None,main,https://github.com/pytorch/pytorch/blob/main/.github/ci_configs/vllm/use_existing_torch.py#L49,        with open(file) as f:
pytorch/pytorch,.github/ci_configs/vllm/use_existing_torch.py,52,open,NOT_EXPLICIT,False,Implicit Default,None,None,main,https://github.com/pytorch/pytorch/blob/main/.github/ci_configs/vllm/use_existing_torch.py#L52,"            with open(file, ""w"") as f:"
pytorch/pytorch,.github/scripts/build_triton_wheel.py,21,open,NOT_EXPLICIT,False,Implicit Default,None,None,read_triton_pin,https://github.com/pytorch/pytorch/blob/main/.github/scripts/build_triton_wheel.py#L21,"    with open(REPO_DIR / "".ci"" / ""docker"" / ""ci_commit_pins"" / triton_file) as f:"
pytorch/pytorch,.github/scripts/build_triton_wheel.py,29,open,NOT_EXPLICIT,False,Implicit Default,None,None,read_triton_version,https://github.com/pytorch/pytorch/blob/main/.github/scripts/build_triton_wheel.py#L29,"    with open(REPO_DIR / "".ci"" / ""docker"" / triton_version_file) as f:"
pytorch/pytorch,.github/scripts/build_triton_wheel.py,45,open,NOT_EXPLICIT,False,Implicit Default,None,None,patch_init_py,https://github.com/pytorch/pytorch/blob/main/.github/scripts/build_triton_wheel.py#L45,    with open(path) as f:
pytorch/pytorch,.github/scripts/build_triton_wheel.py,51,open,NOT_EXPLICIT,False,Implicit Default,None,None,patch_init_py,https://github.com/pytorch/pytorch/blob/main/.github/scripts/build_triton_wheel.py#L51,"    with open(path, ""w"") as f:"
pytorch/pytorch,.github/scripts/close_nonexistent_disable_issues.py,96,open,NOT_EXPLICIT,False,Implicit Default,None,None,download_log_worker,https://github.com/pytorch/pytorch/blob/main/.github/scripts/close_nonexistent_disable_issues.py#L96,"    with open(f""{temp_dir}/{name.replace('/', '_')} {id}.txt"", ""x"") as f:"
pytorch/pytorch,.github/scripts/close_nonexistent_disable_issues.py,176,open,NOT_EXPLICIT,False,Implicit Default,None,None,global,https://github.com/pytorch/pytorch/blob/main/.github/scripts/close_nonexistent_disable_issues.py#L176,"            with open(f""{temp_dir}/{filename}"") as f:"
pytorch/pytorch,.github/scripts/ensure_actions_will_cancel.py,26,open,NOT_EXPLICIT,False,Implicit Default,None,None,should_check,https://github.com/pytorch/pytorch/blob/main/.github/scripts/ensure_actions_will_cancel.py#L26,    with open(filename) as f:
pytorch/pytorch,.github/scripts/ensure_actions_will_cancel.py,39,open,NOT_EXPLICIT,False,Implicit Default,None,None,global,https://github.com/pytorch/pytorch/blob/main/.github/scripts/ensure_actions_will_cancel.py#L39,        with open(filename) as f:
pytorch/pytorch,.github/scripts/export_pytorch_labels.py,40,open,NOT_EXPLICIT,False,Implicit Default,None,None,main,https://github.com/pytorch/pytorch/blob/main/.github/scripts/export_pytorch_labels.py#L40,"        with open(args.output_file, ""w"") as f:"
pytorch/pytorch,.github/scripts/file_io_utils.py,47,open,NOT_EXPLICIT,False,Implicit Default,None,None,load_json_file,https://github.com/pytorch/pytorch/blob/main/.github/scripts/file_io_utils.py#L47,    with open(file_path) as f:
pytorch/pytorch,.github/scripts/file_io_utils.py,55,open,NOT_EXPLICIT,False,Implicit Default,None,None,write_json_file,https://github.com/pytorch/pytorch/blob/main/.github/scripts/file_io_utils.py#L55,"    with open(file_path, ""w"") as f:"
pytorch/pytorch,.github/scripts/filter_test_configs.py,459,open,NOT_EXPLICIT,False,Implicit Default,None,None,set_output,https://github.com/pytorch/pytorch/blob/main/.github/scripts/filter_test_configs.py#L459,"        with open(str(os.getenv(""GITHUB_OUTPUT"")), ""a"") as env:"
pytorch/pytorch,.github/scripts/generate_ci_workflows.py,98,open,NOT_EXPLICIT,False,Implicit Default,None,BinaryBuildWorkflow,generate_workflow_file,https://github.com/pytorch/pytorch/blob/main/.github/scripts/generate_ci_workflows.py#L98,"        with open(output_file_path, ""w"") as output_file:"
pytorch/pytorch,.github/scripts/get_workflow_job_id.py,147,open,NOT_EXPLICIT,False,Implicit Default,None,None,set_output,https://github.com/pytorch/pytorch/blob/main/.github/scripts/get_workflow_job_id.py#L147,"        with open(str(os.getenv(""GITHUB_OUTPUT"")), ""a"") as env:"
pytorch/pytorch,.github/scripts/lint_native_functions.py,29,open,NOT_EXPLICIT,False,Implicit Default,None,None,global,https://github.com/pytorch/pytorch/blob/main/.github/scripts/lint_native_functions.py#L29,"with open(Path(__file__).parents[2] / fn(""."")) as f:"
pytorch/pytorch,.github/scripts/map_ec2_to_arc.py,45,open,NOT_EXPLICIT,False,Implicit Default,None,None,load_mapping,https://github.com/pytorch/pytorch/blob/main/.github/scripts/map_ec2_to_arc.py#L45,    with open(arc_yaml) as f:
pytorch/pytorch,.github/scripts/map_ec2_to_arc.py,51,open,NOT_EXPLICIT,False,Implicit Default,None,None,load_meta_only,https://github.com/pytorch/pytorch/blob/main/.github/scripts/map_ec2_to_arc.py#L51,    with open(arc_yaml) as f:
pytorch/pytorch,.github/scripts/map_ec2_to_arc.py,60,open,NOT_EXPLICIT,False,Implicit Default,None,None,set_output,https://github.com/pytorch/pytorch/blob/main/.github/scripts/map_ec2_to_arc.py#L60,"        with open(github_output, ""a"") as f:"
pytorch/pytorch,.github/scripts/parse_ref.py,10,open,NOT_EXPLICIT,False,Implicit Default,None,None,set_output,https://github.com/pytorch/pytorch/blob/main/.github/scripts/parse_ref.py#L10,"        with open(str(os.getenv(""GITHUB_OUTPUT"")), ""a"") as env:"
pytorch/pytorch,.github/scripts/runner_determinator.py,172,open,NOT_EXPLICIT,False,Implicit Default,None,None,set_github_output,https://github.com/pytorch/pytorch/blob/main/.github/scripts/runner_determinator.py#L172,"    with open(GITHUB_OUTPUT, ""a"") as f:"
pytorch/pytorch,.github/scripts/trymerge.py,1641,open,NOT_EXPLICIT,False,Implicit Default,None,None,read_merge_rules,https://github.com/pytorch/pytorch/blob/main/.github/scripts/trymerge.py#L1641,        with open(rules_path) as fp:
pytorch/pytorch,.github/scripts/trymerge.py,2072,open,NOT_EXPLICIT,False,Implicit Default,None,None,save_merge_record,https://github.com/pytorch/pytorch/blob/main/.github/scripts/trymerge.py#L2072,"    with open(repo_root / ""merge_record.json"", ""w"") as f:"
pytorch/pytorch,.github/scripts/tryrebase.py,121,open,NOT_EXPLICIT,False,Implicit Default,None,None,rebase_ghstack_onto,https://github.com/pytorch/pytorch/blob/main/.github/scripts/tryrebase.py#L121,"    with open("".ghstackrc"", ""w+"") as f:"
pytorch/pytorch,.spin/cmds.py,38,open,NOT_EXPLICIT,False,Implicit Default,None,None,_hash_file,https://github.com/pytorch/pytorch/blob/main/.spin/cmds.py#L38,"    with open(file, ""rb"") as f:"
pytorch/pytorch,aten/src/ATen/native/quantized/cpu/qnnpack/generate-wrapper.py,122,open,NOT_EXPLICIT,False,Implicit Default,None,None,global,https://github.com/pytorch/pytorch/blob/main/aten/src/ATen/native/quantized/cpu/qnnpack/generate-wrapper.py#L122,"            with open(filepath, ""w"") as wrapper:"
pytorch/pytorch,aten/src/ATen/native/transformers/hip/flash_attn/ck/fav_v3/codegen_compat.py,103,open,NOT_EXPLICIT,False,Implicit Default,None,None,main,https://github.com/pytorch/pytorch/blob/main/aten/src/ATen/native/transformers/hip/flash_attn/ck/fav_v3/codegen_compat.py#L103,"            with open(single_file, newline="""") as f:"
pytorch/pytorch,aten/src/ATen/native/transformers/hip/flash_attn/ck/fav_v3/codegen_compat.py,184,open,NOT_EXPLICIT,False,Implicit Default,None,None,main,https://github.com/pytorch/pytorch/blob/main/aten/src/ATen/native/transformers/hip/flash_attn/ck/fav_v3/codegen_compat.py#L184,"    with open(f""{args.output_dir}/asm_{args.module}_configs.hpp"", ""w"") as f:"
pytorch/pytorch,aten/src/ATen/native/transformers/hip/flash_attn/ck/fav_v3/generate_aiter_embedded_hsa.py,82,open,NOT_EXPLICIT,False,Implicit Default,None,None,generate_embedded_hsa_header,https://github.com/pytorch/pytorch/blob/main/aten/src/ATen/native/transformers/hip/flash_attn/ck/fav_v3/generate_aiter_embedded_hsa.py#L82,"        with open(co_file, ""rb"") as f:"
pytorch/pytorch,aten/src/ATen/native/transformers/hip/flash_attn/ck/fav_v3/generate_aiter_embedded_hsa.py,113,open,NOT_EXPLICIT,False,Implicit Default,None,None,generate_embedded_hsa_header,https://github.com/pytorch/pytorch/blob/main/aten/src/ATen/native/transformers/hip/flash_attn/ck/fav_v3/generate_aiter_embedded_hsa.py#L113,"    with open(output_file, ""w"") as f:"
pytorch/pytorch,benchmarks/compare-fastrnn-results.py,32,open,NOT_EXPLICIT,False,Implicit Default,None,None,global,https://github.com/pytorch/pytorch/blob/main/benchmarks/compare-fastrnn-results.py#L32,with open(args.base) as base:
pytorch/pytorch,benchmarks/compare-fastrnn-results.py,34,open,NOT_EXPLICIT,False,Implicit Default,None,None,global,https://github.com/pytorch/pytorch/blob/main/benchmarks/compare-fastrnn-results.py#L34,with open(args.diff) as diff:
pytorch/pytorch,benchmarks/distributed/ddp/benchmark.py,293,open,NOT_EXPLICIT,False,Implicit Default,None,None,main,https://github.com/pytorch/pytorch/blob/main/benchmarks/distributed/ddp/benchmark.py#L293,"        with open(args.json, ""w"") as f:"
pytorch/pytorch,benchmarks/distributed/ddp/diff.py,13,open,NOT_EXPLICIT,False,Implicit Default,None,None,load,https://github.com/pytorch/pytorch/blob/main/benchmarks/distributed/ddp/diff.py#L13,    with open(path) as f:
pytorch/pytorch,benchmarks/dynamo/benchmarks.py,18,open,NOT_EXPLICIT,False,Implicit Default,None,None,model_names,https://github.com/pytorch/pytorch/blob/main/benchmarks/dynamo/benchmarks.py#L18,    with open(filename) as fh:
pytorch/pytorch,benchmarks/dynamo/cachebench.py,183,open,NOT_EXPLICIT,False,Implicit Default,None,None,_write_results_to_json,https://github.com/pytorch/pytorch/blob/main/benchmarks/dynamo/cachebench.py#L183,"    with open(cmd_args.output, ""w"") as f:"
pytorch/pytorch,benchmarks/dynamo/ci_expected_accuracy/update_expected.py,279,open,NOT_EXPLICIT,False,Implicit Default,None,None,apply_lints,https://github.com/pytorch/pytorch/blob/main/benchmarks/dynamo/ci_expected_accuracy/update_expected.py#L279,        with open(filename) as fd:
pytorch/pytorch,benchmarks/dynamo/ci_expected_accuracy/update_expected.py,281,open,NOT_EXPLICIT,False,Implicit Default,None,None,apply_lints,https://github.com/pytorch/pytorch/blob/main/benchmarks/dynamo/ci_expected_accuracy/update_expected.py#L281,"        with open(filename, ""w"") as fd:"
pytorch/pytorch,benchmarks/dynamo/combine_csv.py,16,open,NOT_EXPLICIT,False,Implicit Default,None,None,global,https://github.com/pytorch/pytorch/blob/main/benchmarks/dynamo/combine_csv.py#L16,    with open(f) as f:
pytorch/pytorch,benchmarks/dynamo/common.py,263,open,NOT_EXPLICIT,False,Implicit Default,None,None,load_yaml_file,https://github.com/pytorch/pytorch/blob/main/benchmarks/dynamo/common.py#L263,    with open(filepath) as f:
pytorch/pytorch,benchmarks/dynamo/common.py,268,open,NOT_EXPLICIT,False,Implicit Default,None,None,load_yaml_file,https://github.com/pytorch/pytorch/blob/main/benchmarks/dynamo/common.py#L268,        with open(internal_file_path) as f:
pytorch/pytorch,benchmarks/dynamo/common.py,346,open,NOT_EXPLICIT,False,Implicit Default,None,None,output_csv,https://github.com/pytorch/pytorch/blob/main/benchmarks/dynamo/common.py#L346,        with open(filename) as fd:
pytorch/pytorch,benchmarks/dynamo/common.py,356,open,NOT_EXPLICIT,False,Implicit Default,None,None,output_csv,https://github.com/pytorch/pytorch/blob/main/benchmarks/dynamo/common.py#L356,"    with open(filename, ""w"") as fd:"
pytorch/pytorch,benchmarks/dynamo/common.py,385,open,NOT_EXPLICIT,False,Implicit Default,None,None,output_json,https://github.com/pytorch/pytorch/blob/main/benchmarks/dynamo/common.py#L385,"    with open(f""{os.path.splitext(filename)[0]}.json"", ""a"") as f:"
pytorch/pytorch,benchmarks/dynamo/common.py,1567,open,NOT_EXPLICIT,False,Implicit Default,None,None,aot_precompile,https://github.com/pytorch/pytorch/blob/main/benchmarks/dynamo/common.py#L1567,"        with open(save_path, ""rb"") as f:"
pytorch/pytorch,benchmarks/dynamo/common.py,1655,open,NOT_EXPLICIT,False,Implicit Default,None,None,read_batch_size_from_file,https://github.com/pytorch/pytorch/blob/main/benchmarks/dynamo/common.py#L1655,    with open(filename) as f:
pytorch/pytorch,benchmarks/dynamo/huggingface.py,120,open,NOT_EXPLICIT,False,Implicit Default,None,None,global,https://github.com/pytorch/pytorch/blob/main/benchmarks/dynamo/huggingface.py#L120,with open(MODELS_FILENAME) as fh:
pytorch/pytorch,benchmarks/dynamo/launch_compile_op_numerics.py,867,open,NOT_EXPLICIT,False,Implicit Default,None,None,launch_test_case,https://github.com/pytorch/pytorch/blob/main/benchmarks/dynamo/launch_compile_op_numerics.py#L867,"            stderr=open(f""/workspace/logs/{identifier}.log"", ""w""),"
pytorch/pytorch,benchmarks/dynamo/launch_compile_op_numerics.py,894,open,NOT_EXPLICIT,False,Implicit Default,None,None,runner,https://github.com/pytorch/pytorch/blob/main/benchmarks/dynamo/launch_compile_op_numerics.py#L894,"    with open(         f""/workspace/result_{args.gpu[0]}_{args.pytorch_version}_{args.cuda_version}.jsonl"",         ""a+"",     ) as result:"
pytorch/pytorch,benchmarks/dynamo/microbenchmarks/analyze_templates.py,15,open,NOT_EXPLICIT,False,Implicit Default,None,None,parse_log_file,https://github.com/pytorch/pytorch/blob/main/benchmarks/dynamo/microbenchmarks/analyze_templates.py#L15,    with open(file_path) as f:
pytorch/pytorch,benchmarks/dynamo/microbenchmarks/operator_inp_utils.py,188,open,NOT_EXPLICIT,False,Implicit Default,None,OperatorInputsMode,log_to_file,https://github.com/pytorch/pytorch/blob/main/benchmarks/dynamo/microbenchmarks/operator_inp_utils.py#L188,"        with open(output_filename, ""w"") as f:"
pytorch/pytorch,benchmarks/dynamo/microbenchmarks/operator_inp_utils.py,244,open,NOT_EXPLICIT,False,Implicit Default,None,OperatorInputsLoader,__init__,https://github.com/pytorch/pytorch/blob/main/benchmarks/dynamo/microbenchmarks/operator_inp_utils.py#L244,        with open(json_file_path) as f:
pytorch/pytorch,benchmarks/dynamo/microbenchmarks/operatorbench.py,268,open,NOT_EXPLICIT,False,Implicit Default,None,None,benchmark,https://github.com/pytorch/pytorch/blob/main/benchmarks/dynamo/microbenchmarks/operatorbench.py#L268,"        with open(filename, ""w"") as output_fd:"
pytorch/pytorch,benchmarks/dynamo/pr_time_benchmarks/benchmarks/benchmark_base.py,225,open,NOT_EXPLICIT,False,Implicit Default,None,BenchmarkBase,_write_to_json,https://github.com/pytorch/pytorch/blob/main/benchmarks/dynamo/pr_time_benchmarks/benchmarks/benchmark_base.py#L225,"        with open(os.path.join(output_dir, f""{self.name()}.json""), ""w"") as f:"
pytorch/pytorch,benchmarks/dynamo/pr_time_benchmarks/benchmarks/benchmark_base.py,229,open,NOT_EXPLICIT,False,Implicit Default,None,BenchmarkBase,append_results,https://github.com/pytorch/pytorch/blob/main/benchmarks/dynamo/pr_time_benchmarks/benchmarks/benchmark_base.py#L229,"        with open(path, ""a"", newline="""") as csvfile:"
pytorch/pytorch,benchmarks/dynamo/pr_time_benchmarks/check_results.py,75,open,NOT_EXPLICIT,False,Implicit Default,None,None,main,https://github.com/pytorch/pytorch/blob/main/benchmarks/dynamo/pr_time_benchmarks/check_results.py#L75,    with open(expected_file_path) as f:
pytorch/pytorch,benchmarks/dynamo/pr_time_benchmarks/check_results.py,94,open,NOT_EXPLICIT,False,Implicit Default,None,None,main,https://github.com/pytorch/pytorch/blob/main/benchmarks/dynamo/pr_time_benchmarks/check_results.py#L94,    with open(result_file_path) as f:
pytorch/pytorch,benchmarks/dynamo/pr_time_benchmarks/check_results.py,197,open,NOT_EXPLICIT,False,Implicit Default,None,None,main,https://github.com/pytorch/pytorch/blob/main/benchmarks/dynamo/pr_time_benchmarks/check_results.py#L197,"    with open(reference_expected_results_path, ""w"", newline="""") as csvfile:"
pytorch/pytorch,benchmarks/dynamo/pr_time_benchmarks/check_results.py,221,open,NOT_EXPLICIT,False,Implicit Default,None,None,main,https://github.com/pytorch/pytorch/blob/main/benchmarks/dynamo/pr_time_benchmarks/check_results.py#L221,    with open(reference_expected_results_path) as f:
pytorch/pytorch,benchmarks/dynamo/runner.py,414,open,NOT_EXPLICIT,False,Implicit Default,None,None,generate_commands,https://github.com/pytorch/pytorch/blob/main/benchmarks/dynamo/runner.py#L414,"    with open(generated_file, ""w"") as runfile:"
pytorch/pytorch,benchmarks/dynamo/runner.py,555,open,NOT_EXPLICIT,False,Implicit Default,None,None,build_summary,https://github.com/pytorch/pytorch/blob/main/benchmarks/dynamo/runner.py#L555,"    with open(f""{output_dir}/gh_build_summary.txt"", ""w"") as gh_fh:"
pytorch/pytorch,benchmarks/dynamo/runner.py,628,open,NOT_EXPLICIT,False,Implicit Default,None,Parser,has_header,https://github.com/pytorch/pytorch/blob/main/benchmarks/dynamo/runner.py#L628,        with open(output_filename) as f:
pytorch/pytorch,benchmarks/dynamo/runner.py,998,open,NOT_EXPLICIT,False,Implicit Default,None,ParsePerformanceLogs,gen_summary_files,https://github.com/pytorch/pytorch/blob/main/benchmarks/dynamo/runner.py#L998,"        with open(f""{self.output_dir}/gh_title.txt"", ""w"") as gh_fh:"
pytorch/pytorch,benchmarks/dynamo/runner.py,1005,open,NOT_EXPLICIT,False,Implicit Default,None,ParsePerformanceLogs,gen_summary_files,https://github.com/pytorch/pytorch/blob/main/benchmarks/dynamo/runner.py#L1005,"        with open(f""{self.output_dir}/gh_executive_summary.txt"", ""w"") as gh_fh:"
pytorch/pytorch,benchmarks/dynamo/runner.py,1008,open,NOT_EXPLICIT,False,Implicit Default,None,ParsePerformanceLogs,gen_summary_files,https://github.com/pytorch/pytorch/blob/main/benchmarks/dynamo/runner.py#L1008,"        with open(f""{self.output_dir}/gh_warnings.txt"", ""w"") as gh_fh:"
pytorch/pytorch,benchmarks/dynamo/runner.py,1016,open,NOT_EXPLICIT,False,Implicit Default,None,ParsePerformanceLogs,gen_summary_files,https://github.com/pytorch/pytorch/blob/main/benchmarks/dynamo/runner.py#L1016,"        with open(f""{self.output_dir}/gh_{self.mode}.txt"", ""w"") as gh_fh:"
pytorch/pytorch,benchmarks/dynamo/runner.py,1128,open,NOT_EXPLICIT,False,Implicit Default,None,SummaryStatDiffer,generate_comment,https://github.com/pytorch/pytorch/blob/main/benchmarks/dynamo/runner.py#L1128,"        with open(f""{self.args.output_dir}/gh_summary_diff.txt"", ""w"") as gh_fh:"
pytorch/pytorch,benchmarks/dynamo/runner.py,1249,open,NOT_EXPLICIT,False,Implicit Default,None,RegressionDetector,generate_comment,https://github.com/pytorch/pytorch/blob/main/benchmarks/dynamo/runner.py#L1249,"        with open(f""{self.args.output_dir}/gh_metric_regression.txt"", ""w"") as gh_fh:"
pytorch/pytorch,benchmarks/dynamo/runner.py,1298,open,NOT_EXPLICIT,False,Implicit Default,None,RegressionTracker,generate_comment,https://github.com/pytorch/pytorch/blob/main/benchmarks/dynamo/runner.py#L1298,"        with open(f""{self.args.output_dir}/gh_regression.txt"", ""w"") as gh_fh:"
pytorch/pytorch,benchmarks/dynamo/runner.py,1409,open,NOT_EXPLICIT,False,Implicit Default,None,DashboardUpdater,upload_graphs,https://github.com/pytorch/pytorch/blob/main/benchmarks/dynamo/runner.py#L1409,"        with open(f""{self.output_dir}/gh_graphs.txt"", ""w"") as gh_fh:"
pytorch/pytorch,benchmarks/dynamo/runner.py,1427,open,NOT_EXPLICIT,False,Implicit Default,None,DashboardUpdater,gen_comment,https://github.com/pytorch/pytorch/blob/main/benchmarks/dynamo/runner.py#L1427,"                with open(os.path.join(self.output_dir, f)) as fh:"
pytorch/pytorch,benchmarks/dynamo/runner.py,1469,open,NOT_EXPLICIT,False,Implicit Default,None,DashboardUpdater,update,https://github.com/pytorch/pytorch/blob/main/benchmarks/dynamo/runner.py#L1469,"                with open(f""{self.args.output_dir}/gh_regression.txt"", ""w"") as gh_fh:"
pytorch/pytorch,benchmarks/dynamo/timm_models.py,55,open,NOT_EXPLICIT,False,Implicit Default,None,None,global,https://github.com/pytorch/pytorch/blob/main/benchmarks/dynamo/timm_models.py#L55,with open(filename) as fh:
pytorch/pytorch,benchmarks/dynamo/timm_models.py,74,open,NOT_EXPLICIT,False,Implicit Default,None,None,read_models_from_docs,https://github.com/pytorch/pytorch/blob/main/benchmarks/dynamo/timm_models.py#L74,            with open(fn) as f:
pytorch/pytorch,benchmarks/dynamo/timm_models.py,143,open,NOT_EXPLICIT,False,Implicit Default,None,None,refresh_model_names,https://github.com/pytorch/pytorch/blob/main/benchmarks/dynamo/timm_models.py#L143,"    with open(filename, ""w"") as fw:"
pytorch/pytorch,benchmarks/functional_autograd_benchmark/compare.py,28,open,NOT_EXPLICIT,False,Implicit Default,None,None,main,https://github.com/pytorch/pytorch/blob/main/benchmarks/functional_autograd_benchmark/compare.py#L28,    with open(args.before) as f:
pytorch/pytorch,benchmarks/functional_autograd_benchmark/compare.py,32,open,NOT_EXPLICIT,False,Implicit Default,None,None,main,https://github.com/pytorch/pytorch/blob/main/benchmarks/functional_autograd_benchmark/compare.py#L32,    with open(args.after) as f:
pytorch/pytorch,benchmarks/functional_autograd_benchmark/compare.py,70,open,NOT_EXPLICIT,False,Implicit Default,None,None,main,https://github.com/pytorch/pytorch/blob/main/benchmarks/functional_autograd_benchmark/compare.py#L70,"        with open(args.output, ""w"") as f:"
pytorch/pytorch,benchmarks/functional_autograd_benchmark/functional_autograd_benchmark.py,342,open,NOT_EXPLICIT,False,Implicit Default,None,None,main,https://github.com/pytorch/pytorch/blob/main/benchmarks/functional_autograd_benchmark/functional_autograd_benchmark.py#L342,"        with open(args.output, ""w"") as f:"
pytorch/pytorch,benchmarks/gpt_fast/benchmark.py,235,open,NOT_EXPLICIT,False,Implicit Default,None,None,output_csv,https://github.com/pytorch/pytorch/blob/main/benchmarks/gpt_fast/benchmark.py#L235,        with open(output_file) as fd:
pytorch/pytorch,benchmarks/gpt_fast/benchmark.py,248,open,NOT_EXPLICIT,False,Implicit Default,None,None,output_csv,https://github.com/pytorch/pytorch/blob/main/benchmarks/gpt_fast/benchmark.py#L248,"    with open(output_file, ""w"") as fd:"
pytorch/pytorch,benchmarks/gpt_fast/benchmark.py,283,open,NOT_EXPLICIT,False,Implicit Default,None,None,output_json,https://github.com/pytorch/pytorch/blob/main/benchmarks/gpt_fast/benchmark.py#L283,"    with open(f""{os.path.splitext(output_file)[0]}.json"", ""a"") as f:"
pytorch/pytorch,benchmarks/inference/process_metrics.py,38,open,NOT_EXPLICIT,False,Implicit Default,None,None,global,https://github.com/pytorch/pytorch/blob/main/benchmarks/inference/process_metrics.py#L38,"    with open(output_md, ""a+"") as f:"
pytorch/pytorch,benchmarks/inference/server.py,392,open,NOT_EXPLICIT,False,Implicit Default,None,None,global,https://github.com/pytorch/pytorch/blob/main/benchmarks/inference/server.py#L392,"        with open(output_file, ""a+"", newline="""") as file:"
pytorch/pytorch,benchmarks/instruction_counts/applications/ci.py,76,open,NOT_EXPLICIT,False,Implicit Default,None,None,main,https://github.com/pytorch/pytorch/blob/main/benchmarks/instruction_counts/applications/ci.py#L76,"        with open(args.destination, ""w"") as f:"
pytorch/pytorch,benchmarks/instruction_counts/core/expand.py,68,open,NOT_EXPLICIT,False,Implicit Default,None,None,_generate_torchscript_file,https://github.com/pytorch/pytorch/blob/main/benchmarks/instruction_counts/core/expand.py#L68,"    with open(module_path, ""w"") as f:"
pytorch/pytorch,benchmarks/instruction_counts/execution/work.py,85,open,NOT_EXPLICIT,False,Implicit Default,None,_BenchmarkProcess,__init__,https://github.com/pytorch/pytorch/blob/main/benchmarks/instruction_counts/execution/work.py#L85,"        with open(self._communication_file, ""wb"") as f:"
pytorch/pytorch,benchmarks/instruction_counts/execution/work.py,160,open,NOT_EXPLICIT,False,Implicit Default,None,_BenchmarkProcess,_maybe_collect,https://github.com/pytorch/pytorch/blob/main/benchmarks/instruction_counts/execution/work.py#L160,"        with open(self._communication_file, ""rb"") as f:"
pytorch/pytorch,benchmarks/instruction_counts/worker/main.py,168,open,NOT_EXPLICIT,False,Implicit Default,None,None,main,https://github.com/pytorch/pytorch/blob/main/benchmarks/instruction_counts/worker/main.py#L168,"        with open(communication_file, ""rb"") as f:"
pytorch/pytorch,benchmarks/instruction_counts/worker/main.py,191,open,NOT_EXPLICIT,False,Implicit Default,None,None,main,https://github.com/pytorch/pytorch/blob/main/benchmarks/instruction_counts/worker/main.py#L191,"    with open(communication_file, ""wb"") as f:"
pytorch/pytorch,benchmarks/operator_benchmark/benchmark_core.py,551,open,NOT_EXPLICIT,False,Implicit Default,None,BenchmarkRunner,_output_csv,https://github.com/pytorch/pytorch/blob/main/benchmarks/operator_benchmark/benchmark_core.py#L551,            with open(filename) as fd:
pytorch/pytorch,benchmarks/operator_benchmark/benchmark_core.py,561,open,NOT_EXPLICIT,False,Implicit Default,None,BenchmarkRunner,_output_csv,https://github.com/pytorch/pytorch/blob/main/benchmarks/operator_benchmark/benchmark_core.py#L561,"        with open(filename, ""w"") as fd:"
pytorch/pytorch,benchmarks/operator_benchmark/benchmark_core.py,698,open,NOT_EXPLICIT,False,Implicit Default,None,BenchmarkRunner,_output_json,https://github.com/pytorch/pytorch/blob/main/benchmarks/operator_benchmark/benchmark_core.py#L698,"        with open(output_file, ""w"", encoding=""utf-8"") as f:"
pytorch/pytorch,benchmarks/operator_benchmark/benchmark_core.py,800,open,NOT_EXPLICIT,False,Implicit Default,None,BenchmarkRunner,run,https://github.com/pytorch/pytorch/blob/main/benchmarks/operator_benchmark/benchmark_core.py#L800,"            with open(self.args.output_json, ""w"") as f:"
pytorch/pytorch,benchmarks/operator_benchmark/compare_with_baseline.py,23,open,NOT_EXPLICIT,False,Implicit Default,None,None,load_benchmark_records,https://github.com/pytorch/pytorch/blob/main/benchmarks/operator_benchmark/compare_with_baseline.py#L23,"        with open(os.path.join(directory, fname)) as f:"
pytorch/pytorch,benchmarks/sparse/dlmc/utils.py,25,open,NOT_EXPLICIT,False,Implicit Default,None,None,read_matrix_params,https://github.com/pytorch/pytorch/blob/main/benchmarks/sparse/dlmc/utils.py#L25,    with open(path) as file:
pytorch/pytorch,benchmarks/sparse/dlmc/utils.py,42,open,NOT_EXPLICIT,False,Implicit Default,None,None,load_sparse_matrix,https://github.com/pytorch/pytorch/blob/main/benchmarks/sparse/dlmc/utils.py#L42,    with open(path) as file:
pytorch/pytorch,benchmarks/sparse/dlmc/utils.py,57,open,NOT_EXPLICIT,False,Implicit Default,None,None,gen_vector,https://github.com/pytorch/pytorch/blob/main/benchmarks/sparse/dlmc/utils.py#L57,    with open(path) as file:
pytorch/pytorch,benchmarks/sparse/dlmc/utils.py,63,open,NOT_EXPLICIT,False,Implicit Default,None,None,gen_matrix,https://github.com/pytorch/pytorch/blob/main/benchmarks/sparse/dlmc/utils.py#L63,    with open(path) as file:
pytorch/pytorch,benchmarks/sparse/spmm.py,91,open,NOT_EXPLICIT,False,Implicit Default,None,None,global,https://github.com/pytorch/pytorch/blob/main/benchmarks/sparse/spmm.py#L91,"        outfile = open(args.outfile, ""a"")  # noqa: SIM115"
pytorch/pytorch,benchmarks/sparse/spmv.py,90,open,NOT_EXPLICIT,False,Implicit Default,None,None,global,https://github.com/pytorch/pytorch/blob/main/benchmarks/sparse/spmv.py#L90,"        outfile = open(args.outfile, ""a"")  # noqa: SIM115"
pytorch/pytorch,benchmarks/sparse/triton_ops.py,194,open,NOT_EXPLICIT,False,Implicit Default,None,None,global,https://github.com/pytorch/pytorch/blob/main/benchmarks/sparse/triton_ops.py#L194,"        outfile = open(args.outfile, ""a"")  # noqa: SIM115"
pytorch/pytorch,benchmarks/transformer/better_transformer_vs_mha_functional.py,212,open,NOT_EXPLICIT,False,Implicit Default,None,None,main,https://github.com/pytorch/pytorch/blob/main/benchmarks/transformer/better_transformer_vs_mha_functional.py#L212,"        with open(save_path, ""w"") as csvfile:"
pytorch/pytorch,benchmarks/transformer/better_transformer_vs_mha_functional.py,217,open,NOT_EXPLICIT,False,Implicit Default,None,None,main,https://github.com/pytorch/pytorch/blob/main/benchmarks/transformer/better_transformer_vs_mha_functional.py#L217,"        with open(error_path, ""w"") as file:"
pytorch/pytorch,benchmarks/transformer/config_utils.py,51,open,NOT_EXPLICIT,False,Implicit Default,None,None,load_config_file,https://github.com/pytorch/pytorch/blob/main/benchmarks/transformer/config_utils.py#L51,    with open(config_path) as f:
pytorch/pytorch,benchmarks/transformer/score_mod.py,715,open,NOT_EXPLICIT,False,Implicit Default,None,None,print_results,https://github.com/pytorch/pytorch/blob/main/benchmarks/transformer/score_mod.py#L715,"        with open(save_path, ""w"", newline="""") as csvfile:"
pytorch/pytorch,benchmarks/transformer/score_mod.py,1420,open,NOT_EXPLICIT,False,Implicit Default,None,None,_output_json_for_dashboard,https://github.com/pytorch/pytorch/blob/main/benchmarks/transformer/score_mod.py#L1420,"    with open(output_file, ""w"", encoding=""utf-8"") as f:"
pytorch/pytorch,benchmarks/transformer/sdp.py,358,open,NOT_EXPLICIT,False,Implicit Default,None,None,main,https://github.com/pytorch/pytorch/blob/main/benchmarks/transformer/sdp.py#L358,"        with open(save_path, ""w"") as csvfile:"
pytorch/pytorch,benchmarks/transformer/sdpa.py,263,open,NOT_EXPLICIT,False,Implicit Default,None,None,write_results_to_csv,https://github.com/pytorch/pytorch/blob/main/benchmarks/transformer/sdpa.py#L263,"    with open(filename, ""w"", newline="""") as csvfile:"
pytorch/pytorch,caffe2/perfkernels/hp_emblookup_codegen.py,568,open,NOT_EXPLICIT,False,Implicit Default,None,None,global,https://github.com/pytorch/pytorch/blob/main/caffe2/perfkernels/hp_emblookup_codegen.py#L568,"with open(filename, ""w"", encoding=""utf8"") as fout:"
pytorch/pytorch,caffe2/perfkernels/sve_emblookup_codegen.py,253,open,NOT_EXPLICIT,False,Implicit Default,None,None,main,https://github.com/pytorch/pytorch/blob/main/caffe2/perfkernels/sve_emblookup_codegen.py#L253,"    with open(filename, ""w"") as fout:"
pytorch/pytorch,docs/source/conf.py,2108,open,NOT_EXPLICIT,False,Implicit Default,None,None,_add_docstr_source_lines,https://github.com/pytorch/pytorch/blob/main/docs/source/conf.py#L2108,"        with open(module_file, encoding=""utf-8"") as f:"
pytorch/pytorch,docs/source/conf.py,2382,open,NOT_EXPLICIT,False,Implicit Default,None,None,coverage_post_process,https://github.com/pytorch/pytorch/blob/main/docs/source/conf.py#L2382,"        with open(output_file, ""a"") as f:"
pytorch/pytorch,docs/source/scripts/build_opsets.py,63,open,NOT_EXPLICIT,False,Implicit Default,None,None,main,https://github.com/pytorch/pytorch/blob/main/docs/source/scripts/build_opsets.py#L63,"    with open(os.path.join(BUILD_DIR, ATEN_OPS_CSV_FILE), ""w"") as f:"
pytorch/pytorch,docs/source/scripts/build_opsets.py,67,open,NOT_EXPLICIT,False,Implicit Default,None,None,main,https://github.com/pytorch/pytorch/blob/main/docs/source/scripts/build_opsets.py#L67,"    with open(os.path.join(BUILD_DIR, PRIMS_OPS_CSV_FILE), ""w"") as f:"
pytorch/pytorch,docs/source/scripts/exportdb/generate_example_rst.py,33,open,NOT_EXPLICIT,False,Implicit Default,None,None,generate_example_rst,https://github.com/pytorch/pytorch/blob/main/docs/source/scripts/exportdb/generate_example_rst.py#L33,    with open(source_file) as file:
pytorch/pytorch,docs/source/scripts/exportdb/generate_example_rst.py,127,open,NOT_EXPLICIT,False,Implicit Default,None,None,generate_index_rst,https://github.com/pytorch/pytorch/blob/main/docs/source/scripts/exportdb/generate_example_rst.py#L127,"    with open(os.path.join(PWD, ""blurb.txt"")) as file:"
pytorch/pytorch,docs/source/scripts/exportdb/generate_example_rst.py,147,open,NOT_EXPLICIT,False,Implicit Default,None,None,generate_index_rst,https://github.com/pytorch/pytorch/blob/main/docs/source/scripts/exportdb/generate_example_rst.py#L147,"    with open(os.path.join(EXPORTDB_SOURCE, ""index.rst""), ""w"") as f:"
pytorch/pytorch,docs/source/scripts/exportdb/generate_example_rst.py,165,open,NOT_EXPLICIT,False,Implicit Default,None,None,generate_tag_rst,https://github.com/pytorch/pytorch/blob/main/docs/source/scripts/exportdb/generate_example_rst.py#L165,"        with open(os.path.join(EXPORTDB_SOURCE, f""{tag}.rst""), ""w"") as f:"
pytorch/pytorch,functorch/examples/maml_omniglot/support/omniglot_loaders.py,111,open,NOT_EXPLICIT,False,Implicit Default,None,Omniglot,download,https://github.com/pytorch/pytorch/blob/main/functorch/examples/maml_omniglot/support/omniglot_loaders.py#L111,"            with open(file_path, ""wb"") as f:"
pytorch/pytorch,functorch/op_analysis/gen_data.py,27,open,NOT_EXPLICIT,False,Implicit Default,None,None,gen_data,https://github.com/pytorch/pytorch/blob/main/functorch/op_analysis/gen_data.py#L27,"    with open(""../../aten/src/ATen/native/native_functions.yaml"") as f:"
pytorch/pytorch,functorch/op_analysis/gen_data.py,30,open,NOT_EXPLICIT,False,Implicit Default,None,None,gen_data,https://github.com/pytorch/pytorch/blob/main/functorch/op_analysis/gen_data.py#L30,"    with open(""annotated_ops"") as f:"
pytorch/pytorch,functorch/op_analysis/gen_data.py,111,open,NOT_EXPLICIT,False,Implicit Default,None,None,gen_data,https://github.com/pytorch/pytorch/blob/main/functorch/op_analysis/gen_data.py#L111,"    with open(f""{analysis_name}"", ""w"") as f:"
pytorch/pytorch,functorch/op_analysis/gen_data.py,146,open,NOT_EXPLICIT,False,Implicit Default,None,None,global,https://github.com/pytorch/pytorch/blob/main/functorch/op_analysis/gen_data.py#L146,"    with open(""run_ops.txt"") as f:"
pytorch/pytorch,functorch/op_analysis/gen_data.py,148,open,NOT_EXPLICIT,False,Implicit Default,None,None,global,https://github.com/pytorch/pytorch/blob/main/functorch/op_analysis/gen_data.py#L148,"    with open(""count_ops.txt"") as f:"
pytorch/pytorch,functorch/op_analysis/gen_data.py,155,open,NOT_EXPLICIT,False,Implicit Default,None,None,global,https://github.com/pytorch/pytorch/blob/main/functorch/op_analysis/gen_data.py#L155,"    with open(""run_decompositions.txt"") as f:"
pytorch/pytorch,functorch/op_analysis/gen_data.py,158,open,NOT_EXPLICIT,False,Implicit Default,None,None,global,https://github.com/pytorch/pytorch/blob/main/functorch/op_analysis/gen_data.py#L158,"    with open(""public_api"") as f:"
pytorch/pytorch,scripts/analysis/format_test_csv.py,38,open,NOT_EXPLICIT,False,Implicit Default,None,None,global,https://github.com/pytorch/pytorch/blob/main/scripts/analysis/format_test_csv.py#L38,with open(args.file) as f:
pytorch/pytorch,scripts/compile_tests/update_failures.py,52,open,NOT_EXPLICIT,False,Implicit Default,None,None,patch_file,https://github.com/pytorch/pytorch/blob/main/scripts/compile_tests/update_failures.py#L52,    with open(filename) as f:
pytorch/pytorch,scripts/compile_tests/update_failures.py,85,open,NOT_EXPLICIT,False,Implicit Default,None,None,add_file,https://github.com/pytorch/pytorch/blob/main/scripts/compile_tests/update_failures.py#L85,"        with open(file, ""w"") as fp:"
pytorch/pytorch,scripts/export/update_schema.py,92,open,NOT_EXPLICIT,False,Implicit Default,None,None,global,https://github.com/pytorch/pytorch/blob/main/scripts/export/update_schema.py#L92,"        with open(os.path.join(args.prefix, commit.yaml_path), ""w"") as f:"
pytorch/pytorch,scripts/export/update_schema.py,94,open,NOT_EXPLICIT,False,Implicit Default,None,None,global,https://github.com/pytorch/pytorch/blob/main/scripts/export/update_schema.py#L94,"        with open(os.path.join(args.prefix, commit.cpp_header_path), ""w"") as f:"
pytorch/pytorch,scripts/export/update_schema.py,96,open,NOT_EXPLICIT,False,Implicit Default,None,None,global,https://github.com/pytorch/pytorch/blob/main/scripts/export/update_schema.py#L96,"        with open(             os.path.join(args.prefix, commit.enum_converter_header_path), ""w""         ) as f:"
pytorch/pytorch,scripts/export/update_schema.py,100,open,NOT_EXPLICIT,False,Implicit Default,None,None,global,https://github.com/pytorch/pytorch/blob/main/scripts/export/update_schema.py#L100,"        with open(os.path.join(args.prefix, commit.thrift_schema_path), ""w"") as f:"
pytorch/pytorch,scripts/release_notes/apply_categories.py,13,open,NOT_EXPLICIT,False,Implicit Default,None,None,global,https://github.com/pytorch/pytorch/blob/main/scripts/release_notes/apply_categories.py#L13,with open(category_csv) as category_data:
pytorch/pytorch,scripts/release_notes/apply_categories.py,18,open,NOT_EXPLICIT,False,Implicit Default,None,None,global,https://github.com/pytorch/pytorch/blob/main/scripts/release_notes/apply_categories.py#L18,with open(commitlist_csv) as commitlist_data:
pytorch/pytorch,scripts/release_notes/apply_categories.py,27,open,NOT_EXPLICIT,False,Implicit Default,None,None,global,https://github.com/pytorch/pytorch/blob/main/scripts/release_notes/apply_categories.py#L27,"with open(commitlist_csv, ""w"") as commitlist_write:"
pytorch/pytorch,scripts/release_notes/classifier.py,200,open,NOT_EXPLICIT,False,Implicit Default,None,None,get_author_map,https://github.com/pytorch/pytorch/blob/main/scripts/release_notes/classifier.py#L200,"        with open(data_folder / ""author_map.pkl"", ""rb"") as f:"
pytorch/pytorch,scripts/release_notes/classifier.py,212,open,NOT_EXPLICIT,False,Implicit Default,None,None,get_author_map,https://github.com/pytorch/pytorch/blob/main/scripts/release_notes/classifier.py#L212,"        with open(data_folder / ""author_map.pkl"", ""wb"") as f:"
pytorch/pytorch,scripts/release_notes/classifier.py,219,open,NOT_EXPLICIT,False,Implicit Default,None,None,get_file_map,https://github.com/pytorch/pytorch/blob/main/scripts/release_notes/classifier.py#L219,"        with open(data_folder / ""file_map.pkl"", ""rb"") as f:"
pytorch/pytorch,scripts/release_notes/classifier.py,238,open,NOT_EXPLICIT,False,Implicit Default,None,None,get_file_map,https://github.com/pytorch/pytorch/blob/main/scripts/release_notes/classifier.py#L238,"        with open(data_folder / ""file_map.pkl"", ""wb"") as f:"
pytorch/pytorch,scripts/release_notes/commitlist.py,90,open,NOT_EXPLICIT,False,Implicit Default,None,CommitList,read_from_disk,https://github.com/pytorch/pytorch/blob/main/scripts/release_notes/commitlist.py#L90,        with open(path) as csvfile:
pytorch/pytorch,scripts/release_notes/commitlist.py,106,open,NOT_EXPLICIT,False,Implicit Default,None,CommitList,write_to_disk_static,https://github.com/pytorch/pytorch/blob/main/scripts/release_notes/commitlist.py#L106,"        with open(path, ""w"") as csvfile:"
pytorch/pytorch,scripts/release_notes/commitlist.py,614,open,NOT_EXPLICIT,False,Implicit Default,None,None,main,https://github.com/pytorch/pytorch/blob/main/scripts/release_notes/commitlist.py#L614,"            with open(filename, ""w"") as f:"
pytorch/pytorch,scripts/release_notes/common.py,217,open,NOT_EXPLICIT,False,Implicit Default,None,None,get_ghstack_token,https://github.com/pytorch/pytorch/blob/main/scripts/release_notes/common.py#L217,"    with open(Path(""~/.ghstackrc"").expanduser(), ""r+"") as f:"
pytorch/pytorch,scripts/release_notes/common.py,352,open,NOT_EXPLICIT,False,Implicit Default,None,_CommitDataCache,read_from_disk,https://github.com/pytorch/pytorch/blob/main/scripts/release_notes/common.py#L352,        with open(self.path) as f:
pytorch/pytorch,scripts/release_notes/common.py,359,open,NOT_EXPLICIT,False,Implicit Default,None,_CommitDataCache,write_to_disk,https://github.com/pytorch/pytorch/blob/main/scripts/release_notes/common.py#L359,"        with open(self.path, ""w"") as f:"
pytorch/pytorch,scripts/release_notes/parse_cherry_picks.py,272,open,NOT_EXPLICIT,False,Implicit Default,None,None,main,https://github.com/pytorch/pytorch/blob/main/scripts/release_notes/parse_cherry_picks.py#L272,"    with open(args.commitlist, newline="""") as f:"
pytorch/pytorch,scripts/release_notes/parse_cherry_picks.py,310,open,NOT_EXPLICIT,False,Implicit Default,None,None,main,https://github.com/pytorch/pytorch/blob/main/scripts/release_notes/parse_cherry_picks.py#L310,"    with open(output_path, ""w"", newline="""") as f:"
pytorch/pytorch,scripts/release_notes/remove_cherry_picks.py,67,open,NOT_EXPLICIT,False,Implicit Default,None,None,main,https://github.com/pytorch/pytorch/blob/main/scripts/release_notes/remove_cherry_picks.py#L67,"    with open(args.cherry_picks, newline="""") as f:"
pytorch/pytorch,scripts/release_notes/remove_cherry_picks.py,74,open,NOT_EXPLICIT,False,Implicit Default,None,None,main,https://github.com/pytorch/pytorch/blob/main/scripts/release_notes/remove_cherry_picks.py#L74,    with open(commitlist_path) as f:
pytorch/pytorch,scripts/release_notes/remove_cherry_picks.py,119,open,NOT_EXPLICIT,False,Implicit Default,None,None,main,https://github.com/pytorch/pytorch/blob/main/scripts/release_notes/remove_cherry_picks.py#L119,"    with open(output_path, ""w"") as f:"
pytorch/pytorch,scripts/release_notes/remove_cherry_picks.py,132,open,NOT_EXPLICIT,False,Implicit Default,None,None,main,https://github.com/pytorch/pytorch/blob/main/scripts/release_notes/remove_cherry_picks.py#L132,"    with open(log_path, ""w"") as f:"
pytorch/pytorch,scripts/write_metallib_headers.py,14,open,NOT_EXPLICIT,False,Implicit Default,None,None,write_metallib_headers,https://github.com/pytorch/pytorch/blob/main/scripts/write_metallib_headers.py#L14,"    with open(output_filename, ""w"") as out:"
pytorch/pytorch,test/conftest.py,325,open,NOT_EXPLICIT,False,Implicit Default,None,None,pytest_collection_modifyitems,https://github.com/pytorch/pytorch/blob/main/test/conftest.py#L325,    with open(disabled_tests_file) as fp:
pytorch/pytorch,test/cpp_api_parity/parity_table_parser.py,46,open,NOT_EXPLICIT,False,Implicit Default,None,None,parse_parity_tracker_table,https://github.com/pytorch/pytorch/blob/main/test/cpp_api_parity/parity_table_parser.py#L46,    with open(file_path) as f:
pytorch/pytorch,test/distributed/elastic/agent/server/test/local_elastic_agent_test.py,899,open,NOT_EXPLICIT,False,Implicit Default,None,LocalElasticAgentTest,run_sad_function,https://github.com/pytorch/pytorch/blob/main/test/distributed/elastic/agent/server/test/local_elastic_agent_test.py#L899,            with open(replyfile) as fp:
pytorch/pytorch,test/distributed/elastic/multiprocessing/api_test.py,248,open,NOT_EXPLICIT,False,Implicit Default,None,_StartProcessesTest,assert_in_file,https://github.com/pytorch/pytorch/blob/main/test/distributed/elastic/multiprocessing/api_test.py#L248,        with open(filename) as fp:
pytorch/pytorch,test/distributed/elastic/multiprocessing/api_test.py,255,open,NOT_EXPLICIT,False,Implicit Default,None,_StartProcessesTest,assert_not_in_file,https://github.com/pytorch/pytorch/blob/main/test/distributed/elastic/multiprocessing/api_test.py#L255,        with open(filename) as fp:
pytorch/pytorch,test/distributed/elastic/multiprocessing/errors/api_test.py,53,open,NOT_EXPLICIT,False,Implicit Default,None,None,read_resource_file,https://github.com/pytorch/pytorch/blob/main/test/distributed/elastic/multiprocessing/errors/api_test.py#L53,"    with open(os.path.join(os.path.dirname(__file__), resource_file)) as fp:"
pytorch/pytorch,test/distributed/elastic/multiprocessing/errors/api_test.py,68,open,NOT_EXPLICIT,False,Implicit Default,None,ApiTest,test_failure_incorrect_reply_file,https://github.com/pytorch/pytorch/blob/main/test/distributed/elastic/multiprocessing/errors/api_test.py#L68,"        with open(self.test_error_file, ""w"") as fp:"
pytorch/pytorch,test/distributed/elastic/multiprocessing/errors/api_test.py,91,open,NOT_EXPLICIT,False,Implicit Default,None,ApiTest,test_process_failure_new_format,https://github.com/pytorch/pytorch/blob/main/test/distributed/elastic/multiprocessing/errors/api_test.py#L91,"        with open(self.test_error_file, ""w"") as fp:"
pytorch/pytorch,test/distributed/elastic/multiprocessing/errors/api_test.py,101,open,NOT_EXPLICIT,False,Implicit Default,None,ApiTest,test_process_mast_error_format,https://github.com/pytorch/pytorch/blob/main/test/distributed/elastic/multiprocessing/errors/api_test.py#L101,"        with open(self.test_error_file, ""w"") as fp:"
pytorch/pytorch,test/distributed/elastic/multiprocessing/errors/api_test.py,133,open,NOT_EXPLICIT,False,Implicit Default,None,ApiTest,test_format_msg_enriches_root_signal_failure,https://github.com/pytorch/pytorch/blob/main/test/distributed/elastic/multiprocessing/errors/api_test.py#L133,"        with open(self.test_error_file, ""w"") as fp:"
pytorch/pytorch,test/distributed/elastic/multiprocessing/errors/api_test.py,208,open,NOT_EXPLICIT,False,Implicit Default,None,ApiTest,test_record,https://github.com/pytorch/pytorch/blob/main/test/distributed/elastic/multiprocessing/errors/api_test.py#L208,        with open(self.test_error_file) as fp:
pytorch/pytorch,test/distributed/elastic/multiprocessing/errors/api_test.py,257,open,NOT_EXPLICIT,False,Implicit Default,None,ApiTest,test_record_child_failure,https://github.com/pytorch/pytorch/blob/main/test/distributed/elastic/multiprocessing/errors/api_test.py#L257,            with open(pf.error_file) as f:
pytorch/pytorch,test/distributed/elastic/multiprocessing/errors/api_test.py,260,open,NOT_EXPLICIT,False,Implicit Default,None,ApiTest,test_record_child_failure,https://github.com/pytorch/pytorch/blob/main/test/distributed/elastic/multiprocessing/errors/api_test.py#L260,            with open(self.test_error_file) as f:
pytorch/pytorch,test/distributed/elastic/multiprocessing/errors/error_handler_test.py,55,open,NOT_EXPLICIT,False,Implicit Default,None,ErrorHandlerTest,test_record_exception,https://github.com/pytorch/pytorch/blob/main/test/distributed/elastic/multiprocessing/errors/error_handler_test.py#L55,            with open(self.test_error_file) as fp:
pytorch/pytorch,test/distributed/elastic/multiprocessing/redirects_test.py,58,open,NOT_EXPLICIT,False,Implicit Default,None,RedirectsTest,test_redirect_stdout,https://github.com/pytorch/pytorch/blob/main/test/distributed/elastic/multiprocessing/redirects_test.py#L58,        with open(stdout_log) as f:
pytorch/pytorch,test/distributed/elastic/multiprocessing/redirects_test.py,82,open,NOT_EXPLICIT,False,Implicit Default,None,RedirectsTest,test_redirect_stderr,https://github.com/pytorch/pytorch/blob/main/test/distributed/elastic/multiprocessing/redirects_test.py#L82,        with open(stderr_log) as f:
pytorch/pytorch,test/distributed/elastic/multiprocessing/redirects_test.py,107,open,NOT_EXPLICIT,False,Implicit Default,None,RedirectsTest,test_redirect_both,https://github.com/pytorch/pytorch/blob/main/test/distributed/elastic/multiprocessing/redirects_test.py#L107,        with open(stdout_log) as f:
pytorch/pytorch,test/distributed/elastic/multiprocessing/redirects_test.py,113,open,NOT_EXPLICIT,False,Implicit Default,None,RedirectsTest,test_redirect_both,https://github.com/pytorch/pytorch/blob/main/test/distributed/elastic/multiprocessing/redirects_test.py#L113,        with open(stderr_log) as f:
pytorch/pytorch,test/distributed/elastic/multiprocessing/redirects_test.py,126,open,NOT_EXPLICIT,False,Implicit Default,None,RedirectsTest,_redirect_large_buffer,https://github.com/pytorch/pytorch/blob/main/test/distributed/elastic/multiprocessing/redirects_test.py#L126,        with open(stdout_log) as fp:
pytorch/pytorch,test/distributed/elastic/multiprocessing/tail_log_test.py,25,open,NOT_EXPLICIT,False,Implicit Default,None,None,write,https://github.com/pytorch/pytorch/blob/main/test/distributed/elastic/multiprocessing/tail_log_test.py#L25,"    with open(file, ""w"") as fp:"
pytorch/pytorch,test/distributed/elastic/multiprocessing/tail_log_test.py,104,open,NOT_EXPLICIT,False,Implicit Default,None,TailLogTest,test_tail_write_to_dst_file,https://github.com/pytorch/pytorch/blob/main/test/distributed/elastic/multiprocessing/tail_log_test.py#L104,"        with open(dst, ""w"", encoding=""utf8"", buffering=1) as dst_file:"
pytorch/pytorch,test/distributed/elastic/multiprocessing/tail_log_test.py,127,open,NOT_EXPLICIT,False,Implicit Default,None,TailLogTest,test_tail_write_to_dst_file,https://github.com/pytorch/pytorch/blob/main/test/distributed/elastic/multiprocessing/tail_log_test.py#L127,"        with open(dst, encoding=""utf8"") as read_dst_file:"
pytorch/pytorch,test/forward_backward_compatibility/check_forward_backward_compatibility.py,400,open,NOT_EXPLICIT,False,Implicit Default,None,None,global,https://github.com/pytorch/pytorch/blob/main/test/forward_backward_compatibility/check_forward_backward_compatibility.py#L400,    with open(args.existing_schemas) as f:
pytorch/pytorch,test/forward_backward_compatibility/dump_all_function_schemas.py,9,open,NOT_EXPLICIT,False,Implicit Default,None,None,dump,https://github.com/pytorch/pytorch/blob/main/test/forward_backward_compatibility/dump_all_function_schemas.py#L9,"    with open(filename, ""w"") as f:"
pytorch/pytorch,test/functorch/discover_coverage.py,37,open,NOT_EXPLICIT,False,Implicit Default,None,None,get_public_overridable_apis,https://github.com/pytorch/pytorch/blob/main/test/functorch/discover_coverage.py#L37,"        with open(f""{pytorch_root}/{src}"") as f:"
pytorch/pytorch,test/functorch/xfail_suggester.py,13,open,NOT_EXPLICIT,False,Implicit Default,None,None,global,https://github.com/pytorch/pytorch/blob/main/test/functorch/xfail_suggester.py#L13,"with open(""result.txt"") as f:"
pytorch/pytorch,test/mobile/custom_build/prepare_model.py,40,open,NOT_EXPLICIT,False,Implicit Default,None,None,global,https://github.com/pytorch/pytorch/blob/main/test/mobile/custom_build/prepare_model.py#L40,"with open(""MobileNetV2.yaml"", ""w"") as output:"
pytorch/pytorch,test/mobile/lightweight_dispatch/tests_setup.py,152,open,NOT_EXPLICIT,False,Implicit Default,None,None,global,https://github.com/pytorch/pytorch/blob/main/test/mobile/lightweight_dispatch/tests_setup.py#L152,"        with open(ops_yaml, ""a"") as f:"
pytorch/pytorch,test/mobile/model_test/gen_test_model.py,112,open,NOT_EXPLICIT,False,Implicit Default,None,None,calcOpsCoverage,https://github.com/pytorch/pytorch/blob/main/test/mobile/model_test/gen_test_model.py#L112,    with open(production_ops_path) as input_yaml_file:
pytorch/pytorch,test/mobile/model_test/gen_test_model.py,142,open,NOT_EXPLICIT,False,Implicit Default,None,None,calcOpsCoverage,https://github.com/pytorch/pytorch/blob/main/test/mobile/model_test/gen_test_model.py#L142,"    with open(coverage_out_path, ""w"") as f:"
pytorch/pytorch,test/mobile/model_test/update_production_ops.py,15,open,NOT_EXPLICIT,False,Implicit Default,None,None,global,https://github.com/pytorch/pytorch/blob/main/test/mobile/model_test/update_production_ops.py#L15,with open(sys.argv[1]) as input_yaml_file:
pytorch/pytorch,test/mobile/model_test/update_production_ops.py,40,open,NOT_EXPLICIT,False,Implicit Default,None,None,global,https://github.com/pytorch/pytorch/blob/main/test/mobile/model_test/update_production_ops.py#L40,"with open(out_path, ""w"") as f:"
pytorch/pytorch,test/onnx/torchlib/error_reproduction.py,300,open,NOT_EXPLICIT,False,Implicit Default,None,None,save_error_report,https://github.com/pytorch/pytorch/blob/main/test/onnx/torchlib/error_reproduction.py#L300,"    with open(file_path, ""w"", encoding=""utf-8"") as f:"
pytorch/pytorch,test/run_test.py,690,open,NOT_EXPLICIT,False,Implicit Default,None,None,run_test,https://github.com/pytorch/pytorch/blob/main/test/run_test.py#L690,"            output = stack.enter_context(open(log_path, ""w""))"
pytorch/pytorch,test/run_test.py,817,open,NOT_EXPLICIT,False,Implicit Default,None,None,read_pytest_cache,https://github.com/pytorch/pytorch/blob/main/test/run_test.py#L817,            with open(cache_file) as f:
pytorch/pytorch,test/run_test.py,1114,open,NOT_EXPLICIT,False,Implicit Default,None,None,test_distributed,https://github.com/pytorch/pytorch/blob/main/test/run_test.py#L1114,"                    with open(os.devnull, ""w"") as devnull:"
pytorch/pytorch,test/run_test.py,1312,open,NOT_EXPLICIT,False,Implicit Default,None,None,handle_log_file,https://github.com/pytorch/pytorch/blob/main/test/run_test.py#L1312,"    with open(file_path, errors=""ignore"") as f:"
pytorch/pytorch,test/run_test.py,2019,open,NOT_EXPLICIT,False,Implicit Default,None,None,load_test_times_from_file,https://github.com/pytorch/pytorch/blob/main/test/run_test.py#L2019,    with open(path) as f:
pytorch/pytorch,test/scripts/run_cuda_memcheck.py,140,open,NOT_EXPLICIT,False,Implicit Default,None,None,global,https://github.com/pytorch/pytorch/blob/main/test/scripts/run_cuda_memcheck.py#L140,"    logfile = open(""result.log"", ""w"")  # noqa:SIM115"
pytorch/pytorch,third_party/generate-cpuinfo-wrappers.py,80,open,NOT_EXPLICIT,False,Implicit Default,None,None,global,https://github.com/pytorch/pytorch/blob/main/third_party/generate-cpuinfo-wrappers.py#L80,"            with open(filepath, ""w"") as wrapper:"
pytorch/pytorch,third_party/generate-xnnpack-wrappers.py,110,open,NOT_EXPLICIT,False,Implicit Default,None,None,update_sources,https://github.com/pytorch/pytorch/blob/main/third_party/generate-xnnpack-wrappers.py#L110,"    with open(os.path.join(xnnpack_path, cmakefile)) as cmake:"
pytorch/pytorch,third_party/generate-xnnpack-wrappers.py,169,open,NOT_EXPLICIT,False,Implicit Default,None,None,gen_wrappers,https://github.com/pytorch/pytorch/blob/main/third_party/generate-xnnpack-wrappers.py#L169,"            with open(filepath, ""w"") as wrapper:"
pytorch/pytorch,third_party/generate-xnnpack-wrappers.py,186,open,NOT_EXPLICIT,False,Implicit Default,None,None,gen_wrappers,https://github.com/pytorch/pytorch/blob/main/third_party/generate-xnnpack-wrappers.py#L186,"    with open(os.path.join(os.path.dirname(__file__), ""xnnpack_wrapper_defs.bzl""), 'w') as wrapper_defs:"
pytorch/pytorch,third_party/generate-xnnpack-wrappers.py,197,open,NOT_EXPLICIT,False,Implicit Default,None,None,gen_wrappers,https://github.com/pytorch/pytorch/blob/main/third_party/generate-xnnpack-wrappers.py#L197,"    with open(os.path.join(os.path.dirname(__file__), ""xnnpack_src_defs.bzl""), 'w') as src_defs:"
pytorch/pytorch,tools/amd_build/build_amd.py,194,open,NOT_EXPLICIT,False,Implicit Default,None,None,global,https://github.com/pytorch/pytorch/blob/main/tools/amd_build/build_amd.py#L194,        with open(hip_platform_file) as sources:
pytorch/pytorch,tools/amd_build/build_amd.py,200,open,NOT_EXPLICIT,False,Implicit Default,None,None,global,https://github.com/pytorch/pytorch/blob/main/tools/amd_build/build_amd.py#L200,"            with open(hip_platform_file, ""w"") as sources:"
pytorch/pytorch,tools/amd_build/build_amd.py,274,open,NOT_EXPLICIT,False,Implicit Default,None,None,global,https://github.com/pytorch/pytorch/blob/main/tools/amd_build/build_amd.py#L274,        with open(hipify_v1_to_v2_file) as sources:
pytorch/pytorch,tools/amd_build/build_amd.py,280,open,NOT_EXPLICIT,False,Implicit Default,None,None,global,https://github.com/pytorch/pytorch/blob/main/tools/amd_build/build_amd.py#L280,"            with open(hipify_v1_to_v2_file, ""w"") as sources:"
pytorch/pytorch,tools/amd_build/build_amd.py,306,open,NOT_EXPLICIT,False,Implicit Default,None,None,global,https://github.com/pytorch/pytorch/blob/main/tools/amd_build/build_amd.py#L306,    with open(mslk_move_src) as src:
pytorch/pytorch,tools/amd_build/build_amd.py,310,open,NOT_EXPLICIT,False,Implicit Default,None,None,global,https://github.com/pytorch/pytorch/blob/main/tools/amd_build/build_amd.py#L310,        with open(mslk_move_dst) as dst:
pytorch/pytorch,tools/amd_build/build_amd.py,316,open,NOT_EXPLICIT,False,Implicit Default,None,None,global,https://github.com/pytorch/pytorch/blob/main/tools/amd_build/build_amd.py#L316,"        with open(mslk_move_dst, ""w"") as dst:"
pytorch/pytorch,tools/autograd/gen_python_functions.py,608,open,NOT_EXPLICIT,False,Implicit Default,None,None,load_deprecated_signatures,https://github.com/pytorch/pytorch/blob/main/tools/autograd/gen_python_functions.py#L608,    with open(deprecated_yaml_path) as f:
pytorch/pytorch,tools/autograd/load_derivatives.py,114,open,NOT_EXPLICIT,False,Implicit Default,None,None,load_derivatives,https://github.com/pytorch/pytorch/blob/main/tools/autograd/load_derivatives.py#L114,        with open(derivatives_yaml_path) as f:
pytorch/pytorch,tools/code_analyzer/gen_op_registration_allowlist.py,28,open,NOT_EXPLICIT,False,Implicit Default,None,None,load_op_dep_graph,https://github.com/pytorch/pytorch/blob/main/tools/code_analyzer/gen_op_registration_allowlist.py#L28,    with open(fname) as stream:
pytorch/pytorch,tools/code_analyzer/gen_op_registration_allowlist.py,40,open,NOT_EXPLICIT,False,Implicit Default,None,None,load_root_ops,https://github.com/pytorch/pytorch/blob/main/tools/code_analyzer/gen_op_registration_allowlist.py#L40,    with open(fname) as stream:
pytorch/pytorch,tools/code_analyzer/gen_operators_yaml.py,228,open,NOT_EXPLICIT,False,Implicit Default,None,None,fill_output,https://github.com/pytorch/pytorch/blob/main/tools/code_analyzer/gen_operators_yaml.py#L228,"            with open(yaml_path, ""rb"") as f:"
pytorch/pytorch,tools/code_analyzer/gen_operators_yaml.py,629,open,NOT_EXPLICIT,False,Implicit Default,None,None,main,https://github.com/pytorch/pytorch/blob/main/tools/code_analyzer/gen_operators_yaml.py#L629,"    with open(options.output_path, ""wb"") as out_file:"
pytorch/pytorch,tools/code_analyzer/gen_oplist.py,84,open,NOT_EXPLICIT,False,Implicit Default,None,None,gen_supported_mobile_models,https://github.com/pytorch/pytorch/blob/main/tools/code_analyzer/gen_oplist.py#L84,"    with open(         os.path.join(output_dir, ""SupportedMobileModelsRegistration.cpp""), ""wb""     ) as out_file:"
pytorch/pytorch,tools/code_analyzer/gen_oplist.py,138,open,NOT_EXPLICIT,False,Implicit Default,None,None,main,https://github.com/pytorch/pytorch/blob/main/tools/code_analyzer/gen_oplist.py#L138,        with open(options.model_file_list_path) as model_file:
pytorch/pytorch,tools/code_analyzer/gen_oplist.py,148,open,NOT_EXPLICIT,False,Implicit Default,None,None,main,https://github.com/pytorch/pytorch/blob/main/tools/code_analyzer/gen_oplist.py#L148,        with open(model_file_list_path) as model_list_file:
pytorch/pytorch,tools/code_analyzer/gen_oplist.py,151,open,NOT_EXPLICIT,False,Implicit Default,None,None,main,https://github.com/pytorch/pytorch/blob/main/tools/code_analyzer/gen_oplist.py#L151,"                with open(model_file_name, ""rb"") as model_file:"
pytorch/pytorch,tools/code_analyzer/gen_oplist.py,173,open,NOT_EXPLICIT,False,Implicit Default,None,None,main,https://github.com/pytorch/pytorch/blob/main/tools/code_analyzer/gen_oplist.py#L173,"    with open(         os.path.join(options.output_dir, ""selected_operators.yaml""), ""wb""     ) as out_file:"
pytorch/pytorch,tools/code_coverage/package/tool/print_report.py,88,open,NOT_EXPLICIT,False,Implicit Default,None,None,line_oriented_report,https://github.com/pytorch/pytorch/blob/main/tools/code_coverage/package/tool/print_report.py#L88,"    with open(os.path.join(SUMMARY_FOLDER_DIR, ""line_summary""), ""w+"") as report_file:"
pytorch/pytorch,tools/code_coverage/package/tool/print_report.py,166,open,NOT_EXPLICIT,False,Implicit Default,None,None,file_oriented_report,https://github.com/pytorch/pytorch/blob/main/tools/code_coverage/package/tool/print_report.py#L166,"    with open(os.path.join(SUMMARY_FOLDER_DIR, ""file_summary""), ""w+"") as summary_file:"
pytorch/pytorch,tools/code_coverage/package/tool/summarize_jsons.py,96,open,NOT_EXPLICIT,False,Implicit Default,None,None,get_json_obj,https://github.com/pytorch/pytorch/blob/main/tools/code_coverage/package/tool/summarize_jsons.py#L96,    with open(json_file) as f:
pytorch/pytorch,tools/code_coverage/package/util/utils.py,31,open,NOT_EXPLICIT,False,Implicit Default,None,None,print_time,https://github.com/pytorch/pytorch/blob/main/tools/code_coverage/package/util/utils.py#L31,"    with open(os.path.join(LOG_DIR, ""log.txt""), ""a+"") as log_file:"
pytorch/pytorch,tools/code_coverage/package/util/utils.py,39,open,NOT_EXPLICIT,False,Implicit Default,None,None,print_log,https://github.com/pytorch/pytorch/blob/main/tools/code_coverage/package/util/utils.py#L39,"    with open(os.path.join(LOG_DIR, ""log.txt""), ""a+"") as log_file:"
pytorch/pytorch,tools/code_coverage/package/util/utils.py,44,open,NOT_EXPLICIT,False,Implicit Default,None,None,print_error,https://github.com/pytorch/pytorch/blob/main/tools/code_coverage/package/util/utils.py#L44,"    with open(os.path.join(LOG_DIR, ""log.txt""), ""a+"") as log_file:"
pytorch/pytorch,tools/download_mnist.py,75,open,NOT_EXPLICIT,False,Implicit Default,None,None,unzip,https://github.com/pytorch/pytorch/blob/main/tools/download_mnist.py#L75,"        with open(unzipped_path, ""wb"") as unzipped_file:"
pytorch/pytorch,tools/dynamo/gb_id_mapping.py,80,open,NOT_EXPLICIT,False,Implicit Default,None,None,expand_hints,https://github.com/pytorch/pytorch/blob/main/tools/dynamo/gb_id_mapping.py#L80,    with open(graph_break_hints_path) as f:
pytorch/pytorch,tools/dynamo/gb_id_mapping.py,250,open,NOT_EXPLICIT,False,Implicit Default,None,None,find_unimplemented_calls,https://github.com/pytorch/pytorch/blob/main/tools/dynamo/gb_id_mapping.py#L250,        with open(file_path) as f:
pytorch/pytorch,tools/dynamo/gb_id_mapping.py,347,open,NOT_EXPLICIT,False,Implicit Default,None,None,create_registry,https://github.com/pytorch/pytorch/blob/main/tools/dynamo/gb_id_mapping.py#L347,"    with open(registry_path, ""w"") as f:"
pytorch/pytorch,tools/experimental/torchfuzz/codegen.py,572,open,NOT_EXPLICIT,False,Implicit Default,None,None,create_program_file,https://github.com/pytorch/pytorch/blob/main/tools/experimental/torchfuzz/codegen.py#L572,"    with open(generated_file_path, ""w"") as f:"
pytorch/pytorch,tools/experimental/torchfuzz/fuzzer.py,139,open,NOT_EXPLICIT,False,Implicit Default,None,None,log,https://github.com/pytorch/pytorch/blob/main/tools/experimental/torchfuzz/fuzzer.py#L139,"        with open(summary_path, ""w"") as f:"
pytorch/pytorch,tools/experimental/torchfuzz/fuzzer.py,152,open,NOT_EXPLICIT,False,Implicit Default,None,None,log,https://github.com/pytorch/pytorch/blob/main/tools/experimental/torchfuzz/fuzzer.py#L152,"            with open(stack_file_path, ""w"") as f:"
pytorch/pytorch,tools/experimental/torchfuzz/fuzzer.py,247,open,NOT_EXPLICIT,False,Implicit Default,None,None,fuzz_and_execute,https://github.com/pytorch/pytorch/blob/main/tools/experimental/torchfuzz/fuzzer.py#L247,"            with open(output_path, ""w"") as f:"
pytorch/pytorch,tools/experimental/torchfuzz/multi_process_fuzzer.py,43,open,NOT_EXPLICIT,False,Implicit Default,None,None,persist_print,https://github.com/pytorch/pytorch/blob/main/tools/experimental/torchfuzz/multi_process_fuzzer.py#L43,"        with open(""/tmp/torchfuzz/crash.log"", ""a"") as f:"
pytorch/pytorch,tools/experimental/torchfuzz/runner.py,64,open,NOT_EXPLICIT,False,Implicit Default,None,ProgramRunner,run_program,https://github.com/pytorch/pytorch/blob/main/tools/experimental/torchfuzz/runner.py#L64,            with open(abs_path) as f:
pytorch/pytorch,tools/experimental/torchfuzz/visualize_graph.py,30,open,NOT_EXPLICIT,False,Implicit Default,None,None,save_and_render_dot,https://github.com/pytorch/pytorch/blob/main/tools/experimental/torchfuzz/visualize_graph.py#L30,"    with open(dot_file, ""w"") as f:"
pytorch/pytorch,tools/extract_scripts.py,64,open,NOT_EXPLICIT,False,Implicit Default,None,None,main,https://github.com/pytorch/pytorch/blob/main/tools/extract_scripts.py#L64,"        with open(p, ""rb"") as f:"
pytorch/pytorch,tools/gen_vulkan_spv.py,316,open,NOT_EXPLICIT,False,Implicit Default,None,SPVGenerator,parseTemplateYaml,https://github.com/pytorch/pytorch/blob/main/tools/gen_vulkan_spv.py#L316,        with open(yaml_file) as f:
pytorch/pytorch,tools/gen_vulkan_spv.py,570,open,NOT_EXPLICIT,False,Implicit Default,None,None,getShaderInfo,https://github.com/pytorch/pytorch/blob/main/tools/gen_vulkan_spv.py#L570,    with open(srcFilePath) as srcFile:
pytorch/pytorch,tools/gen_vulkan_spv.py,625,open,NOT_EXPLICIT,False,Implicit Default,None,None,generateSpvBinStr,https://github.com/pytorch/pytorch/blob/main/tools/gen_vulkan_spv.py#L625,"    with open(spvPath, ""rb"") as fr:"
pytorch/pytorch,tools/gen_vulkan_spv.py,712,open,NOT_EXPLICIT,False,Implicit Default,None,None,genCppFiles,https://github.com/pytorch/pytorch/blob/main/tools/gen_vulkan_spv.py#L712,"    with open(cpp_src_file_path, ""w"") as fw:"
pytorch/pytorch,tools/generate_torch_version.py,69,open,NOT_EXPLICIT,False,Implicit Default,None,None,get_torch_version,https://github.com/pytorch/pytorch/blob/main/tools/generate_torch_version.py#L69,        with open(pkg_info_path) as f:
pytorch/pytorch,tools/generate_torch_version.py,152,open,NOT_EXPLICIT,False,Implicit Default,None,None,global,https://github.com/pytorch/pytorch/blob/main/tools/generate_torch_version.py#L152,"    with open(version_path, ""w"") as f:"
pytorch/pytorch,tools/jit/gen_unboxing.py,262,open,NOT_EXPLICIT,False,Implicit Default,None,None,main,https://github.com/pytorch/pytorch/blob/main/tools/jit/gen_unboxing.py#L262,        with open(options.TEST_ONLY_op_registration_allowlist_yaml_path) as f:
pytorch/pytorch,tools/linter/adapters/_stable_shim_utils.py,587,open,NOT_EXPLICIT,False,Implicit Default,None,None,get_current_version,https://github.com/pytorch/pytorch/blob/main/tools/linter/adapters/_stable_shim_utils.py#L587,    with open(version_file) as f:
pytorch/pytorch,tools/linter/adapters/clangformat_linter.py,100,open,NOT_EXPLICIT,False,Implicit Default,None,None,check_file,https://github.com/pytorch/pytorch/blob/main/tools/linter/adapters/clangformat_linter.py#L100,"        with open(filename, ""rb"") as f:"
pytorch/pytorch,tools/linter/adapters/docstring_linter.py,88,open,NOT_EXPLICIT,False,Implicit Default,None,DocstringLinter,_grandfather,https://github.com/pytorch/pytorch/blob/main/tools/linter/adapters/docstring_linter.py#L88,            with open(self.args.grandfather) as fp:
pytorch/pytorch,tools/linter/adapters/docstring_linter.py,182,open,NOT_EXPLICIT,False,Implicit Default,None,DocstringLinter,_write_grandfather,https://github.com/pytorch/pytorch/blob/main/tools/linter/adapters/docstring_linter.py#L182,"            with open(self.args.grandfather, ""w"") as fp:"
pytorch/pytorch,tools/linter/adapters/gha_linter.py,55,open,NOT_EXPLICIT,False,Implicit Default,None,None,global,https://github.com/pytorch/pytorch/blob/main/tools/linter/adapters/gha_linter.py#L55,        with open(fn) as f:
pytorch/pytorch,tools/linter/adapters/grep_linter.py,211,open,NOT_EXPLICIT,False,Implicit Default,None,None,lint_file,https://github.com/pytorch/pytorch/blob/main/tools/linter/adapters/grep_linter.py#L211,            with open(filename) as f:
pytorch/pytorch,tools/linter/adapters/nativefunctions_linter.py,66,open,NOT_EXPLICIT,False,Implicit Default,None,None,global,https://github.com/pytorch/pytorch/blob/main/tools/linter/adapters/nativefunctions_linter.py#L66,    with open(args.native_functions_yml) as f:
pytorch/pytorch,tools/linter/adapters/newlines_linter.py,72,open,NOT_EXPLICIT,False,Implicit Default,None,None,check_file,https://github.com/pytorch/pytorch/blob/main/tools/linter/adapters/newlines_linter.py#L72,"    with open(filename, ""rb"") as f:"
pytorch/pytorch,tools/linter/adapters/no_merge_conflict_csv_linter.py,33,open,NOT_EXPLICIT,False,Implicit Default,None,None,check_file,https://github.com/pytorch/pytorch/blob/main/tools/linter/adapters/no_merge_conflict_csv_linter.py#L33,"    with open(filename, ""rb"") as f:"
pytorch/pytorch,tools/linter/adapters/no_merge_conflict_csv_linter.py,36,open,NOT_EXPLICIT,False,Implicit Default,None,None,check_file,https://github.com/pytorch/pytorch/blob/main/tools/linter/adapters/no_merge_conflict_csv_linter.py#L36,    with open(filename) as f:
pytorch/pytorch,tools/linter/adapters/no_workflows_on_fork.py,67,open,NOT_EXPLICIT,False,Implicit Default,None,None,load_yaml,https://github.com/pytorch/pytorch/blob/main/tools/linter/adapters/no_workflows_on_fork.py#L67,    with open(path) as f:
pytorch/pytorch,tools/linter/adapters/no_workflows_on_fork.py,128,open,NOT_EXPLICIT,False,Implicit Default,None,None,check_file,https://github.com/pytorch/pytorch/blob/main/tools/linter/adapters/no_workflows_on_fork.py#L128,    with open(filename) as f:
pytorch/pytorch,tools/linter/adapters/raw_throw_linter.py,481,open,NOT_EXPLICIT,False,Implicit Default,None,None,check_file,https://github.com/pytorch/pytorch/blob/main/tools/linter/adapters/raw_throw_linter.py#L481,"        with open(path, encoding=""utf-8"", errors=""replace"") as f:"
pytorch/pytorch,tools/linter/adapters/ruff_linter.py,307,open,NOT_EXPLICIT,False,Implicit Default,None,None,check_file_for_fixes,https://github.com/pytorch/pytorch/blob/main/tools/linter/adapters/ruff_linter.py#L307,"        with open(filename, ""rb"") as f:"
pytorch/pytorch,tools/linter/adapters/ruff_linter.py,309,open,NOT_EXPLICIT,False,Implicit Default,None,None,check_file_for_fixes,https://github.com/pytorch/pytorch/blob/main/tools/linter/adapters/ruff_linter.py#L309,"        with open(filename, ""rb"") as f:"
pytorch/pytorch,tools/linter/adapters/scoped_library_linter.py,79,open,NOT_EXPLICIT,False,Implicit Default,None,None,check_file,https://github.com/pytorch/pytorch/blob/main/tools/linter/adapters/scoped_library_linter.py#L79,"    with open(path, encoding=""utf-8"") as f:"
pytorch/pytorch,tools/linter/adapters/stable_shim_usage_linter.py,78,open,NOT_EXPLICIT,False,Implicit Default,None,None,get_shim_functions,https://github.com/pytorch/pytorch/blob/main/tools/linter/adapters/stable_shim_usage_linter.py#L78,        with open(shim_file) as f:
pytorch/pytorch,tools/linter/adapters/stable_shim_usage_linter.py,121,open,NOT_EXPLICIT,False,Implicit Default,None,None,write_shim_function_versions,https://github.com/pytorch/pytorch/blob/main/tools/linter/adapters/stable_shim_usage_linter.py#L121,"    with open(output_file, ""w"") as f:"
pytorch/pytorch,tools/linter/adapters/stable_shim_usage_linter.py,153,open,NOT_EXPLICIT,False,Implicit Default,None,None,check_file,https://github.com/pytorch/pytorch/blob/main/tools/linter/adapters/stable_shim_usage_linter.py#L153,    with open(filename) as f:
pytorch/pytorch,tools/linter/adapters/stable_shim_version_linter.py,122,open,NOT_EXPLICIT,False,Implicit Default,None,None,check_file,https://github.com/pytorch/pytorch/blob/main/tools/linter/adapters/stable_shim_version_linter.py#L122,    with open(filename) as f:
pytorch/pytorch,tools/linter/adapters/testowners_linter.py,111,open,NOT_EXPLICIT,False,Implicit Default,None,None,check_file,https://github.com/pytorch/pytorch/blob/main/tools/linter/adapters/testowners_linter.py#L111,    with open(filename) as f:
pytorch/pytorch,tools/linter/adapters/unspecified_backend_linter.py,71,open,NOT_EXPLICIT,False,Implicit Default,None,None,check_file,https://github.com/pytorch/pytorch/blob/main/tools/linter/adapters/unspecified_backend_linter.py#L71,    with open(filename) as f:
pytorch/pytorch,tools/linter/adapters/update_s3.py,26,open,NOT_EXPLICIT,False,Implicit Default,None,None,compute_file_sha256,https://github.com/pytorch/pytorch/blob/main/tools/linter/adapters/update_s3.py#L26,"    with open(path, ""rb"") as f:"
pytorch/pytorch,tools/linter/adapters/update_s3.py,66,open,NOT_EXPLICIT,False,Implicit Default,None,None,main,https://github.com/pytorch/pytorch/blob/main/tools/linter/adapters/update_s3.py#L66,    with open(args.config_json) as f:
pytorch/pytorch,tools/linter/adapters/update_s3.py,93,open,NOT_EXPLICIT,False,Implicit Default,None,None,main,https://github.com/pytorch/pytorch/blob/main/tools/linter/adapters/update_s3.py#L93,"        with open(args.config_json, ""w"") as f:"
pytorch/pytorch,tools/linter/adapters/workflow_consistency_linter.py,63,open,NOT_EXPLICIT,False,Implicit Default,None,None,load_yaml,https://github.com/pytorch/pytorch/blob/main/tools/linter/adapters/workflow_consistency_linter.py#L63,    with open(path) as f:
pytorch/pytorch,tools/linter/adapters/workflow_consistency_linter.py,79,open,NOT_EXPLICIT,False,Implicit Default,None,None,print_lint_message,https://github.com/pytorch/pytorch/blob/main/tools/linter/adapters/workflow_consistency_linter.py#L79,    with open(path) as f:
pytorch/pytorch,tools/lite_interpreter/gen_selected_mobile_ops_header.py,97,open,NOT_EXPLICIT,False,Implicit Default,None,None,write_selected_mobile_ops,https://github.com/pytorch/pytorch/blob/main/tools/lite_interpreter/gen_selected_mobile_ops_header.py#L97,"    with open(output_file_path, ""wb"") as out_file:"
pytorch/pytorch,tools/lite_interpreter/gen_selected_mobile_ops_header.py,133,open,NOT_EXPLICIT,False,Implicit Default,None,None,write_selected_mobile_ops_with_all_dtypes,https://github.com/pytorch/pytorch/blob/main/tools/lite_interpreter/gen_selected_mobile_ops_header.py#L133,"    with open(output_file_path, ""wb"") as out_file:"
pytorch/pytorch,tools/lite_interpreter/gen_selected_mobile_ops_header.py,171,open,NOT_EXPLICIT,False,Implicit Default,None,None,main,https://github.com/pytorch/pytorch/blob/main/tools/lite_interpreter/gen_selected_mobile_ops_header.py#L171,"    with open(model_file_name, ""rb"") as model_file:"
pytorch/pytorch,tools/native_aot/export.py,119,open,NOT_EXPLICIT,False,Implicit Default,None,None,_file_hash,https://github.com/pytorch/pytorch/blob/main/tools/native_aot/export.py#L119,"    with open(path, ""rb"") as f:"
pytorch/pytorch,tools/native_aot/export.py,249,open,NOT_EXPLICIT,False,Implicit Default,None,None,export_point,https://github.com/pytorch/pytorch/blob/main/tools/native_aot/export.py#L249,"    with open(os.path.join(out_dir, prefix + "".json""), ""w"") as f:"
pytorch/pytorch,tools/native_aot/export.py,313,open,NOT_EXPLICIT,False,Implicit Default,None,None,_read_sidecar,https://github.com/pytorch/pytorch/blob/main/tools/native_aot/export.py#L313,        with open(path) as f:
pytorch/pytorch,tools/nightly_hotpatch.py,119,open,NOT_EXPLICIT,False,Implicit Default,None,None,download_patch,https://github.com/pytorch/pytorch/blob/main/tools/nightly_hotpatch.py#L119,"            open(patch_file, ""wb"") as out_file,"
pytorch/pytorch,tools/packaging/build_wheel.py,55,open,NOT_EXPLICIT,False,Implicit Default,None,None,get_supported_python_versions,https://github.com/pytorch/pytorch/blob/main/tools/packaging/build_wheel.py#L55,    with open(PYPROJECT_TOML_PATH) as f:
pytorch/pytorch,tools/setup_helpers/gen_version_header.py,49,open,NOT_EXPLICIT,False,Implicit Default,None,None,main,https://github.com/pytorch/pytorch/blob/main/tools/setup_helpers/gen_version_header.py#L49,    with open(args.version_path) as f:
pytorch/pytorch,tools/setup_helpers/gen_version_header.py,62,open,NOT_EXPLICIT,False,Implicit Default,None,None,main,https://github.com/pytorch/pytorch/blob/main/tools/setup_helpers/gen_version_header.py#L62,    with open(args.template_path) as input:
pytorch/pytorch,tools/setup_helpers/gen_version_header.py,63,open,NOT_EXPLICIT,False,Implicit Default,None,None,main,https://github.com/pytorch/pytorch/blob/main/tools/setup_helpers/gen_version_header.py#L63,"        with open(args.output_path, ""w"") as output:"
pytorch/pytorch,tools/setup_helpers/generate_code.py,82,open,NOT_EXPLICIT,False,Implicit Default,None,None,get_selector_from_legacy_operator_selection_list,https://github.com/pytorch/pytorch/blob/main/tools/setup_helpers/generate_code.py#L82,    with open(selected_op_list_path) as f:
pytorch/pytorch,tools/setup_helpers/generate_linker_script.py,10,open,NOT_EXPLICIT,False,Implicit Default,None,None,gen_linker_script,https://github.com/pytorch/pytorch/blob/main/tools/setup_helpers/generate_linker_script.py#L10,    with open(filein) as f:
pytorch/pytorch,tools/setup_helpers/generate_linker_script.py,40,open,NOT_EXPLICIT,False,Implicit Default,None,None,gen_linker_script,https://github.com/pytorch/pytorch/blob/main/tools/setup_helpers/generate_linker_script.py#L40,"    with open(fout, ""w"") as f:"
pytorch/pytorch,tools/stale_issues.py,209,open,NOT_EXPLICIT,False,Implicit Default,None,None,cmd_subscription_save,https://github.com/pytorch/pytorch/blob/main/tools/stale_issues.py#L209,"    with open(subscription_state_path(args.issue), ""w"") as f:"
pytorch/pytorch,tools/stale_issues.py,220,open,NOT_EXPLICIT,False,Implicit Default,None,None,cmd_subscription_restore,https://github.com/pytorch/pytorch/blob/main/tools/stale_issues.py#L220,    with open(path) as f:
pytorch/pytorch,tools/stats/import_test_stats.py,67,open,NOT_EXPLICIT,False,Implicit Default,None,None,fetch_and_cache,https://github.com/pytorch/pytorch/blob/main/tools/stats/import_test_stats.py#L67,        with open(path) as f:
pytorch/pytorch,tools/stats/import_test_stats.py,74,open,NOT_EXPLICIT,False,Implicit Default,None,None,fetch_and_cache,https://github.com/pytorch/pytorch/blob/main/tools/stats/import_test_stats.py#L74,"            with open(path, ""w"") as f:"
pytorch/pytorch,tools/stats/sccache_stats_to_benchmark_format.py,38,open,NOT_EXPLICIT,False,Implicit Default,None,None,main,https://github.com/pytorch/pytorch/blob/main/tools/stats/sccache_stats_to_benchmark_format.py#L38,        with open(file) as f:
pytorch/pytorch,tools/stats/sccache_stats_to_benchmark_format.py,58,open,NOT_EXPLICIT,False,Implicit Default,None,None,main,https://github.com/pytorch/pytorch/blob/main/tools/stats/sccache_stats_to_benchmark_format.py#L58,"    with open(output_file, ""w"") as f:"
pytorch/pytorch,tools/stats/upload_dynamo_perf_stats.py,66,open,NOT_EXPLICIT,False,Implicit Default,None,None,get_perf_stats,https://github.com/pytorch/pytorch/blob/main/tools/stats/upload_dynamo_perf_stats.py#L66,                    with open(csv_file) as csvfile:
pytorch/pytorch,tools/stats/upload_sccache_stats.py,28,open,NOT_EXPLICIT,False,Implicit Default,None,None,get_sccache_stats,https://github.com/pytorch/pytorch/blob/main/tools/stats/upload_sccache_stats.py#L28,            with open(json_file) as f:
pytorch/pytorch,tools/stats/upload_stats_lib.py,88,open,NOT_EXPLICIT,False,Implicit Default,None,None,_download_artifact,https://github.com/pytorch/pytorch/blob/main/tools/stats/upload_stats_lib.py#L88,"    with open(artifact_name, ""wb"") as f:"
pytorch/pytorch,tools/stats/upload_stats_lib.py,113,open,NOT_EXPLICIT,False,Implicit Default,None,None,download_s3_artifacts,https://github.com/pytorch/pytorch/blob/main/tools/stats/upload_stats_lib.py#L113,"        with open(p, ""wb"") as f:"
pytorch/pytorch,tools/substitute.py,14,open,NOT_EXPLICIT,False,Implicit Default,None,None,main,https://github.com/pytorch/pytorch/blob/main/tools/substitute.py#L14,    with open(options.input_file) as f:
pytorch/pytorch,tools/substitute.py,23,open,NOT_EXPLICIT,False,Implicit Default,None,None,main,https://github.com/pytorch/pytorch/blob/main/tools/substitute.py#L23,"    with open(output_file, ""w"") as f:"
pytorch/pytorch,tools/testing/do_target_determination_for_s3.py,39,open,NOT_EXPLICIT,False,Implicit Default,None,None,import_results,https://github.com/pytorch/pytorch/blob/main/tools/testing/do_target_determination_for_s3.py#L39,"    with open(REPO_ROOT / "".additional_ci_files/td_results.json"") as f:"
pytorch/pytorch,tools/testing/do_target_determination_for_s3.py,79,open,NOT_EXPLICIT,False,Implicit Default,None,None,main,https://github.com/pytorch/pytorch/blob/main/tools/testing/do_target_determination_for_s3.py#L79,"    with open(REPO_ROOT / ""td_results.json"", ""w"") as f:"
pytorch/pytorch,tools/testing/target_determination/gen_artifact.py,14,open,NOT_EXPLICIT,False,Implicit Default,None,None,gen_ci_artifact,https://github.com/pytorch/pytorch/blob/main/tools/testing/target_determination/gen_artifact.py#L14,"    with open(REPO_ROOT / ""test"" / ""test-reports"" / file_name, ""w"") as f:"
pytorch/pytorch,tools/testing/target_determination/heuristics/historical_class_failure_correlation.py,46,open,NOT_EXPLICIT,False,Implicit Default,None,None,_get_historical_test_class_correlations,https://github.com/pytorch/pytorch/blob/main/tools/testing/target_determination/heuristics/historical_class_failure_correlation.py#L46,    with open(path) as f:
pytorch/pytorch,tools/testing/target_determination/heuristics/llm.py,45,open,NOT_EXPLICIT,False,Implicit Default,None,LLM,get_mappings,https://github.com/pytorch/pytorch/blob/main/tools/testing/target_determination/heuristics/llm.py#L45,        with open(path) as f:
pytorch/pytorch,tools/testing/target_determination/heuristics/previously_failed_in_pr.py,42,open,NOT_EXPLICIT,False,Implicit Default,None,None,get_previous_failures,https://github.com/pytorch/pytorch/blob/main/tools/testing/target_determination/heuristics/previously_failed_in_pr.py#L42,    with open(path) as f:
pytorch/pytorch,tools/testing/target_determination/heuristics/previously_failed_in_pr.py,70,open,NOT_EXPLICIT,False,Implicit Default,None,None,gen_additional_test_failures_file,https://github.com/pytorch/pytorch/blob/main/tools/testing/target_determination/heuristics/previously_failed_in_pr.py#L70,"    with open(pytest_cache_dir / TD_HEURISTIC_PREVIOUSLY_FAILED_ADDITIONAL, ""w"") as f:"
pytorch/pytorch,tools/testing/target_determination/heuristics/previously_failed_in_pr.py,83,open,NOT_EXPLICIT,False,Implicit Default,None,None,read_additional_test_failures_file,https://github.com/pytorch/pytorch/blob/main/tools/testing/target_determination/heuristics/previously_failed_in_pr.py#L83,    with open(path) as f:
pytorch/pytorch,tools/testing/target_determination/heuristics/utils.py,240,open,NOT_EXPLICIT,False,Implicit Default,None,None,get_ratings_for_tests,https://github.com/pytorch/pytorch/blob/main/tools/testing/target_determination/heuristics/utils.py#L240,    with open(path) as f:
pytorch/pytorch,tools/testing/update_slow_tests.py,185,open,NOT_EXPLICIT,False,Implicit Default,None,None,global,https://github.com/pytorch/pytorch/blob/main/tools/testing/update_slow_tests.py#L185,"    with open(REPO_ROOT / ""test"" / ""slow_tests.json"", ""w"") as f:"
pytorch/pytorch,tools/testing/upload_artifacts.py,45,open,NOT_EXPLICIT,False,Implicit Default,None,None,concated_logs,https://github.com/pytorch/pytorch/blob/main/tools/testing/upload_artifacts.py#L45,        with open(log_file) as f:
pytorch/pytorch,tools/testing/upload_artifacts.py,200,open,NOT_EXPLICIT,False,Implicit Default,None,None,parse_xml_and_upload_json,https://github.com/pytorch/pytorch/blob/main/tools/testing/upload_artifacts.py#L200,"                with open(json_file, ""w"") as f:"
pytorch/pytorch,torch/__init__.py,432,open,NOT_EXPLICIT,False,Implicit Default,None,None,_load_global_deps,https://github.com/pytorch/pytorch/blob/main/torch/__init__.py#L432,"            with open(""/proc/self/maps"") as f:"
pytorch/pytorch,torch/_dynamo/convert_frame.py,2508,open,NOT_EXPLICIT,False,Implicit Default,None,None,replay,https://github.com/pytorch/pytorch/blob/main/torch/_dynamo/convert_frame.py#L2508,"    with open(filename, ""rb"") as in_file:"
pytorch/pytorch,torch/_dynamo/debug_utils.py,145,open,NOT_EXPLICIT,False,Implicit Default,None,BuckTargetWriter,write,https://github.com/pytorch/pytorch/blob/main/torch/_dynamo/debug_utils.py#L145,"        with open(target_file, ""w"") as fd:"
pytorch/pytorch,torch/_dynamo/debug_utils.py,574,open,NOT_EXPLICIT,False,Implicit Default,None,None,helper_for_dump_minify,https://github.com/pytorch/pytorch/blob/main/torch/_dynamo/debug_utils.py#L574,"        with open(minified_repro_path, ""w"") as fd:"
pytorch/pytorch,torch/_dynamo/eval_frame.py,603,open,NOT_EXPLICIT,False,Implicit Default,None,OptimizedModule,_save_aot_compiled_module,https://github.com/pytorch/pytorch/blob/main/torch/_dynamo/eval_frame.py#L603,"            with open(path, ""wb"") as f:"
pytorch/pytorch,torch/_dynamo/exc.py,696,open,NOT_EXPLICIT,False,Implicit Default,None,None,_load_gb_type_to_gb_id_map,https://github.com/pytorch/pytorch/blob/main/torch/_dynamo/exc.py#L696,        with open(registry_path) as f:
pytorch/pytorch,torch/_dynamo/package.py,1237,open,NOT_EXPLICIT,False,Implicit Default,None,DiskDynamoStore,read,https://github.com/pytorch/pytorch/blob/main/torch/_dynamo/package.py#L1237,"            with open(os.path.join(path, ""entry""), ""rb"") as f:"
pytorch/pytorch,torch/_dynamo/pgo.py,121,open,NOT_EXPLICIT,False,Implicit Default,None,None,_hash_containing_file,https://github.com/pytorch/pytorch/blob/main/torch/_dynamo/pgo.py#L121,"    with open(filepath, ""rb"") as file:"
pytorch/pytorch,torch/_dynamo/pgo.py,824,open,NOT_EXPLICIT,False,Implicit Default,None,None,get_local_code_state,https://github.com/pytorch/pytorch/blob/main/torch/_dynamo/pgo.py#L824,"            with open(path, ""rb"") as f:"
pytorch/pytorch,torch/_dynamo/pgo.py,1014,open,NOT_EXPLICIT,False,Implicit Default,None,None,write_local_impl,https://github.com/pytorch/pytorch/blob/main/torch/_dynamo/pgo.py#L1014,"        with open(tmp_path, ""wb"") as f:"
pytorch/pytorch,torch/_dynamo/repro/after_aot.py,270,open,NOT_EXPLICIT,False,Implicit Default,None,None,generate_standalone_repro,https://github.com/pytorch/pytorch/blob/main/torch/_dynamo/repro/after_aot.py#L270,"        with open(save_path, ""w"") as f:"
pytorch/pytorch,torch/_dynamo/repro/after_aot.py,932,open,NOT_EXPLICIT,False,Implicit Default,None,None,dump_compiler_graph_state,https://github.com/pytorch/pytorch/blob/main/torch/_dynamo/repro/after_aot.py#L932,"    with open(file_name, ""w"") as fd:"
pytorch/pytorch,torch/_dynamo/repro/after_aot.py,980,open,NOT_EXPLICIT,False,Implicit Default,None,None,isolate_fails,https://github.com/pytorch/pytorch/blob/main/torch/_dynamo/repro/after_aot.py#L980,"    with open(file_name, ""w"") as fd:"
pytorch/pytorch,torch/_dynamo/repro/after_dynamo.py,262,open,NOT_EXPLICIT,False,Implicit Default,None,None,dump_backend_repro_as_file,https://github.com/pytorch/pytorch/blob/main/torch/_dynamo/repro/after_dynamo.py#L262,"    with open(file_name, ""w"") as fd:"
pytorch/pytorch,torch/_dynamo/repro/aoti.py,97,open,NOT_EXPLICIT,False,Implicit Default,None,None,dump_to_minify,https://github.com/pytorch/pytorch/blob/main/torch/_dynamo/repro/aoti.py#L97,"            with open(file_name, ""w"") as fd:"
pytorch/pytorch,torch/_dynamo/repro/aoti.py,210,open,NOT_EXPLICIT,False,Implicit Default,None,None,dump_compiler_graph_state,https://github.com/pytorch/pytorch/blob/main/torch/_dynamo/repro/aoti.py#L210,"    with open(file_name, ""w"") as fd:"
pytorch/pytorch,torch/_dynamo/utils.py,1038,open,NOT_EXPLICIT,False,Implicit Default,None,None,write_record_to_file,https://github.com/pytorch/pytorch/blob/main/torch/_dynamo/utils.py#L1038,"            with open(filename, ""wb"") as f:"
pytorch/pytorch,torch/_export/db/gen_example.py,21,open,NOT_EXPLICIT,False,Implicit Default,None,None,global,https://github.com/pytorch/pytorch/blob/main/torch/_export/db/gen_example.py#L21,"    with open(os.path.join(root_dir, sys.argv[1] + "".py""), ""w"") as f:"
pytorch/pytorch,torch/_functorch/benchmark_utils.py,86,open,NOT_EXPLICIT,False,Implicit Default,None,None,get_chrome_trace_events,https://github.com/pytorch/pytorch/blob/main/torch/_functorch/benchmark_utils.py#L86,    with open(filename) as f:
pytorch/pytorch,torch/_functorch/compilers.py,357,open,NOT_EXPLICIT,False,Implicit Default,None,None,get_inputs,https://github.com/pytorch/pytorch/blob/main/torch/_functorch/compilers.py#L357,"    with open(input_data_path, ""rb"") as f:"
pytorch/pytorch,torch/_functorch/compilers.py,446,open,NOT_EXPLICIT,False,Implicit Default,None,None,graph_saver_helper,https://github.com/pytorch/pytorch/blob/main/torch/_functorch/compilers.py#L446,"        with open(             f""{folder_name}/{current_name}/{current_name}_{type_name}_{graph_index}/{current_name}_{type_name}_{graph_index}.input"",             ""wb"",         ) as f:"
pytorch/pytorch,torch/_functorch/partitioners.py,2935,open,NOT_EXPLICIT,False,Implicit Default,None,None,solve_min_cut,https://github.com/pytorch/pytorch/blob/main/torch/_functorch/partitioners.py#L2935,"            with open(fx_graph_file, ""w"") as f:"
pytorch/pytorch,torch/_functorch/partitioners.py,3174,open,NOT_EXPLICIT,False,Implicit Default,None,None,visualize_min_cut_graph,https://github.com/pytorch/pytorch/blob/main/torch/_functorch/partitioners.py#L3174,"    with open(svg_path, ""w"") as f:"
pytorch/pytorch,torch/_inductor/analysis/profile_analysis.py,426,open,NOT_EXPLICIT,False,Implicit Default,None,JsonProfile,__init__,https://github.com/pytorch/pytorch/blob/main/torch/_inductor/analysis/profile_analysis.py#L426,        with open(path) as f:
pytorch/pytorch,torch/_inductor/analysis/profile_analysis.py,711,open,NOT_EXPLICIT,False,Implicit Default,None,JsonProfile,dump,https://github.com/pytorch/pytorch/blob/main/torch/_inductor/analysis/profile_analysis.py#L711,"        with open(out, ""w"") as f:"
pytorch/pytorch,torch/_inductor/aoti_eager.py,68,open,NOT_EXPLICIT,False,Implicit Default,None,None,load_aoti_eager_cache,https://github.com/pytorch/pytorch/blob/main/torch/_inductor/aoti_eager.py#L68,            with open(op_conf) as f:
pytorch/pytorch,torch/_inductor/aoti_eager.py,359,open,NOT_EXPLICIT,False,Implicit Default,None,None,aoti_compile_with_persistent_cache,https://github.com/pytorch/pytorch/blob/main/torch/_inductor/aoti_eager.py#L359,"                with open(op_conf, mode) as op_conf_file:"
pytorch/pytorch,torch/_inductor/aoti_eager.py,381,open,NOT_EXPLICIT,False,Implicit Default,None,None,aoti_compile_with_persistent_cache,https://github.com/pytorch/pytorch/blob/main/torch/_inductor/aoti_eager.py#L381,"                    with open(op_conf, ""w"") as op_conf_file:"
pytorch/pytorch,torch/_inductor/autoheuristic/autoheuristic.py,216,open,NOT_EXPLICIT,False,Implicit Default,None,AutoHeuristic,save_data,https://github.com/pytorch/pytorch/blob/main/torch/_inductor/autoheuristic/autoheuristic.py#L216,"        with open(log_path, ""a"") as f:"
pytorch/pytorch,torch/_inductor/autoheuristic/autoheuristic_utils.py,117,open,NOT_EXPLICIT,False,Implicit Default,None,None,get_metadata_str_from_log,https://github.com/pytorch/pytorch/blob/main/torch/_inductor/autoheuristic/autoheuristic_utils.py#L117,"    with open(log_path, newline="""") as file:"
pytorch/pytorch,torch/_inductor/cache.py,201,open,NOT_EXPLICIT,False,Implicit Default,None,InMemoryCache,from_file_path,https://github.com/pytorch/pytorch/blob/main/torch/_inductor/cache.py#L201,"            with open(fpath, ""rb"") as fp:"
pytorch/pytorch,torch/_inductor/cache.py,344,open,NOT_EXPLICIT,False,Implicit Default,None,OnDiskCache,get,https://github.com/pytorch/pytorch/blob/main/torch/_inductor/cache.py#L344,"            with open(fpath, ""rb"") as fp:"
pytorch/pytorch,torch/_inductor/cache.py,385,open,NOT_EXPLICIT,False,Implicit Default,None,OnDiskCache,insert,https://github.com/pytorch/pytorch/blob/main/torch/_inductor/cache.py#L385,"            with flock as _, open(fpath, ""xb"") as fp:"
pytorch/pytorch,torch/_inductor/codecache.py,374,open,NOT_EXPLICIT,False,Implicit Default,None,CacheBase,get_local_cache,https://github.com/pytorch/pytorch/blob/main/torch/_inductor/codecache.py#L374,        with open(local_cache_path) as local_cache_fp:
pytorch/pytorch,torch/_inductor/codecache.py,975,open,NOT_EXPLICIT,False,Implicit Default,None,None,build_code_hash,https://github.com/pytorch/pytorch/blob/main/torch/_inductor/codecache.py#L975,"        with open(module, ""rb"") as f:"
pytorch/pytorch,torch/_inductor/codecache.py,1007,open,NOT_EXPLICIT,False,Implicit Default,None,None,get_code_hash,https://github.com/pytorch/pytorch/blob/main/torch/_inductor/codecache.py#L1007,"                        with open(path, ""rb"") as f:"
pytorch/pytorch,torch/_inductor/codecache.py,1856,open,NOT_EXPLICIT,False,Implicit Default,None,GuardedCache,iterate_over_candidates,https://github.com/pytorch/pytorch/blob/main/torch/_inductor/codecache.py#L1856,"                        with open(os.path.join(subdir, path), ""rb"") as f:"
pytorch/pytorch,torch/_inductor/codecache.py,2715,open,NOT_EXPLICIT,False,Implicit Default,None,AotCodeCompiler,compile,https://github.com/pytorch/pytorch/blob/main/torch/_inductor/codecache.py#L2715,"            with open(                 os.path.join(                     os.path.dirname(os.path.dirname(__file__)),                     ""csrc"",                     ""inductor"",                     ""aoti_runtime"",                     ""model.h"",                 )             ) as f:"
pytorch/pytorch,torch/_inductor/codecache.py,2978,open,NOT_EXPLICIT,False,Implicit Default,None,AotCodeCompiler,_compile_consts,https://github.com/pytorch/pytorch/blob/main/torch/_inductor/codecache.py#L2978,"                with open(consts_o, ""r+b"") as f:"
pytorch/pytorch,torch/_inductor/codecache.py,3013,open,NOT_EXPLICIT,False,Implicit Default,None,AotCodeCompiler,compile,https://github.com/pytorch/pytorch/blob/main/torch/_inductor/codecache.py#L3013,"                with open(extern_kernel_nodes_json, ""w"") as f:"
pytorch/pytorch,torch/_inductor/codecache.py,3035,open,NOT_EXPLICIT,False,Implicit Default,None,AotCodeCompiler,compile,https://github.com/pytorch/pytorch/blob/main/torch/_inductor/codecache.py#L3035,"            with open(meta_json, ""w"") as f:"
pytorch/pytorch,torch/_inductor/codecache.py,3259,open,NOT_EXPLICIT,False,Implicit Default,None,AotCodeCompiler,compile,https://github.com/pytorch/pytorch/blob/main/torch/_inductor/codecache.py#L3259,"                    with open(external_weights_path, ""wb"") as f_weights:"
pytorch/pytorch,torch/_inductor/codecache.py,3303,open,NOT_EXPLICIT,False,Implicit Default,None,AotCodeCompiler,compile,https://github.com/pytorch/pytorch/blob/main/torch/_inductor/codecache.py#L3303,"                with open(constants_config_json, ""w"") as f:"
pytorch/pytorch,torch/_inductor/codecache.py,3488,open,NOT_EXPLICIT,False,Implicit Default,None,AotCodeCompiler,compile,https://github.com/pytorch/pytorch/blob/main/torch/_inductor/codecache.py#L3488,"            with open(wrapper_path, ""a"") as f:"
pytorch/pytorch,torch/_inductor/codecache.py,3493,open,NOT_EXPLICIT,False,Implicit Default,None,AotCodeCompiler,compile,https://github.com/pytorch/pytorch/blob/main/torch/_inductor/codecache.py#L3493,"            with open(kernel_path, ""a"") as f:"
pytorch/pytorch,torch/_inductor/codecache.py,3516,open,NOT_EXPLICIT,False,Implicit Default,None,AotCodeCompiler,compile,https://github.com/pytorch/pytorch/blob/main/torch/_inductor/codecache.py#L3516,"                    with open(weight_file, ""wb"") as f_weights:"
pytorch/pytorch,torch/_inductor/codecache.py,3597,open,NOT_EXPLICIT,False,Implicit Default,None,AotCodeCompiler,compile,https://github.com/pytorch/pytorch/blob/main/torch/_inductor/codecache.py#L3597,"                    with open(output_so, ""a+b"") as f_so:"
pytorch/pytorch,torch/_inductor/codecache.py,3612,open,NOT_EXPLICIT,False,Implicit Default,None,AotCodeCompiler,compile,https://github.com/pytorch/pytorch/blob/main/torch/_inductor/codecache.py#L3612,"            with open(kernel_info_json, ""w"") as f:"
pytorch/pytorch,torch/_inductor/codecache.py,4682,open,NOT_EXPLICIT,False,Implicit Default,None,HalideCodeCache,build_standalone_runtime,https://github.com/pytorch/pytorch/blob/main/torch/_inductor/codecache.py#L4682,"                    with open(hook_file, ""w"") as f:"
pytorch/pytorch,torch/_inductor/codecache.py,4759,open,NOT_EXPLICIT,False,Implicit Default,None,None,_worker_task_halide,https://github.com/pytorch/pytorch/blob/main/torch/_inductor/codecache.py#L4759,"                with open(""repro.py"", ""w"") as fd:"
pytorch/pytorch,torch/_inductor/codecache.py,4766,open,NOT_EXPLICIT,False,Implicit Default,None,None,touch,https://github.com/pytorch/pytorch/blob/main/torch/_inductor/codecache.py#L4766,"    with open(filename, ""a""):"
pytorch/pytorch,torch/_inductor/codecache.py,4908,open,NOT_EXPLICIT,False,Implicit Default,None,None,cutlass_key,https://github.com/pytorch/pytorch/blob/main/torch/_inductor/codecache.py#L4908,"            open(resource_path) as resource_file,"
pytorch/pytorch,torch/_inductor/codecache.py,5149,open,NOT_EXPLICIT,False,Implicit Default,None,CUTLASSCodeCache,compile,https://github.com/pytorch/pytorch/blob/main/torch/_inductor/codecache.py#L5149,"                    with open(error_path, encoding=""utf-8"") as fh:"
pytorch/pytorch,torch/_inductor/codecache.py,5170,open,NOT_EXPLICIT,False,Implicit Default,None,CUTLASSCodeCache,compile,https://github.com/pytorch/pytorch/blob/main/torch/_inductor/codecache.py#L5170,"                    with open(input_path, ""a"") as f:"
pytorch/pytorch,torch/_inductor/codecache.py,5272,open,NOT_EXPLICIT,False,Implicit Default,None,CUTLASSCodeCache,_record_compile_error,https://github.com/pytorch/pytorch/blob/main/torch/_inductor/codecache.py#L5272,"        with open(error_path, ""w"", encoding=""utf-8"") as fh:"
pytorch/pytorch,torch/_inductor/codegen/cpp_wrapper_cpu.py,545,open,NOT_EXPLICIT,False,Implicit Default,None,CppWrapperCpu,_write_aoti_interface_header,https://github.com/pytorch/pytorch/blob/main/torch/_inductor/codegen/cpp_wrapper_cpu.py#L545,"            with open(                 os.path.join(os.path.dirname(__file__), ""aoti_runtime"", ""interface.cpp"")             ) as f:"
pytorch/pytorch,torch/_inductor/codegen/cpp_wrapper_gpu.py,1207,open,NOT_EXPLICIT,False,Implicit Default,None,CppWrapperGpu,_ensure_aoti_stream_helpers_emitted,https://github.com/pytorch/pytorch/blob/main/torch/_inductor/codegen/cpp_wrapper_gpu.py#L1207,"        with open(             os.path.join(os.path.dirname(__file__), ""aoti_runtime"", ""streams.h"")         ) as f:"
pytorch/pytorch,torch/_inductor/codegen/cutlass/cache.py,39,open,NOT_EXPLICIT,False,Implicit Default,None,None,get_file_hash,https://github.com/pytorch/pytorch/blob/main/torch/_inductor/codegen/cutlass/cache.py#L39,"        with open(file_path, ""rb"") as f:"
pytorch/pytorch,torch/_inductor/codegen/cutlass/cache.py,94,open,NOT_EXPLICIT,False,Implicit Default,None,None,maybe_fetch_ops,https://github.com/pytorch/pytorch/blob/main/torch/_inductor/codegen/cutlass/cache.py#L94,            with open(filepath) as f:
pytorch/pytorch,torch/_inductor/codegen/rocm/ck_tile_universal_gemm_template.py,77,open,NOT_EXPLICIT,False,Implicit Default,None,None,_ck_tile_universal_gemm_v2_api,https://github.com/pytorch/pytorch/blob/main/torch/_inductor/codegen/rocm/ck_tile_universal_gemm_template.py#L77,            with open(header_path) as header_file:
pytorch/pytorch,torch/_inductor/codegen/triton.py,8469,open,NOT_EXPLICIT,False,Implicit Default,None,TritonScheduling,load_cache,https://github.com/pytorch/pytorch/blob/main/torch/_inductor/codegen/triton.py#L8469,                    with open(path) as fd:
pytorch/pytorch,torch/_inductor/codegen/triton.py,8641,open,NOT_EXPLICIT,False,Implicit Default,None,TritonScheduling,load_cache,https://github.com/pytorch/pytorch/blob/main/torch/_inductor/codegen/triton.py#L8641,                with open(path) as fd:
pytorch/pytorch,torch/_inductor/compile_fx_ext.py,708,open,NOT_EXPLICIT,False,Implicit Default,None,_DebugFileFxCompile,_send_to_child,https://github.com/pytorch/pytorch/blob/main/torch/_inductor/compile_fx_ext.py#L708,"        with open(name, ""wb"") as f:"
pytorch/pytorch,torch/_inductor/compile_fx_ext.py,717,open,NOT_EXPLICIT,False,Implicit Default,None,_DebugFileFxCompile,_send_to_child,https://github.com/pytorch/pytorch/blob/main/torch/_inductor/compile_fx_ext.py#L717,"            with open(name, ""wb"") as f:"
pytorch/pytorch,torch/_inductor/compile_fx_ext.py,724,open,NOT_EXPLICIT,False,Implicit Default,None,_DebugFileFxCompile,_send_to_child,https://github.com/pytorch/pytorch/blob/main/torch/_inductor/compile_fx_ext.py#L724,"            with open(name, ""rb"") as f:"
pytorch/pytorch,torch/_inductor/compile_worker/subproc_pool.py,230,open,NOT_EXPLICIT,False,Implicit Default,None,SubprocPool,__init__,https://github.com/pytorch/pytorch/blob/main/torch/_inductor/compile_worker/subproc_pool.py#L230,"            self.log_file = open(log_path, ""w"")  # noqa:SIM115"
pytorch/pytorch,torch/_inductor/compile_worker/subproc_pool.py,527,open,NOT_EXPLICIT,False,Implicit Default,None,SubprocPool,_log_sidecar_death_diagnostics,https://github.com/pytorch/pytorch/blob/main/torch/_inductor/compile_worker/subproc_pool.py#L527,"                with open(self.log_path, errors=""replace"") as f:"
pytorch/pytorch,torch/_inductor/compiler_bisector.py,157,open,NOT_EXPLICIT,False,Implicit Default,None,CompilerBisector,write_lines_to_file,https://github.com/pytorch/pytorch/blob/main/torch/_inductor/compiler_bisector.py#L157,"        with open(file_path, ""a"" if append else ""w"") as file:"
pytorch/pytorch,torch/_inductor/compiler_bisector.py,163,open,NOT_EXPLICIT,False,Implicit Default,None,CompilerBisector,read_lines_from_file,https://github.com/pytorch/pytorch/blob/main/torch/_inductor/compiler_bisector.py#L163,            with open(file_path) as file:
pytorch/pytorch,torch/_inductor/cpp_builder.py,508,open,NOT_EXPLICIT,False,Implicit Default,None,None,batch_convert_cubins_to_obj,https://github.com/pytorch/pytorch/blob/main/torch/_inductor/cpp_builder.py#L508,"    with open(asm_path, ""w"") as f:"
pytorch/pytorch,torch/_inductor/cpp_builder.py,899,open,NOT_EXPLICIT,False,Implicit Default,None,BuildOptionsBase,save_flags_to_json,https://github.com/pytorch/pytorch/blob/main/torch/_inductor/cpp_builder.py#L899,"        with open(file, ""w"") as f:"
pytorch/pytorch,torch/_inductor/cpp_builder.py,1867,open,NOT_EXPLICIT,False,Implicit Default,None,None,_gen_mingw_import_lib,https://github.com/pytorch/pytorch/blob/main/torch/_inductor/cpp_builder.py#L1867,"    with open(def_path, ""w"") as def_file:"
pytorch/pytorch,torch/_inductor/cpp_builder.py,1931,open,NOT_EXPLICIT,False,Implicit Default,None,None,_create_msvc_gs_stubs_lib,https://github.com/pytorch/pytorch/blob/main/torch/_inductor/cpp_builder.py#L1931,"        with open(src_path, ""w"") as f:"
pytorch/pytorch,torch/_inductor/cpp_builder.py,2868,open,NOT_EXPLICIT,False,Implicit Default,None,CppBuilder,save_compile_cmd_to_cmake,https://github.com/pytorch/pytorch/blob/main/torch/_inductor/cpp_builder.py#L2868,"        with open(cmake_path, ""w"") as f:"
pytorch/pytorch,torch/_inductor/cpp_builder.py,2874,open,NOT_EXPLICIT,False,Implicit Default,None,CppBuilder,save_src_to_cmake,https://github.com/pytorch/pytorch/blob/main/torch/_inductor/cpp_builder.py#L2874,"        with open(cmake_path, ""a"") as f:"
pytorch/pytorch,torch/_inductor/cpp_builder.py,2879,open,NOT_EXPLICIT,False,Implicit Default,None,CppBuilder,save_kernel_asm_to_cmake,https://github.com/pytorch/pytorch/blob/main/torch/_inductor/cpp_builder.py#L2879,"        with open(cmake_path, ""a"") as f:"
pytorch/pytorch,torch/_inductor/cpp_builder.py,2912,open,NOT_EXPLICIT,False,Implicit Default,None,CppBuilder,save_link_cmd_to_cmake,https://github.com/pytorch/pytorch/blob/main/torch/_inductor/cpp_builder.py#L2912,"        with open(cmake_path, ""a"") as f:"
pytorch/pytorch,torch/_inductor/cpu_vec_isa.py,227,open,NOT_EXPLICIT,False,Implicit Default,None,VecISA,check_build,https://github.com/pytorch/pytorch/blob/main/torch/_inductor/cpu_vec_isa.py#L227,"                with open(load_ok_marker, ""w"") as f:"
pytorch/pytorch,torch/_inductor/cpu_vec_isa.py,631,open,NOT_EXPLICIT,False,Implicit Default,None,None,valid_vec_isa_list,https://github.com/pytorch/pytorch/blob/main/torch/_inductor/cpu_vec_isa.py#L631,"        with open(""/proc/cpuinfo"") as _cpu_info:"
pytorch/pytorch,torch/_inductor/custom_graph_pass.py,158,open,NOT_EXPLICIT,False,Implicit Default,None,None,get_hash_for_files,https://github.com/pytorch/pytorch/blob/main/torch/_inductor/custom_graph_pass.py#L158,"        with open(path, ""rb"") as f:"
pytorch/pytorch,torch/_inductor/debug.py,503,open,NOT_EXPLICIT,False,Implicit Default,None,DebugContext,fopen,https://github.com/pytorch/pytorch/blob/main/torch/_inductor/debug.py#L503,"        return open(os.path.join(self._path, filename), write_mode, *args, **kwargs)"
pytorch/pytorch,torch/_inductor/debug.py,515,open,NOT_EXPLICIT,False,Implicit Default,None,DebugContext,fopen_context,https://github.com/pytorch/pytorch/blob/main/torch/_inductor/debug.py#L515,"        with open(os.path.join(self._path, filename), write_mode, *args, **kwargs) as f:"
pytorch/pytorch,torch/_inductor/debug.py,1435,open,NOT_EXPLICIT,False,Implicit Default,None,None,save_args_for_compile_fx_inner,https://github.com/pytorch/pytorch/blob/main/torch/_inductor/debug.py#L1435,"    with open(path, ""wb"") as f:"
pytorch/pytorch,torch/_inductor/debug.py,1459,open,NOT_EXPLICIT,False,Implicit Default,None,None,load_args_and_run_compile_fx_inner,https://github.com/pytorch/pytorch/blob/main/torch/_inductor/debug.py#L1459,"    with open(path, ""rb"") as f:"
pytorch/pytorch,torch/_inductor/exc.py,21,open,NOT_EXPLICIT,False,Implicit Default,None,None,_record_missing_op,https://github.com/pytorch/pytorch/blob/main/torch/_inductor/exc.py#L21,"        with open(f""{tempfile.gettempdir()}/missing_ops.txt"", ""a"") as fd:"
pytorch/pytorch,torch/_inductor/fuzzer.py,707,open,NOT_EXPLICIT,False,Implicit Default,None,ConfigFuzzer,save_state,https://github.com/pytorch/pytorch/blob/main/torch/_inductor/fuzzer.py#L707,"        with open(filename, ""wb"") as f:"
pytorch/pytorch,torch/_inductor/fuzzer.py,714,open,NOT_EXPLICIT,False,Implicit Default,None,ConfigFuzzer,load_state,https://github.com/pytorch/pytorch/blob/main/torch/_inductor/fuzzer.py#L714,"        with open(filename, ""rb"") as f:"
pytorch/pytorch,torch/_inductor/fuzzer.py,1006,open,NOT_EXPLICIT,False,Implicit Default,None,None,visualize_results,https://github.com/pytorch/pytorch/blob/main/torch/_inductor/fuzzer.py#L1006,"    with open(filename, ""w"") as file:"
pytorch/pytorch,torch/_inductor/fx_passes/profile_guided_estimation.py,139,open,NOT_EXPLICIT,False,Implicit Default,None,ProfileData,load,https://github.com/pytorch/pytorch/blob/main/torch/_inductor/fx_passes/profile_guided_estimation.py#L139,        with open(trace_path) as f:
pytorch/pytorch,torch/_inductor/metrics.py,179,open,NOT_EXPLICIT,False,Implicit Default,None,MetricTable,write_header,https://github.com/pytorch/pytorch/blob/main/torch/_inductor/metrics.py#L179,"        with open(filename, ""w"") as fd:"
pytorch/pytorch,torch/_inductor/metrics.py,199,open,NOT_EXPLICIT,False,Implicit Default,None,MetricTable,_write_row,https://github.com/pytorch/pytorch/blob/main/torch/_inductor/metrics.py#L199,"        with open(filename, ""a"") as fd:"
pytorch/pytorch,torch/_inductor/output_code.py,604,open,NOT_EXPLICIT,False,Implicit Default,None,CompiledFxGraph,__init__,https://github.com/pytorch/pytorch/blob/main/torch/_inductor/output_code.py#L604,            with open(graph.cache_path) as f:
pytorch/pytorch,torch/_inductor/output_code.py,1133,open,NOT_EXPLICIT,False,Implicit Default,None,CompiledAOTI,__post_init__,https://github.com/pytorch/pytorch/blob/main/torch/_inductor/output_code.py#L1133,"                with open(file, ""wb"") as f:"
pytorch/pytorch,torch/_inductor/output_code.py,1150,open,NOT_EXPLICIT,False,Implicit Default,None,CompiledAOTI,prepare_for_serialization,https://github.com/pytorch/pytorch/blob/main/torch/_inductor/output_code.py#L1150,"            with open(name, ""rb"") as f:"
pytorch/pytorch,torch/_inductor/package/package.py,38,open,NOT_EXPLICIT,False,Implicit Default,None,None,compile_so,https://github.com/pytorch/pytorch/blob/main/torch/_inductor/package/package.py#L38,"    with open(file_name + ""_compile_flags.json"") as f:"
pytorch/pytorch,torch/_inductor/package/package.py,53,open,NOT_EXPLICIT,False,Implicit Default,None,None,compile_so,https://github.com/pytorch/pytorch/blob/main/torch/_inductor/package/package.py#L53,"    with open(file_name + ""_linker_flags.json"") as f:"
pytorch/pytorch,torch/_inductor/package/package.py,71,open,NOT_EXPLICIT,False,Implicit Default,None,None,compile_so,https://github.com/pytorch/pytorch/blob/main/torch/_inductor/package/package.py#L71,"        with open(serialized_weights_filename, ""rb"") as f_weights:"
pytorch/pytorch,torch/_inductor/package/package.py,74,open,NOT_EXPLICIT,False,Implicit Default,None,None,compile_so,https://github.com/pytorch/pytorch/blob/main/torch/_inductor/package/package.py#L74,"        with open(output_so, ""a+b"") as f_so:"
pytorch/pytorch,torch/_inductor/pattern_matcher.py,2165,open,NOT_EXPLICIT,False,Implicit Default,None,None,_serialize_pattern,https://github.com/pytorch/pytorch/blob/main/torch/_inductor/pattern_matcher.py#L2165,"    with open(SERIALIZED_PATTERN_PATH / f""{pattern_name}.py"", write_mode) as f:"
pytorch/pytorch,torch/_inductor/profiler.py,400,open,NOT_EXPLICIT,False,Implicit Default,None,None,_add_inductor_provenance,https://github.com/pytorch/pytorch/blob/main/torch/_inductor/profiler.py#L400,        with open(path) as f:
pytorch/pytorch,torch/_inductor/profiler.py,429,open,NOT_EXPLICIT,False,Implicit Default,None,None,_add_inductor_provenance,https://github.com/pytorch/pytorch/blob/main/torch/_inductor/profiler.py#L429,"            with open(path, ""w"") as f:"
pytorch/pytorch,torch/_inductor/profiler.py,502,open,NOT_EXPLICIT,False,Implicit Default,None,None,handler_fn,https://github.com/pytorch/pytorch/blob/main/torch/_inductor/profiler.py#L502,"                with open(fp.name, ""rb"") as fin, gzip.open(path, ""wb"") as fout:"
pytorch/pytorch,torch/_inductor/remote_cache.py,142,open,NOT_EXPLICIT,False,Implicit Default,None,LocalCacheBackend,_get,https://github.com/pytorch/pytorch/blob/main/torch/_inductor/remote_cache.py#L142,"            with open(key, ""rb"") as fd:"
pytorch/pytorch,torch/_inductor/rocm_multiarch_utils.py,120,open,NOT_EXPLICIT,False,Implicit Default,None,None,_sanitize_llvm_ir_for_rocm,https://github.com/pytorch/pytorch/blob/main/torch/_inductor/rocm_multiarch_utils.py#L120,    with open(llvm_ir_path) as f:
pytorch/pytorch,torch/_inductor/rocm_multiarch_utils.py,131,open,NOT_EXPLICIT,False,Implicit Default,None,None,_sanitize_llvm_ir_for_rocm,https://github.com/pytorch/pytorch/blob/main/torch/_inductor/rocm_multiarch_utils.py#L131,"    with open(sanitized_path, ""w"") as f:"
pytorch/pytorch,torch/_inductor/runtime/caching/implementations.py,288,open,NOT_EXPLICIT,False,Implicit Default,None,_OnDiskCacheImpl,get,https://github.com/pytorch/pytorch/blob/main/torch/_inductor/runtime/caching/implementations.py#L288,"        with open(fpath, ""rb"") as fp:"
pytorch/pytorch,torch/_inductor/runtime/caching/implementations.py,320,open,NOT_EXPLICIT,False,Implicit Default,None,_OnDiskCacheImpl,insert,https://github.com/pytorch/pytorch/blob/main/torch/_inductor/runtime/caching/implementations.py#L320,"            w_fp = open(fpath, ""xb"")  # noqa: SIM115"
pytorch/pytorch,torch/_inductor/runtime/caching/implementations.py,323,open,NOT_EXPLICIT,False,Implicit Default,None,_OnDiskCacheImpl,insert,https://github.com/pytorch/pytorch/blob/main/torch/_inductor/runtime/caching/implementations.py#L323,"            with open(fpath, ""rb"") as r_fp:"
pytorch/pytorch,torch/_inductor/runtime/caching/implementations.py,331,open,NOT_EXPLICIT,False,Implicit Default,None,_OnDiskCacheImpl,insert,https://github.com/pytorch/pytorch/blob/main/torch/_inductor/runtime/caching/implementations.py#L331,"                w_fp = open(fpath, ""xb"")  # noqa: SIM115"
pytorch/pytorch,torch/_inductor/runtime/caching/interfaces.py,608,open,NOT_EXPLICIT,False,Implicit Default,None,Memoizer,_read_dump_from_disk,https://github.com/pytorch/pytorch/blob/main/torch/_inductor/runtime/caching/interfaces.py#L608,            with open(target_path) as f:
pytorch/pytorch,torch/_inductor/runtime/caching/interfaces.py,625,open,NOT_EXPLICIT,False,Implicit Default,None,Memoizer,_write_dump_to_disk,https://github.com/pytorch/pytorch/blob/main/torch/_inductor/runtime/caching/interfaces.py#L625,"            with open(self._shared_cache_filepath, ""w"") as f:"
pytorch/pytorch,torch/_inductor/runtime/compile_tasks.py,27,open,NOT_EXPLICIT,False,Implicit Default,None,None,_reload_python_module,https://github.com/pytorch/pytorch/blob/main/torch/_inductor/runtime/compile_tasks.py#L27,    with open(path) as f:
pytorch/pytorch,torch/_inductor/runtime/cutedsl_cache.py,149,open,NOT_EXPLICIT,False,Implicit Default,None,None,disk_cache_set,https://github.com/pytorch/pytorch/blob/main/torch/_inductor/runtime/cutedsl_cache.py#L149,"        with open(tmp_path, ""rb"") as f:"
pytorch/pytorch,torch/_inductor/runtime/cutedsl_cache.py,151,open,NOT_EXPLICIT,False,Implicit Default,None,None,disk_cache_set,https://github.com/pytorch/pytorch/blob/main/torch/_inductor/runtime/cutedsl_cache.py#L151,"        with open(tmp_path, ""wb"") as f:"
pytorch/pytorch,torch/_inductor/runtime/proton_utils.py,29,open,NOT_EXPLICIT,False,Implicit Default,None,None,_read_trace,https://github.com/pytorch/pytorch/blob/main/torch/_inductor/runtime/proton_utils.py#L29,        with open(path) as f:
pytorch/pytorch,torch/_inductor/runtime/static_triton_launcher.py,171,open,NOT_EXPLICIT,False,Implicit Default,None,StaticallyLaunchedTritonKernel,reload_cubin_from_raw,https://github.com/pytorch/pytorch/blob/main/torch/_inductor/runtime/static_triton_launcher.py#L171,"            with open(filepath, ""wb"") as f:"
pytorch/pytorch,torch/_inductor/runtime/static_triton_launcher.py,187,open,NOT_EXPLICIT,False,Implicit Default,None,StaticallyLaunchedTritonKernel,_agnostic_cubin_path,https://github.com/pytorch/pytorch/blob/main/torch/_inductor/runtime/static_triton_launcher.py#L187,"        with open(self.cubin_path, ""wb"") as f:"
pytorch/pytorch,torch/_inductor/runtime/triton_heuristics.py,307,open,NOT_EXPLICIT,False,Implicit Default,None,None,_dump_launch_params,https://github.com/pytorch/pytorch/blob/main/torch/_inductor/runtime/triton_heuristics.py#L307,"    with open(f""{abs_path}.launch_params"", ""a"") as f:"
pytorch/pytorch,torch/_inductor/runtime/triton_heuristics.py,3411,open,NOT_EXPLICIT,False,Implicit Default,None,None,end_graph,https://github.com/pytorch/pytorch/blob/main/torch/_inductor/runtime/triton_heuristics.py#L3411,"            with open(output_file, ""a"") as file:"
pytorch/pytorch,torch/_inductor/select_algorithm.py,3639,open,NOT_EXPLICIT,False,Implicit Default,None,None,append_to_log,https://github.com/pytorch/pytorch/blob/main/torch/_inductor/select_algorithm.py#L3639,            with open(filename) as f:
pytorch/pytorch,torch/_inductor/select_algorithm.py,3646,open,NOT_EXPLICIT,False,Implicit Default,None,None,append_to_log,https://github.com/pytorch/pytorch/blob/main/torch/_inductor/select_algorithm.py#L3646,"        with open(filename, ""w"") as f:"
pytorch/pytorch,torch/_inductor/select_algorithm.py,4792,open,NOT_EXPLICIT,False,Implicit Default,None,AlgorithmSelectorCache,make_precompile_fn,https://github.com/pytorch/pytorch/blob/main/torch/_inductor/select_algorithm.py#L4792,                    with open(c.bmreq.module_path) as file:
pytorch/pytorch,torch/_inductor/standalone_compile.py,92,open,NOT_EXPLICIT,False,Implicit Default,None,CompiledArtifact,load,https://github.com/pytorch/pytorch/blob/main/torch/_inductor/standalone_compile.py#L92,"        with open(path, ""rb"") as file:"
pytorch/pytorch,torch/_inductor/standalone_compile.py,242,open,NOT_EXPLICIT,False,Implicit Default,None,CacheCompiledArtifact,save,https://github.com/pytorch/pytorch/blob/main/torch/_inductor/standalone_compile.py#L242,"                            with open(os.path.join(subdir, path), ""rb"") as f:"
pytorch/pytorch,torch/_inductor/standalone_compile.py,302,open,NOT_EXPLICIT,False,Implicit Default,None,CacheCompiledArtifact,_prepare_load,https://github.com/pytorch/pytorch/blob/main/torch/_inductor/standalone_compile.py#L302,"                with open(path, ""rb"") as file:"
pytorch/pytorch,torch/_inductor/standalone_compile.py,422,open,NOT_EXPLICIT,False,Implicit Default,None,AOTCompiledArtifact,load,https://github.com/pytorch/pytorch/blob/main/torch/_inductor/standalone_compile.py#L422,"        with open(path, ""rb"") as file:"
pytorch/pytorch,torch/_inductor/triton_bundler.py,307,open,NOT_EXPLICIT,False,Implicit Default,None,TritonBundler,collect,https://github.com/pytorch/pytorch/blob/main/torch/_inductor/triton_bundler.py#L307,"                            with open(filepath, ""rb"") as file:"
pytorch/pytorch,torch/_inductor/triton_bundler.py,402,open,NOT_EXPLICIT,False,Implicit Default,None,TritonBundler,read_and_emit,https://github.com/pytorch/pytorch/blob/main/torch/_inductor/triton_bundler.py#L402,"                    with open(filepath, ""wb"") as file:"
pytorch/pytorch,torch/_inductor/utils.py,4699,open,NOT_EXPLICIT,False,Implicit Default,None,None,load_template,https://github.com/pytorch/pytorch/blob/main/torch/_inductor/utils.py#L4699,"        with open(path, encoding=""utf-8"") as f:"
pytorch/pytorch,torch/_library/fake_profile.py,253,open,NOT_EXPLICIT,False,Implicit Default,None,None,save_op_profiles,https://github.com/pytorch/pytorch/blob/main/torch/_library/fake_profile.py#L253,"        with open(f, ""w"") as file:"
pytorch/pytorch,torch/_library/fake_profile.py,318,open,NOT_EXPLICIT,False,Implicit Default,None,None,load_op_profiles,https://github.com/pytorch/pytorch/blob/main/torch/_library/fake_profile.py#L318,        with open(f) as file:
pytorch/pytorch,torch/_numpy/testing/utils.py,2404,open,NOT_EXPLICIT,False,Implicit Default,None,None,_get_mem_available,https://github.com/pytorch/pytorch/blob/main/torch/_numpy/testing/utils.py#L2404,"        with open(""/proc/meminfo"") as f:"
pytorch/pytorch,torch/_utils.py,1405,open,NOT_EXPLICIT,False,Implicit Default,None,None,_augment_memory_snapshot_stack_traces,https://github.com/pytorch/pytorch/blob/main/torch/_utils.py#L1405,"        with open(snapshot, ""rb"") as f:"
pytorch/pytorch,torch/_vendor/quack/autotuner.py,595,open,NOT_EXPLICIT,False,Implicit Default,None,Autotuner,check_disk_cache,https://github.com/pytorch/pytorch/blob/main/torch/_vendor/quack/autotuner.py#L595,"            with open(path, ""r"") as cached_configs:"
pytorch/pytorch,torch/_vendor/quack/cute_dsl_elf_fix.py,74,open,NOT_EXPLICIT,False,Implicit Default,None,None,patched_init,https://github.com/pytorch/pytorch/blob/main/torch/_vendor/quack/cute_dsl_elf_fix.py#L74,"                with open(file_path, ""rb"") as f:"
pytorch/pytorch,torch/_vendor/quack/trace.py,736,open,NOT_EXPLICIT,False,Implicit Default,None,TraceSession,write_trace,https://github.com/pytorch/pytorch/blob/main/torch/_vendor/quack/trace.py#L736,"        with open(path, ""w"") as f:"
pytorch/pytorch,torch/_vendor/quack/trace.py,833,open,NOT_EXPLICIT,False,Implicit Default,None,TraceSession,_write_summary,https://github.com/pytorch/pytorch/blob/main/torch/_vendor/quack/trace.py#L833,"        with open(summary_path, ""w"") as f:"
pytorch/pytorch,torch/autograd/profiler_util.py,299,open,NOT_EXPLICIT,False,Implicit Default,None,EventList,export_chrome_trace,https://github.com/pytorch/pytorch/blob/main/torch/autograd/profiler_util.py#L299,"        with open(path, ""w"") as f:"
pytorch/pytorch,torch/autograd/profiler_util.py,360,open,NOT_EXPLICIT,False,Implicit Default,None,EventList,export_stacks,https://github.com/pytorch/pytorch/blob/main/torch/autograd/profiler_util.py#L360,"        with open(path, ""w"") as f:"
pytorch/pytorch,torch/cuda/_annotate_cuda_graph_trace.py,254,open,NOT_EXPLICIT,False,Implicit Default,None,None,load_trace,https://github.com/pytorch/pytorch/blob/main/torch/cuda/_annotate_cuda_graph_trace.py#L254,        with open(path) as f:
pytorch/pytorch,torch/cuda/_annotate_cuda_graph_trace.py,263,open,NOT_EXPLICIT,False,Implicit Default,None,None,save_trace,https://github.com/pytorch/pytorch/blob/main/torch/cuda/_annotate_cuda_graph_trace.py#L263,"        with open(path, ""w"") as f:"
pytorch/pytorch,torch/cuda/_annotate_cuda_graph_trace.py,327,open,NOT_EXPLICIT,False,Implicit Default,None,None,main,https://github.com/pytorch/pytorch/blob/main/torch/cuda/_annotate_cuda_graph_trace.py#L327,"    with open(annotations_pkl, ""rb"") as f:"
pytorch/pytorch,torch/cuda/_memory_viz.py,776,open,NOT_EXPLICIT,False,Implicit Default,None,None,_read,https://github.com/pytorch/pytorch/blob/main/torch/cuda/_memory_viz.py#L776,"            with open(name, ""rb"") as f:"
pytorch/pytorch,torch/cuda/_memory_viz.py,783,open,NOT_EXPLICIT,False,Implicit Default,None,None,_write,https://github.com/pytorch/pytorch/blob/main/torch/cuda/_memory_viz.py#L783,"        with open(name, ""w"") as f:"
pytorch/pytorch,torch/cuda/graphs.py,1077,open,NOT_EXPLICIT,False,Implicit Default,None,None,_hook,https://github.com/pytorch/pytorch/blob/main/torch/cuda/graphs.py#L1077,"        with open(path, ""wb"") as f:"
pytorch/pytorch,torch/cuda/memory.py,1167,open,NOT_EXPLICIT,False,Implicit Default,None,None,_dump_snapshot,https://github.com/pytorch/pytorch/blob/main/torch/cuda/memory.py#L1167,"    with open(filename, ""wb"") as f:"
pytorch/pytorch,torch/cuda/memory.py,1269,open,NOT_EXPLICIT,False,Implicit Default,None,None,_save_segment_usage,https://github.com/pytorch/pytorch/blob/main/torch/cuda/memory.py#L1269,"    with open(filename, ""w"") as f:"
pytorch/pytorch,torch/cuda/memory.py,1276,open,NOT_EXPLICIT,False,Implicit Default,None,None,_save_memory_usage,https://github.com/pytorch/pytorch/blob/main/torch/cuda/memory.py#L1276,"    with open(filename, ""w"") as f:"
pytorch/pytorch,torch/cuda/tunable.py,373,open,NOT_EXPLICIT,False,Implicit Default,None,None,tune_gemm_in_file,https://github.com/pytorch/pytorch/blob/main/torch/cuda/tunable.py#L373,    with open(filename) as file:
pytorch/pytorch,torch/cuda/tunable.py,384,open,NOT_EXPLICIT,False,Implicit Default,None,None,_gather_unique_untuned_gemm_from_files,https://github.com/pytorch/pytorch/blob/main/torch/cuda/tunable.py#L384,        with open(file_path) as file:
pytorch/pytorch,torch/cuda/tunable.py,433,open,NOT_EXPLICIT,False,Implicit Default,None,None,_gather_tunableop_results,https://github.com/pytorch/pytorch/blob/main/torch/cuda/tunable.py#L433,        with open(file_path) as file:
pytorch/pytorch,torch/cuda/tunable.py,446,open,NOT_EXPLICIT,False,Implicit Default,None,None,_gather_tunableop_results,https://github.com/pytorch/pytorch/blob/main/torch/cuda/tunable.py#L446,"    with open(output_file, ""w"") as out_file:"
pytorch/pytorch,torch/distributed/__init__.py,113,open,NOT_EXPLICIT,False,Implicit Default,None,_DistributedPdb,interaction,https://github.com/pytorch/pytorch/blob/main/torch/distributed/__init__.py#L113,"                    with open(""/dev/stdin"") as sys.stdin:"
pytorch/pytorch,torch/distributed/_tools/memory_tracker.py,217,open,NOT_EXPLICIT,False,Implicit Default,None,MemoryTracker,save_stats,https://github.com/pytorch/pytorch/blob/main/torch/distributed/_tools/memory_tracker.py#L217,"        with open(path, ""wb"") as f:"
pytorch/pytorch,torch/distributed/_tools/memory_tracker.py,222,open,NOT_EXPLICIT,False,Implicit Default,None,MemoryTracker,load,https://github.com/pytorch/pytorch/blob/main/torch/distributed/_tools/memory_tracker.py#L222,"        with open(path, ""rb"") as f:"
pytorch/pytorch,torch/distributed/checkpoint/_experimental/checkpoint_reader.py,122,open,NOT_EXPLICIT,False,Implicit Default,None,CheckpointReader,_partial_read,https://github.com/pytorch/pytorch/blob/main/torch/distributed/checkpoint/_experimental/checkpoint_reader.py#L122,"        with open(file_path, ""rb"") as file:"
pytorch/pytorch,torch/distributed/checkpoint/_fsspec_filesystem.py,47,self.fs.open,NOT_EXPLICIT,False,Implicit Default,None,FileSystem,create_stream,https://github.com/pytorch/pytorch/blob/main/torch/distributed/checkpoint/_fsspec_filesystem.py#L47,"        with self.fs.open(path, mode) as stream:"
pytorch/pytorch,torch/distributed/checkpoint/quantized_hf_storage.py,90,open,NOT_EXPLICIT,False,Implicit Default,None,QuantizedHuggingFaceStorageReader,_load_quantization_metadata,https://github.com/pytorch/pytorch/blob/main/torch/distributed/checkpoint/quantized_hf_storage.py#L90,        with open(index_file) as f:
pytorch/pytorch,torch/distributed/checkpoint/staging.py,426,open,NOT_EXPLICIT,False,Implicit Default,None,_ReplicationStager,_persist_state_dict,https://github.com/pytorch/pytorch/blob/main/torch/distributed/checkpoint/staging.py#L426,"            with open(temp_path, ""wb"") as f:"
pytorch/pytorch,torch/distributed/elastic/multiprocessing/errors/__init__.py,122,open,NOT_EXPLICIT,False,Implicit Default,None,ProcessFailure,__post_init__,https://github.com/pytorch/pytorch/blob/main/torch/distributed/elastic/multiprocessing/errors/__init__.py#L122,                with open(self.error_file) as fp:
pytorch/pytorch,torch/distributed/elastic/multiprocessing/errors/error_handler.py,62,open,NOT_EXPLICIT,False,Implicit Default,None,ErrorHandler,_write_error_file,https://github.com/pytorch/pytorch/blob/main/torch/distributed/elastic/multiprocessing/errors/error_handler.py#L62,"            with open(file_path, ""w"") as fp:"
pytorch/pytorch,torch/distributed/elastic/multiprocessing/errors/error_handler.py,87,open,NOT_EXPLICIT,False,Implicit Default,None,ErrorHandler,record_exception,https://github.com/pytorch/pytorch/blob/main/torch/distributed/elastic/multiprocessing/errors/error_handler.py#L87,"            with open(file, ""w"") as fp:"
pytorch/pytorch,torch/distributed/elastic/multiprocessing/errors/error_handler.py,127,open,NOT_EXPLICIT,False,Implicit Default,None,ErrorHandler,dump_error_file,https://github.com/pytorch/pytorch/blob/main/torch/distributed/elastic/multiprocessing/errors/error_handler.py#L127,        with open(rootcause_error_file) as fp:
pytorch/pytorch,torch/distributed/elastic/multiprocessing/errors/error_handler.py,165,open,NOT_EXPLICIT,False,Implicit Default,None,ErrorHandler,_rm,https://github.com/pytorch/pytorch/blob/main/torch/distributed/elastic/multiprocessing/errors/error_handler.py#L165,            with open(my_error_file) as fp:
pytorch/pytorch,torch/distributed/elastic/multiprocessing/redirects.py,132,open,NOT_EXPLICIT,False,Implicit Default,None,None,redirect,https://github.com/pytorch/pytorch/blob/main/torch/distributed/elastic/multiprocessing/redirects.py#L132,"        with open(to_file, mode=""w+b"") as dst:"
pytorch/pytorch,torch/distributed/elastic/multiprocessing/redirects.py,153,open,NOT_EXPLICIT,False,Implicit Default,None,None,redirect,https://github.com/pytorch/pytorch/blob/main/torch/distributed/elastic/multiprocessing/redirects.py#L153,"                open(dst_fd, mode=""wb"", closefd=False),  # noqa: SIM115"
pytorch/pytorch,torch/distributed/elastic/multiprocessing/redirects.py,220,open,NOT_EXPLICIT,False,Implicit Default,None,None,redirect,https://github.com/pytorch/pytorch/blob/main/torch/distributed/elastic/multiprocessing/redirects.py#L220,"        with os.fdopen(os.dup(std_fd)) as orig_std, open(to_file, mode=""w+b"") as dst:"
pytorch/pytorch,torch/distributed/elastic/multiprocessing/subprocess_handler/subprocess_handler.py,46,open,NOT_EXPLICIT,False,Implicit Default,None,SubprocessHandler,__init__,https://github.com/pytorch/pytorch/blob/main/torch/distributed/elastic/multiprocessing/subprocess_handler/subprocess_handler.py#L46,"        self._stdout = open(stdout, ""w"") if stdout else None  # noqa: SIM115"
pytorch/pytorch,torch/distributed/elastic/multiprocessing/subprocess_handler/subprocess_handler.py,47,open,NOT_EXPLICIT,False,Implicit Default,None,SubprocessHandler,__init__,https://github.com/pytorch/pytorch/blob/main/torch/distributed/elastic/multiprocessing/subprocess_handler/subprocess_handler.py#L47,"        self._stderr = open(stderr, ""w"") if stderr else None  # noqa: SIM115"
pytorch/pytorch,torch/distributed/elastic/multiprocessing/tail_log.py,40,open,NOT_EXPLICIT,False,Implicit Default,None,None,tail_logfile,https://github.com/pytorch/pytorch/blob/main/torch/distributed/elastic/multiprocessing/tail_log.py#L40,"    with open(file, errors=""replace"") as fp:"
pytorch/pytorch,torch/distributed/elastic/timer/file_based_local_timer.py,286,open,NOT_EXPLICIT,False,Implicit Default,None,FileTimerServer,_watchdog_loop,https://github.com/pytorch/pytorch/blob/main/torch/distributed/elastic/timer/file_based_local_timer.py#L286,            with open(self._file_path) as fd:
pytorch/pytorch,torch/distributed/elastic/utils/process_state.py,32,open,NOT_EXPLICIT,False,Implicit Default,None,None,read_proc_state,https://github.com/pytorch/pytorch/blob/main/torch/distributed/elastic/utils/process_state.py#L32,"        with open(f""/proc/{pid}/stat"") as f:"
pytorch/pytorch,torch/distributed/flight_recorder/components/loader.py,36,open,NOT_EXPLICIT,False,Implicit Default,None,None,read_dump,https://github.com/pytorch/pytorch/blob/main/torch/distributed/flight_recorder/components/loader.py#L36,"    with open(filename, ""rb"") as infile:"
pytorch/pytorch,torch/distributed/pipelining/schedules.py,2119,open,NOT_EXPLICIT,False,Implicit Default,None,PipelineScheduleMulti,_dump_csv,https://github.com/pytorch/pytorch/blob/main/torch/distributed/pipelining/schedules.py#L2119,"        with open(filename, ""w"", newline="""") as csvfile:"
pytorch/pytorch,torch/distributed/pipelining/schedules.py,2136,open,NOT_EXPLICIT,False,Implicit Default,None,PipelineScheduleMulti,_load_csv,https://github.com/pytorch/pytorch/blob/main/torch/distributed/pipelining/schedules.py#L2136,"        with open(filename, newline="""") as csvfile:"
pytorch/pytorch,torch/distributed/pipelining/schedules.py,2614,open,NOT_EXPLICIT,False,Implicit Default,None,_PipelineScheduleRuntime,_load_csv,https://github.com/pytorch/pytorch/blob/main/torch/distributed/pipelining/schedules.py#L2614,"            with open(filename, newline="""") as csvfile:"
pytorch/pytorch,torch/distributed/pipelining/schedules.py,2631,open,NOT_EXPLICIT,False,Implicit Default,None,_PipelineScheduleRuntime,_dump_csv,https://github.com/pytorch/pytorch/blob/main/torch/distributed/pipelining/schedules.py#L2631,"            with open(filename, ""w"", newline="""") as csvfile:"
pytorch/pytorch,torch/distributed/pipelining/schedules.py,2640,open,NOT_EXPLICIT,False,Implicit Default,None,_PipelineScheduleRuntime,_dump_csv,https://github.com/pytorch/pytorch/blob/main/torch/distributed/pipelining/schedules.py#L2640,"            with open(filename, ""w"", newline="""") as csvfile:"
pytorch/pytorch,torch/distributed/pipelining/schedules.py,4070,open,NOT_EXPLICIT,False,Implicit Default,None,None,_dump_chrometrace,https://github.com/pytorch/pytorch/blob/main/torch/distributed/pipelining/schedules.py#L4070,"    with open(filename, ""w"") as f:"
pytorch/pytorch,torch/distributed/tensor/debug/_comm_mode.py,403,open,NOT_EXPLICIT,False,Implicit Default,None,CommDebugMode,generate_json_dump,https://github.com/pytorch/pytorch/blob/main/torch/distributed/tensor/debug/_comm_mode.py#L403,"        with open(file_name, ""w"") as json_file:"
pytorch/pytorch,torch/distributed/tensor/debug/_comm_mode.py,615,open,NOT_EXPLICIT,False,Implicit Default,None,CommDebugMode,log_comm_debug_tracing_table_to_file,https://github.com/pytorch/pytorch/blob/main/torch/distributed/tensor/debug/_comm_mode.py#L615,"        with open(file_name, ""w"") as log_file:"
pytorch/pytorch,torch/distributed/tensor/debug/_op_coverage.py,98,open,NOT_EXPLICIT,False,Implicit Default,None,None,print_op_coverage_summary,https://github.com/pytorch/pytorch/blob/main/torch/distributed/tensor/debug/_op_coverage.py#L98,"        with open(""op_summary.csv"", ""w"", newline="""") as csv_file:"
pytorch/pytorch,torch/export/_draft_export.py,85,open,NOT_EXPLICIT,False,Implicit Default,None,None,get_loc,https://github.com/pytorch/pytorch/blob/main/torch/export/_draft_export.py#L85,        with open(filename) as f:
pytorch/pytorch,torch/export/experimental/__init__.py,447,open,NOT_EXPLICIT,False,Implicit Default,None,_ExportPackage,_compiled_and_package,https://github.com/pytorch/pytorch/blob/main/torch/export/experimental/__init__.py#L447,"        with open(Path(base_directory) / ""CMakeLists.txt"", ""w"") as file:"
pytorch/pytorch,torch/export/experimental/__init__.py,453,open,NOT_EXPLICIT,False,Implicit Default,None,_ExportPackage,_compiled_and_package,https://github.com/pytorch/pytorch/blob/main/torch/export/experimental/__init__.py#L453,"        with open(Path(base_directory) / ""main.cpp"", ""w"") as file:"
pytorch/pytorch,torch/export/pt2_archive/_package.py,165,open,NOT_EXPLICIT,False,Implicit Default,None,PT2ArchiveWriter,write_file,https://github.com/pytorch/pytorch/blob/main/torch/export/pt2_archive/_package.py#L165,"        with open(file_path, ""rb"") as f:"
pytorch/pytorch,torch/fx/passes/splitter_base.py,270,open,NOT_EXPLICIT,False,Implicit Default,None,NodeEventTracker,dump,https://github.com/pytorch/pytorch/blob/main/torch/fx/passes/splitter_base.py#L270,"            with open(self.dump_prefix + ALL_SUFFIX, ""w"") as f:"
pytorch/pytorch,torch/fx/passes/splitter_base.py,274,open,NOT_EXPLICIT,False,Implicit Default,None,NodeEventTracker,dump_selected_nodes,https://github.com/pytorch/pytorch/blob/main/torch/fx/passes/splitter_base.py#L274,"            with open(self.dump_prefix + NODES_SUFFIX, ""w"") as f:"
pytorch/pytorch,torch/hub.py,361,open,NOT_EXPLICIT,False,Implicit Default,None,None,_check_repo_is_trusted,https://github.com/pytorch/pytorch/blob/main/torch/hub.py#L361,    with open(filepath) as file:
pytorch/pytorch,torch/hub.py,390,open,NOT_EXPLICIT,False,Implicit Default,None,None,_check_repo_is_trusted,https://github.com/pytorch/pytorch/blob/main/torch/hub.py#L390,"        with open(filepath, ""a"") as file:"
pytorch/pytorch,torch/hub.py,741,open,NOT_EXPLICIT,False,Implicit Default,None,None,download_url_to_file,https://github.com/pytorch/pytorch/blob/main/torch/hub.py#L741,"            f = open(tmp_dst, ""w+b"")  # noqa: SIM115"
pytorch/pytorch,torch/jit/_serialization.py,310,open,NOT_EXPLICIT,False,Implicit Default,None,None,get_flatbuffer_module_info,https://github.com/pytorch/pytorch/blob/main/torch/jit/_serialization.py#L310,"        with open(path_or_file, ""rb"") as f:"
pytorch/pytorch,torch/multiprocessing/spawn.py,94,open,NOT_EXPLICIT,False,Implicit Default,None,None,_wrap,https://github.com/pytorch/pytorch/blob/main/torch/multiprocessing/spawn.py#L94,"        with open(error_file, ""wb"") as fh:"
pytorch/pytorch,torch/multiprocessing/spawn.py,207,open,NOT_EXPLICIT,False,Implicit Default,None,ProcessContext,join,https://github.com/pytorch/pytorch/blob/main/torch/multiprocessing/spawn.py#L207,"        with open(self.error_files[error_index], ""rb"") as fh:"
pytorch/pytorch,torch/numa/binding.py,522,open,NOT_EXPLICIT,False,Implicit Default,None,None,_get_logical_cpu_indices_sharing_same_physical_core_as,https://github.com/pytorch/pytorch/blob/main/torch/numa/binding.py#L522,    with open(thread_siblings_list_absolute_path) as f:
pytorch/pytorch,torch/numa/binding.py,542,open,NOT_EXPLICIT,False,Implicit Default,None,None,_get_logical_cpus_sharing_same_max_level_cache_as,https://github.com/pytorch/pytorch/blob/main/torch/numa/binding.py#L542,        with open(type_absolute_path) as type_file:
pytorch/pytorch,torch/numa/binding.py,547,open,NOT_EXPLICIT,False,Implicit Default,None,None,_get_logical_cpus_sharing_same_max_level_cache_as,https://github.com/pytorch/pytorch/blob/main/torch/numa/binding.py#L547,        with open(level_absolute_path) as level_file:
pytorch/pytorch,torch/numa/binding.py,556,open,NOT_EXPLICIT,False,Implicit Default,None,None,_get_logical_cpus_sharing_same_max_level_cache_as,https://github.com/pytorch/pytorch/blob/main/torch/numa/binding.py#L556,        with open(shared_cpu_list_absolute_path) as share_cpu_list_file:
pytorch/pytorch,torch/numa/binding.py,582,open,NOT_EXPLICIT,False,Implicit Default,None,None,_get_cpu_indices_for_numa_node_MAYBE_NOT_ALLOWED,https://github.com/pytorch/pytorch/blob/main/torch/numa/binding.py#L582,        with open(cpulist_absolute_path) as f:
pytorch/pytorch,torch/numa/binding.py,610,open,NOT_EXPLICIT,False,Implicit Default,None,None,_get_numa_node_index_for_device_index,https://github.com/pytorch/pytorch/blob/main/torch/numa/binding.py#L610,    with open(pci_numa_node_absolute_path) as f:
pytorch/pytorch,torch/numa/binding.py,639,open,NOT_EXPLICIT,False,Implicit Default,None,None,_get_socket_index_for_cpu,https://github.com/pytorch/pytorch/blob/main/torch/numa/binding.py#L639,        with open(package_id_absolute_path) as f:
pytorch/pytorch,torch/numa/binding.py,712,open,NOT_EXPLICIT,False,Implicit Default,None,None,_get_systemwide_numa_node_indices,https://github.com/pytorch/pytorch/blob/main/torch/numa/binding.py#L712,"    with open(""/sys/devices/system/node/possible"") as f:"
pytorch/pytorch,torch/onnx/_internal/exporter/_reporting.py,153,open,NOT_EXPLICIT,False,Implicit Default,None,None,create_torch_export_error_report,https://github.com/pytorch/pytorch/blob/main/torch/onnx/_internal/exporter/_reporting.py#L153,"    with open(filename, ""w"", encoding=""utf-8"") as f:"
pytorch/pytorch,torch/onnx/_internal/exporter/_reporting.py,179,open,NOT_EXPLICIT,False,Implicit Default,None,None,create_onnx_export_report,https://github.com/pytorch/pytorch/blob/main/torch/onnx/_internal/exporter/_reporting.py#L179,"    with open(filename, ""w"", encoding=""utf-8"") as f:"
pytorch/pytorch,torch/onnx/_internal/torchscript_exporter/onnx_proto_utils.py,107,open,NOT_EXPLICIT,False,Implicit Default,None,None,load_test_case,https://github.com/pytorch/pytorch/blob/main/torch/onnx/_internal/torchscript_exporter/onnx_proto_utils.py#L107,"    with open(os.path.join(dir, ""model.onnx""), ""rb"") as f:"
pytorch/pytorch,torch/onnx/_internal/torchscript_exporter/onnx_proto_utils.py,142,open,NOT_EXPLICIT,False,Implicit Default,None,None,export_data,https://github.com/pytorch/pytorch/blob/main/torch/onnx/_internal/torchscript_exporter/onnx_proto_utils.py#L142,"    with open(f, ""wb"") as opened_file:"
pytorch/pytorch,torch/package/_directory_reader.py,37,open,NOT_EXPLICIT,False,Implicit Default,None,DirectoryReader,get_record,https://github.com/pytorch/pytorch/blob/main/torch/package/_directory_reader.py#L37,"        with open(filename, ""rb"") as f:"
pytorch/pytorch,torch/package/package_exporter.py,1209,open,NOT_EXPLICIT,False,Implicit Default,None,None,_read_file,https://github.com/pytorch/pytorch/blob/main/torch/package/package_exporter.py#L1209,"    with open(filename, ""rb"") as f:"
pytorch/pytorch,torch/profiler/_chrome_trace_export.py,107,open,NOT_EXPLICIT,False,Implicit Default,None,None,export_chrome_trace,https://github.com/pytorch/pytorch/blob/main/torch/profiler/_chrome_trace_export.py#L107,"    with gzip.open(path, ""wt"") if path.endswith("".gz"") else open(path, ""w"") as f:"
pytorch/pytorch,torch/profiler/_cupti/monitor_trace.py,1172,open,NOT_EXPLICIT,False,Implicit Default,None,None,_process_name,https://github.com/pytorch/pytorch/blob/main/torch/profiler/_cupti/monitor_trace.py#L1172,"        with open(""/proc/self/comm"") as f:"
pytorch/pytorch,torch/profiler/_cupti/monitor_trace.py,2342,open,NOT_EXPLICIT,False,Implicit Default,None,None,_window_to_pftrace,https://github.com/pytorch/pytorch/blob/main/torch/profiler/_cupti/monitor_trace.py#L2342,"    with open(output_path, ""wb"") as f:"
pytorch/pytorch,torch/profiler/_cupti/monitor_trace.py,2496,open,NOT_EXPLICIT,False,Implicit Default,None,None,merge_trace_window_into_chrome_trace,https://github.com/pytorch/pytorch/blob/main/torch/profiler/_cupti/monitor_trace.py#L2496,"        with open(output_path, ""wb"") as f:"
pytorch/pytorch,torch/profiler/_memory_profiler.py,1093,open,NOT_EXPLICIT,False,Implicit Default,None,MemoryProfileTimeline,export_memory_timeline,https://github.com/pytorch/pytorch/blob/main/torch/profiler/_memory_profiler.py#L1093,"        with open(path, ""w"") as f:"
pytorch/pytorch,torch/profiler/_memory_profiler.py,1163,open,NOT_EXPLICIT,False,Implicit Default,None,MemoryProfileTimeline,export_memory_timeline_raw,https://github.com/pytorch/pytorch/blob/main/torch/profiler/_memory_profiler.py#L1163,"        with open(path, ""w"") as f:"
pytorch/pytorch,torch/profiler/_memory_profiler.py,1233,open,NOT_EXPLICIT,False,Implicit Default,None,MemoryProfileTimeline,export_memory_timeline_html,https://github.com/pytorch/pytorch/blob/main/torch/profiler/_memory_profiler.py#L1233,"            with open(path, ""w"", encoding=""utf-8"") as f:"
pytorch/pytorch,torch/profiler/profiler.py,520,open,NOT_EXPLICIT,False,Implicit Default,None,_KinetoProfile,export_chrome_trace,https://github.com/pytorch/pytorch/blob/main/torch/profiler/profiler.py#L520,"                with open(fp.name, ""rb"") as fin, gzip.open(path, ""wb"") as fout:"
pytorch/pytorch,torch/profiler/profiler.py,739,open,NOT_EXPLICIT,False,Implicit Default,None,_KinetoProfile,export_memory_timeline,https://github.com/pytorch/pytorch/blob/main/torch/profiler/profiler.py#L739,"                with open(fp.name) as fin, gzip.open(path, ""wt"") as fout:"
pytorch/pytorch,torch/profiler/profiler.py,1534,open,NOT_EXPLICIT,False,Implicit Default,None,ExecutionTraceObserver,_save_gz_file,https://github.com/pytorch/pytorch/blob/main/torch/profiler/profiler.py#L1534,"            with open(uncompressed_file, ""rb"") as fin:"
pytorch/pytorch,torch/serialization.py,776,open,NOT_EXPLICIT,False,Implicit Default,None,_open_file,__init__,https://github.com/pytorch/pytorch/blob/main/torch/serialization.py#L776,"        super().__init__(open(name, mode))  # noqa: SIM115"
pytorch/pytorch,torch/serialization.py,820,open,NOT_EXPLICIT,False,Implicit Default,None,_open_zipfile_writer_file,__init__,https://github.com/pytorch/pytorch/blob/main/torch/serialization.py#L820,"            self.file_stream = open(self.name, mode=""wb"")  # noqa: SIM115"
pytorch/pytorch,torch/serialization.py,1711,open,NOT_EXPLICIT,False,Implicit Default,None,None,_check_container_source,https://github.com/pytorch/pytorch/blob/main/torch/serialization.py#L1711,"                    with open(file_name, ""a+"") as f:"
pytorch/pytorch,torch/serialization.py,1763,open,NOT_EXPLICIT,False,Implicit Default,None,None,legacy_load,https://github.com/pytorch/pytorch/blob/main/torch/serialization.py#L1763,"            with open(os.path.join(tmpdir, ""storages""), ""rb"", 0) as f:"
pytorch/pytorch,torch/serialization.py,1795,open,NOT_EXPLICIT,False,Implicit Default,None,None,legacy_load,https://github.com/pytorch/pytorch/blob/main/torch/serialization.py#L1795,"            with open(os.path.join(tmpdir, ""tensors""), ""rb"", 0) as f:"
pytorch/pytorch,torch/sparse/_triton_ops_meta.py,232,open,NOT_EXPLICIT,False,Implicit Default,None,None,dump,https://github.com/pytorch/pytorch/blob/main/torch/sparse/_triton_ops_meta.py#L232,    with open(current_file) as f:
pytorch/pytorch,torch/sparse/_triton_ops_meta.py,262,open,NOT_EXPLICIT,False,Implicit Default,None,None,dump,https://github.com/pytorch/pytorch/blob/main/torch/sparse/_triton_ops_meta.py#L262,"        with open(current_file, ""w"") as f:"
pytorch/pytorch,torch/testing/_internal/check_kernel_launches.py,115,open,NOT_EXPLICIT,False,Implicit Default,None,None,check_file,https://github.com/pytorch/pytorch/blob/main/torch/testing/_internal/check_kernel_launches.py#L115,    with open(filename) as f:
pytorch/pytorch,torch/testing/_internal/common_utils.py,460,open,NOT_EXPLICIT,False,Implicit Default,None,None,maybe_load_json,https://github.com/pytorch/pytorch/blob/main/torch/testing/_internal/common_utils.py#L460,        with open(filename) as fp:
pytorch/pytorch,torch/testing/_internal/common_utils.py,1471,open,NOT_EXPLICIT,False,Implicit Default,None,None,run_tests,https://github.com/pytorch/pytorch/blob/main/torch/testing/_internal/common_utils.py#L1471,            with open(SLOW_TESTS_FILE) as fp:
pytorch/pytorch,torch/testing/_internal/common_utils.py,1480,open,NOT_EXPLICIT,False,Implicit Default,None,None,run_tests,https://github.com/pytorch/pytorch/blob/main/torch/testing/_internal/common_utils.py#L1480,            with open(DISABLED_TESTS_FILE) as fp:
pytorch/pytorch,torch/testing/_internal/common_utils.py,5055,open,NOT_EXPLICIT,False,Implicit Default,None,TestCase,accept_output,https://github.com/pytorch/pytorch/blob/main/torch/testing/_internal/common_utils.py#L5055,"            with open(expected_file, 'w') as f:"
pytorch/pytorch,torch/testing/_internal/common_utils.py,5062,open,NOT_EXPLICIT,False,Implicit Default,None,TestCase,assertExpected,https://github.com/pytorch/pytorch/blob/main/torch/testing/_internal/common_utils.py#L5062,            with open(expected_file) as f:
pytorch/pytorch,torch/testing/_internal/common_utils.py,5278,open,NOT_EXPLICIT,False,Implicit Default,None,None,download_file,https://github.com/pytorch/pytorch/blob/main/torch/testing/_internal/common_utils.py#L5278,"        with request.urlopen(url, timeout=15) as f1, open(path, 'wb' if binary else 'w') as f2:"
pytorch/pytorch,torch/testing/_internal/distributed/distributed_test.py,233,open,NOT_EXPLICIT,False,Implicit Default,None,None,get_profiler_nccl_meta,https://github.com/pytorch/pytorch/blob/main/torch/testing/_internal/distributed/distributed_test.py#L233,        with open(trace_file) as f:
pytorch/pytorch,torch/testing/_internal/distributed/distributed_test.py,470,open,NOT_EXPLICIT,False,Implicit Default,None,None,_lock,https://github.com/pytorch/pytorch/blob/main/torch/testing/_internal/distributed/distributed_test.py#L470,"    with open(lockfile, ""w"") as lf:"
pytorch/pytorch,torch/testing/_internal/distributed/distributed_test.py,550,open,NOT_EXPLICIT,False,Implicit Default,None,Barrier,sync,https://github.com/pytorch/pytorch/blob/main/torch/testing/_internal/distributed/distributed_test.py#L550,"            with open(barrier_file, ""w"") as f:"
pytorch/pytorch,torch/testing/_internal/distributed/distributed_test.py,558,open,NOT_EXPLICIT,False,Implicit Default,None,Barrier,sync,https://github.com/pytorch/pytorch/blob/main/torch/testing/_internal/distributed/distributed_test.py#L558,"                    with open(os.path.join(barrier_dir, f_name)) as f:"
pytorch/pytorch,torch/testing/_internal/distributed/distributed_test.py,755,open,NOT_EXPLICIT,False,Implicit Default,None,_DistTestBase,test_get_rank,https://github.com/pytorch/pytorch/blob/main/torch/testing/_internal/distributed/distributed_test.py#L755,"            with open(os.path.join(test_dir, pid), ""w"") as f:"
pytorch/pytorch,torch/testing/_internal/distributed/distributed_test.py,762,open,NOT_EXPLICIT,False,Implicit Default,None,_DistTestBase,test_get_rank,https://github.com/pytorch/pytorch/blob/main/torch/testing/_internal/distributed/distributed_test.py#L762,"                with open(os.path.join(test_dir, f_name)) as f:"
pytorch/pytorch,torch/testing/_internal/distributed/distributed_test.py,7121,open,NOT_EXPLICIT,False,Implicit Default,None,_DistTestBase,_validate_execution_trace_nccl,https://github.com/pytorch/pytorch/blob/main/torch/testing/_internal/distributed/distributed_test.py#L7121,            with open(et_file) as f:
pytorch/pytorch,torch/testing/_internal/distributed/rpc/rpc_test.py,1803,open,NOT_EXPLICIT,False,Implicit Default,None,RpcTest,test_profiler_export_trace,https://github.com/pytorch/pytorch/blob/main/torch/testing/_internal/distributed/rpc/rpc_test.py#L1803,            with open(path) as f:
pytorch/pytorch,torch/testing/_internal/jit_utils.py,765,open,NOT_EXPLICIT,False,Implicit Default,None,None,_get_py3_code,https://github.com/pytorch/pytorch/blob/main/torch/testing/_internal/jit_utils.py#L765,"        with open(script_path, 'w') as f:"
pytorch/pytorch,torch/testing/_internal/optests/generate_tests.py,365,open,NOT_EXPLICIT,False,Implicit Default,None,None,validate_failures_dict_formatting,https://github.com/pytorch/pytorch/blob/main/torch/testing/_internal/optests/generate_tests.py#L365,    with open(failures_dict_path) as fp:
pytorch/pytorch,torch/testing/_internal/optests/generate_tests.py,803,open,NOT_EXPLICIT,False,Implicit Default,None,FailuresDict,load,https://github.com/pytorch/pytorch/blob/main/torch/testing/_internal/optests/generate_tests.py#L803,        with open(path) as fp:
pytorch/pytorch,torch/testing/_internal/optests/generate_tests.py,832,open,NOT_EXPLICIT,False,Implicit Default,None,FailuresDict,_save,https://github.com/pytorch/pytorch/blob/main/torch/testing/_internal/optests/generate_tests.py#L832,"        with open(self.path, ""w"") as fp:"
pytorch/pytorch,torch/utils/_cpp_embed_headers.py,7,open,NOT_EXPLICIT,False,Implicit Default,None,None,read_file,https://github.com/pytorch/pytorch/blob/main/torch/utils/_cpp_embed_headers.py#L7,"    with open(fname, encoding=""utf-8"") as f:"
pytorch/pytorch,torch/utils/_cpp_extension_versioner.py,16,open,NOT_EXPLICIT,False,Implicit Default,None,None,hash_source_files,https://github.com/pytorch/pytorch/blob/main/torch/utils/_cpp_extension_versioner.py#L16,"        with open(filename, ""rb"") as file:"
pytorch/pytorch,torch/utils/_debug_mode/_mode.py,850,open,NOT_EXPLICIT,False,Implicit Default,None,DebugMode,save_logs,https://github.com/pytorch/pytorch/blob/main/torch/utils/_debug_mode/_mode.py#L850,"            with open(destination, ""w"", encoding=""utf-8"") as f:"
pytorch/pytorch,torch/utils/_debug_mode/_mode.py,869,open,NOT_EXPLICIT,False,Implicit Default,None,DebugMode,load_logs,https://github.com/pytorch/pytorch/blob/main/torch/utils/_debug_mode/_mode.py#L869,"            with open(source, encoding=""utf-8"") as f:"
pytorch/pytorch,torch/utils/_get_clean_triton.py,88,open,NOT_EXPLICIT,False,Implicit Default,None,None,process_file,https://github.com/pytorch/pytorch/blob/main/torch/utils/_get_clean_triton.py#L88,    with open(input_filename) as file:
pytorch/pytorch,torch/utils/_get_clean_triton.py,138,open,NOT_EXPLICIT,False,Implicit Default,None,None,process_file,https://github.com/pytorch/pytorch/blob/main/torch/utils/_get_clean_triton.py#L138,    with open(launch_params_filename) as f:
pytorch/pytorch,torch/utils/_get_clean_triton.py,145,open,NOT_EXPLICIT,False,Implicit Default,None,None,process_file,https://github.com/pytorch/pytorch/blob/main/torch/utils/_get_clean_triton.py#L145,"    with open(output_filename, ""w"") as file:"
pytorch/pytorch,torch/utils/_triton.py,269,open,NOT_EXPLICIT,False,Implicit Default,None,None,_extern_libs_key,https://github.com/pytorch/pytorch/blob/main/torch/utils/_triton.py#L269,"            with open(path, ""rb"") as f:"
pytorch/pytorch,torch/utils/benchmark/examples/spectral_ops_fuzz_test.py,108,open,NOT_EXPLICIT,False,Implicit Default,None,None,global,https://github.com/pytorch/pytorch/blob/main/torch/utils/benchmark/examples/spectral_ops_fuzz_test.py#L108,"        with open(args.output, 'w') as f:"
pytorch/pytorch,torch/utils/benchmark/utils/common.py,332,open,NOT_EXPLICIT,False,Implicit Default,None,None,_make_temp_dir,https://github.com/pytorch/pytorch/blob/main/torch/utils/benchmark/utils/common.py#L332,                with open(owner_file) as f:
pytorch/pytorch,torch/utils/benchmark/utils/common.py,356,open,NOT_EXPLICIT,False,Implicit Default,None,None,_make_temp_dir,https://github.com/pytorch/pytorch/blob/main/torch/utils/benchmark/utils/common.py#L356,"        with open(os.path.join(path, ""owner.pid""), ""w"") as f:"
pytorch/pytorch,torch/utils/benchmark/utils/cpp_jit.py,141,open,NOT_EXPLICIT,False,Implicit Default,None,None,_compile_template,https://github.com/pytorch/pytorch/blob/main/torch/utils/benchmark/utils/cpp_jit.py#L141,"        with open(src_path, ""w"") as f:"
pytorch/pytorch,torch/utils/benchmark/utils/cpp_jit.py,158,open,NOT_EXPLICIT,False,Implicit Default,None,None,compile_timeit_template,https://github.com/pytorch/pytorch/blob/main/torch/utils/benchmark/utils/cpp_jit.py#L158,    with open(template_path) as f:
pytorch/pytorch,torch/utils/benchmark/utils/cpp_jit.py,169,open,NOT_EXPLICIT,False,Implicit Default,None,None,compile_callgrind_template,https://github.com/pytorch/pytorch/blob/main/torch/utils/benchmark/utils/cpp_jit.py#L169,    with open(template_path) as f:
pytorch/pytorch,torch/utils/benchmark/utils/valgrind_wrapper/timer_interface.py,462,open,NOT_EXPLICIT,False,Implicit Default,None,GlobalsBridge,construct,https://github.com/pytorch/pytorch/blob/main/torch/utils/benchmark/utils/valgrind_wrapper/timer_interface.py#L462,"                with open(path, ""wb"") as f:"
pytorch/pytorch,torch/utils/benchmark/utils/valgrind_wrapper/timer_interface.py,476,open,NOT_EXPLICIT,False,Implicit Default,None,GlobalsBridge,construct,https://github.com/pytorch/pytorch/blob/main/torch/utils/benchmark/utils/valgrind_wrapper/timer_interface.py#L476,"                with open(path, ""wb"") as f:"
pytorch/pytorch,torch/utils/benchmark/utils/valgrind_wrapper/timer_interface.py,610,open,NOT_EXPLICIT,False,Implicit Default,None,_ValgrindWrapper,run,https://github.com/pytorch/pytorch/blob/main/torch/utils/benchmark/utils/valgrind_wrapper/timer_interface.py#L610,"            with open(stdout_stderr_log, ""wb"") as f_stdout_stderr:"
pytorch/pytorch,torch/utils/benchmark/utils/valgrind_wrapper/timer_interface.py,617,open,NOT_EXPLICIT,False,Implicit Default,None,_ValgrindWrapper,run,https://github.com/pytorch/pytorch/blob/main/torch/utils/benchmark/utils/valgrind_wrapper/timer_interface.py#L617,                with open(stdout_stderr_log) as f:
pytorch/pytorch,torch/utils/benchmark/utils/valgrind_wrapper/timer_interface.py,629,open,NOT_EXPLICIT,False,Implicit Default,None,_ValgrindWrapper,_invoke,https://github.com/pytorch/pytorch/blob/main/torch/utils/benchmark/utils/valgrind_wrapper/timer_interface.py#L629,"                with open(script_file, ""w"") as f:"
pytorch/pytorch,torch/utils/benchmark/utils/valgrind_wrapper/timer_interface.py,670,open,NOT_EXPLICIT,False,Implicit Default,None,_ValgrindWrapper,_invoke,https://github.com/pytorch/pytorch/blob/main/torch/utils/benchmark/utils/valgrind_wrapper/timer_interface.py#L670,                    with open(error_log) as f:
pytorch/pytorch,torch/utils/benchmark/utils/valgrind_wrapper/timer_interface.py,744,open,NOT_EXPLICIT,False,Implicit Default,None,_ValgrindWrapper,read_results,https://github.com/pytorch/pytorch/blob/main/torch/utils/benchmark/utils/valgrind_wrapper/timer_interface.py#L744,                    with open(fpath) as f:
pytorch/pytorch,torch/utils/cpp_extension.py,503,open,NOT_EXPLICIT,False,Implicit Default,None,None,_maybe_write,https://github.com/pytorch/pytorch/blob/main/torch/utils/cpp_extension.py#L503,        with open(filename) as f:
pytorch/pytorch,torch/utils/cpp_extension.py,510,open,NOT_EXPLICIT,False,Implicit Default,None,None,_maybe_write,https://github.com/pytorch/pytorch/blob/main/torch/utils/cpp_extension.py#L510,"    with open(filename, 'w') as source_file:"
pytorch/pytorch,torch/utils/cpp_extension.py,2038,open,NOT_EXPLICIT,False,Implicit Default,None,None,check_pch_signature_in_file,https://github.com/pytorch/pytorch/blob/main/torch/utils/cpp_extension.py#L2038,        with open(file_path) as file:
pytorch/pytorch,torch/utils/cpp_extension.py,2054,open,NOT_EXPLICIT,False,Implicit Default,None,None,write_pch_signature_to_file,https://github.com/pytorch/pytorch/blob/main/torch/utils/cpp_extension.py#L2054,"        with open(file_path, ""w"") as f:"
pytorch/pytorch,torch/utils/data/datapipes/gen_pyi.py,59,open,NOT_EXPLICIT,False,Implicit Default,None,None,gen_from_template,https://github.com/pytorch/pytorch/blob/main/torch/utils/data/datapipes/gen_pyi.py#L59,"    with open(template_path, encoding=""utf-8"") as f:"
pytorch/pytorch,torch/utils/data/datapipes/gen_pyi.py,62,open,NOT_EXPLICIT,False,Implicit Default,None,None,gen_from_template,https://github.com/pytorch/pytorch/blob/main/torch/utils/data/datapipes/gen_pyi.py#L62,"        with open(output_path, ""w"", encoding=""utf-8"") as f:"
pytorch/pytorch,torch/utils/data/datapipes/gen_pyi.py,114,open,NOT_EXPLICIT,False,Implicit Default,None,None,parse_datapipe_file,https://github.com/pytorch/pytorch/blob/main/torch/utils/data/datapipes/gen_pyi.py#L114,"    with open(file_path, encoding=""utf-8"") as f:"
pytorch/pytorch,torch/utils/data/datapipes/utils/common.py,234,open,NOT_EXPLICIT,False,Implicit Default,None,None,get_file_binaries_from_pathnames,https://github.com/pytorch/pytorch/blob/main/torch/utils/data/datapipes/utils/common.py#L234,"        yield pathname, StreamWrapper(open(pathname, mode, encoding=encoding))  # noqa:SIM115"
pytorch/pytorch,torch/utils/data/datapipes/utils/decoder.py,263,open,NOT_EXPLICIT,False,Implicit Default,None,None,videohandler,https://github.com/pytorch/pytorch/blob/main/torch/utils/data/datapipes/utils/decoder.py#L263,"        with open(fname, ""wb"") as stream:"
pytorch/pytorch,torch/utils/data/datapipes/utils/decoder.py,286,open,NOT_EXPLICIT,False,Implicit Default,None,None,audiohandler,https://github.com/pytorch/pytorch/blob/main/torch/utils/data/datapipes/utils/decoder.py#L286,"        with open(fname, ""wb"") as stream:"
pytorch/pytorch,torch/utils/jit/log_extract.py,14,open,NOT_EXPLICIT,False,Implicit Default,None,None,extract_ir,https://github.com/pytorch/pytorch/blob/main/torch/utils/jit/log_extract.py#L14,    with open(filename) as f:
pytorch/pytorch,torch/utils/show_pickle.py,124,open,NOT_EXPLICIT,False,Implicit Default,None,None,main,https://github.com/pytorch/pytorch/blob/main/torch/utils/show_pickle.py#L124,"        with open(fname, ""rb"") as handle:"
pytorch/pytorch,torch/xpu/memory.py,388,open,NOT_EXPLICIT,False,Implicit Default,None,None,_dump_snapshot,https://github.com/pytorch/pytorch/blob/main/torch/xpu/memory.py#L388,"    with open(filename, ""wb"") as f:"
pytorch/pytorch,torchgen/_autoheuristic/merge_data.py,15,open,NOT_EXPLICIT,False,Implicit Default,None,None,merge_txt_files,https://github.com/pytorch/pytorch/blob/main/torchgen/_autoheuristic/merge_data.py#L15,            with open(file_path) as file:
pytorch/pytorch,torchgen/_autoheuristic/merge_data.py,43,open,NOT_EXPLICIT,False,Implicit Default,None,None,merge_txt_files,https://github.com/pytorch/pytorch/blob/main/torchgen/_autoheuristic/merge_data.py#L43,"        with open(output_file, ""w"") as outfile:"
pytorch/pytorch,torchgen/_autoheuristic/pad_mm/collect_known_mm_shapes.py,212,open,NOT_EXPLICIT,False,Implicit Default,None,None,main,https://github.com/pytorch/pytorch/blob/main/torchgen/_autoheuristic/pad_mm/collect_known_mm_shapes.py#L212,"    with open(output_file, ""w"", newline="""") as csvfile:"
pytorch/pytorch,torchgen/_autoheuristic/pad_mm/evaluate_pad_mm_heuristics.py,121,open,NOT_EXPLICIT,False,Implicit Default,None,None,load_shapes_from_csv,https://github.com/pytorch/pytorch/blob/main/torchgen/_autoheuristic/pad_mm/evaluate_pad_mm_heuristics.py#L121,    with open(csv_file) as f:
pytorch/pytorch,torchgen/_autoheuristic/pad_mm/gen_data_pad_mm.py,66,open,NOT_EXPLICIT,False,Implicit Default,None,BenchmarkRunnerPadMM,load_shapes_from_csv,https://github.com/pytorch/pytorch/blob/main/torchgen/_autoheuristic/pad_mm/gen_data_pad_mm.py#L66,            with open(csv_file) as f:
pytorch/pytorch,torchgen/_autoheuristic/train_decision.py,272,open,NOT_EXPLICIT,False,Implicit Default,None,AHTrainDecisionTree,export_to_dot,https://github.com/pytorch/pytorch/blob/main/torchgen/_autoheuristic/train_decision.py#L272,"        with open(""best_model.dot"", ""w"") as f:"
pytorch/pytorch,torchgen/code_template.py,32,open,NOT_EXPLICIT,False,Implicit Default,None,CodeTemplate,from_file,https://github.com/pytorch/pytorch/blob/main/torchgen/code_template.py#L32,        with open(filename) as f:
pytorch/pytorch,torchgen/decompositions/gen_jit_decompositions.py,83,open,NOT_EXPLICIT,False,Implicit Default,None,None,write_decomposition_util_file,https://github.com/pytorch/pytorch/blob/main/torchgen/decompositions/gen_jit_decompositions.py#L83,"    with open(os.path.join(path, DECOMPOSITION_UTIL_FILE_NAME), ""wb"") as out_file:"
pytorch/pytorch,torchgen/gen.py,246,open,NOT_EXPLICIT,False,Implicit Default,None,None,parse_tags_yaml,https://github.com/pytorch/pytorch/blob/main/torchgen/gen.py#L246,        with open(path) as f:
pytorch/pytorch,torchgen/gen.py,267,open,NOT_EXPLICIT,False,Implicit Default,None,None,parse_native_yaml,https://github.com/pytorch/pytorch/blob/main/torchgen/gen.py#L267,            with open(path) as f:
pytorch/pytorch,torchgen/gen_aoti_c_shim.py,764,open,NOT_EXPLICIT,False,Implicit Default,None,None,gen_aoti_c_shim_files,https://github.com/pytorch/pytorch/blob/main/torchgen/gen_aoti_c_shim.py#L764,"                with open(                     os.path.join(aoti_fm.install_dir, header_file_name)                 ) as old_file:"
pytorch/pytorch,torchgen/gen_backend_stubs.py,56,open,NOT_EXPLICIT,False,Implicit Default,None,None,parse_backend_yaml,https://github.com/pytorch/pytorch/blob/main/torchgen/gen_backend_stubs.py#L56,    with open(backend_yaml_path) as f:
pytorch/pytorch,torchgen/gen_backend_stubs.py,277,open,NOT_EXPLICIT,False,Implicit Default,None,None,error_on_missing_kernels,https://github.com/pytorch/pytorch/blob/main/torchgen/gen_backend_stubs.py#L277,        with open(kernel_defn_file_path) as f:
pytorch/pytorch,torchgen/operator_versions/gen_mobile_upgraders.py,367,open,NOT_EXPLICIT,False,Implicit Default,None,None,write_cpp,https://github.com/pytorch/pytorch/blob/main/torchgen/operator_versions/gen_mobile_upgraders.py#L367,"    with open(os.path.join(cpp_path, UPGRADER_MOBILE_FILE_NAME), ""wb"") as out_file:"
pytorch/pytorch,torchgen/selective_build/selector.py,174,open,NOT_EXPLICIT,False,Implicit Default,None,SelectiveBuilder,from_yaml_path,https://github.com/pytorch/pytorch/blob/main/torchgen/selective_build/selector.py#L174,        with open(config_path) as f:
pytorch/pytorch,torchgen/shape_functions/gen_jit_shape_functions.py,173,open,NOT_EXPLICIT,False,Implicit Default,None,None,write_decomposition_util_file,https://github.com/pytorch/pytorch/blob/main/torchgen/shape_functions/gen_jit_shape_functions.py#L173,"    with open(os.path.join(path, SERIALIZED_SHAPE_UTIL_FILE_NAME), ""wb"") as out_file:"
pytorch/pytorch,torchgen/static_runtime/gen_static_runtime_ops.py,109,open,NOT_EXPLICIT,False,Implicit Default,None,None,write_cpp,https://github.com/pytorch/pytorch/blob/main/torchgen/static_runtime/gen_static_runtime_ops.py#L109,"    with open(file_path, ""w"") as f:"
pytorch/pytorch,torchgen/static_runtime/gen_static_runtime_ops.py,133,open,NOT_EXPLICIT,False,Implicit Default,None,None,write_test_cpp,https://github.com/pytorch/pytorch/blob/main/torchgen/static_runtime/gen_static_runtime_ops.py#L133,"    with open(file_path, ""w"") as f:"
Lightning-AI/pytorch-lightning,.actions/assistant.py,170,open,NOT_EXPLICIT,False,Implicit Default,None,None,load_readme_description,https://github.com/Lightning-AI/pytorch-lightning/blob/main/.actions/assistant.py#L170,"    with open(path_readme, encoding=""utf-8"") as fo:"
Lightning-AI/pytorch-lightning,.actions/assistant.py,259,open,NOT_EXPLICIT,False,Implicit Default,None,None,_load_aggregate_requirements,https://github.com/Lightning-AI/pytorch-lightning/blob/main/.actions/assistant.py#L259,"    with open(os.path.join(req_dir, ""base.txt""), ""w"") as fp:"
Lightning-AI/pytorch-lightning,.actions/assistant.py,348,open,NOT_EXPLICIT,False,Implicit Default,None,None,copy_replace_imports,https://github.com/Lightning-AI/pytorch-lightning/blob/main/.actions/assistant.py#L348,"        with open(fp, encoding=""utf-8"") as fo:"
Lightning-AI/pytorch-lightning,.actions/assistant.py,357,open,NOT_EXPLICIT,False,Implicit Default,None,None,copy_replace_imports,https://github.com/Lightning-AI/pytorch-lightning/blob/main/.actions/assistant.py#L357,"        with open(fp_new, ""w"", encoding=""utf-8"") as fo:"
Lightning-AI/pytorch-lightning,.actions/assistant.py,410,open,NOT_EXPLICIT,False,Implicit Default,None,AssistantCLI,_replace_min,https://github.com/Lightning-AI/pytorch-lightning/blob/main/.actions/assistant.py#L410,"        with open(fname, encoding=""utf-8"") as fo:"
Lightning-AI/pytorch-lightning,.actions/assistant.py,412,open,NOT_EXPLICIT,False,Implicit Default,None,AssistantCLI,_replace_min,https://github.com/Lightning-AI/pytorch-lightning/blob/main/.actions/assistant.py#L412,"        with open(fname, ""w"", encoding=""utf-8"") as fw:"
Lightning-AI/pytorch-lightning,.actions/assistant.py,499,open,NOT_EXPLICIT,False,Implicit Default,None,AssistantCLI,_copy_rst,https://github.com/Lightning-AI/pytorch-lightning/blob/main/.actions/assistant.py#L499,"        with open(rst_in, encoding=""utf-8"") as fopen:"
Lightning-AI/pytorch-lightning,.actions/assistant.py,503,open,NOT_EXPLICIT,False,Implicit Default,None,AssistantCLI,_copy_rst,https://github.com/Lightning-AI/pytorch-lightning/blob/main/.actions/assistant.py#L503,"        with open(rst_out, ""w"", encoding=""utf-8"") as fopen:"
Lightning-AI/pytorch-lightning,.actions/assistant.py,511,open,NOT_EXPLICIT,False,Implicit Default,None,AssistantCLI,convert_version2nightly,https://github.com/Lightning-AI/pytorch-lightning/blob/main/.actions/assistant.py#L511,        with open(ver_file) as fo:
Lightning-AI/pytorch-lightning,.actions/assistant.py,518,open,NOT_EXPLICIT,False,Implicit Default,None,AssistantCLI,convert_version2nightly,https://github.com/Lightning-AI/pytorch-lightning/blob/main/.actions/assistant.py#L518,"        with open(ver_file, ""w"") as fo:"
Lightning-AI/pytorch-lightning,docs/source-app/conf.py,350,open,NOT_EXPLICIT,False,Implicit Default,None,None,_package_list_from_file,https://github.com/Lightning-AI/pytorch-lightning/blob/main/docs/source-app/conf.py#L350,    with open(file) as fp:
Lightning-AI/pytorch-lightning,docs/source-app/examples/file_server/app.py,64,open,NOT_EXPLICIT,False,Implicit Default,None,FileServer,upload_file,https://github.com/Lightning-AI/pytorch-lightning/blob/main/docs/source-app/examples/file_server/app.py#L64,"        with open(self.get_filepath(uploaded_file), ""wb"") as out_file:"
Lightning-AI/pytorch-lightning,docs/source-app/examples/file_server/app.py,94,open,NOT_EXPLICIT,False,Implicit Default,None,FileServer,upload_file,https://github.com/Lightning-AI/pytorch-lightning/blob/main/docs/source-app/examples/file_server/app.py#L94,"        with open(self.get_filepath(meta_file), ""w"") as f:"
Lightning-AI/pytorch-lightning,docs/source-app/examples/file_server/app.py,173,open,NOT_EXPLICIT,False,Implicit Default,None,TestFileServer,run,https://github.com/Lightning-AI/pytorch-lightning/blob/main/docs/source-app/examples/file_server/app.py#L173,"            with open(""test.txt"", ""w"") as f:"
Lightning-AI/pytorch-lightning,docs/source-app/examples/file_server/app.py,178,open,NOT_EXPLICIT,False,Implicit Default,None,TestFileServer,run,https://github.com/Lightning-AI/pytorch-lightning/blob/main/docs/source-app/examples/file_server/app.py#L178,"                files={'file': open(""test.txt"", 'rb')}"
Lightning-AI/pytorch-lightning,docs/source-app/examples/model_server_app/model_server.py,64,open,NOT_EXPLICIT,False,Implicit Default,None,MLServer,run,https://github.com/Lightning-AI/pytorch-lightning/blob/main/docs/source-app/examples/model_server_app/model_server.py#L64,"            with open(""settings.json"", ""w"") as f:"
Lightning-AI/pytorch-lightning,docs/source-app/examples/model_server_app/model_server.py,73,open,NOT_EXPLICIT,False,Implicit Default,None,MLServer,run,https://github.com/Lightning-AI/pytorch-lightning/blob/main/docs/source-app/examples/model_server_app/model_server.py#L73,"            with open(""model-settings.json"", ""w"") as f:"
Lightning-AI/pytorch-lightning,docs/source-fabric/conf.py,318,open,NOT_EXPLICIT,False,Implicit Default,None,None,_package_list_from_file,https://github.com/Lightning-AI/pytorch-lightning/blob/main/docs/source-fabric/conf.py#L318,    with open(file) as fp:
Lightning-AI/pytorch-lightning,docs/source-pytorch/conf.py,538,open,NOT_EXPLICIT,False,Implicit Default,None,None,package_list_from_file,https://github.com/Lightning-AI/pytorch-lightning/blob/main/docs/source-pytorch/conf.py#L538,    with open(file) as fp:
Lightning-AI/pytorch-lightning,examples/app/boring/app.py,23,open,NOT_EXPLICIT,False,Implicit Default,None,SourceFileWork,run,https://github.com/Lightning-AI/pytorch-lightning/blob/main/examples/app/boring/app.py#L23,"        with open(self.boring_path, ""w"", encoding=""utf-8"") as f:"
Lightning-AI/pytorch-lightning,examples/app/boring/app_dynamic.py,24,open,NOT_EXPLICIT,False,Implicit Default,None,SourceFileWork,run,https://github.com/Lightning-AI/pytorch-lightning/blob/main/examples/app/boring/app_dynamic.py#L24,"        with open(self.boring_path, ""w"") as f:"
Lightning-AI/pytorch-lightning,examples/app/boring/scripts/serve.py,21,open,NOT_EXPLICIT,False,Implicit Default,None,None,global,https://github.com/Lightning-AI/pytorch-lightning/blob/main/examples/app/boring/scripts/serve.py#L21,        with open(hparams.filepath) as fo:
Lightning-AI/pytorch-lightning,examples/app/drive/app.py,10,open,NOT_EXPLICIT,False,Implicit Default,None,Work_1,run,https://github.com/Lightning-AI/pytorch-lightning/blob/main/examples/app/drive/app.py#L10,"        with open(""a.txt"", ""w"") as f:"
Lightning-AI/pytorch-lightning,examples/app/drive/app.py,33,open,NOT_EXPLICIT,False,Implicit Default,None,Work_2,run,https://github.com/Lightning-AI/pytorch-lightning/blob/main/examples/app/drive/app.py#L33,"        with open(""a.txt"") as f:"
Lightning-AI/pytorch-lightning,examples/app/hpo/utils.py,35,open,NOT_EXPLICIT,False,Implicit Default,None,None,download_data,https://github.com/Lightning-AI/pytorch-lightning/blob/main/examples/app/hpo/utils.py#L35,"        with open(local_filename, ""wb"") as fp:"
Lightning-AI/pytorch-lightning,setup.py,98,open,NOT_EXPLICIT,False,Implicit Default,None,None,_set_manifest_path,https://github.com/Lightning-AI/pytorch-lightning/blob/main/setup.py#L98,                with open(pkg_manifest) as fh:
Lightning-AI/pytorch-lightning,setup.py,107,open,NOT_EXPLICIT,False,Implicit Default,None,None,_set_manifest_path,https://github.com/Lightning-AI/pytorch-lightning/blob/main/setup.py#L107,"        with open(manifest_path, mode=""w"") as fp:"
Lightning-AI/pytorch-lightning,src/lightning/__setup__.py,80,open,NOT_EXPLICIT,False,Implicit Default,None,None,_setup_args,https://github.com/Lightning-AI/pytorch-lightning/blob/main/src/lightning/__setup__.py#L80,"        with open(ui_ver_file, encoding=""utf-8"") as fo:"
Lightning-AI/pytorch-lightning,src/lightning/__version__.py,8,open,NOT_EXPLICIT,False,Implicit Default,None,None,global,https://github.com/Lightning-AI/pytorch-lightning/blob/main/src/lightning/__version__.py#L8,"with open(_VERSION_PATH, encoding=""utf-8"") as fo:"
Lightning-AI/pytorch-lightning,src/lightning/app/cli/cmd_init.py,66,open,NOT_EXPLICIT,False,Implicit Default,None,None,_make_resource,https://github.com/Lightning-AI/pytorch-lightning/blob/main/src/lightning/app/cli/cmd_init.py#L66,        with open(bad_file) as fo:
Lightning-AI/pytorch-lightning,src/lightning/app/cli/cmd_init.py,68,open,NOT_EXPLICIT,False,Implicit Default,None,None,_make_resource,https://github.com/Lightning-AI/pytorch-lightning/blob/main/src/lightning/app/cli/cmd_init.py#L68,"        with open(bad_file, ""w"") as fw:"
Lightning-AI/pytorch-lightning,src/lightning/app/cli/cmd_pl_init.py,132,open,NOT_EXPLICIT,False,Implicit Default,None,None,project_file_from_template,https://github.com/Lightning-AI/pytorch-lightning/blob/main/src/lightning/app/cli/cmd_pl_init.py#L132,"    with open(destination_dir / template_name, ""w"") as file:"
Lightning-AI/pytorch-lightning,src/lightning/app/cli/commands/cd.py,59,open,NOT_EXPLICIT,False,Implicit Default,None,None,cd,https://github.com/Lightning-AI/pytorch-lightning/blob/main/src/lightning/app/cli/commands/cd.py#L59,"            with open(_CD_FILE, ""w"") as f:"
Lightning-AI/pytorch-lightning,src/lightning/app/cli/commands/cd.py,69,open,NOT_EXPLICIT,False,Implicit Default,None,None,cd,https://github.com/Lightning-AI/pytorch-lightning/blob/main/src/lightning/app/cli/commands/cd.py#L69,        with open(_CD_FILE) as f:
Lightning-AI/pytorch-lightning,src/lightning/app/cli/commands/cd.py,103,open,NOT_EXPLICIT,False,Implicit Default,None,None,cd,https://github.com/Lightning-AI/pytorch-lightning/blob/main/src/lightning/app/cli/commands/cd.py#L103,"        with open(_CD_FILE, ""w"") as f:"
Lightning-AI/pytorch-lightning,src/lightning/app/cli/commands/cp.py,268,open,NOT_EXPLICIT,False,Implicit Default,None,None,_download_file,https://github.com/Lightning-AI/pytorch-lightning/blob/main/src/lightning/app/cli/commands/cp.py#L268,"        with open(path, ""wb"") as fp:"
Lightning-AI/pytorch-lightning,src/lightning/app/cli/commands/ls.py,59,open,NOT_EXPLICIT,False,Implicit Default,None,None,ls,https://github.com/Lightning-AI/pytorch-lightning/blob/main/src/lightning/app/cli/commands/ls.py#L59,"            with open(_CD_FILE, ""w"") as f:"
Lightning-AI/pytorch-lightning,src/lightning/app/cli/commands/ls.py,62,open,NOT_EXPLICIT,False,Implicit Default,None,None,ls,https://github.com/Lightning-AI/pytorch-lightning/blob/main/src/lightning/app/cli/commands/ls.py#L62,            with open(_CD_FILE) as f:
Lightning-AI/pytorch-lightning,src/lightning/app/cli/commands/pwd.py,46,open,NOT_EXPLICIT,False,Implicit Default,None,None,_pwd,https://github.com/Lightning-AI/pytorch-lightning/blob/main/src/lightning/app/cli/commands/pwd.py#L46,"        with open(_CD_FILE, ""w"") as f:"
Lightning-AI/pytorch-lightning,src/lightning/app/cli/commands/pwd.py,49,open,NOT_EXPLICIT,False,Implicit Default,None,None,_pwd,https://github.com/Lightning-AI/pytorch-lightning/blob/main/src/lightning/app/cli/commands/pwd.py#L49,        with open(_CD_FILE) as f:
Lightning-AI/pytorch-lightning,src/lightning/app/cli/connect/app.py,74,open,NOT_EXPLICIT,False,Implicit Default,None,None,connect_app,https://github.com/Lightning-AI/pytorch-lightning/blob/main/src/lightning/app/cli/connect/app.py#L74,        with open(connected_file) as f:
Lightning-AI/pytorch-lightning,src/lightning/app/cli/connect/app.py,108,open,NOT_EXPLICIT,False,Implicit Default,None,None,connect_app,https://github.com/Lightning-AI/pytorch-lightning/blob/main/src/lightning/app/cli/connect/app.py#L108,"            with open(os.path.join(commands_folder, ""openapi.json""), ""w"") as f:"
Lightning-AI/pytorch-lightning,src/lightning/app/cli/connect/app.py,124,open,NOT_EXPLICIT,False,Implicit Default,None,None,connect_app,https://github.com/Lightning-AI/pytorch-lightning/blob/main/src/lightning/app/cli/connect/app.py#L124,"                    with open(os.path.join(commands_folder, f""{command_name}.txt""), ""w"") as f:"
Lightning-AI/pytorch-lightning,src/lightning/app/cli/connect/app.py,129,open,NOT_EXPLICIT,False,Implicit Default,None,None,connect_app,https://github.com/Lightning-AI/pytorch-lightning/blob/main/src/lightning/app/cli/connect/app.py#L129,"        with open(connected_file, ""w"") as f:"
Lightning-AI/pytorch-lightning,src/lightning/app/cli/connect/app.py,199,open,NOT_EXPLICIT,False,Implicit Default,None,None,connect_app,https://github.com/Lightning-AI/pytorch-lightning/blob/main/src/lightning/app/cli/connect/app.py#L199,"                    with open(os.path.join(commands_folder, f""{command_name}.txt""), ""w"") as f:"
Lightning-AI/pytorch-lightning,src/lightning/app/cli/connect/app.py,204,open,NOT_EXPLICIT,False,Implicit Default,None,None,connect_app,https://github.com/Lightning-AI/pytorch-lightning/blob/main/src/lightning/app/cli/connect/app.py#L204,"        with open(connected_file, ""w"") as f:"
Lightning-AI/pytorch-lightning,src/lightning/app/cli/connect/app.py,225,open,NOT_EXPLICIT,False,Implicit Default,None,None,disconnect_app,https://github.com/Lightning-AI/pytorch-lightning/blob/main/src/lightning/app/cli/connect/app.py#L225,        with open(connected_file) as f:
Lightning-AI/pytorch-lightning,src/lightning/app/cli/connect/app.py,247,open,NOT_EXPLICIT,False,Implicit Default,None,None,_read_connected_file,https://github.com/Lightning-AI/pytorch-lightning/blob/main/src/lightning/app/cli/connect/app.py#L247,        with open(connected_file) as f:
Lightning-AI/pytorch-lightning,src/lightning/app/cli/connect/app.py,267,open,NOT_EXPLICIT,False,Implicit Default,None,None,_write_commands_metadata,https://github.com/Lightning-AI/pytorch-lightning/blob/main/src/lightning/app/cli/connect/app.py#L267,"    with open(metadata_path, ""w"") as f:"
Lightning-AI/pytorch-lightning,src/lightning/app/cli/connect/app.py,273,open,NOT_EXPLICIT,False,Implicit Default,None,None,_get_commands_metadata,https://github.com/Lightning-AI/pytorch-lightning/blob/main/src/lightning/app/cli/connect/app.py#L273,    with open(metadata_path) as f:
Lightning-AI/pytorch-lightning,src/lightning/app/cli/connect/app.py,343,open,NOT_EXPLICIT,False,Implicit Default,None,None,_install_missing_requirements,https://github.com/Lightning-AI/pytorch-lightning/blob/main/src/lightning/app/cli/connect/app.py#L343,"                with open(std_out_out, ""wb"") as stdout:"
Lightning-AI/pytorch-lightning,src/lightning/app/cli/pl-app-template/setup.py,11,open,NOT_EXPLICIT,False,Implicit Default,None,None,_load_requirements,https://github.com/Lightning-AI/pytorch-lightning/blob/main/src/lightning/app/cli/pl-app-template/setup.py#L11,"    with open(os.path.join(path_dir, file_name)) as file:"
Lightning-AI/pytorch-lightning,src/lightning/app/core/api.py,333,open,NOT_EXPLICIT,False,Implicit Default,None,None,upload_file,https://github.com/Lightning-AI/pytorch-lightning/blob/main/src/lightning/app/core/api.py#L333,"        with open(tmp_file, ""wb"") as f:"
Lightning-AI/pytorch-lightning,src/lightning/app/core/api.py,471,open,NOT_EXPLICIT,False,Implicit Default,None,None,start_server,https://github.com/Lightning-AI/pytorch-lightning/blob/main/src/lightning/app/core/api.py#L471,        with open(annotations_path) as f:
Lightning-AI/pytorch-lightning,src/lightning/app/core/app.py,626,open,NOT_EXPLICIT,False,Implicit Default,None,LightningApp,load_state_dict_from_checkpoint_dir,https://github.com/Lightning-AI/pytorch-lightning/blob/main/src/lightning/app/core/app.py#L626,"        with open(checkpoint_path, ""rb"") as fo:"
Lightning-AI/pytorch-lightning,src/lightning/app/core/app.py,646,open,NOT_EXPLICIT,False,Implicit Default,None,LightningApp,_dump_checkpoint,https://github.com/Lightning-AI/pytorch-lightning/blob/main/src/lightning/app/core/app.py#L646,"        with open(checkpoint_path, ""wb"") as f:"
Lightning-AI/pytorch-lightning,src/lightning/app/frontend/just_py/just_py.py,107,open,NOT_EXPLICIT,False,Implicit Default,None,JustPyFrontend,start_server,https://github.com/Lightning-AI/pytorch-lightning/blob/main/src/lightning/app/frontend/just_py/just_py.py#L107,"        with open(std_out_out, ""wb"") as stdout:"
Lightning-AI/pytorch-lightning,src/lightning/app/frontend/stream_lit.py,86,open,NOT_EXPLICIT,False,Implicit Default,None,StreamlitFrontend,start_server,https://github.com/Lightning-AI/pytorch-lightning/blob/main/src/lightning/app/frontend/stream_lit.py#L86,"        with open(std_err_out, ""wb"") as stderr, open(std_out_out, ""wb"") as stdout:"
Lightning-AI/pytorch-lightning,src/lightning/app/frontend/stream_lit.py,86,open,NOT_EXPLICIT,False,Implicit Default,None,StreamlitFrontend,start_server,https://github.com/Lightning-AI/pytorch-lightning/blob/main/src/lightning/app/frontend/stream_lit.py#L86,"        with open(std_err_out, ""wb"") as stderr, open(std_out_out, ""wb"") as stdout:"
Lightning-AI/pytorch-lightning,src/lightning/app/plugin/plugin.py,149,open,NOT_EXPLICIT,False,Implicit Default,None,None,_run_plugin,https://github.com/Lightning-AI/pytorch-lightning/blob/main/src/lightning/app/plugin/plugin.py#L149,"            with open(download_path, ""wb"") as f:"
Lightning-AI/pytorch-lightning,src/lightning/app/source_code/hashing.py,48,open,NOT_EXPLICIT,False,Implicit Default,None,None,_get_hash,https://github.com/Lightning-AI/pytorch-lightning/blob/main/src/lightning/app/source_code/hashing.py#L48,"        with open(file, ""rb"") as f:"
Lightning-AI/pytorch-lightning,src/lightning/app/source_code/local.py,60,open,NOT_EXPLICIT,False,Implicit Default,None,LocalSourceCodeDir,__init__,https://github.com/Lightning-AI/pytorch-lightning/blob/main/src/lightning/app/source_code/local.py#L60,"            with open(path / DOT_IGNORE_FILENAME, ""w"") as f:"
Lightning-AI/pytorch-lightning,src/lightning/app/source_code/tar.py,164,open,NOT_EXPLICIT,False,Implicit Default,None,None,_tar_path_python,https://github.com/Lightning-AI/pytorch-lightning/blob/main/src/lightning/app/source_code/tar.py#L164,            with open(source_path) as fo:
Lightning-AI/pytorch-lightning,src/lightning/app/source_code/uploader.py,104,open,NOT_EXPLICIT,False,Implicit Default,None,FileUploader,upload,https://github.com/Lightning-AI/pytorch-lightning/blob/main/src/lightning/app/source_code/uploader.py#L104,"            with open(self.source_file, ""rb"") as f:"
Lightning-AI/pytorch-lightning,src/lightning/app/storage/payload.py,269,open,NOT_EXPLICIT,False,Implicit Default,None,Payload,save,https://github.com/Lightning-AI/pytorch-lightning/blob/main/src/lightning/app/storage/payload.py#L269,"        with open(path, ""wb"") as f:"
Lightning-AI/pytorch-lightning,src/lightning/app/storage/payload.py,273,open,NOT_EXPLICIT,False,Implicit Default,None,Payload,load,https://github.com/Lightning-AI/pytorch-lightning/blob/main/src/lightning/app/storage/payload.py#L273,"        with open(path, ""rb"") as f:"
Lightning-AI/pytorch-lightning,src/lightning/app/testing/testing.py,294,open,NOT_EXPLICIT,False,Implicit Default,None,None,run_app_in_cloud,https://github.com/Lightning-AI/pytorch-lightning/blob/main/src/lightning/app/testing/testing.py#L294,"        with open(stdout_path, ""w"") as stdout:"
Lightning-AI/pytorch-lightning,src/lightning/app/testing/testing.py,315,open,NOT_EXPLICIT,False,Implicit Default,None,None,run_app_in_cloud,https://github.com/Lightning-AI/pytorch-lightning/blob/main/src/lightning/app/testing/testing.py#L315,        with open(stdout_path) as fo:
Lightning-AI/pytorch-lightning,src/lightning/app/testing/testing.py,325,open,NOT_EXPLICIT,False,Implicit Default,None,None,run_app_in_cloud,https://github.com/Lightning-AI/pytorch-lightning/blob/main/src/lightning/app/testing/testing.py#L325,            with open(stdout_path) as fo:
Lightning-AI/pytorch-lightning,src/lightning/app/utilities/app_commands.py,52,open,NOT_EXPLICIT,False,Implicit Default,None,None,_extract_commands_from_file,https://github.com/Lightning-AI/pytorch-lightning/blob/main/src/lightning/app/utilities/app_commands.py#L52,    with open(file_name) as f:
Lightning-AI/pytorch-lightning,src/lightning/app/utilities/cli_helpers.py,144,open,NOT_EXPLICIT,False,Implicit Default,None,_LightningAppOpenAPIRetriever,__init__,https://github.com/Lightning-AI/pytorch-lightning/blob/main/src/lightning/app/utilities/cli_helpers.py#L144,                with open(cache_openapi) as f:
Lightning-AI/pytorch-lightning,src/lightning/app/utilities/commands/base.py,133,open,NOT_EXPLICIT,False,Implicit Default,None,None,_download_command,https://github.com/Lightning-AI/pytorch-lightning/blob/main/src/lightning/app/utilities/commands/base.py#L133,"                        with open(target_file, ""wb"") as f:"
Lightning-AI/pytorch-lightning,src/lightning/app/utilities/load_app.py,155,open,NOT_EXPLICIT,False,Implicit Default,None,None,open_python_file,https://github.com/Lightning-AI/pytorch-lightning/blob/main/src/lightning/app/utilities/load_app.py#L155,"    return open(filename, encoding=""utf-8"")  # noqa: SIM115"
Lightning-AI/pytorch-lightning,src/lightning/app/utilities/packaging/app_config.py,40,open,NOT_EXPLICIT,False,Implicit Default,None,AppConfig,save_to_file,https://github.com/Lightning-AI/pytorch-lightning/blob/main/src/lightning/app/utilities/packaging/app_config.py#L40,"        with open(path, ""w"") as file:"
Lightning-AI/pytorch-lightning,src/lightning/app/utilities/packaging/app_config.py,50,open,NOT_EXPLICIT,False,Implicit Default,None,AppConfig,load_from_file,https://github.com/Lightning-AI/pytorch-lightning/blob/main/src/lightning/app/utilities/packaging/app_config.py#L50,        with open(path) as file:
Lightning-AI/pytorch-lightning,src/lightning/app/utilities/packaging/build_config.py,41,open,NOT_EXPLICIT,False,Implicit Default,None,None,load_requirements,https://github.com/Lightning-AI/pytorch-lightning/blob/main/src/lightning/app/utilities/packaging/build_config.py#L41,    with open(path) as file:
Lightning-AI/pytorch-lightning,src/lightning/app/utilities/packaging/build_config.py,191,open,NOT_EXPLICIT,False,Implicit Default,None,BuildConfig,_prepare_dockerfile,https://github.com/Lightning-AI/pytorch-lightning/blob/main/src/lightning/app/utilities/packaging/build_config.py#L191,                with open(path) as f:
Lightning-AI/pytorch-lightning,src/lightning/app/utilities/packaging/docker.py,66,open,NOT_EXPLICIT,False,Implicit Default,None,DockerRunner,_create_work_container,https://github.com/Lightning-AI/pytorch-lightning/blob/main/src/lightning/app/utilities/packaging/docker.py#L66,"        with open(work_destination_path, ""wb"") as f:"
Lightning-AI/pytorch-lightning,src/lightning/app/utilities/packaging/docker.py,70,open,NOT_EXPLICIT,False,Implicit Default,None,DockerRunner,_create_work_container,https://github.com/Lightning-AI/pytorch-lightning/blob/main/src/lightning/app/utilities/packaging/docker.py#L70,        with open(source_path) as f:
Lightning-AI/pytorch-lightning,src/lightning/app/utilities/packaging/docker.py,82,open,NOT_EXPLICIT,False,Implicit Default,None,DockerRunner,_create_work_container,https://github.com/Lightning-AI/pytorch-lightning/blob/main/src/lightning/app/utilities/packaging/docker.py#L82,"        with open(destination_path, ""w"") as f:"
Lightning-AI/pytorch-lightning,src/lightning/app/utilities/packaging/lightning_utils.py,68,open,NOT_EXPLICIT,False,Implicit Default,None,None,_prepare_wheel,https://github.com/Lightning-AI/pytorch-lightning/blob/main/src/lightning/app/utilities/packaging/lightning_utils.py#L68,"    with open(""log.txt"", ""w"") as logfile:"
Lightning-AI/pytorch-lightning,src/lightning/fabric/loggers/csv_logs.py,241,self._fs.open,NOT_EXPLICIT,False,Implicit Default,None,_ExperimentWriter,save,https://github.com/Lightning-AI/pytorch-lightning/blob/main/src/lightning/fabric/loggers/csv_logs.py#L241,"        with self._fs.open(self.metrics_file_path, mode=(""a"" if file_exists else ""w""), newline="""") as file:"
Lightning-AI/pytorch-lightning,src/lightning/fabric/loggers/csv_logs.py,259,self._fs.open,NOT_EXPLICIT,False,Implicit Default,None,_ExperimentWriter,_rewrite_with_new_header,https://github.com/Lightning-AI/pytorch-lightning/blob/main/src/lightning/fabric/loggers/csv_logs.py#L259,"        with self._fs.open(self.metrics_file_path, ""r"", newline="""") as file:"
Lightning-AI/pytorch-lightning,src/lightning/fabric/loggers/csv_logs.py,262,self._fs.open,NOT_EXPLICIT,False,Implicit Default,None,_ExperimentWriter,_rewrite_with_new_header,https://github.com/Lightning-AI/pytorch-lightning/blob/main/src/lightning/fabric/loggers/csv_logs.py#L262,"        with self._fs.open(self.metrics_file_path, ""w"", newline="""") as file:"
Lightning-AI/pytorch-lightning,src/lightning/fabric/plugins/environments/lsf.py,170,fs.open,NOT_EXPLICIT,False,Implicit Default,None,LSFEnvironment,_read_hosts,https://github.com/Lightning-AI/pytorch-lightning/blob/main/src/lightning/fabric/plugins/environments/lsf.py#L170,"        with fs.open(rankfile, ""r"") as f:"
Lightning-AI/pytorch-lightning,src/lightning/fabric/strategies/deepspeed.py,810,open,NOT_EXPLICIT,False,Implicit Default,None,DeepSpeedStrategy,_load_config,https://github.com/Lightning-AI/pytorch-lightning/blob/main/src/lightning/fabric/strategies/deepspeed.py#L810,            with open(config) as f:
Lightning-AI/pytorch-lightning,src/lightning/fabric/utilities/cloud_io.py,56,fs.open,NOT_EXPLICIT,False,Implicit Default,None,None,_load,https://github.com/Lightning-AI/pytorch-lightning/blob/main/src/lightning/fabric/utilities/cloud_io.py#L56,"    with fs.open(path_or_url, ""rb"") as f:"
Lightning-AI/pytorch-lightning,src/lightning/fabric/utilities/cloud_io.py,79,fsspec.open,NOT_EXPLICIT,False,Implicit Default,None,None,_atomic_save,https://github.com/Lightning-AI/pytorch-lightning/blob/main/src/lightning/fabric/utilities/cloud_io.py#L79,"    with fsspec.open(filepath, ""wb"") as f:"
Lightning-AI/pytorch-lightning,src/lightning/fabric/utilities/spike.py,126,open,NOT_EXPLICIT,False,Implicit Default,None,SpikeDetection,_handle_spike,https://github.com/Lightning-AI/pytorch-lightning/blob/main/src/lightning/fabric/utilities/spike.py#L126,"            with open(self.exclude_batches_path, ""w"") as f:"
Lightning-AI/pytorch-lightning,src/lightning/pytorch/callbacks/model_checkpoint.py,767,self._fs.open,NOT_EXPLICIT,False,Implicit Default,None,ModelCheckpoint,to_yaml,https://github.com/Lightning-AI/pytorch-lightning/blob/main/src/lightning/pytorch/callbacks/model_checkpoint.py#L767,"        with self._fs.open(filepath, ""w"") as fp:"
Lightning-AI/pytorch-lightning,src/lightning/pytorch/core/module.py,1480,fs.open,NOT_EXPLICIT,False,Implicit Default,None,LightningModule,to_torchscript,https://github.com/Lightning-AI/pytorch-lightning/blob/main/src/lightning/pytorch/core/module.py#L1480,"            with fs.open(file_path, ""wb"") as f:"
Lightning-AI/pytorch-lightning,src/lightning/pytorch/core/saving.py,263,fs.open,NOT_EXPLICIT,False,Implicit Default,None,None,load_hparams_from_tags_csv,https://github.com/Lightning-AI/pytorch-lightning/blob/main/src/lightning/pytorch/core/saving.py#L263,"    with fs.open(tags_csv, ""r"", newline="""") as fp:"
Lightning-AI/pytorch-lightning,src/lightning/pytorch/core/saving.py,276,fs.open,NOT_EXPLICIT,False,Implicit Default,None,None,save_hparams_to_tags_csv,https://github.com/Lightning-AI/pytorch-lightning/blob/main/src/lightning/pytorch/core/saving.py#L276,"    with fs.open(tags_csv, ""w"", newline="""") as fp:"
Lightning-AI/pytorch-lightning,src/lightning/pytorch/core/saving.py,306,fs.open,NOT_EXPLICIT,False,Implicit Default,None,None,load_hparams_from_yaml,https://github.com/Lightning-AI/pytorch-lightning/blob/main/src/lightning/pytorch/core/saving.py#L306,"    with fs.open(config_yaml, ""r"") as fp:"
Lightning-AI/pytorch-lightning,src/lightning/pytorch/core/saving.py,346,fs.open,NOT_EXPLICIT,False,Implicit Default,None,None,save_hparams_to_yaml,https://github.com/Lightning-AI/pytorch-lightning/blob/main/src/lightning/pytorch/core/saving.py#L346,"        with fs.open(config_yaml, ""w"", encoding=""utf-8"") as fp:"
Lightning-AI/pytorch-lightning,src/lightning/pytorch/core/saving.py,369,fs.open,NOT_EXPLICIT,False,Implicit Default,None,None,save_hparams_to_yaml,https://github.com/Lightning-AI/pytorch-lightning/blob/main/src/lightning/pytorch/core/saving.py#L369,"    with fs.open(config_yaml, ""w"", newline="""") as fp:"
Lightning-AI/pytorch-lightning,src/lightning/pytorch/demos/transformer.py,141,open,NOT_EXPLICIT,False,Implicit Default,None,WikiText2,download,https://github.com/Lightning-AI/pytorch-lightning/blob/main/src/lightning/pytorch/demos/transformer.py#L141,"        with open(destination, ""w"") as f:"
Lightning-AI/pytorch-lightning,src/lightning/pytorch/demos/transformer.py,165,open,NOT_EXPLICIT,False,Implicit Default,None,None,tokenize,https://github.com/Lightning-AI/pytorch-lightning/blob/main/src/lightning/pytorch/demos/transformer.py#L165,"    with open(path, encoding=""utf8"") as f:"
Lightning-AI/pytorch-lightning,src/lightning/pytorch/demos/transformer.py,172,open,NOT_EXPLICIT,False,Implicit Default,None,None,tokenize,https://github.com/Lightning-AI/pytorch-lightning/blob/main/src/lightning/pytorch/demos/transformer.py#L172,"    with open(path, encoding=""utf8"") as f:"
Lightning-AI/pytorch-lightning,src/lightning/pytorch/loggers/mlflow.py,365,open,NOT_EXPLICIT,False,Implicit Default,None,MLFlowLogger,_scan_and_log_checkpoints,https://github.com/Lightning-AI/pytorch-lightning/blob/main/src/lightning/pytorch/loggers/mlflow.py#L365,"                with open(f""{tmp_dir}/metadata.yaml"", ""w"") as tmp_file_metadata:"
Lightning-AI/pytorch-lightning,src/lightning/pytorch/loggers/mlflow.py,369,open,NOT_EXPLICIT,False,Implicit Default,None,MLFlowLogger,_scan_and_log_checkpoints,https://github.com/Lightning-AI/pytorch-lightning/blob/main/src/lightning/pytorch/loggers/mlflow.py#L369,"                with open(f""{tmp_dir}/aliases.txt"", ""w"") as tmp_file_aliases:"
Lightning-AI/pytorch-lightning,src/lightning/pytorch/loggers/neptune.py,519,open,NOT_EXPLICIT,False,Implicit Default,None,NeptuneLogger,after_save_checkpoint,https://github.com/Lightning-AI/pytorch-lightning/blob/main/src/lightning/pytorch/loggers/neptune.py#L519,"            with open(checkpoint_callback.last_model_path, ""rb"") as fp:"
Lightning-AI/pytorch-lightning,src/lightning/pytorch/loggers/neptune.py,535,open,NOT_EXPLICIT,False,Implicit Default,None,NeptuneLogger,after_save_checkpoint,https://github.com/Lightning-AI/pytorch-lightning/blob/main/src/lightning/pytorch/loggers/neptune.py#L535,"            with open(checkpoint_callback.best_model_path, ""rb"") as fp:"
Lightning-AI/pytorch-lightning,src/lightning/pytorch/profilers/profiler.py,99,fs.open,NOT_EXPLICIT,False,Implicit Default,None,Profiler,_prepare_streams,https://github.com/Lightning-AI/pytorch-lightning/blob/main/src/lightning/pytorch/profilers/profiler.py#L99,"            file = fs.open(filepath, ""a"")"
Lightning-AI/pytorch-lightning,src/lightning/pytorch/strategies/deepspeed.py,795,open,NOT_EXPLICIT,False,Implicit Default,None,DeepSpeedStrategy,_load_config,https://github.com/Lightning-AI/pytorch-lightning/blob/main/src/lightning/pytorch/strategies/deepspeed.py#L795,            with open(config) as f:
Lightning-AI/pytorch-lightning,src/lightning/pytorch/utilities/deepspeed.py,33,open,NOT_EXPLICIT,False,Implicit Default,None,None,ds_checkpoint_dir,https://github.com/Lightning-AI/pytorch-lightning/blob/main/src/lightning/pytorch/utilities/deepspeed.py#L33,            with open(latest_path) as fd:
Lightning-AI/pytorch-lightning,src/lightning/store/utils.py,26,open,NOT_EXPLICIT,False,Implicit Default,None,None,_upload_file_to_url,https://github.com/Lightning-AI/pytorch-lightning/blob/main/src/lightning/store/utils.py#L26,"        with open(path, ""rb"") as fd, tqdm("
Lightning-AI/pytorch-lightning,src/lightning/store/utils.py,37,open,NOT_EXPLICIT,False,Implicit Default,None,None,_upload_file_to_url,https://github.com/Lightning-AI/pytorch-lightning/blob/main/src/lightning/store/utils.py#L37,"        with open(path, ""rb"") as fo:"
Lightning-AI/pytorch-lightning,src/lightning/store/utils.py,55,open,NOT_EXPLICIT,False,Implicit Default,None,None,_download_file_from_url,https://github.com/Lightning-AI/pytorch-lightning/blob/main/src/lightning/store/utils.py#L55,"        with open(path, ""wb"") as f:"
Lightning-AI/pytorch-lightning,src/lightning_app/__setup__.py,61,open,NOT_EXPLICIT,False,Implicit Default,None,None,_setup_args,https://github.com/Lightning-AI/pytorch-lightning/blob/main/src/lightning_app/__setup__.py#L61,"        with open(ui_ver_file, encoding=""utf-8"") as fo:"
Lightning-AI/pytorch-lightning,src/lightning_app/__version__.py,8,open,NOT_EXPLICIT,False,Implicit Default,None,None,global,https://github.com/Lightning-AI/pytorch-lightning/blob/main/src/lightning_app/__version__.py#L8,"with open(_VERSION_PATH, encoding=""utf-8"") as fo:"
Lightning-AI/pytorch-lightning,src/lightning_fabric/__version__.py,8,open,NOT_EXPLICIT,False,Implicit Default,None,None,global,https://github.com/Lightning-AI/pytorch-lightning/blob/main/src/lightning_fabric/__version__.py#L8,"with open(_VERSION_PATH, encoding=""utf-8"") as fo:"
Lightning-AI/pytorch-lightning,src/pytorch_lightning/__version__.py,8,open,NOT_EXPLICIT,False,Implicit Default,None,None,global,https://github.com/Lightning-AI/pytorch-lightning/blob/main/src/pytorch_lightning/__version__.py#L8,"with open(_VERSION_PATH, encoding=""utf-8"") as fo:"
Lightning-AI/pytorch-lightning,tests/integrations_app/apps/idle_timeout/app.py,17,open,NOT_EXPLICIT,False,Implicit Default,None,SourceFileWriterWork,run,https://github.com/Lightning-AI/pytorch-lightning/blob/main/tests/integrations_app/apps/idle_timeout/app.py#L17,"        with open(self.path, ""w"") as f:"
Lightning-AI/pytorch-lightning,tests/tests_app/utilities/testdata/safe_pickle_app.py,17,open,NOT_EXPLICIT,False,Implicit Default,None,SelfPicklingWork,run,https://github.com/Lightning-AI/pytorch-lightning/blob/main/tests/tests_app/utilities/testdata/safe_pickle_app.py#L17,"        with open(""work.pkl"", ""wb"") as f:"
Lightning-AI/pytorch-lightning,tests/tests_app/utilities/testdata/safe_pickle_app.py,26,open,NOT_EXPLICIT,False,Implicit Default,None,WorkThatLoadsPickledWork,run,https://github.com/Lightning-AI/pytorch-lightning/blob/main/tests/tests_app/utilities/testdata/safe_pickle_app.py#L26,"        with open(""work.pkl"", ""rb"") as f:"
Lightning-AI/pytorch-lightning,tests/tests_app/utilities/testdata/safe_pickle_app.py,48,open,NOT_EXPLICIT,False,Implicit Default,None,RootFlow,run,https://github.com/Lightning-AI/pytorch-lightning/blob/main/tests/tests_app/utilities/testdata/safe_pickle_app.py#L48,"        with open(""script_that_loads_pickled_work.py"", ""w"") as f:"
pytorch/torchtitan,.github/scripts/todo_debt_tracker.py,249,open,NOT_EXPLICIT,False,Implicit Default,None,None,scan_file_for_todos,https://github.com/pytorch/torchtitan/blob/main/.github/scripts/todo_debt_tracker.py#L249,"        with open(file_path, ""r"", encoding=""utf-8"") as f:"
pytorch/torchtitan,.github/scripts/todo_debt_tracker.py,459,open,NOT_EXPLICIT,False,Implicit Default,None,None,main,https://github.com/pytorch/torchtitan/blob/main/.github/scripts/todo_debt_tracker.py#L459,"        with open(summary_path, ""a"") as f:"
pytorch/torchtitan,agent_tooling/numerics_debugging/activation_tracer.py,473,open,NOT_EXPLICIT,False,Implicit Default,None,None,dump_captures_to_file,https://github.com/pytorch/torchtitan/blob/main/agent_tooling/numerics_debugging/activation_tracer.py#L473,"    with open(filepath, ""w"") as f:"
pytorch/torchtitan,agent_tooling/numerics_debugging/compare_numerics.py,110,open,NOT_EXPLICIT,False,Implicit Default,None,None,parse_log,https://github.com/pytorch/torchtitan/blob/main/agent_tooling/numerics_debugging/compare_numerics.py#L110,    with open(path) as f:
pytorch/torchtitan,agent_tooling/numerics_debugging/compare_numerics.py,1121,open,NOT_EXPLICIT,False,Implicit Default,None,None,main,https://github.com/pytorch/torchtitan/blob/main/agent_tooling/numerics_debugging/compare_numerics.py#L1121,        with open(args.override) as f:
pytorch/torchtitan,agent_tooling/numerics_debugging/compare_numerics.py,1145,open,NOT_EXPLICIT,False,Implicit Default,None,None,main,https://github.com/pytorch/torchtitan/blob/main/agent_tooling/numerics_debugging/compare_numerics.py#L1145,"    with open(args.output, ""w"") as f:"
pytorch/torchtitan,scripts/checkpoint_compat_test.py,76,open,NOT_EXPLICIT,False,Implicit Default,None,None,run_cmd,https://github.com/pytorch/torchtitan/blob/main/scripts/checkpoint_compat_test.py#L76,"    with open(logfile, ""w"") as f:"
pytorch/torchtitan,scripts/checkpoint_conversion/numerical_tests_qwen3_5_shard.py,137,open,NOT_EXPLICIT,False,Implicit Default,None,None,run_worker,https://github.com/pytorch/torchtitan/blob/main/scripts/checkpoint_conversion/numerical_tests_qwen3_5_shard.py#L137,"        with open(args.output, ""w"") as f:"
pytorch/torchtitan,scripts/checkpoint_conversion/numerical_tests_qwen3_5_shard.py,175,open,NOT_EXPLICIT,False,Implicit Default,None,None,main,https://github.com/pytorch/torchtitan/blob/main/scripts/checkpoint_conversion/numerical_tests_qwen3_5_shard.py#L175,            with open(outfile) as f:
pytorch/torchtitan,scripts/loss_compare.py,123,open,NOT_EXPLICIT,False,Implicit Default,None,None,run_with_realtime_output,https://github.com/pytorch/torchtitan/blob/main/scripts/loss_compare.py#L123,"    with open(logfile, ""w"") as log_f:"
pytorch/torchtitan,scripts/loss_compare.py,206,open,NOT_EXPLICIT,False,Implicit Default,None,None,log_and_save,https://github.com/pytorch/torchtitan/blob/main/scripts/loss_compare.py#L206,"        with open(stats_file, ""a"") as f:"
pytorch/torchtitan,scripts/loss_compare.py,574,open,NOT_EXPLICIT,False,Implicit Default,None,None,read_losses_from_file,https://github.com/pytorch/torchtitan/blob/main/scripts/loss_compare.py#L574,"    with open(loss_file, ""r"") as f:"
pytorch/torchtitan,scripts/loss_compare.py,593,open,NOT_EXPLICIT,False,Implicit Default,None,None,export_losses_to_file,https://github.com/pytorch/torchtitan/blob/main/scripts/loss_compare.py#L593,"    with open(export_path, ""w"") as f:"
pytorch/torchtitan,tests/assets/cc12m_test/pack_test_dataset.py,35,open,NOT_EXPLICIT,False,Implicit Default,None,None,pack_wds_dataset,https://github.com/pytorch/torchtitan/blob/main/tests/assets/cc12m_test/pack_test_dataset.py#L35,"                key = json.loads(open(json_path, ""r"").read())[""key""]"
pytorch/torchtitan,tests/assets/cc12m_test/pack_test_dataset.py,39,open,NOT_EXPLICIT,False,Implicit Default,None,None,pack_wds_dataset,https://github.com/pytorch/torchtitan/blob/main/tests/assets/cc12m_test/pack_test_dataset.py#L39,"                with open(img_path, ""rb"") as img_file, open("
pytorch/torchtitan,tests/assets/cc12m_test/pack_test_dataset.py,39,open,NOT_EXPLICIT,False,Implicit Default,None,None,pack_wds_dataset,https://github.com/pytorch/torchtitan/blob/main/tests/assets/cc12m_test/pack_test_dataset.py#L39,"                with open(img_path, ""rb"") as img_file, open(                     txt_path, ""r""                 ) as txt_file, open(json_path, ""r"") as json_file:"
pytorch/torchtitan,tests/assets/cc12m_test/pack_test_dataset.py,41,open,NOT_EXPLICIT,False,Implicit Default,None,None,pack_wds_dataset,https://github.com/pytorch/torchtitan/blob/main/tests/assets/cc12m_test/pack_test_dataset.py#L41,"                ) as txt_file, open(json_path, ""r"") as json_file:"
pytorch/torchtitan,torchtitan/components/tokenizer.py,157,open,NOT_EXPLICIT,False,Implicit Default,None,HuggingFaceTokenizer,__init__,https://github.com/pytorch/torchtitan/blob/main/torchtitan/components/tokenizer.py#L157,                with open(jinja_path) as f:
pytorch/torchtitan,torchtitan/components/tokenizer.py,165,open,NOT_EXPLICIT,False,Implicit Default,None,HuggingFaceTokenizer,_load_config,https://github.com/pytorch/torchtitan/blob/main/torchtitan/components/tokenizer.py#L165,"            with open(config_path, ""r"") as f:"
pytorch/torchtitan,torchtitan/components/tokenizer.py,198,open,NOT_EXPLICIT,False,Implicit Default,None,HuggingFaceTokenizer,_load_tokenizer_from_path,https://github.com/pytorch/torchtitan/blob/main/torchtitan/components/tokenizer.py#L198,"                with open(vocab_json_path, ""r"") as f:"
pytorch/torchtitan,torchtitan/components/tokenizer.py,204,open,NOT_EXPLICIT,False,Implicit Default,None,HuggingFaceTokenizer,_load_tokenizer_from_path,https://github.com/pytorch/torchtitan/blob/main/torchtitan/components/tokenizer.py#L204,"                with open(vocab_txt_path, ""r"") as f:"
pytorch/torchtitan,torchtitan/components/tokenizer.py,219,open,NOT_EXPLICIT,False,Implicit Default,None,HuggingFaceTokenizer,_load_tokenizer_from_path,https://github.com/pytorch/torchtitan/blob/main/torchtitan/components/tokenizer.py#L219,"                with open(merges_txt_path, ""r"") as f:"
pytorch/torchtitan,torchtitan/models/flux/inference/infer.py,26,open,NOT_EXPLICIT,False,Implicit Default,None,None,inference,https://github.com/pytorch/torchtitan/blob/main/torchtitan/models/flux/inference/infer.py#L26,    original_prompts = open(config.inference.prompts_path).readlines()
pytorch/torchtitan,torchtitan/models/flux/model/state_dict_adapter.py,48,open,NOT_EXPLICIT,False,Implicit Default,None,FluxStateDictAdapter,__init__,https://github.com/pytorch/torchtitan/blob/main/torchtitan/models/flux/model/state_dict_adapter.py#L48,"                    with open(mapping_path, ""r"") as f:"
pytorch/torchtitan,torchtitan/observability/structured_logger/gantt_generator.py,84,open,NOT_EXPLICIT,False,Implicit Default,None,None,generate_gantt_trace,https://github.com/pytorch/torchtitan/blob/main/torchtitan/observability/structured_logger/gantt_generator.py#L84,"    with open(output_path, ""w"") as f:"
pytorch/torchtitan,torchtitan/observability/structured_logger/gantt_generator.py,228,open,NOT_EXPLICIT,False,Implicit Default,None,None,load_all_records,https://github.com/pytorch/torchtitan/blob/main/torchtitan/observability/structured_logger/gantt_generator.py#L228,        with open(path) as f:
pytorch/torchtitan,torchtitan/protocols/state_dict_adapter.py,93,open,NOT_EXPLICIT,False,Implicit Default,None,StateDictAdapter,__init__,https://github.com/pytorch/torchtitan/blob/main/torchtitan/protocols/state_dict_adapter.py#L93,"                with open(mapping_path, ""r"") as f:"
pytorch/torchtitan,torchtitan/tools/profiler.py,91,open,NOT_EXPLICIT,False,Implicit Default,None,MemoryProfiler,step,https://github.com/pytorch/torchtitan/blob/main/torchtitan/tools/profiler.py#L91,"        with open(output_file, ""wb"") as output:"
pytorch/torchtitan,torchtitan/trainer.py,246,open,NOT_EXPLICIT,False,Implicit Default,None,Config,maybe_log,https://github.com/pytorch/torchtitan/blob/main/torchtitan/trainer.py#L246,"                        with open(config_file, ""w"") as f:"
ray-project/ray,.buildkite/copy_files.py,92,open,NOT_EXPLICIT,False,Implicit Default,None,None,upload_paths,https://github.com/ray-project/ray/blob/master/.buildkite/copy_files.py#L92,"        of[""file""] = open(path, ""rb"")"
ray-project/ray,bazel/pyzip.py,39,open,NOT_EXPLICIT,False,Implicit Default,None,None,zip_dir,https://github.com/ray-project/ray/blob/master/bazel/pyzip.py#L39,"                with open(file_path, ""rb"") as f:"
ray-project/ray,ci/fossa/ray_oss_analysis.py,375,open,NOT_EXPLICIT,False,Implicit Default,None,None,_generate_fossa_deps_file,https://github.com/ray-project/ray/blob/master/ci/fossa/ray_oss_analysis.py#L375,"    with open(os.path.join(output_folder, ""fossa_deps.yaml""), ""w"") as file:"
ray-project/ray,ci/fossa/ray_oss_analysis.py,438,open,NOT_EXPLICIT,False,Implicit Default,None,None,global,https://github.com/ray-project/ray/blob/master/ci/fossa/ray_oss_analysis.py#L438,"    with open(os.path.join(args.output, ""askalono_results.json""), ""w"") as file:"
ray-project/ray,ci/lint/check_cpp_files_inclusion.py,19,open,NOT_EXPLICIT,False,Implicit Default,None,None,check_ray_core_inclusion,https://github.com/ray-project/ray/blob/master/ci/lint/check_cpp_files_inclusion.py#L19,"    with open(fname, ""r"") as file:"
ray-project/ray,ci/lint/clang-tidy-diff.py,95,open,NOT_EXPLICIT,False,Implicit Default,None,None,merge_replacement_files,https://github.com/ray-project/ray/blob/master/ci/lint/clang-tidy-diff.py#L95,"        content = yaml.safe_load(open(replacefile, ""r""))"
ray-project/ray,ci/lint/clang-tidy-diff.py,106,open,NOT_EXPLICIT,False,Implicit Default,None,None,merge_replacement_files,https://github.com/ray-project/ray/blob/master/ci/lint/clang-tidy-diff.py#L106,"        with open(mergefile, ""w"") as out:"
ray-project/ray,ci/lint/clang-tidy-diff.py,110,open,NOT_EXPLICIT,False,Implicit Default,None,None,merge_replacement_files,https://github.com/ray-project/ray/blob/master/ci/lint/clang-tidy-diff.py#L110,"        open(mergefile, ""w"").close()"
ray-project/ray,ci/lint/pytest_checker.py,102,open,NOT_EXPLICIT,False,Implicit Default,None,None,main,https://github.com/ray-project/ray/blob/master/ci/lint/pytest_checker.py#L102,"            with open(path, ""r"") as f:"
ray-project/ray,ci/pipeline/determine_tests_to_run.py,212,open,NOT_EXPLICIT,False,Implicit Default,None,None,global,https://github.com/ray-project/ray/blob/master/ci/pipeline/determine_tests_to_run.py#L212,        with open(config) as f:
ray-project/ray,ci/ray_ci/automation/docker_tags_lib.py,553,open,NOT_EXPLICIT,False,Implicit Default,None,None,_write_to_file,https://github.com/ray-project/ray/blob/master/ci/ray_ci/automation/docker_tags_lib.py#L553,"    with open(file_path, ""w"") as f:"
ray-project/ray,ci/ray_ci/automation/get_contributors.py,90,open,NOT_EXPLICIT,False,Implicit Default,None,None,run,https://github.com/ray-project/ray/blob/master/ci/ray_ci/automation/get_contributors.py#L90,"    with open(team_output_file, ""w"") as file:"
ray-project/ray,ci/ray_ci/automation/push_ray_image.py,257,open,NOT_EXPLICIT,False,Implicit Default,None,None,_export_pip_freeze,https://github.com/ray-project/ray/blob/master/ci/ray_ci/automation/push_ray_image.py#L257,"        with open(dest, ""wb"") as f:"
ray-project/ray,ci/ray_ci/automation/update_version_lib.py,72,open,NOT_EXPLICIT,False,Implicit Default,None,None,replace_version_in_file,https://github.com/ray-project/ray/blob/master/ci/ray_ci/automation/update_version_lib.py#L72,"        with open(abs_file_path, ""r"") as f:"
ray-project/ray,ci/ray_ci/automation/update_version_lib.py,75,open,NOT_EXPLICIT,False,Implicit Default,None,None,replace_version_in_file,https://github.com/ray-project/ray/blob/master/ci/ray_ci/automation/update_version_lib.py#L75,"        with open(abs_file_path, ""w"") as f:"
ray-project/ray,ci/ray_ci/doc/autodoc.py,130,open,NOT_EXPLICIT,False,Implicit Default,None,Autodoc,_get_autodoc_rsts_in_file,https://github.com/ray-project/ray/blob/master/ci/ray_ci/doc/autodoc.py#L130,"        with open(rst_file, ""r"") as f:"
ray-project/ray,ci/ray_ci/doc/autodoc.py,200,open,NOT_EXPLICIT,False,Implicit Default,None,Autodoc,_parse_autodoc_rst,https://github.com/ray-project/ray/blob/master/ci/ray_ci/doc/autodoc.py#L200,"        with open(rst_file, ""r"") as f:"
ray-project/ray,ci/ray_ci/doc/cmd_check_api_param_coverage.py,115,open,NOT_EXPLICIT,False,Implicit Default,None,None,_iter_source_files,https://github.com/ray-project/ray/blob/master/ci/ray_ci/doc/cmd_check_api_param_coverage.py#L115,"                with open(abspath, encoding=""utf-8"") as f:"
ray-project/ray,ci/ray_ci/doc/massage_cache.py,19,open,NOT_EXPLICIT,False,Implicit Default,None,None,strip_local_dependencies,https://github.com/ray-project/ray/blob/master/ci/ray_ci/doc/massage_cache.py#L19,"    with open(environment_cache_path, ""rb"") as f:"
ray-project/ray,ci/ray_ci/doc/massage_cache.py,29,open,NOT_EXPLICIT,False,Implicit Default,None,None,strip_local_dependencies,https://github.com/ray-project/ray/blob/master/ci/ray_ci/doc/massage_cache.py#L29,"    with open(environment_cache_path, ""wb"") as f:"
ray-project/ray,ci/ray_ci/tester.py,486,open,NOT_EXPLICIT,False,Implicit Default,None,None,_get_flaky_test_targets,https://github.com/ray-project/ray/blob/master/ci/ray_ci/tester.py#L486,"        with open(yaml_flaky_file, ""rb"") as f:"
ray-project/ray,ci/ray_ci/tester_container.py,199,open,NOT_EXPLICIT,False,Implicit Default,None,TesterContainer,get_test_and_results,https://github.com/ray-project/ray/blob/master/ci/ray_ci/tester_container.py#L199,"            with open(file, ""rb"") as f:"
ray-project/ray,ci/raydepsets/cli.py,486,open,NOT_EXPLICIT,False,Implicit Default,None,DependencySetManager,read_lock_file,https://github.com/ray-project/ray/blob/master/ci/raydepsets/cli.py#L486,"        with open(file_path, ""r"") as f:"
ray-project/ray,ci/raydepsets/cli.py,580,open,NOT_EXPLICIT,False,Implicit Default,None,None,write_lock_file,https://github.com/ray-project/ray/blob/master/ci/raydepsets/cli.py#L580,"    with open(lock_file_path, ""w"") as f:"
ray-project/ray,ci/raydepsets/tests/utils.py,26,open,NOT_EXPLICIT,False,Implicit Default,None,None,replace_in_file,https://github.com/ray-project/ray/blob/master/ci/raydepsets/tests/utils.py#L26,"    with open(filepath, ""r"") as f:"
ray-project/ray,ci/raydepsets/tests/utils.py,31,open,NOT_EXPLICIT,False,Implicit Default,None,None,replace_in_file,https://github.com/ray-project/ray/blob/master/ci/raydepsets/tests/utils.py#L31,"    with open(filepath, ""w"") as f:"
ray-project/ray,ci/raydepsets/tests/utils.py,36,open,NOT_EXPLICIT,False,Implicit Default,None,None,save_packages_to_file,https://github.com/ray-project/ray/blob/master/ci/raydepsets/tests/utils.py#L36,"    with open(filepath, ""w"") as f:"
ray-project/ray,ci/raydepsets/tests/utils.py,42,open,NOT_EXPLICIT,False,Implicit Default,None,None,save_file_as,https://github.com/ray-project/ray/blob/master/ci/raydepsets/tests/utils.py#L42,"    with open(input_file, ""rb"") as f:"
ray-project/ray,ci/raydepsets/tests/utils.py,44,open,NOT_EXPLICIT,False,Implicit Default,None,None,save_file_as,https://github.com/ray-project/ray/blob/master/ci/raydepsets/tests/utils.py#L44,"    with open(output_file, ""wb"") as f:"
ray-project/ray,ci/raydepsets/tests/utils.py,49,open,NOT_EXPLICIT,False,Implicit Default,None,None,append_to_file,https://github.com/ray-project/ray/blob/master/ci/raydepsets/tests/utils.py#L49,"    with open(filepath, ""a"") as f:"
ray-project/ray,ci/raydepsets/tests/utils.py,65,open,NOT_EXPLICIT,False,Implicit Default,None,None,write_to_config_file,https://github.com/ray-project/ray/blob/master/ci/raydepsets/tests/utils.py#L65,"    with open(Path(tmpdir) / config_name, ""w"") as f:"
ray-project/ray,ci/raydepsets/workspace.py,123,open,NOT_EXPLICIT,False,Implicit Default,None,Workspace,load_config,https://github.com/ray-project/ray/blob/master/ci/raydepsets/workspace.py#L123,"        with open(os.path.join(self.dir, config_path), ""r"") as f:"
ray-project/ray,doc/.claude/skills/ray-soft-wrap/scripts/softwrap.py,419,open,NOT_EXPLICIT,False,Implicit Default,None,None,main,https://github.com/ray-project/ray/blob/master/doc/.claude/skills/ray-soft-wrap/scripts/softwrap.py#L419,"        original = open(path, encoding=""utf-8"").read()"
ray-project/ray,doc/.claude/skills/ray-soft-wrap/scripts/softwrap.py,428,open,NOT_EXPLICIT,False,Implicit Default,None,None,main,https://github.com/ray-project/ray/blob/master/doc/.claude/skills/ray-soft-wrap/scripts/softwrap.py#L428,"            open(path, ""w"", encoding=""utf-8"").write(new)"
ray-project/ray,doc/.claude/skills/ray-soft-wrap/scripts/verify.py,72,open,NOT_EXPLICIT,False,Implicit Default,None,None,get_reference,https://github.com/ray-project/ray/blob/master/doc/.claude/skills/ray-soft-wrap/scripts/verify.py#L72,"        return open(cand, encoding=""utf-8"").read(), None"
ray-project/ray,doc/.claude/skills/ray-soft-wrap/scripts/verify.py,119,open,NOT_EXPLICIT,False,Implicit Default,None,None,main,https://github.com/ray-project/ray/blob/master/doc/.claude/skills/ray-soft-wrap/scripts/verify.py#L119,"        work = open(path, encoding=""utf-8"").read()"
ray-project/ray,doc/load_doc_cache.py,69,open,NOT_EXPLICIT,False,Implicit Default,None,None,fetch_cache,https://github.com/ray-project/ray/blob/master/doc/load_doc_cache.py#L69,"        with open(target_file_path, ""wb"") as f:"
ray-project/ray,doc/load_doc_cache.py,155,open,NOT_EXPLICIT,False,Implicit Default,None,None,main,https://github.com/ray-project/ray/blob/master/doc/load_doc_cache.py#L155,"    with open(         f""{ray_dir}/{PENDING_FILES_PATH}"", ""w""     ) as f:  # Save to file to be used when updating cache environment"
ray-project/ray,doc/source/_ext/api_sidebar.py,131,open,NOT_EXPLICIT,False,Implicit Default,None,None,_render_and_write,https://github.com/ray-project/ray/blob/master/doc/source/_ext/api_sidebar.py#L131,"    with open(os.path.join(static_dir, NAV_FILENAME), ""w"", encoding=""utf-8"") as fh:"
ray-project/ray,doc/source/cluster/doc_code/slurm-launch.py,81,open,NOT_EXPLICIT,False,Implicit Default,None,None,global,https://github.com/ray-project/ray/blob/master/doc/source/cluster/doc_code/slurm-launch.py#L81,"    with open(template_file, ""r"") as f:"
ray-project/ray,doc/source/cluster/doc_code/slurm-launch.py,98,open,NOT_EXPLICIT,False,Implicit Default,None,None,global,https://github.com/ray-project/ray/blob/master/doc/source/cluster/doc_code/slurm-launch.py#L98,"    with open(script_file, ""w"") as f:"
ray-project/ray,doc/source/conf.py,491,open,NOT_EXPLICIT,False,Implicit Default,None,None,render_svg_logo,https://github.com/ray-project/ray/blob/master/doc/source/conf.py#L491,"    with open(pathlib.Path(__file__).parent / path, ""r"") as f:"
ray-project/ray,doc/source/custom_directives.py,154,open,NOT_EXPLICIT,False,Implicit Default,None,DownloadAndPreprocessEcosystemDocs,save_original_doc,https://github.com/ray-project/ray/blob/master/doc/source/custom_directives.py#L154,"        with open(path, ""r"") as f:"
ray-project/ray,doc/source/custom_directives.py,173,open,NOT_EXPLICIT,False,Implicit Default,None,DownloadAndPreprocessEcosystemDocs,write_original_docs,https://github.com/ray-project/ray/blob/master/doc/source/custom_directives.py#L173,"            with open(path, ""w"") as f:"
ray-project/ray,doc/source/custom_directives.py,262,open,NOT_EXPLICIT,False,Implicit Default,None,None,parse_navbar_config,https://github.com/ray-project/ray/blob/master/doc/source/custom_directives.py#L262,"        with open(pathlib.Path(__file__).parent / filename, ""r"") as f:"
ray-project/ray,doc/source/custom_directives.py,812,open,NOT_EXPLICIT,False,Implicit Default,None,ExampleConfig,__init__,https://github.com/ray-project/ray/blob/master/doc/source/custom_directives.py#L812,"        with open(path, ""r"") as f:"
ray-project/ray,doc/source/custom_directives.py,1467,open,NOT_EXPLICIT,False,Implicit Default,None,None,pregenerate_example_rsts,https://github.com/ray-project/ray/blob/master/doc/source/custom_directives.py#L1467,"        with open(config_path.with_suffix("".rst""), ""w"") as f:"
ray-project/ray,doc/source/custom_directives.py,1528,open,NOT_EXPLICIT,False,Implicit Default,None,None,generate_versions_json,https://github.com/ray-project/ray/blob/master/doc/source/custom_directives.py#L1528,"    with open(output_path, ""w"") as f:"
ray-project/ray,doc/source/data/doc_code/working-with-llms/omni_audio_example.py,139,open,NOT_EXPLICIT,False,Implicit Default,None,None,load_audio_dataset,https://github.com/ray-project/ray/blob/master/doc/source/data/doc_code/working-with-llms/omni_audio_example.py#L139,"            with open(audio_path, ""rb"") as f:"
ray-project/ray,doc/source/llm/doc_code/serve/custom_vllm/custom_vllm_yaml_config_example.py,24,open,NOT_EXPLICIT,False,Implicit Default,None,None,global,https://github.com/ray-project/ray/blob/master/doc/source/llm/doc_code/serve/custom_vllm/custom_vllm_yaml_config_example.py#L24,"with open(config_path, ""r"") as f:"
ray-project/ray,doc/source/llm/doc_code/serve/direct_streaming/direct_streaming_yaml_config_example.py,27,open,NOT_EXPLICIT,False,Implicit Default,None,None,global,https://github.com/ray-project/ray/blob/master/doc/source/llm/doc_code/serve/direct_streaming/direct_streaming_yaml_config_example.py#L27,"with open(config_path, ""r"") as f:"
ray-project/ray,doc/source/llm/doc_code/serve/qwen/llm_yaml_config_example.py,20,open,NOT_EXPLICIT,False,Implicit Default,None,None,global,https://github.com/ray-project/ray/blob/master/doc/source/llm/doc_code/serve/qwen/llm_yaml_config_example.py#L20,"with open(config_path, ""r"") as f:"
ray-project/ray,doc/source/llm/doc_code/serve/transcription/transcription_example.py,82,open,NOT_EXPLICIT,False,Implicit Default,None,None,global,https://github.com/ray-project/ray/blob/master/doc/source/llm/doc_code/serve/transcription/transcription_example.py#L82,"with open(""audio.wav"", ""wb"") as f:"
ray-project/ray,doc/source/llm/doc_code/serve/transcription/transcription_example.py,87,open,NOT_EXPLICIT,False,Implicit Default,None,None,global,https://github.com/ray-project/ray/blob/master/doc/source/llm/doc_code/serve/transcription/transcription_example.py#L87,"with open(""audio.wav"", ""rb"") as f:"
ray-project/ray,doc/source/preprocess_github_markdown.py,23,open,NOT_EXPLICIT,False,Implicit Default,None,None,preprocess_github_markdown_file,https://github.com/ray-project/ray/blob/master/doc/source/preprocess_github_markdown.py#L23,"    with open(source_path, ""r"") as f:"
ray-project/ray,doc/source/preprocess_github_markdown.py,34,open,NOT_EXPLICIT,False,Implicit Default,None,None,preprocess_github_markdown_file,https://github.com/ray-project/ray/blob/master/doc/source/preprocess_github_markdown.py#L34,"    with open(dest_path, ""w"") as f:"
ray-project/ray,doc/source/ray-core/doc_code/actor_checkpointing.py,68,open,NOT_EXPLICIT,False,Implicit Default,None,ImmortalActor,__init__,https://github.com/ray-project/ray/blob/master/doc/source/ray-core/doc_code/actor_checkpointing.py#L68,"            with open(self.checkpoint_file, ""r"") as f:"
ray-project/ray,doc/source/ray-core/doc_code/actor_checkpointing.py,82,open,NOT_EXPLICIT,False,Implicit Default,None,ImmortalActor,update,https://github.com/ray-project/ray/blob/master/doc/source/ray-core/doc_code/actor_checkpointing.py#L82,"        with open(self.checkpoint_file, ""w"") as f:"
ray-project/ray,doc/source/serve/doc_code/aws_neuron_core_inference_serve_stable_diffusion.py,69,open,NOT_EXPLICIT,False,Implicit Default,None,None,global,https://github.com/ray-project/ray/blob/master/doc/source/serve/doc_code/aws_neuron_core_inference_serve_stable_diffusion.py#L69,"    with open(""output.png"", ""wb"") as f:"
ray-project/ray,doc/source/serve/doc_code/object_detection.py,65,open,NOT_EXPLICIT,False,Implicit Default,None,None,global,https://github.com/ray-project/ray/blob/master/doc/source/serve/doc_code/object_detection.py#L65,"    with open(""output.jpeg"", ""wb"") as f:"
ray-project/ray,doc/source/serve/doc_code/stable_diffusion.py,84,open,NOT_EXPLICIT,False,Implicit Default,None,None,global,https://github.com/ray-project/ray/blob/master/doc/source/serve/doc_code/stable_diffusion.py#L84,"    with open(""output.png"", ""wb"") as f:"
ray-project/ray,doc/source/serve/doc_code/tutorial_sklearn.py,47,open,NOT_EXPLICIT,False,Implicit Default,None,None,global,https://github.com/ray-project/ray/blob/master/doc/source/serve/doc_code/tutorial_sklearn.py#L47,"with open(MODEL_PATH, ""wb"") as f:"
ray-project/ray,doc/source/serve/doc_code/tutorial_sklearn.py,49,open,NOT_EXPLICIT,False,Implicit Default,None,None,global,https://github.com/ray-project/ray/blob/master/doc/source/serve/doc_code/tutorial_sklearn.py#L49,"with open(LABEL_PATH, ""w"") as f:"
ray-project/ray,doc/source/serve/doc_code/tutorial_sklearn.py,58,open,NOT_EXPLICIT,False,Implicit Default,None,BoostingModel,__init__,https://github.com/ray-project/ray/blob/master/doc/source/serve/doc_code/tutorial_sklearn.py#L58,"        with open(model_path, ""rb"") as f:"
ray-project/ray,doc/source/serve/doc_code/tutorial_sklearn.py,60,open,NOT_EXPLICIT,False,Implicit Default,None,BoostingModel,__init__,https://github.com/ray-project/ray/blob/master/doc/source/serve/doc_code/tutorial_sklearn.py#L60,        with open(label_path) as f:
ray-project/ray,doc/source/serve/tutorials/video-analysis/ci/nb2py.py,12,open,NOT_EXPLICIT,False,Implicit Default,None,None,convert_notebook,https://github.com/ray-project/ray/blob/master/doc/source/serve/tutorials/video-analysis/ci/nb2py.py#L12,"    with open(output_path, ""w"") as out:"
ray-project/ray,doc/source/serve/tutorials/video-analysis/client/load_test.py,275,open,NOT_EXPLICIT,False,Implicit Default,None,LoadTester,save_results,https://github.com/ray-project/ray/blob/master/doc/source/serve/tutorials/video-analysis/client/load_test.py#L275,"        with open(output_path, ""w"", newline="""") as f:"
ray-project/ray,doc/source/serve/tutorials/video-analysis/scripts/download_stock_videos.py,152,open,NOT_EXPLICIT,False,Implicit Default,None,None,download_video,https://github.com/ray-project/ray/blob/master/doc/source/serve/tutorials/video-analysis/scripts/download_stock_videos.py#L152,"            with open(dest_path, ""wb"") as f:"
ray-project/ray,doc/source/serve/tutorials/video-analysis/scripts/download_stock_videos.py,533,open,NOT_EXPLICIT,False,Implicit Default,None,None,download_sample_videos,https://github.com/ray-project/ray/blob/master/doc/source/serve/tutorials/video-analysis/scripts/download_stock_videos.py#L533,"    with open(manifest_path, ""w"") as f:"
ray-project/ray,doc/source/templates/03_serving_stable_diffusion/query.py,14,open,NOT_EXPLICIT,False,Implicit Default,None,None,global,https://github.com/ray-project/ray/blob/master/doc/source/templates/03_serving_stable_diffusion/query.py#L14,"with open(filename, ""wb"") as f:"
ray-project/ray,doc/source/templates/04_finetuning_llms_with_deepspeed/create_dataset.py,14,open,NOT_EXPLICIT,False,Implicit Default,None,None,main,https://github.com/ray-project/ray/blob/master/doc/source/templates/04_finetuning_llms_with_deepspeed/create_dataset.py#L14,"    with open(""data/tokens.json"", ""w"") as f:"
ray-project/ray,doc/source/templates/04_finetuning_llms_with_deepspeed/create_dataset.py,20,open,NOT_EXPLICIT,False,Implicit Default,None,None,main,https://github.com/ray-project/ray/blob/master/doc/source/templates/04_finetuning_llms_with_deepspeed/create_dataset.py#L20,"        with open(f""data/{key}.jsonl"", ""w"") as f:"
ray-project/ray,doc/source/templates/04_finetuning_llms_with_deepspeed/create_job_yaml.py,47,open,NOT_EXPLICIT,False,Implicit Default,None,None,main,https://github.com/ray-project/ray/blob/master/doc/source/templates/04_finetuning_llms_with_deepspeed/create_job_yaml.py#L47,"        with open(pargs.compute_config, ""r"") as f:"
ray-project/ray,doc/source/templates/04_finetuning_llms_with_deepspeed/create_job_yaml.py,71,open,NOT_EXPLICIT,False,Implicit Default,None,None,main,https://github.com/ray-project/ray/blob/master/doc/source/templates/04_finetuning_llms_with_deepspeed/create_job_yaml.py#L71,"    with open(pargs.output_path, ""w"") as f:"
ray-project/ray,doc/source/templates/04_finetuning_llms_with_deepspeed/finetune_hf_llm.py,697,open,NOT_EXPLICIT,False,Implicit Default,None,None,main,https://github.com/ray-project/ray/blob/master/doc/source/templates/04_finetuning_llms_with_deepspeed/finetune_hf_llm.py#L697,"        with open(""./lora_configs/lora.json"", ""r"") as json_file:"
ray-project/ray,doc/source/templates/04_finetuning_llms_with_deepspeed/finetune_hf_llm.py,720,open,NOT_EXPLICIT,False,Implicit Default,None,None,main,https://github.com/ray-project/ray/blob/master/doc/source/templates/04_finetuning_llms_with_deepspeed/finetune_hf_llm.py#L720,"    with open(args.special_token_path, ""r"") as json_file:"
ray-project/ray,doc/source/templates/04_finetuning_llms_with_deepspeed/utils.py,21,open,NOT_EXPLICIT,False,Implicit Default,None,None,get_hash_from_bucket,https://github.com/ray-project/ray/blob/master/doc/source/templates/04_finetuning_llms_with_deepspeed/utils.py#L21,"    with open(os.path.join(""."", ""main""), ""r"") as f:"
ray-project/ray,doc/source/train/examples/transformers/transformer_reinforcement_learning/ci/nb2py.py,13,open,NOT_EXPLICIT,False,Implicit Default,None,None,convert_notebook,https://github.com/ray-project/ray/blob/master/doc/source/train/examples/transformers/transformer_reinforcement_learning/ci/nb2py.py#L13,"    with open(output_path, ""w"") as out:"
ray-project/ray,doc/source/tune/doc_code/faq.py,267,open,NOT_EXPLICIT,False,Implicit Default,None,None,train_func,https://github.com/ray-project/ray/blob/master/doc/source/tune/doc_code/faq.py#L267,"        print(open(""./read.txt"").read())"
ray-project/ray,doc/source/tune/doc_code/faq.py,275,open,NOT_EXPLICIT,False,Implicit Default,None,None,train_func,https://github.com/ray-project/ray/blob/master/doc/source/tune/doc_code/faq.py#L275,"        with open(tune_trial_dir / ""write.txt"", ""w"") as f:"
ray-project/ray,doc/source/tune/doc_code/fault_tolerance.py,17,open,NOT_EXPLICIT,False,Implicit Default,None,None,trainable,https://github.com/ray-project/ray/blob/master/doc/source/tune/doc_code/fault_tolerance.py#L17,"            with open(os.path.join(checkpoint_dir, ""checkpoint.json""), ""r"") as f:"
ray-project/ray,doc/source/tune/doc_code/fault_tolerance.py,26,open,NOT_EXPLICIT,False,Implicit Default,None,None,trainable,https://github.com/ray-project/ray/blob/master/doc/source/tune/doc_code/fault_tolerance.py#L26,"            with open(os.path.join(temp_checkpoint_dir, ""checkpoint.json""), ""w"") as f:"
ray-project/ray,doc/update_cache_env.py,16,open,NOT_EXPLICIT,False,Implicit Default,None,None,list_pending_files,https://github.com/ray-project/ray/blob/master/doc/update_cache_env.py#L16,"    with open(f""{ray_dir}/{PENDING_FILES_PATH}"", ""r"") as f:"
ray-project/ray,doc/update_cache_env.py,32,open,NOT_EXPLICIT,False,Implicit Default,None,None,update_environment_pickle,https://github.com/ray-project/ray/blob/master/doc/update_cache_env.py#L32,"    with open(os.path.join(ray_doc_dir, ENVIRONMENT_PICKLE), ""rb+"") as f:"
ray-project/ray,doc/update_cache_env.py,53,open,NOT_EXPLICIT,False,Implicit Default,None,None,update_environment_pickle,https://github.com/ray-project/ray/blob/master/doc/update_cache_env.py#L53,"    with open(         os.path.join(ray_doc_dir, ""_build/doctrees/environment.pickle""), ""wb+""     ) as f:"
ray-project/ray,docker/retag-lambda/lambda_function.py,43,open,NOT_EXPLICIT,False,Implicit Default,None,None,parse_versions,https://github.com/ray-project/ray/blob/master/docker/retag-lambda/lambda_function.py#L43,    with open(version_file) as f:
ray-project/ray,python/ray/_common/tls_utils.py,94,open,NOT_EXPLICIT,False,Implicit Default,None,None,load_certs_from_env,https://github.com/ray-project/ray/blob/master/python/ray/_common/tls_utils.py#L94,"    with open(os.environ[""RAY_TLS_SERVER_CERT""], ""rb"") as f:"
ray-project/ray,python/ray/_common/tls_utils.py,96,open,NOT_EXPLICIT,False,Implicit Default,None,None,load_certs_from_env,https://github.com/ray-project/ray/blob/master/python/ray/_common/tls_utils.py#L96,"    with open(os.environ[""RAY_TLS_SERVER_KEY""], ""rb"") as f:"
ray-project/ray,python/ray/_common/tls_utils.py,98,open,NOT_EXPLICIT,False,Implicit Default,None,None,load_certs_from_env,https://github.com/ray-project/ray/blob/master/python/ray/_common/tls_utils.py#L98,"    with open(os.environ[""RAY_TLS_CA_CERT""], ""rb"") as f:"
ray-project/ray,python/ray/_common/usage/usage_lib.py,368,open,NOT_EXPLICIT,False,Implicit Default,None,None,_usage_stats_enabledness,https://github.com/ray-project/ray/blob/master/python/ray/_common/usage/usage_lib.py#L368,        with open(_usage_stats_config_path()) as f:
ray-project/ray,python/ray/_common/usage/usage_lib.py,489,open,NOT_EXPLICIT,False,Implicit Default,None,None,set_usage_stats_enabled_via_config,https://github.com/ray-project/ray/blob/master/python/ray/_common/usage/usage_lib.py#L489,        with open(_usage_stats_config_path()) as f:
ray-project/ray,python/ray/_common/usage/usage_lib.py,505,open,NOT_EXPLICIT,False,Implicit Default,None,None,set_usage_stats_enabled_via_config,https://github.com/ray-project/ray/blob/master/python/ray/_common/usage/usage_lib.py#L505,"        with open(_usage_stats_config_path(), ""w"") as f:"
ray-project/ray,python/ray/_common/usage/usage_lib.py,780,open,NOT_EXPLICIT,False,Implicit Default,None,None,get_cluster_config_to_report,https://github.com/ray-project/ray/blob/master/python/ray/_common/usage/usage_lib.py#L780,        with open(cluster_config_file_path) as f:
ray-project/ray,python/ray/_common/utils.py,399,open,NOT_EXPLICIT,False,Implicit Default,None,None,get_system_memory,https://github.com/ray-project/ray/blob/master/python/ray/_common/utils.py#L399,"        with open(memory_limit_filename, ""r"") as f:"
ray-project/ray,python/ray/_common/utils.py,402,open,NOT_EXPLICIT,False,Implicit Default,None,None,get_system_memory,https://github.com/ray-project/ray/blob/master/python/ray/_common/utils.py#L402,"        with open(memory_limit_filename_v2, ""r"") as f:"
ray-project/ray,python/ray/_private/accelerators/tpu.py,601,open,NOT_EXPLICIT,False,Implicit Default,None,None,_is_vfio_group_a_tpu,https://github.com/ray-project/ray/blob/master/python/ray/_private/accelerators/tpu.py#L601,"            with open(vendor_path, encoding=""ascii"") as f:"
ray-project/ray,python/ray/_private/authentication/authentication_token_setup.py,43,open,NOT_EXPLICIT,False,Implicit Default,None,None,generate_and_save_token,https://github.com/ray-project/ray/blob/master/python/ray/_private/authentication/authentication_token_setup.py#L43,"        with open(token_path, ""w"") as f:"
ray-project/ray,python/ray/_private/external_storage.py,346,open,NOT_EXPLICIT,False,Implicit Default,None,FileSystemStorage,spill_objects,https://github.com/ray-project/ray/blob/master/python/ray/_private/external_storage.py#L346,"        with open(url, ""wb"", buffering=self._buffer_size) as f:"
ray-project/ray,python/ray/_private/external_storage.py,361,open,NOT_EXPLICIT,False,Implicit Default,None,FileSystemStorage,restore_spilled_objects,https://github.com/ray-project/ray/blob/master/python/ray/_private/external_storage.py#L361,"            with open(base_url, ""rb"") as f:"
ray-project/ray,python/ray/_private/external_storage.py,506,open,NOT_EXPLICIT,False,Implicit Default,None,ExternalStorageSmartOpenImpl,spill_objects,https://github.com/ray-project/ray/blob/master/python/ray/_private/external_storage.py#L506,"        with open(             url,             mode=""wb"",             transport_params=self.transport_params,         ) as file_like:"
ray-project/ray,python/ray/_private/external_storage.py,530,open,NOT_EXPLICIT,False,Implicit Default,None,ExternalStorageSmartOpenImpl,restore_spilled_objects,https://github.com/ray-project/ray/blob/master/python/ray/_private/external_storage.py#L530,"            with open(base_url, ""rb"", transport_params=self.transport_params) as f:"
ray-project/ray,python/ray/_private/label_utils.py,90,open,NOT_EXPLICIT,False,Implicit Default,None,None,parse_node_labels_from_yaml_file,https://github.com/ray-project/ray/blob/master/python/ray/_private/label_utils.py#L90,"    with open(path, ""r"") as file:"
ray-project/ray,python/ray/_private/log_monitor.py,87,open,NOT_EXPLICIT,False,Implicit Default,None,LogFileInfo,reopen_if_necessary,https://github.com/ray-project/ray/blob/master/python/ray/_private/log_monitor.py#L87,"                self.file_handle = open(self.filename, ""rb"")"
ray-project/ray,python/ray/_private/log_monitor.py,106,open,NOT_EXPLICIT,False,Implicit Default,None,LogFileInfo,reopen_if_necessary,https://github.com/ray-project/ray/blob/master/python/ray/_private/log_monitor.py#L106,"                    reopened_file = open(self.filename, ""rb"")"
ray-project/ray,python/ray/_private/log_monitor.py,342,open,NOT_EXPLICIT,False,Implicit Default,None,LogMonitor,open_closed_files,https://github.com/ray-project/ray/blob/master/python/ray/_private/log_monitor.py#L342,"                    f = open(file_info.filename, ""rb"")"
ray-project/ray,python/ray/_private/memory_monitor.py,126,open,NOT_EXPLICIT,False,Implicit Default,None,MemoryMonitor,__init__,https://github.com/ray-project/ray/blob/master/python/ray/_private/memory_monitor.py#L126,"            with open(""/sys/fs/cgroup/memory/memory.limit_in_bytes"", ""rb"") as f:"
ray-project/ray,python/ray/_private/metrics_agent.py,835,open,NOT_EXPLICIT,False,Implicit Default,None,PrometheusServiceDiscoveryWriter,write,https://github.com/ray-project/ray/blob/master/python/ray/_private/metrics_agent.py#L835,"        with open(temp_file_name, ""w"") as json_file:"
ray-project/ray,python/ray/_private/node.py,512,open,NOT_EXPLICIT,False,Implicit Default,None,Node,_check_persisted_rocksdb_session_name,https://github.com/ray-project/ray/blob/master/python/ray/_private/node.py#L512,"            with open(session_name_file, ""rb"") as f:"
ray-project/ray,python/ray/_private/node.py,1017,open,NOT_EXPLICIT,False,Implicit Default,None,Node,_init_gcs_client,https://github.com/ray-project/ray/blob/master/python/ray/_private/node.py#L1017,"                with open(os.path.join(self._logs_dir, ""gcs_server.err"")) as err:"
ray-project/ray,python/ray/_private/node.py,1867,open,NOT_EXPLICIT,False,Implicit Default,None,Node,_kill_process_impl,https://github.com/ray-project/ray/blob/master/python/ray/_private/node.py#L1867,"                        with open(process_info.stdout_file, ""r"") as f:"
ray-project/ray,python/ray/_private/node.py,1870,open,NOT_EXPLICIT,False,Implicit Default,None,Node,_kill_process_impl,https://github.com/ray-project/ray/blob/master/python/ray/_private/node.py#L1870,"                        with open(process_info.stderr_file, ""r"") as f:"
ray-project/ray,python/ray/_private/process_watcher.py,83,open,NOT_EXPLICIT,False,Implicit Default,None,None,report_raylet_error_logs,https://github.com/ray-project/ray/blob/master/python/ray/_private/process_watcher.py#L83,"        with open(log_path, ""r"", encoding=""utf-8"") as f:"
ray-project/ray,python/ray/_private/runtime_env/_clonevirtualenv.py,160,open,NOT_EXPLICIT,False,Implicit Default,None,None,fixup_script_,https://github.com/ray-project/ray/blob/master/python/ray/_private/runtime_env/_clonevirtualenv.py#L160,"    with open(filename, ""rb"") as f:"
ray-project/ray,python/ray/_private/runtime_env/_clonevirtualenv.py,177,open,NOT_EXPLICIT,False,Implicit Default,None,None,rewrite_shebang,https://github.com/ray-project/ray/blob/master/python/ray/_private/runtime_env/_clonevirtualenv.py#L177,"        with open(filename, ""wb"") as f:"
ray-project/ray,python/ray/_private/runtime_env/_clonevirtualenv.py,216,open,NOT_EXPLICIT,False,Implicit Default,None,None,fixup_activate,https://github.com/ray-project/ray/blob/master/python/ray/_private/runtime_env/_clonevirtualenv.py#L216,"    with open(filename, ""rb"") as f:"
ray-project/ray,python/ray/_private/runtime_env/_clonevirtualenv.py,220,open,NOT_EXPLICIT,False,Implicit Default,None,None,fixup_activate,https://github.com/ray-project/ray/blob/master/python/ray/_private/runtime_env/_clonevirtualenv.py#L220,"    with open(filename, ""wb"") as f:"
ray-project/ray,python/ray/_private/runtime_env/_clonevirtualenv.py,278,open,NOT_EXPLICIT,False,Implicit Default,None,None,fixup_pth_file,https://github.com/ray-project/ray/blob/master/python/ray/_private/runtime_env/_clonevirtualenv.py#L278,"    with open(filename, ""r"") as f:"
ray-project/ray,python/ray/_private/runtime_env/_clonevirtualenv.py,293,open,NOT_EXPLICIT,False,Implicit Default,None,None,fixup_pth_file,https://github.com/ray-project/ray/blob/master/python/ray/_private/runtime_env/_clonevirtualenv.py#L293,"        with open(filename, ""w"") as f:"
ray-project/ray,python/ray/_private/runtime_env/_clonevirtualenv.py,300,open,NOT_EXPLICIT,False,Implicit Default,None,None,fixup_egglink_file,https://github.com/ray-project/ray/blob/master/python/ray/_private/runtime_env/_clonevirtualenv.py#L300,"    with open(filename, ""rb"") as f:"
ray-project/ray,python/ray/_private/runtime_env/_clonevirtualenv.py,304,open,NOT_EXPLICIT,False,Implicit Default,None,None,fixup_egglink_file,https://github.com/ray-project/ray/blob/master/python/ray/_private/runtime_env/_clonevirtualenv.py#L304,"        with open(filename, ""wb"") as f:"
ray-project/ray,python/ray/_private/runtime_env/conda.py,106,open,NOT_EXPLICIT,False,Implicit Default,None,None,_inject_ray_to_conda_site,https://github.com/ray-project/ray/blob/master/python/ray/_private/runtime_env/conda.py#L106,"    with open(os.path.join(site_packages_path, ""ray_shared.pth""), ""w"") as f:"
ray-project/ray,python/ray/_private/runtime_env/conda.py,369,open,NOT_EXPLICIT,False,Implicit Default,None,CondaPlugin,_create,https://github.com/ray-project/ray/blob/master/python/ray/_private/runtime_env/conda.py#L369,"                    with open(conda_yaml_file, ""w"") as file:"
ray-project/ray,python/ray/_private/runtime_env/conda_utils.py,85,open,NOT_EXPLICIT,False,Implicit Default,None,None,_get_conda_env_name,https://github.com/ray-project/ray/blob/master/python/ray/_private/runtime_env/conda_utils.py#L85,    conda_env_contents = open(conda_env_path).read()
ray-project/ray,python/ray/_private/runtime_env/dependency_utils.py,18,open,NOT_EXPLICIT,False,Implicit Default,None,None,gen_requirements_txt,https://github.com/ray-project/ray/blob/master/python/ray/_private/runtime_env/dependency_utils.py#L18,"    with open(requirements_file, ""w"") as file:"
ray-project/ray,python/ray/_private/runtime_env/dependency_utils.py,59,open,NOT_EXPLICIT,False,Implicit Default,None,None,_get_ray_version_and_path,https://github.com/ray-project/ray/blob/master/python/ray/_private/runtime_env/dependency_utils.py#L59,"            with open(ray_version_path, ""rt"") as f:"
ray-project/ray,python/ray/_private/runtime_env/image_uri.py,54,open,NOT_EXPLICIT,False,Implicit Default,None,None,_create_impl,https://github.com/ray-project/ray/blob/master/python/ray/_private/runtime_env/image_uri.py#L54,"        with open(result_file, ""r"") as f:"
ray-project/ray,python/ray/_private/runtime_env/packaging.py,1163,open,NOT_EXPLICIT,False,Implicit Default,None,None,unzip_package,https://github.com/ray-project/ray/blob/master/python/ray/_private/runtime_env/packaging.py#L1163,"                with zip_ref.open(member) as source, open(member_path, ""wb"") as target:"
ray-project/ray,python/ray/_private/runtime_env/packaging.py,1271,open,NOT_EXPLICIT,False,Implicit Default,None,None,untar_package,https://github.com/ray-project/ray/blob/master/python/ray/_private/runtime_env/packaging.py#L1271,"                    open(member_path, ""wb"") as target,"
ray-project/ray,python/ray/_private/runtime_env/pip.py,32,open,NOT_EXPLICIT,False,Implicit Default,None,None,_parse_requirements_file,https://github.com/ray-project/ray/blob/master/python/ray/_private/runtime_env/pip.py#L32,"    with open(file_path, ""r"", encoding=""utf-8"") as f:"
ray-project/ray,python/ray/_private/runtime_env/plugin_schema_manager.py,29,open,NOT_EXPLICIT,False,Implicit Default,None,RuntimeEnvPluginSchemaManager,_load_schemas,https://github.com/ray-project/ray/blob/master/python/ray/_private/runtime_env/plugin_schema_manager.py#L29,                with open(schema_path) as f:
ray-project/ray,python/ray/_private/runtime_env/protocol.py,266,open,NOT_EXPLICIT,False,Implicit Default,None,ProtocolsProvider,open_file,https://github.com/ray-project/ray/blob/master/python/ray/_private/runtime_env/protocol.py#L266,"                return open(uri, mode)"
ray-project/ray,python/ray/_private/runtime_env/protocol.py,289,open,NOT_EXPLICIT,False,Implicit Default,None,ProtocolsProvider,download_remote_uri,https://github.com/ray-project/ray/blob/master/python/ray/_private/runtime_env/protocol.py#L289,"            with open(dest_file, ""wb"") as fout:"
ray-project/ray,python/ray/_private/runtime_env/rocprof_sys.py,91,open,NOT_EXPLICIT,False,Implicit Default,None,RocProfSysPlugin,_check_rocprof_sys_script,https://github.com/ray-project/ray/blob/master/python/ray/_private/runtime_env/rocprof_sys.py#L91,"        with open(f""{test_folder}/test.py"", ""w"") as f:"
ray-project/ray,python/ray/_private/services.py,1011,open,NOT_EXPLICIT,False,Implicit Default,None,None,start_ray_process,https://github.com/ray-project/ray/blob/master/python/ray/_private/services.py#L1011,"        with open(gdb_init_path, ""w"") as gdb_init_file:"
ray-project/ray,python/ray/_private/services.py,1439,open,NOT_EXPLICIT,False,Implicit Default,None,None,read_log,https://github.com/ray-project/ray/blob/master/python/ray/_private/services.py#L1439,"                with open(dashboard_log, ""rb"") as f:"
ray-project/ray,python/ray/_private/state.py,669,open,NOT_EXPLICIT,False,Implicit Default,None,GlobalState,chrome_tracing_dump,https://github.com/ray-project/ray/blob/master/python/ray/_private/state.py#L669,"            with open(filename, ""w"") as outfile:"
ray-project/ray,python/ray/_private/state.py,764,open,NOT_EXPLICIT,False,Implicit Default,None,GlobalState,chrome_tracing_object_transfer_dump,https://github.com/ray-project/ray/blob/master/python/ray/_private/state.py#L764,"            with open(filename, ""w"") as outfile:"
ray-project/ray,python/ray/_private/thirdparty/tabulate/tabulate.py,2674,open,NOT_EXPLICIT,False,Implicit Default,None,None,_main,https://github.com/ray-project/ray/blob/master/python/ray/_private/thirdparty/tabulate/tabulate.py#L2674,"    with (sys.stdout if outfile == ""-"" else open(outfile, ""w"")) as out:"
ray-project/ray,python/ray/_private/thirdparty/tabulate/tabulate.py,2690,open,NOT_EXPLICIT,False,Implicit Default,None,None,_main,https://github.com/ray-project/ray/blob/master/python/ray/_private/thirdparty/tabulate/tabulate.py#L2690,                with open(f) as fobj:
ray-project/ray,python/ray/_private/utils.py,83,open,NOT_EXPLICIT,False,Implicit Default,None,None,write_ray_address,https://github.com/ray-project/ray/blob/master/python/ray/_private/utils.py#L83,"        with open(address_file, ""r"") as f:"
ray-project/ray,python/ray/_private/utils.py,95,open,NOT_EXPLICIT,False,Implicit Default,None,None,write_ray_address,https://github.com/ray-project/ray/blob/master/python/ray/_private/utils.py#L95,"    with open(address_file, ""w+"") as f:"
ray-project/ray,python/ray/_private/utils.py,103,open,NOT_EXPLICIT,False,Implicit Default,None,None,read_ray_address,https://github.com/ray-project/ray/blob/master/python/ray/_private/utils.py#L103,"    with open(address_file, ""r"") as f:"
ray-project/ray,python/ray/_private/utils.py,358,open,NOT_EXPLICIT,False,Implicit Default,None,None,open_log,https://github.com/ray-project/ray/blob/master/python/ray/_private/utils.py#L358,"    stream = open(path, **kwargs)"
ray-project/ray,python/ray/_private/utils.py,384,open,NOT_EXPLICIT,False,Implicit Default,None,None,_get_docker_cpus,https://github.com/ray-project/ray/blob/master/python/ray/_private/utils.py#L384,"                open(cpu_quota_file_name, ""r"") as quota_file,"
ray-project/ray,python/ray/_private/utils.py,385,open,NOT_EXPLICIT,False,Implicit Default,None,None,_get_docker_cpus,https://github.com/ray-project/ray/blob/master/python/ray/_private/utils.py#L385,"                open(cpu_period_file_name, ""r"") as period_file,"
ray-project/ray,python/ray/_private/utils.py,393,open,NOT_EXPLICIT,False,Implicit Default,None,None,_get_docker_cpus,https://github.com/ray-project/ray/blob/master/python/ray/_private/utils.py#L393,            max_file = open(cpu_max_file_name).read()
ray-project/ray,python/ray/_private/utils.py,411,open,NOT_EXPLICIT,False,Implicit Default,None,None,_get_docker_cpus,https://github.com/ray-project/ray/blob/master/python/ray/_private/utils.py#L411,            with open(cpuset_file_name) as cpuset_file:
ray-project/ray,python/ray/_private/utils.py,516,open,NOT_EXPLICIT,False,Implicit Default,None,None,get_cgroup_used_memory,https://github.com/ray-project/ray/blob/master/python/ray/_private/utils.py#L516,"    with open(memory_stat_filename, ""r"") as f:"
ray-project/ray,python/ray/_private/utils.py,524,open,NOT_EXPLICIT,False,Implicit Default,None,None,get_cgroup_used_memory,https://github.com/ray-project/ray/blob/master/python/ray/_private/utils.py#L524,"    with open(memory_usage_filename, ""r"") as f:"
ray-project/ray,python/ray/_private/utils.py,564,open,NOT_EXPLICIT,False,Implicit Default,None,None,get_cgroup_mem_stats,https://github.com/ray-project/ray/blob/master/python/ray/_private/utils.py#L564,"            with open(mem_limit_v1_file, ""r"") as f:"
ray-project/ray,python/ray/_private/utils.py,577,open,NOT_EXPLICIT,False,Implicit Default,None,None,get_cgroup_mem_stats,https://github.com/ray-project/ray/blob/master/python/ray/_private/utils.py#L577,"            with open(mem_limit_v2_file, ""r"") as f:"
ray-project/ray,python/ray/_private/utils.py,1740,open,NOT_EXPLICIT,False,Implicit Default,None,None,get_current_node_cpu_model_name,https://github.com/ray-project/ray/blob/master/python/ray/_private/utils.py#L1740,"        with open(""/proc/cpuinfo"", ""r"") as f:"
ray-project/ray,python/ray/air/integrations/wandb.py,346,open,NOT_EXPLICIT,False,Implicit Default,None,None,_set_api_key,https://github.com/ray-project/ray/blob/master/python/ray/air/integrations/wandb.py#L346,"        with open(api_key_file, ""rt"") as fp:"
ray-project/ray,python/ray/air/tests/_test_experiment_restore_run.py,45,open,NOT_EXPLICIT,False,Implicit Default,None,StatefulCallback,on_experiment_end,https://github.com/ray-project/ray/blob/master/python/ray/air/tests/_test_experiment_restore_run.py#L45,"        with open(CALLBACK_DUMP_FILE, ""w"") as f:"
ray-project/ray,python/ray/air/tests/_test_experiment_restore_run.py,74,open,NOT_EXPLICIT,False,Implicit Default,None,StatefulSearcher,save,https://github.com/ray-project/ray/blob/master/python/ray/air/tests/_test_experiment_restore_run.py#L74,"        with open(checkpoint_path, ""w"") as f:"
ray-project/ray,python/ray/air/tests/_test_experiment_restore_run.py,78,open,NOT_EXPLICIT,False,Implicit Default,None,StatefulSearcher,restore,https://github.com/ray-project/ray/blob/master/python/ray/air/tests/_test_experiment_restore_run.py#L78,"        with open(checkpoint_path, ""r"") as f:"
ray-project/ray,python/ray/autoscaler/_private/_azure/config.py,89,open,NOT_EXPLICIT,False,Implicit Default,None,None,_configure_resource_group,https://github.com/ray-project/ray/blob/master/python/ray/autoscaler/_private/_azure/config.py#L89,"    with open(template_path, ""r"") as template_fp:"
ray-project/ray,python/ray/autoscaler/_private/_azure/config.py,392,open,NOT_EXPLICIT,False,Implicit Default,None,None,_configure_key_pair,https://github.com/ray-project/ray/blob/master/python/ray/autoscaler/_private/_azure/config.py#L392,"        with open(public_key_path, ""r"") as f:"
ray-project/ray,python/ray/autoscaler/_private/_azure/config.py,412,open,NOT_EXPLICIT,False,Implicit Default,None,None,_configure_key_pair,https://github.com/ray-project/ray/blob/master/python/ray/autoscaler/_private/_azure/config.py#L412,"            with open(public_key_path, ""r"") as f:"
ray-project/ray,python/ray/autoscaler/_private/_azure/config.py,423,open,NOT_EXPLICIT,False,Implicit Default,None,None,_configure_key_pair,https://github.com/ray-project/ray/blob/master/python/ray/autoscaler/_private/_azure/config.py#L423,"            with open(                 private_key_path,                 ""w"",                 opener=lambda path, flags: os.open(path, flags, 0o600),             ) as f:"
ray-project/ray,python/ray/autoscaler/_private/_azure/config.py,429,open,NOT_EXPLICIT,False,Implicit Default,None,None,_configure_key_pair,https://github.com/ray-project/ray/blob/master/python/ray/autoscaler/_private/_azure/config.py#L429,"            with open(public_key_path, ""w"") as f:"
ray-project/ray,python/ray/autoscaler/_private/_azure/node_provider.py,432,open,NOT_EXPLICIT,False,Implicit Default,None,AzureNodeProvider,_create_node,https://github.com/ray-project/ray/blob/master/python/ray/autoscaler/_private/_azure/node_provider.py#L432,"        with open(template_path, ""r"") as template_fp:"
ray-project/ray,python/ray/autoscaler/_private/aliyun/config.py,106,open,NOT_EXPLICIT,False,Implicit Default,None,None,_get_or_import_key_pair,https://github.com/ray-project/ray/blob/master/python/ray/autoscaler/_private/aliyun/config.py#L106,"                with open(key_path, ""w+"") as f:"
ray-project/ray,python/ray/autoscaler/_private/aliyun/config.py,113,open,NOT_EXPLICIT,False,Implicit Default,None,None,_get_or_import_key_pair,https://github.com/ray-project/ray/blob/master/python/ray/autoscaler/_private/aliyun/config.py#L113,            with open(public_key_file) as f:
ray-project/ray,python/ray/autoscaler/_private/autoscaler.py,230,open,NOT_EXPLICIT,False,Implicit Default,None,StandardAutoscaler,read_fn,https://github.com/ray-project/ray/blob/master/python/ray/autoscaler/_private/autoscaler.py#L230,                with open(config_reader) as f:
ray-project/ray,python/ray/autoscaler/_private/aws/cloudwatch/cloudwatch_helper.py,350,open,NOT_EXPLICIT,False,Implicit Default,None,CloudwatchHelper,_load_config_file,https://github.com/ray-project/ray/blob/master/python/ray/autoscaler/_private/aws/cloudwatch/cloudwatch_helper.py#L350,        with open(json_config_path) as f:
ray-project/ray,python/ray/autoscaler/_private/aws/config.py,413,open,NOT_EXPLICIT,False,Implicit Default,None,None,_configure_key_pair,https://github.com/ray-project/ray/blob/master/python/ray/autoscaler/_private/aws/config.py#L413,"            with open(key_path, ""w"", opener=partial(os.open, mode=0o600)) as f:"
ray-project/ray,python/ray/autoscaler/_private/cluster_dump.py,417,open,NOT_EXPLICIT,False,Implicit Default,None,None,create_and_get_archive_from_remote_node,https://github.com/ray-project/ray/blob/master/python/ray/autoscaler/_private/cluster_dump.py#L417,"    with open(tmp, ""wb"") as fp:"
ray-project/ray,python/ray/autoscaler/_private/cluster_dump.py,569,open,NOT_EXPLICIT,False,Implicit Default,None,None,get_info_from_ray_cluster_config,https://github.com/ray-project/ray/blob/master/python/ray/autoscaler/_private/cluster_dump.py#L569,    config = yaml.safe_load(open(cluster_config).read())
ray-project/ray,python/ray/autoscaler/_private/commands.py,288,open,NOT_EXPLICIT,False,Implicit Default,None,None,create_or_update_cluster,https://github.com/ray-project/ray/blob/master/python/ray/autoscaler/_private/commands.py#L288,        config = yaml.safe_load(open(config_file).read())
ray-project/ray,python/ray/autoscaler/_private/commands.py,376,open,NOT_EXPLICIT,False,Implicit Default,None,None,_bootstrap_config,https://github.com/ray-project/ray/blob/master/python/ray/autoscaler/_private/commands.py#L376,        config_cache = json.loads(open(cache_key).read())
ray-project/ray,python/ray/autoscaler/_private/commands.py,454,open,NOT_EXPLICIT,False,Implicit Default,None,None,_bootstrap_config,https://github.com/ray-project/ray/blob/master/python/ray/autoscaler/_private/commands.py#L454,"        with open(cache_key, ""w"") as f:"
ray-project/ray,python/ray/autoscaler/_private/commands.py,472,open,NOT_EXPLICIT,False,Implicit Default,None,None,teardown_cluster,https://github.com/ray-project/ray/blob/master/python/ray/autoscaler/_private/commands.py#L472,    config = yaml.safe_load(open(config_file).read())
ray-project/ray,python/ray/autoscaler/_private/commands.py,619,open,NOT_EXPLICIT,False,Implicit Default,None,None,kill_node,https://github.com/ray-project/ray/blob/master/python/ray/autoscaler/_private/commands.py#L619,    config = yaml.safe_load(open(config_file).read())
ray-project/ray,python/ray/autoscaler/_private/commands.py,1223,open,NOT_EXPLICIT,False,Implicit Default,None,None,exec_cluster,https://github.com/ray-project/ray/blob/master/python/ray/autoscaler/_private/commands.py#L1223,    config = yaml.safe_load(open(config_file).read())
ray-project/ray,python/ray/autoscaler/_private/commands.py,1414,open,NOT_EXPLICIT,False,Implicit Default,None,None,rsync,https://github.com/ray-project/ray/blob/master/python/ray/autoscaler/_private/commands.py#L1414,    config = yaml.safe_load(open(config_file).read())
ray-project/ray,python/ray/autoscaler/_private/commands.py,1485,open,NOT_EXPLICIT,False,Implicit Default,None,None,get_head_node_ip,https://github.com/ray-project/ray/blob/master/python/ray/autoscaler/_private/commands.py#L1485,    config = yaml.safe_load(open(config_file).read())
ray-project/ray,python/ray/autoscaler/_private/commands.py,1509,open,NOT_EXPLICIT,False,Implicit Default,None,None,get_worker_node_ips,https://github.com/ray-project/ray/blob/master/python/ray/autoscaler/_private/commands.py#L1509,    config = yaml.safe_load(open(config_file).read())
ray-project/ray,python/ray/autoscaler/_private/commands.py,1641,open,NOT_EXPLICIT,False,Implicit Default,None,None,get_local_dump_archive,https://github.com/ray-project/ray/blob/master/python/ray/autoscaler/_private/commands.py#L1641,"        with open(tmp, ""rb"") as fp:"
ray-project/ray,python/ray/autoscaler/_private/fake_multi_node/docker_monitor.py,36,open,NOT_EXPLICIT,False,Implicit Default,None,None,_read_yaml,https://github.com/ray-project/ray/blob/master/python/ray/autoscaler/_private/fake_multi_node/docker_monitor.py#L36,"    with open(path, ""rt"") as f:"
ray-project/ray,python/ray/autoscaler/_private/fake_multi_node/docker_monitor.py,143,open,NOT_EXPLICIT,False,Implicit Default,None,None,_update_docker_status,https://github.com/ray-project/ray/blob/master/python/ray/autoscaler/_private/fake_multi_node/docker_monitor.py#L143,"    with open(docker_status_path, ""wt"") as f:"
ray-project/ray,python/ray/autoscaler/_private/fake_multi_node/docker_monitor.py,227,open,NOT_EXPLICIT,False,Implicit Default,None,None,start_monitor,https://github.com/ray-project/ray/blob/master/python/ray/autoscaler/_private/fake_multi_node/docker_monitor.py#L227,"        with open(docker_status_path, ""wt"") as f:"
ray-project/ray,python/ray/autoscaler/_private/fake_multi_node/node_provider.py,213,open,NOT_EXPLICIT,False,Implicit Default,None,None,create_node_spec,https://github.com/ray-project/ray/blob/master/python/ray/autoscaler/_private/fake_multi_node/node_provider.py#L213,"                with open(filename, ""wt"") as f:"
ray-project/ray,python/ray/autoscaler/_private/fake_multi_node/node_provider.py,563,open,NOT_EXPLICIT,False,Implicit Default,None,FakeMultiNodeDockerProvider,_load_node_state,https://github.com/ray-project/ray/blob/master/python/ray/autoscaler/_private/fake_multi_node/node_provider.py#L563,"            with open(self._node_state_path, ""rt"") as f:"
ray-project/ray,python/ray/autoscaler/_private/fake_multi_node/node_provider.py,573,open,NOT_EXPLICIT,False,Implicit Default,None,FakeMultiNodeDockerProvider,_save_node_state,https://github.com/ray-project/ray/blob/master/python/ray/autoscaler/_private/fake_multi_node/node_provider.py#L573,"        with open(self._node_state_path, ""wt"") as f:"
ray-project/ray,python/ray/autoscaler/_private/fake_multi_node/node_provider.py,587,open,NOT_EXPLICIT,False,Implicit Default,None,FakeMultiNodeDockerProvider,_update_docker_compose_config,https://github.com/ray-project/ray/blob/master/python/ray/autoscaler/_private/fake_multi_node/node_provider.py#L587,"        with open(self._docker_compose_config_path, ""wt"") as f:"
ray-project/ray,python/ray/autoscaler/_private/fake_multi_node/node_provider.py,593,open,NOT_EXPLICIT,False,Implicit Default,None,FakeMultiNodeDockerProvider,_update_docker_status,https://github.com/ray-project/ray/blob/master/python/ray/autoscaler/_private/fake_multi_node/node_provider.py#L593,"        with open(self._docker_status_path, ""rt"") as f:"
ray-project/ray,python/ray/autoscaler/_private/gcp/config.py,578,open,NOT_EXPLICIT,False,Implicit Default,None,None,_configure_key_pair,https://github.com/ray-project/ray/blob/master/python/ray/autoscaler/_private/gcp/config.py#L578,"            with open(                 private_key_path,                 ""w"",                 opener=partial(os.open, mode=0o600),             ) as f:"
ray-project/ray,python/ray/autoscaler/_private/gcp/config.py,585,open,NOT_EXPLICIT,False,Implicit Default,None,None,_configure_key_pair,https://github.com/ray-project/ray/blob/master/python/ray/autoscaler/_private/gcp/config.py#L585,"            with open(public_key_path, ""w"") as f:"
ray-project/ray,python/ray/autoscaler/_private/kuberay/node_provider.py,176,open,NOT_EXPLICIT,False,Implicit Default,None,None,load_k8s_secrets,https://github.com/ray-project/ray/blob/master/python/ray/autoscaler/_private/kuberay/node_provider.py#L176,"    with open(""/var/run/secrets/kubernetes.io/serviceaccount/token"") as secret:"
ray-project/ray,python/ray/autoscaler/_private/local/node_provider.py,42,open,NOT_EXPLICIT,False,Implicit Default,None,ClusterState,__init__,https://github.com/ray-project/ray/blob/master/python/ray/autoscaler/_private/local/node_provider.py#L42,                    workers = json.loads(open(self.save_path).read())
ray-project/ray,python/ray/autoscaler/_private/local/node_provider.py,94,open,NOT_EXPLICIT,False,Implicit Default,None,ClusterState,__init__,https://github.com/ray-project/ray/blob/master/python/ray/autoscaler/_private/local/node_provider.py#L94,"                with open(self.save_path, ""w"") as f:"
ray-project/ray,python/ray/autoscaler/_private/local/node_provider.py,103,open,NOT_EXPLICIT,False,Implicit Default,None,ClusterState,get,https://github.com/ray-project/ray/blob/master/python/ray/autoscaler/_private/local/node_provider.py#L103,                workers = json.loads(open(self.save_path).read())
ray-project/ray,python/ray/autoscaler/_private/local/node_provider.py,113,open,NOT_EXPLICIT,False,Implicit Default,None,ClusterState,put,https://github.com/ray-project/ray/blob/master/python/ray/autoscaler/_private/local/node_provider.py#L113,"                with open(self.save_path, ""w"") as f:"
ray-project/ray,python/ray/autoscaler/_private/local/node_provider.py,138,open,NOT_EXPLICIT,False,Implicit Default,None,OnPremCoordinatorState,__init__,https://github.com/ray-project/ray/blob/master/python/ray/autoscaler/_private/local/node_provider.py#L138,                    nodes = json.loads(open(self.save_path).read())
ray-project/ray,python/ray/autoscaler/_private/local/node_provider.py,158,open,NOT_EXPLICIT,False,Implicit Default,None,OnPremCoordinatorState,__init__,https://github.com/ray-project/ray/blob/master/python/ray/autoscaler/_private/local/node_provider.py#L158,"                with open(self.save_path, ""w"") as f:"
ray-project/ray,python/ray/autoscaler/_private/providers.py,296,open,NOT_EXPLICIT,False,Implicit Default,None,None,_get_default_config,https://github.com/ray-project/ray/blob/master/python/ray/autoscaler/_private/providers.py#L296,    with open(path_to_default) as f:
ray-project/ray,python/ray/autoscaler/_private/subprocess_output_util.py,371,open,NOT_EXPLICIT,False,Implicit Default,None,None,run_cmd_redirected,https://github.com/ray-project/ray/blob/master/python/ray/autoscaler/_private/subprocess_output_util.py#L371,"        with open(             tmpfile_path,             mode=""w"",             # line buffering             buffering=1,         ) as tmp:"
ray-project/ray,python/ray/autoscaler/_private/util.py,161,open,NOT_EXPLICIT,False,Implicit Default,None,None,validate_config,https://github.com/ray-project/ray/blob/master/python/ray/autoscaler/_private/util.py#L161,    with open(schema_path) as f:
ray-project/ray,python/ray/autoscaler/_private/util.py,455,open,NOT_EXPLICIT,False,Implicit Default,None,None,hash_launch_conf,https://github.com/ray-project/ray/blob/master/python/ray/autoscaler/_private/util.py#L455,            with open(os.path.expanduser(auth[key_type])) as key:
ray-project/ray,python/ray/autoscaler/_private/util.py,488,open,NOT_EXPLICIT,False,Implicit Default,None,None,add_hash_of_file,https://github.com/ray-project/ray/blob/master/python/ray/autoscaler/_private/util.py#L488,"            with open(fpath, ""rb"") as f:"
ray-project/ray,python/ray/autoscaler/_private/vsphere/cluster_operator_client.py,153,open,NOT_EXPLICIT,False,Implicit Default,None,ClusterOperatorClient,_create_tls_secrets,https://github.com/ray-project/ray/blob/master/python/ray/autoscaler/_private/vsphere/cluster_operator_client.py#L153,            with open(cert_path) as f:
ray-project/ray,python/ray/autoscaler/_private/vsphere/cluster_operator_client.py,156,open,NOT_EXPLICIT,False,Implicit Default,None,ClusterOperatorClient,_create_tls_secrets,https://github.com/ray-project/ray/blob/master/python/ray/autoscaler/_private/vsphere/cluster_operator_client.py#L156,            with open(key_path) as f:
ray-project/ray,python/ray/autoscaler/_private/vsphere/cluster_operator_client.py,673,open,NOT_EXPLICIT,False,Implicit Default,None,ClusterOperatorClient,_create_ssh_secret,https://github.com/ray-project/ray/blob/master/python/ray/autoscaler/_private/vsphere/cluster_operator_client.py#L673,"        with open(private_key_path, ""rb"") as ssh_key:"
ray-project/ray,python/ray/autoscaler/_private/vsphere/config.py,141,open,NOT_EXPLICIT,False,Implicit Default,None,None,_create_ssh_keys,https://github.com/ray-project/ray/blob/master/python/ray/autoscaler/_private/vsphere/config.py#L141,"    with open(PRIVATE_KEY_PATH, ""wb"") as pvt_key:"
ray-project/ray,python/ray/autoscaler/_private/vsphere/config.py,146,open,NOT_EXPLICIT,False,Implicit Default,None,None,_create_ssh_keys,https://github.com/ray-project/ray/blob/master/python/ray/autoscaler/_private/vsphere/config.py#L146,"    with open(PUBLIC_KEY_PATH, ""wb"") as pub_key:"
ray-project/ray,python/ray/autoscaler/launch_and_verify_cluster.py,173,open,NOT_EXPLICIT,False,Implicit Default,None,None,azure_authenticate,https://github.com/ray-project/ray/blob/master/python/ray/autoscaler/launch_and_verify_cluster.py#L173,"    with open(cert_path, ""w"") as f:"
ray-project/ray,python/ray/autoscaler/v2/instance_manager/config.py,471,open,NOT_EXPLICIT,False,Implicit Default,None,FileConfigReader,_read,https://github.com/ray-project/ray/blob/master/python/ray/autoscaler/v2/instance_manager/config.py#L471,        with open(self._config_file_path) as f:
ray-project/ray,python/ray/cluster_utils.py,62,open,NOT_EXPLICIT,False,Implicit Default,None,AutoscalingCluster,_generate_config,https://github.com/ray-project/ray/blob/master/python/ray/cluster_utils.py#L62,"            open(                 os.path.join(                     os.path.dirname(ray.__file__),                     ""autoscaler/_private/fake_multi_node/example.yaml"",                 )             )"
ray-project/ray,python/ray/cluster_utils.py,92,open,NOT_EXPLICIT,False,Implicit Default,None,AutoscalingCluster,start,https://github.com/ray-project/ray/blob/master/python/ray/cluster_utils.py#L92,"        with open(fake_config, ""w"") as f:"
ray-project/ray,python/ray/dashboard/k8s_utils.py,71,open,NOT_EXPLICIT,False,Implicit Default,None,None,_cpu_usage,https://github.com/ray-project/ray/blob/master/python/ray/dashboard/k8s_utils.py#L71,        return int(open(CPU_USAGE_PATH).read())
ray-project/ray,python/ray/dashboard/k8s_utils.py,74,open,NOT_EXPLICIT,False,Implicit Default,None,None,_cpu_usage,https://github.com/ray-project/ray/blob/master/python/ray/dashboard/k8s_utils.py#L74,        cpu_stat_text = open(CPU_USAGE_PATH_V2).read()
ray-project/ray,python/ray/dashboard/k8s_utils.py,94,open,NOT_EXPLICIT,False,Implicit Default,None,None,_system_usage,https://github.com/ray-project/ray/blob/master/python/ray/dashboard/k8s_utils.py#L94,"    cpu_summary_str = open(PROC_STAT_PATH).read().split(""\n"")[0]"
ray-project/ray,python/ray/dashboard/k8s_utils.py,108,open,NOT_EXPLICIT,False,Implicit Default,None,None,_host_num_cpus,https://github.com/ray-project/ray/blob/master/python/ray/dashboard/k8s_utils.py#L108,"        proc_stat_lines = open(PROC_STAT_PATH).read().split(""\n"")"
ray-project/ray,python/ray/dashboard/modules/dashboard_sdk.py,63,open,NOT_EXPLICIT,False,Implicit Default,None,None,parse_runtime_env_args,https://github.com/ray-project/ray/blob/master/python/ray/dashboard/modules/dashboard_sdk.py#L63,"        with open(runtime_env, ""r"") as f:"
ray-project/ray,python/ray/dashboard/modules/event/event_utils.py,73,open,NOT_EXPLICIT,False,Implicit Default,None,None,_read_file,https://github.com/ray-project/ray/blob/master/python/ray/dashboard/modules/event/event_utils.py#L73,"    with open(file, ""rb"", closefd=closefd) as f:"
ray-project/ray,python/ray/dashboard/modules/job/job_log_storage_client.py,22,open,NOT_EXPLICIT,False,Implicit Default,None,JobLogStorageClient,get_logs,https://github.com/ray-project/ray/blob/master/python/ray/dashboard/modules/job/job_log_storage_client.py#L22,"            with open(self.get_log_file_path(job_id), ""r"") as f:"
ray-project/ray,python/ray/dashboard/modules/job/job_manager.py,335,open,NOT_EXPLICIT,False,Implicit Default,None,JobManager,_monitor_job_internal,https://github.com/ray-project/ray/blob/master/python/ray/dashboard/modules/job/job_manager.py#L335,"                    with open(log_path, ""a"") as log_file:"
ray-project/ray,python/ray/dashboard/modules/job/job_supervisor.py,178,open,NOT_EXPLICIT,False,Implicit Default,None,JobSupervisor,_exec_entrypoint,https://github.com/ray-project/ray/blob/master/python/ray/dashboard/modules/job/job_supervisor.py#L178,"        with open(logs_path, ""a"") as logs_file:"
ray-project/ray,python/ray/dashboard/modules/job/utils.py,69,open,NOT_EXPLICIT,False,Implicit Default,None,None,file_tail_iterator,https://github.com/ray-project/ray/blob/master/python/ray/dashboard/modules/job/utils.py#L69,"    with open(path, ""r"") as f:"
ray-project/ray,python/ray/dashboard/modules/job/utils.py,332,open,NOT_EXPLICIT,False,Implicit Default,None,None,fast_tail_last_n_lines,https://github.com/ray-project/ray/blob/master/python/ray/dashboard/modules/job/utils.py#L332,"    with open(path, ""rb"") as f:"
ray-project/ray,python/ray/dashboard/modules/log/log_agent.py,366,open,NOT_EXPLICIT,False,Implicit Default,None,LogAgentV1Grpc,StreamLog,https://github.com/ray-project/ray/blob/master/python/ray/dashboard/modules/log/log_agent.py#L366,"            with open(filepath, ""rb"") as f:"
ray-project/ray,python/ray/dashboard/modules/metrics/grafana_dashboard_factory.py,206,open,NOT_EXPLICIT,False,Implicit Default,None,None,_generate_grafana_dashboard,https://github.com/ray-project/ray/blob/master/python/ray/dashboard/modules/metrics/grafana_dashboard_factory.py#L206,"        open(os.path.join(os.path.dirname(__file__), ""dashboards"", base_file_name))"
ray-project/ray,python/ray/dashboard/modules/metrics/install_and_start_prometheus.py,44,open,NOT_EXPLICIT,False,Implicit Default,None,None,download_file,https://github.com/ray-project/ray/blob/master/python/ray/dashboard/modules/metrics/install_and_start_prometheus.py#L44,"        with open(filename, ""wb"") as file:"
ray-project/ray,python/ray/dashboard/modules/metrics/metrics_head.py,231,open,NOT_EXPLICIT,False,Implicit Default,None,MetricsHead,_create_default_grafana_configs,https://github.com/ray-project/ray/blob/master/python/ray/dashboard/modules/metrics/metrics_head.py#L231,"        with open(             os.path.join(                 self._grafana_config_output_path,                 ""grafana.ini"",             ),             ""w"",         ) as f:"
ray-project/ray,python/ray/dashboard/modules/metrics/metrics_head.py,252,open,NOT_EXPLICIT,False,Implicit Default,None,MetricsHead,_create_default_grafana_configs,https://github.com/ray-project/ray/blob/master/python/ray/dashboard/modules/metrics/metrics_head.py#L252,"        with open(             os.path.join(                 dashboard_provisioning_path,                 ""default.yml"",             ),             ""w"",         ) as f:"
ray-project/ray,python/ray/dashboard/modules/metrics/metrics_head.py,290,open,NOT_EXPLICIT,False,Implicit Default,None,MetricsHead,_create_default_grafana_configs,https://github.com/ray-project/ray/blob/master/python/ray/dashboard/modules/metrics/metrics_head.py#L290,"        with open(             os.path.join(                 data_sources_path,                 ""default.yml"",             ),             ""w"",         ) as f:"
ray-project/ray,python/ray/dashboard/modules/metrics/metrics_head.py,311,open,NOT_EXPLICIT,False,Implicit Default,None,MetricsHead,_create_default_grafana_configs,https://github.com/ray-project/ray/blob/master/python/ray/dashboard/modules/metrics/metrics_head.py#L311,"        with open(             os.path.join(                 self._grafana_dashboard_output_dir,                 ""default_grafana_dashboard.json"",             ),             ""w"",         ) as f:"
ray-project/ray,python/ray/dashboard/modules/metrics/metrics_head.py,323,open,NOT_EXPLICIT,False,Implicit Default,None,MetricsHead,_create_default_grafana_configs,https://github.com/ray-project/ray/blob/master/python/ray/dashboard/modules/metrics/metrics_head.py#L323,"        with open(             os.path.join(                 self._grafana_dashboard_output_dir,                 ""serve_grafana_dashboard.json"",             ),             ""w"",         ) as f:"
ray-project/ray,python/ray/dashboard/modules/metrics/metrics_head.py,332,open,NOT_EXPLICIT,False,Implicit Default,None,MetricsHead,_create_default_grafana_configs,https://github.com/ray-project/ray/blob/master/python/ray/dashboard/modules/metrics/metrics_head.py#L332,"        with open(             os.path.join(                 self._grafana_dashboard_output_dir,                 ""serve_deployment_grafana_dashboard.json"",             ),             ""w"",         ) as f:"
ray-project/ray,python/ray/dashboard/modules/metrics/metrics_head.py,344,open,NOT_EXPLICIT,False,Implicit Default,None,MetricsHead,_create_default_grafana_configs,https://github.com/ray-project/ray/blob/master/python/ray/dashboard/modules/metrics/metrics_head.py#L344,"        with open(             os.path.join(                 self._grafana_dashboard_output_dir,                 ""serve_llm_grafana_dashboard.json"",             ),             ""w"",         ) as f:"
ray-project/ray,python/ray/dashboard/modules/metrics/metrics_head.py,356,open,NOT_EXPLICIT,False,Implicit Default,None,MetricsHead,_create_default_grafana_configs,https://github.com/ray-project/ray/blob/master/python/ray/dashboard/modules/metrics/metrics_head.py#L356,"        with open(             os.path.join(                 self._grafana_dashboard_output_dir,                 ""serve_llm_sglang_grafana_dashboard.json"",             ),             ""w"",         ) as f:"
ray-project/ray,python/ray/dashboard/modules/metrics/metrics_head.py,368,open,NOT_EXPLICIT,False,Implicit Default,None,MetricsHead,_create_default_grafana_configs,https://github.com/ray-project/ray/blob/master/python/ray/dashboard/modules/metrics/metrics_head.py#L368,"        with open(             os.path.join(                 self._grafana_dashboard_output_dir,                 ""data_grafana_dashboard.json"",             ),             ""w"",         ) as f:"
ray-project/ray,python/ray/dashboard/modules/metrics/metrics_head.py,380,open,NOT_EXPLICIT,False,Implicit Default,None,MetricsHead,_create_default_grafana_configs,https://github.com/ray-project/ray/blob/master/python/ray/dashboard/modules/metrics/metrics_head.py#L380,"        with open(             os.path.join(                 self._grafana_dashboard_output_dir,                 ""data_llm_grafana_dashboard.json"",             ),             ""w"",         ) as f:"
ray-project/ray,python/ray/dashboard/modules/metrics/metrics_head.py,392,open,NOT_EXPLICIT,False,Implicit Default,None,MetricsHead,_create_default_grafana_configs,https://github.com/ray-project/ray/blob/master/python/ray/dashboard/modules/metrics/metrics_head.py#L392,"        with open(             os.path.join(                 self._grafana_dashboard_output_dir,                 ""train_grafana_dashboard.json"",             ),             ""w"",         ) as f:"
ray-project/ray,python/ray/dashboard/modules/metrics/metrics_head.py,427,open,NOT_EXPLICIT,False,Implicit Default,None,MetricsHead,_create_default_prometheus_configs,https://github.com/ray-project/ray/blob/master/python/ray/dashboard/modules/metrics/metrics_head.py#L427,"        with open(prometheus_config_output_path, ""w"") as f:"
ray-project/ray,python/ray/dashboard/modules/reporter/gpu_profile_manager.py,147,open,NOT_EXPLICIT,False,Implicit Default,None,GpuProfilingManager,start_monitoring_daemon,https://github.com/ray-project/ray/blob/master/python/ray/dashboard/modules/reporter/gpu_profile_manager.py#L147,"            with open(self._daemon_log_file_path, ""ab"") as log_file:"
ray-project/ray,python/ray/dashboard/modules/reporter/profile_manager.py,201,open,NOT_EXPLICIT,False,Implicit Default,None,CpuProfilingManager,cpu_profile,https://github.com/ray-project/ray/blob/master/python/ray/dashboard/modules/reporter/profile_manager.py#L201,"            return True, open(profile_file_path, ""rb"").read()"
ray-project/ray,python/ray/dashboard/modules/reporter/profile_manager.py,276,open,NOT_EXPLICIT,False,Implicit Default,None,MemoryProfilingManager,get_profile_result,https://github.com/ray-project/ray/blob/master/python/ray/dashboard/modules/reporter/profile_manager.py#L276,"        return True, open(profile_visualize_path, ""rb"").read()"
ray-project/ray,python/ray/data/_internal/datasource/_lerobot_compat.py,40,"fsspec.open(video_path, **opts).__enter__",NOT_EXPLICIT,False,Implicit Default,None,_CredsVideoDecoderCache,get_decoder,https://github.com/ray-project/ray/blob/master/python/ray/data/_internal/datasource/_lerobot_compat.py#L40,"                    file_handle = fsspec.open(video_path, **opts).__enter__()"
ray-project/ray,python/ray/data/_internal/datasource/_lerobot_compat.py,40,fsspec.open,NOT_EXPLICIT,False,Implicit Default,None,_CredsVideoDecoderCache,get_decoder,https://github.com/ray-project/ray/blob/master/python/ray/data/_internal/datasource/_lerobot_compat.py#L40,"                    file_handle = fsspec.open(video_path, **opts).__enter__()"
ray-project/ray,python/ray/data/_internal/datasource/bigquery_datasink.py,94,open,NOT_EXPLICIT,False,Implicit Default,None,BigQueryDatasink,_write_single_block,https://github.com/ray-project/ray/blob/master/python/ray/data/_internal/datasource/bigquery_datasink.py#L94,"                    with open(fp, ""rb"") as source_file:"
ray-project/ray,python/ray/data/_internal/datasource/databricks_uc_datasource.py,193,open,NOT_EXPLICIT,False,Implicit Default,None,DatabricksUCDatasource,read_fn,https://github.com/ray-project/ray/blob/master/python/ray/data/_internal/datasource/databricks_uc_datasource.py#L193,"                    with open(mock_setup_fn_path, ""rb"") as f:"
ray-project/ray,python/ray/data/_internal/datasource/lerobot_datasource.py,235,fs.open,NOT_EXPLICIT,False,Implicit Default,None,None,_build_schema,https://github.com/ray-project/ray/blob/master/python/ray/data/_internal/datasource/lerobot_datasource.py#L235,"    with fs.open(path, ""rb"") as f:"
ray-project/ray,python/ray/data/_internal/datasource/lerobot_datasource.py,813,fs.open,NOT_EXPLICIT,False,Implicit Default,None,None,_read_lerobot_segment,https://github.com/ray-project/ray/blob/master/python/ray/data/_internal/datasource/lerobot_datasource.py#L813,"        with fs.open(path, ""rb"") as f:"
ray-project/ray,python/ray/data/_internal/datasource/lerobot_datasource.py,1290,root.fs.open,NOT_EXPLICIT,False,Implicit Default,None,None,_decode_image_frames,https://github.com/ray-project/ray/blob/master/python/ray/data/_internal/datasource/lerobot_datasource.py#L1290,"                with root.fs.open(p, ""rb"") as fh:"
ray-project/ray,python/ray/data/_internal/execution/operators/shuffle_operators/external_shuffle_runtime.py,334,open,NOT_EXPLICIT,False,Implicit Default,None,_ShuffleFlightServer,do_action,https://github.com/ray-project/ray/blob/master/python/ray/data/_internal/execution/operators/shuffle_operators/external_shuffle_runtime.py#L334,"                with open(fpath, ""rb"") as f:"
ray-project/ray,python/ray/data/_internal/logging.py,182,open,NOT_EXPLICIT,False,Implicit Default,None,None,_load_logging_config,https://github.com/ray-project/ray/blob/master/python/ray/data/_internal/logging.py#L182,        with open(config_path) as file:
ray-project/ray,python/ray/data/tests/util.py,52,open,NOT_EXPLICIT,False,Implicit Default,None,None,gen_bin_files,https://github.com/ray-project/ray/blob/master/python/ray/data/tests/util.py#L52,"            with open(path, ""wb"") as fp:"
ray-project/ray,python/ray/experimental/raysort/main.py,174,open,NOT_EXPLICIT,False,Implicit Default,None,None,generate_input,https://github.com/ray-project/ray/blob/master/python/ray/experimental/raysort/main.py#L174,"    with open(constants.INPUT_MANIFEST_FILE, ""w"") as fout:"
ray-project/ray,python/ray/experimental/raysort/main.py,187,open,NOT_EXPLICIT,False,Implicit Default,None,None,_load_manifest,https://github.com/ray-project/ray/blob/master/python/ray/experimental/raysort/main.py#L187,    with open(path) as fin:
ray-project/ray,python/ray/experimental/raysort/main.py,255,open,NOT_EXPLICIT,False,Implicit Default,None,None,_merge_impl,https://github.com/ray-project/ray/blob/master/python/ray/experimental/raysort/main.py#L255,"        with open(pinfo.path, ""wb"") as fout:"
ray-project/ray,python/ray/experimental/raysort/main.py,392,open,NOT_EXPLICIT,False,Implicit Default,None,None,sort_main,https://github.com/ray-project/ray/blob/master/python/ray/experimental/raysort/main.py#L392,"        with open(constants.OUTPUT_MANIFEST_FILE, ""w"") as fout:"
ray-project/ray,python/ray/experimental/raysort/main.py,417,open,NOT_EXPLICIT,False,Implicit Default,None,None,validate_part,https://github.com/ray-project/ray/blob/master/python/ray/experimental/raysort/main.py#L417,"    with open(sum_path, ""rb"") as fin:"
ray-project/ray,python/ray/experimental/sandbox/_internal/image_utils.py,258,open,NOT_EXPLICIT,False,Implicit Default,None,None,extract_tar_layer,https://github.com/ray-project/ray/blob/master/python/ray/experimental/sandbox/_internal/image_utils.py#L258,"                with open(target_path, ""wb"") as f_out:"
ray-project/ray,python/ray/experimental/sandbox/_internal/image_utils.py,310,open,NOT_EXPLICIT,False,Implicit Default,None,None,pull_and_extract_container_image,https://github.com/ray-project/ray/blob/master/python/ray/experimental/sandbox/_internal/image_utils.py#L310,"    with open(lock_path, ""w"", encoding=""utf-8"") as f_lock:"
ray-project/ray,python/ray/experimental/sandbox/_internal/image_utils.py,333,open,NOT_EXPLICIT,False,Implicit Default,None,None,pull_and_extract_container_image,https://github.com/ray-project/ray/blob/master/python/ray/experimental/sandbox/_internal/image_utils.py#L333,"                    with open(image, ""rb"") as f:"
ray-project/ray,python/ray/experimental/sandbox/_internal/image_utils.py,342,open,NOT_EXPLICIT,False,Implicit Default,None,None,pull_and_extract_container_image,https://github.com/ray-project/ray/blob/master/python/ray/experimental/sandbox/_internal/image_utils.py#L342,"                    with open(tar_path, ""rb"") as f:"
ray-project/ray,python/ray/experimental/sandbox/_internal/image_utils.py,422,open,NOT_EXPLICIT,False,Implicit Default,None,None,pull_and_extract_container_image,https://github.com/ray-project/ray/blob/master/python/ray/experimental/sandbox/_internal/image_utils.py#L422,"                                with open(                                     os.path.join(tmp_extract_dir, "".image_config.json""),                                     ""wb"",                                 ) as f_cfg:"
ray-project/ray,python/ray/experimental/sandbox/_internal/image_utils.py,468,open,NOT_EXPLICIT,False,Implicit Default,None,None,pull_and_extract_container_image,https://github.com/ray-project/ray/blob/master/python/ray/experimental/sandbox/_internal/image_utils.py#L468,"            with open(                 os.path.join(tmp_extract_dir, "".extracted""), ""w"", encoding=""utf-8""             ) as f_mark:"
ray-project/ray,python/ray/experimental/sandbox/backend/gvisor.py,102,open,NOT_EXPLICIT,False,Implicit Default,None,GVisorSandboxBackend,create_sandbox,https://github.com/ray-project/ray/blob/master/python/ray/experimental/sandbox/backend/gvisor.py#L102,"        stderr_file = open(stderr_log_path, ""w+"", encoding=""utf-8"")"
ray-project/ray,python/ray/experimental/sandbox/image_manager.py,29,open,NOT_EXPLICIT,False,Implicit Default,None,None,get_default_oci_spec,https://github.com/ray-project/ray/blob/master/python/ray/experimental/sandbox/image_manager.py#L29,"        with open(config_path, ""r"", encoding=""utf-8"") as f:"
ray-project/ray,python/ray/experimental/sandbox/image_manager.py,262,open,NOT_EXPLICIT,False,Implicit Default,None,ImageManager,get_image_config,https://github.com/ray-project/ray/blob/master/python/ray/experimental/sandbox/image_manager.py#L262,"                with open(config_path, ""r"", encoding=""utf-8"") as f:"
ray-project/ray,python/ray/experimental/sandbox/image_manager.py,442,open,NOT_EXPLICIT,False,Implicit Default,None,ImageManager,prepare_oci_bundle,https://github.com/ray-project/ray/blob/master/python/ray/experimental/sandbox/image_manager.py#L442,"        with open(config_json_path, ""w"", encoding=""utf-8"") as f:"
ray-project/ray,python/ray/experimental/sandbox/runtime.py,172,open,NOT_EXPLICIT,False,Implicit Default,None,SandboxRuntime,upload_file,https://github.com/ray-project/ray/blob/master/python/ray/experimental/sandbox/runtime.py#L172,"        with open(local_path, ""rb"") as f:"
ray-project/ray,python/ray/experimental/sandbox/runtime.py,190,open,NOT_EXPLICIT,False,Implicit Default,None,SandboxRuntime,download_file,https://github.com/ray-project/ray/blob/master/python/ray/experimental/sandbox/runtime.py#L190,"        with open(local_path, ""wb"") as f:"
ray-project/ray,python/ray/llm/_internal/common/base_pydantic.py,30,open,NOT_EXPLICIT,False,Implicit Default,None,BaseModelExtended,from_file,https://github.com/ray-project/ray/blob/master/python/ray/llm/_internal/common/base_pydantic.py#L30,"        with open(path, ""r"") as f:"
ray-project/ray,python/ray/llm/_internal/common/utils/cloud_utils.py,263,open,NOT_EXPLICIT,False,Implicit Default,None,CloudFileSystem,download_model,https://github.com/ray-project/ray/blob/master/python/ray/llm/_internal/common/utils/cloud_utils.py#L263,"            with open(os.path.join(main_dir, ""main""), ""w"") as f:"
ray-project/ray,python/ray/llm/_internal/common/utils/cloud_utils.py,322,refs_main.read_text,NOT_EXPLICIT,False,Implicit Default,None,CloudFileSystem,upload_model,https://github.com/ray-project/ray/blob/master/python/ray/llm/_internal/common/utils/cloud_utils.py#L322,"                    local_path, ""snapshots"", refs_main.read_text().strip()"
ray-project/ray,python/ray/llm/_internal/common/utils/download_utils.py,98,open,NOT_EXPLICIT,False,Implicit Default,None,None,get_model_location_on_disk,https://github.com/ray-project/ray/blob/master/python/ray/llm/_internal/common/utils/download_utils.py#L98,"            with open(model_dir_refs_main, ""r"") as f:"
ray-project/ray,python/ray/llm/_internal/serve/benchmark/reporting.py,152,open,NOT_EXPLICIT,False,Implicit Default,None,None,report_results,https://github.com/ray-project/ray/blob/master/python/ray/llm/_internal/serve/benchmark/reporting.py#L152,"        with open(save_path, ""w"") as f:"
ray-project/ray,python/ray/llm/tests/conftest.py,39,open,NOT_EXPLICIT,False,Implicit Default,None,None,download_model_from_s3,https://github.com/ray-project/ray/blob/master/python/ray/llm/tests/conftest.py#L39,"            with open(os.path.join(checkpoint_dir, file_name), ""wb"") as fp:"
ray-project/ray,python/ray/llm/tests/serve/conftest.py,191,open,NOT_EXPLICIT,False,Implicit Default,None,None,write_yaml_file,https://github.com/ray-project/ray/blob/master/python/ray/llm/tests/serve/conftest.py#L191,"    with open(tmp_file.name, ""w+"") as f:"
ray-project/ray,python/ray/scripts/scripts.py,74,open,NOT_EXPLICIT,False,Implicit Default,None,None,_tail_file,https://github.com/ray-project/ray/blob/master/python/ray/scripts/scripts.py#L74,"    with open(path, encoding=""utf-8"", errors=""replace"") as f:"
ray-project/ray,python/ray/scripts/scripts.py,1702,open,NOT_EXPLICIT,False,Implicit Default,None,None,up,https://github.com/ray-project/ray/blob/master/python/ray/scripts/scripts.py#L1702,"            with open(file_name, ""wb"") as f:"
ray-project/ray,python/ray/scripts/scripts.py,2859,open,NOT_EXPLICIT,False,Implicit Default,None,None,cpp,https://github.com/ray-project/ray/blob/master/python/ray/scripts/scripts.py#L2859,"        with open(os.path.join(out_dir, "".bazelversion""), ""w"") as f:"
ray-project/ray,python/ray/serve/_private/deployment_state.py,721,open,NOT_EXPLICIT,False,Implicit Default,None,None,print_verbose_scaling_log,https://github.com/ray-project/ray/blob/master/python/ray/serve/_private/deployment_state.py#L721,        with open(log_path) as f:
ray-project/ray,python/ray/serve/_private/haproxy.py,208,open,NOT_EXPLICIT,False,Implicit Default,None,None,_write_if_changed,https://github.com/ray-project/ray/blob/master/python/ray/serve/_private/haproxy.py#L208,        with open(path) as f:
ray-project/ray,python/ray/serve/_private/haproxy.py,213,open,NOT_EXPLICIT,False,Implicit Default,None,None,_write_if_changed,https://github.com/ray-project/ray/blob/master/python/ray/serve/_private/haproxy.py#L213,"    with open(path, ""w"") as f:"
ray-project/ray,python/ray/serve/_private/haproxy.py,221,open,NOT_EXPLICIT,False,Implicit Default,None,None,_tail_file,https://github.com/ray-project/ray/blob/master/python/ray/serve/_private/haproxy.py#L221,"        with open(path, ""rb"") as f:"
ray-project/ray,python/ray/serve/_private/haproxy.py,922,open,NOT_EXPLICIT,False,Implicit Default,None,HAProxyApi,_initialize_directories_and_error_files,https://github.com/ray-project/ray/blob/master/python/ray/serve/_private/haproxy.py#L922,"        with open(error_file_path, ""w"") as ef:"
ray-project/ray,python/ray/serve/_private/haproxy.py,991,open,NOT_EXPLICIT,False,Implicit Default,None,HAProxyApi,_is_our_haproxy,https://github.com/ray-project/ray/blob/master/python/ray/serve/_private/haproxy.py#L991,"            with open(f""/proc/{pid}/cmdline"", ""rb"") as f:"
ray-project/ray,python/ray/serve/_private/haproxy.py,1120,open,NOT_EXPLICIT,False,Implicit Default,None,HAProxyApi,_start_and_wait_for_haproxy,https://github.com/ray-project/ray/blob/master/python/ray/serve/_private/haproxy.py#L1120,"        with open(stdout_path, ""wb"", buffering=0) as stdout_file, open("
ray-project/ray,python/ray/serve/_private/haproxy.py,1120,open,NOT_EXPLICIT,False,Implicit Default,None,HAProxyApi,_start_and_wait_for_haproxy,https://github.com/ray-project/ray/blob/master/python/ray/serve/_private/haproxy.py#L1120,"        with open(stdout_path, ""wb"", buffering=0) as stdout_file, open(             stderr_path, ""wb"", buffering=0         ) as stderr_file:"
ray-project/ray,python/ray/serve/_private/haproxy.py,1154,open,NOT_EXPLICIT,False,Implicit Default,None,HAProxyApi,_save_server_state,https://github.com/ray-project/ray/blob/master/python/ray/serve/_private/haproxy.py#L1154,"        with open(self.cfg.server_state_file, ""w"") as f:"
ray-project/ray,python/ray/serve/_private/haproxy.py,1425,open,NOT_EXPLICIT,False,Implicit Default,None,HAProxyApi,_generate_config_file_internal,https://github.com/ray-project/ray/blob/master/python/ray/serve/_private/haproxy.py#L1425,"            with open(lock_file_path, ""w"") as lock_f:"
ray-project/ray,python/ray/serve/_private/haproxy.py,1428,open,NOT_EXPLICIT,False,Implicit Default,None,HAProxyApi,_generate_config_file_internal,https://github.com/ray-project/ray/blob/master/python/ray/serve/_private/haproxy.py#L1428,"                    with open(self.config_file_path, ""w"") as f:"
ray-project/ray,python/ray/serve/_private/tracing_utils.py,81,open,NOT_EXPLICIT,False,Implicit Default,None,None,default_tracing_exporter,https://github.com/ray-project/ray/blob/master/python/ray/serve/_private/tracing_utils.py#L81,"    out_file = open(spans_file, ""a"")"
ray-project/ray,python/ray/serve/scripts.py,229,open,NOT_EXPLICIT,False,Implicit Default,None,None,_generate_config_from_file_or_import_path,https://github.com/ray-project/ray/blob/master/python/ray/serve/scripts.py#L229,"        with open(config_path, ""r"") as config_file:"
ray-project/ray,python/ray/serve/scripts.py,482,open,NOT_EXPLICIT,False,Implicit Default,None,None,run,https://github.com/ray-project/ray/blob/master/python/ray/serve/scripts.py#L482,"        with open(config_path, ""r"") as config_file:"
ray-project/ray,python/ray/serve/scripts.py,938,open,NOT_EXPLICIT,False,Implicit Default,None,None,build,https://github.com/ray-project/ray/blob/master/python/ray/serve/scripts.py#L938,"    with open(output_path, ""w"") if output_path else sys.stdout as f:"
ray-project/ray,python/ray/serve/tests/test_config_files/flaky_build.py,14,open,NOT_EXPLICIT,False,Implicit Default,None,None,global,https://github.com/ray-project/ray/blob/master/python/ray/serve/tests/test_config_files/flaky_build.py#L14,"with open(_COUNTER_FILE, ""r"") as f:"
ray-project/ray,python/ray/serve/tests/test_config_files/flaky_build.py,16,open,NOT_EXPLICIT,False,Implicit Default,None,None,global,https://github.com/ray-project/ray/blob/master/python/ray/serve/tests/test_config_files/flaky_build.py#L16,"with open(_COUNTER_FILE, ""w"") as f:"
ray-project/ray,python/ray/tests/aws/utils/helpers.py,32,open,NOT_EXPLICIT,False,Implicit Default,None,None,load_aws_example_config_file,https://github.com/ray-project/ray/blob/master/python/ray/tests/aws/utils/helpers.py#L32,    return yaml.safe_load(open(config_file_path).read())
ray-project/ray,python/ray/tests/aws/utils/stubs.py,529,open,NOT_EXPLICIT,False,Implicit Default,None,None,put_cluster_dashboard_success,https://github.com/ray-project/ray/blob/master/python/ray/tests/aws/utils/stubs.py#L529,    with open(json_config_path) as f:
ray-project/ray,python/ray/tests/aws/utils/stubs.py,554,open,NOT_EXPLICIT,False,Implicit Default,None,None,put_cluster_alarms_success,https://github.com/ray-project/ray/blob/master/python/ray/tests/aws/utils/stubs.py#L554,    with open(json_config_path) as f:
ray-project/ray,python/ray/tests/conftest.py,1359,open,NOT_EXPLICIT,False,Implicit Default,None,None,append_short_test_summary,https://github.com/ray-project/ray/blob/master/python/ray/tests/conftest.py#L1359,"    with open(summary_file, ""wt"") as fp:"
ray-project/ray,python/ray/tests/kuberay/utils.py,326,open,NOT_EXPLICIT,False,Implicit Default,None,None,kubectl_exec_python_script,https://github.com/ray-project/ray/blob/master/python/ray/tests/kuberay/utils.py#L326,    with open(script_path) as script_file:
ray-project/ray,python/ray/tests/ludwig/ludwig_test_utils.py,539,open,NOT_EXPLICIT,False,Implicit Default,None,None,to_fwf,https://github.com/ray-project/ray/blob/master/python/ray/tests/ludwig/ludwig_test_utils.py#L539,"        open(fname, ""w"").write(content)"
ray-project/ray,python/ray/tests/nsight_fake/nsys_fake.py,26,open,NOT_EXPLICIT,False,Implicit Default,None,None,run,https://github.com/ray-project/ray/blob/master/python/ray/tests/nsight_fake/nsys_fake.py#L26,"        with open(output_filepath, ""w"") as file:"
ray-project/ray,python/ray/train/_checkpoint.py,289,open,NOT_EXPLICIT,False,Implicit Default,None,Checkpoint,as_directory,https://github.com/ray-project/ray/blob/master/python/ray/train/_checkpoint.py#L289,"            open(del_lock_path, ""a"").close()"
ray-project/ray,python/ray/train/horovod/config.py,59,open,NOT_EXPLICIT,False,Implicit Default,None,HorovodConfig,__post_init__,https://github.com/ray-project/ray/blob/master/python/ray/train/horovod/config.py#L59,"            with open(self.ssh_identity_file, ""w"") as f:"
ray-project/ray,python/ray/train/tests/util.py,16,open,NOT_EXPLICIT,False,Implicit Default,None,None,create_dict_checkpoint,https://github.com/ray-project/ray/blob/master/python/ray/train/tests/util.py#L16,"        with open(os.path.join(tmpdir, ""data.pkl""), ""wb"") as f:"
ray-project/ray,python/ray/train/tests/util.py,24,open,NOT_EXPLICIT,False,Implicit Default,None,None,load_dict_checkpoint,https://github.com/ray-project/ray/blob/master/python/ray/train/tests/util.py#L24,"        with open(os.path.join(checkpoint_dir, ""data.pkl""), ""rb"") as f:"
ray-project/ray,python/ray/tune/examples/bohb_example.py,43,open,NOT_EXPLICIT,False,Implicit Default,None,MyTrainableClass,save_checkpoint,https://github.com/ray-project/ray/blob/master/python/ray/tune/examples/bohb_example.py#L43,"        with open(path, ""w"") as f:"
ray-project/ray,python/ray/tune/examples/bohb_example.py,48,open,NOT_EXPLICIT,False,Implicit Default,None,MyTrainableClass,load_checkpoint,https://github.com/ray-project/ray/blob/master/python/ray/tune/examples/bohb_example.py#L48,"        with open(path, ""r"") as f:"
ray-project/ray,python/ray/tune/examples/custom_checkpointing_with_callback.py,134,open,NOT_EXPLICIT,False,Implicit Default,None,OptimizationTrainable,save_checkpoint,https://github.com/ray-project/ray/blob/master/python/ray/tune/examples/custom_checkpointing_with_callback.py#L134,"        with open(checkpoint_path, ""w"") as f:"
ray-project/ray,python/ray/tune/examples/custom_checkpointing_with_callback.py,144,open,NOT_EXPLICIT,False,Implicit Default,None,OptimizationTrainable,load_checkpoint,https://github.com/ray-project/ray/blob/master/python/ray/tune/examples/custom_checkpointing_with_callback.py#L144,"        with open(checkpoint_path, ""r"") as f:"
ray-project/ray,python/ray/tune/examples/custom_func_checkpointing.py,26,open,NOT_EXPLICIT,False,Implicit Default,None,None,train_func,https://github.com/ray-project/ray/blob/master/python/ray/tune/examples/custom_func_checkpointing.py#L26,"            with open(os.path.join(checkpoint_dir, ""checkpoint.json"")) as f:"
ray-project/ray,python/ray/tune/examples/custom_func_checkpointing.py,34,open,NOT_EXPLICIT,False,Implicit Default,None,None,train_func,https://github.com/ray-project/ray/blob/master/python/ray/tune/examples/custom_func_checkpointing.py#L34,"            with open(os.path.join(temp_checkpoint_dir, ""checkpoint.json""), ""w"") as f:"
ray-project/ray,python/ray/tune/examples/hyperband_function_example.py,21,open,NOT_EXPLICIT,False,Implicit Default,None,None,train_func,https://github.com/ray-project/ray/blob/master/python/ray/tune/examples/hyperband_function_example.py#L21,"            with open(os.path.join(checkpoint_dir, ""checkpoint.json"")) as f:"
ray-project/ray,python/ray/tune/examples/hyperband_function_example.py,33,open,NOT_EXPLICIT,False,Implicit Default,None,None,train_func,https://github.com/ray-project/ray/blob/master/python/ray/tune/examples/hyperband_function_example.py#L33,"                with open(                     os.path.join(temp_checkpoint_dir, ""checkpoint.json""), ""w""                 ) as f:"
ray-project/ray,python/ray/tune/examples/pbt_function.py,48,open,NOT_EXPLICIT,False,Implicit Default,None,None,pbt_function,https://github.com/ray-project/ray/blob/master/python/ray/tune/examples/pbt_function.py#L48,"            with open(os.path.join(checkpoint_dir, ""checkpoint.json""), ""r"") as f:"
ray-project/ray,python/ray/tune/examples/pbt_function.py,97,open,NOT_EXPLICIT,False,Implicit Default,None,None,pbt_function,https://github.com/ray-project/ray/blob/master/python/ray/tune/examples/pbt_function.py#L97,"                with open(os.path.join(tempdir, ""checkpoint.json""), ""w"") as f:"
ray-project/ray,python/ray/tune/execution/tune_controller.py,346,open,NOT_EXPLICIT,False,Implicit Default,None,TuneController,save_to_dir,https://github.com/ray-project/ray/blob/master/python/ray/tune/execution/tune_controller.py#L346,"        with open(             Path(driver_staging_path, self.experiment_state_file_name),             ""w"",         ) as f:"
ray-project/ray,python/ray/tune/experiment/trial.py,840,open,NOT_EXPLICIT,False,Implicit Default,None,Trial,handle_error,https://github.com/ray-project/ray/blob/master/python/ray/tune/experiment/trial.py#L840,"                with open(self.pickled_error_file, ""wb"") as f:"
ray-project/ray,python/ray/tune/experiment/trial.py,842,open,NOT_EXPLICIT,False,Implicit Default,None,Trial,handle_error,https://github.com/ray-project/ray/blob/master/python/ray/tune/experiment/trial.py#L842,"            with open(self.error_file, ""a+"") as f:"
ray-project/ray,python/ray/tune/schedulers/async_hyperband.py,186,open,NOT_EXPLICIT,False,Implicit Default,None,AsyncHyperBandScheduler,save,https://github.com/ray-project/ray/blob/master/python/ray/tune/schedulers/async_hyperband.py#L186,"        with open(checkpoint_path, ""wb"") as outputFile:"
ray-project/ray,python/ray/tune/schedulers/async_hyperband.py,190,open,NOT_EXPLICIT,False,Implicit Default,None,AsyncHyperBandScheduler,restore,https://github.com/ray-project/ray/blob/master/python/ray/tune/schedulers/async_hyperband.py#L190,"        with open(checkpoint_path, ""rb"") as inputFile:"
ray-project/ray,python/ray/tune/schedulers/pbt.py,779,open,NOT_EXPLICIT,False,Implicit Default,None,PopulationBasedTraining,_log_config_on_step,https://github.com/ray-project/ray/blob/master/python/ray/tune/schedulers/pbt.py#L779,"        with open(             os.path.join(trial.local_experiment_path, ""pbt_global.txt""), ""a+""         ) as f:"
ray-project/ray,python/ray/tune/schedulers/pbt.py,787,open,NOT_EXPLICIT,False,Implicit Default,None,PopulationBasedTraining,_log_config_on_step,https://github.com/ray-project/ray/blob/master/python/ray/tune/schedulers/pbt.py#L787,"        with open(trial_path, ""a+"") as f:"
ray-project/ray,python/ray/tune/schedulers/pbt.py,1114,open,NOT_EXPLICIT,False,Implicit Default,None,PopulationBasedTrainingReplay,_load_policy,https://github.com/ray-project/ray/blob/master/python/ray/tune/schedulers/pbt.py#L1114,"        with open(policy_file, ""rt"") as fp:"
ray-project/ray,python/ray/tune/schedulers/resource_changing_scheduler.py,802,open,NOT_EXPLICIT,False,Implicit Default,None,ResourceChangingScheduler,save,https://github.com/ray-project/ray/blob/master/python/ray/tune/schedulers/resource_changing_scheduler.py#L802,"        with open(checkpoint_path, ""wb"") as outputFile:"
ray-project/ray,python/ray/tune/schedulers/resource_changing_scheduler.py,806,open,NOT_EXPLICIT,False,Implicit Default,None,ResourceChangingScheduler,restore,https://github.com/ray-project/ray/blob/master/python/ray/tune/schedulers/resource_changing_scheduler.py#L806,"        with open(checkpoint_path, ""rb"") as inputFile:"
ray-project/ray,python/ray/tune/search/ax/ax_search.py,470,open,NOT_EXPLICIT,False,Implicit Default,None,AxSearch,save,https://github.com/ray-project/ray/blob/master/python/ray/tune/search/ax/ax_search.py#L470,"        with open(checkpoint_path, ""wb"") as outputFile:"
ray-project/ray,python/ray/tune/search/ax/ax_search.py,474,open,NOT_EXPLICIT,False,Implicit Default,None,AxSearch,restore,https://github.com/ray-project/ray/blob/master/python/ray/tune/search/ax/ax_search.py#L474,"        with open(checkpoint_path, ""rb"") as inputFile:"
ray-project/ray,python/ray/tune/search/bayesopt/bayesopt_search.py,428,open,NOT_EXPLICIT,False,Implicit Default,None,BayesOptSearch,save,https://github.com/ray-project/ray/blob/master/python/ray/tune/search/bayesopt/bayesopt_search.py#L428,"        with open(checkpoint_path, ""wb"") as f:"
ray-project/ray,python/ray/tune/search/bayesopt/bayesopt_search.py,433,open,NOT_EXPLICIT,False,Implicit Default,None,BayesOptSearch,restore,https://github.com/ray-project/ray/blob/master/python/ray/tune/search/bayesopt/bayesopt_search.py#L433,"        with open(checkpoint_path, ""rb"") as f:"
ray-project/ray,python/ray/tune/search/bohb/bohb_search.py,373,open,NOT_EXPLICIT,False,Implicit Default,None,TuneBOHB,save,https://github.com/ray-project/ray/blob/master/python/ray/tune/search/bohb/bohb_search.py#L373,"        with open(checkpoint_path, ""wb"") as outputFile:"
ray-project/ray,python/ray/tune/search/bohb/bohb_search.py,377,open,NOT_EXPLICIT,False,Implicit Default,None,TuneBOHB,restore,https://github.com/ray-project/ray/blob/master/python/ray/tune/search/bohb/bohb_search.py#L377,"        with open(checkpoint_path, ""rb"") as inputFile:"
ray-project/ray,python/ray/tune/search/hebo/hebo_search.py,361,open,NOT_EXPLICIT,False,Implicit Default,None,HEBOSearch,save,https://github.com/ray-project/ray/blob/master/python/ray/tune/search/hebo/hebo_search.py#L361,"        with open(checkpoint_path, ""wb"") as f:"
ray-project/ray,python/ray/tune/search/hebo/hebo_search.py,366,open,NOT_EXPLICIT,False,Implicit Default,None,HEBOSearch,restore,https://github.com/ray-project/ray/blob/master/python/ray/tune/search/hebo/hebo_search.py#L366,"        with open(checkpoint_path, ""rb"") as f:"
ray-project/ray,python/ray/tune/search/nevergrad/nevergrad_search.py,312,open,NOT_EXPLICIT,False,Implicit Default,None,NevergradSearch,save,https://github.com/ray-project/ray/blob/master/python/ray/tune/search/nevergrad/nevergrad_search.py#L312,"        with open(checkpoint_path, ""wb"") as outputFile:"
ray-project/ray,python/ray/tune/search/nevergrad/nevergrad_search.py,316,open,NOT_EXPLICIT,False,Implicit Default,None,NevergradSearch,restore,https://github.com/ray-project/ray/blob/master/python/ray/tune/search/nevergrad/nevergrad_search.py#L316,"        with open(checkpoint_path, ""rb"") as inputFile:"
ray-project/ray,python/ray/tune/search/optuna/optuna_search.py,635,open,NOT_EXPLICIT,False,Implicit Default,None,OptunaSearch,save,https://github.com/ray-project/ray/blob/master/python/ray/tune/search/optuna/optuna_search.py#L635,"        with open(checkpoint_path, ""wb"") as outputFile:"
ray-project/ray,python/ray/tune/search/optuna/optuna_search.py,639,open,NOT_EXPLICIT,False,Implicit Default,None,OptunaSearch,restore,https://github.com/ray-project/ray/blob/master/python/ray/tune/search/optuna/optuna_search.py#L639,"        with open(checkpoint_path, ""rb"") as inputFile:"
ray-project/ray,python/ray/tune/search/zoopt/zoopt_search.py,315,open,NOT_EXPLICIT,False,Implicit Default,None,ZOOptSearch,save,https://github.com/ray-project/ray/blob/master/python/ray/tune/search/zoopt/zoopt_search.py#L315,"        with open(checkpoint_path, ""wb"") as outputFile:"
ray-project/ray,python/ray/tune/search/zoopt/zoopt_search.py,319,open,NOT_EXPLICIT,False,Implicit Default,None,ZOOptSearch,restore,https://github.com/ray-project/ray/blob/master/python/ray/tune/search/zoopt/zoopt_search.py#L319,"        with open(checkpoint_path, ""rb"") as inputFile:"
ray-project/ray,python/ray/tune/trainable/trainable.py,564,open,NOT_EXPLICIT,False,Implicit Default,None,Trainable,restore,https://github.com/ray-project/ray/blob/master/python/ray/tune/trainable/trainable.py#L564,"                    with open(dict_checkpoint_file, ""rb"") as f:"
ray-project/ray,python/ray/tune/trainable/trainable.py,683,open,NOT_EXPLICIT,False,Implicit Default,None,Trainable,_open_logfiles,https://github.com/ray-project/ray/blob/master/python/ray/tune/trainable/trainable.py#L683,"            self._stdout_fp = open(stdout_path, ""a+"")"
ray-project/ray,python/ray/tune/trainable/trainable.py,690,open,NOT_EXPLICIT,False,Implicit Default,None,Trainable,_open_logfiles,https://github.com/ray-project/ray/blob/master/python/ray/tune/trainable/trainable.py#L690,"            self._stderr_fp = open(stderr_path, ""a+"")"
ray-project/ray,python/ray/tune/utils/mock_trainable.py,49,open,NOT_EXPLICIT,False,Implicit Default,None,MyTrainableClass,save_checkpoint,https://github.com/ray-project/ray/blob/master/python/ray/tune/utils/mock_trainable.py#L49,"        with open(path, ""w"") as f:"
ray-project/ray,python/ray/tune/utils/mock_trainable.py,54,open,NOT_EXPLICIT,False,Implicit Default,None,MyTrainableClass,load_checkpoint,https://github.com/ray-project/ray/blob/master/python/ray/tune/utils/mock_trainable.py#L54,"        with open(path, ""r"") as f:"
ray-project/ray,python/ray/tune/utils/release_test_util.py,69,open,NOT_EXPLICIT,False,Implicit Default,None,TestDurableTrainable,save_checkpoint,https://github.com/ray-project/ray/blob/master/python/ray/tune/utils/release_test_util.py#L69,"        with open(checkpoint_file, ""wb"") as fp:"
ray-project/ray,python/ray/tune/utils/release_test_util.py,97,open,NOT_EXPLICIT,False,Implicit Default,None,None,function_trainable,https://github.com/ray-project/ray/blob/master/python/ray/tune/utils/release_test_util.py#L97,"                    with open(checkpoint_file, ""wb"") as fp:"
ray-project/ray,python/ray/tune/utils/release_test_util.py,169,open,NOT_EXPLICIT,False,Implicit Default,None,None,timed_tune_run,https://github.com/ray-project/ray/blob/master/python/ray/tune/utils/release_test_util.py#L169,"    with open(test_output_json, ""wt"") as f:"
ray-project/ray,python/ray/tune/utils/util.py,425,open,NOT_EXPLICIT,False,Implicit Default,None,None,_atomic_save,https://github.com/ray-project/ray/blob/master/python/ray/tune/utils/util.py#L425,"    with open(tmp_search_ckpt_path, ""wb"") as f:"
ray-project/ray,python/ray/tune/utils/util.py,451,open,NOT_EXPLICIT,False,Implicit Default,None,None,_load_newest_checkpoint,https://github.com/ray-project/ray/blob/master/python/ray/tune/utils/util.py#L451,"    with open(most_recent_checkpoint, ""rb"") as f:"
ray-project/ray,python/ray/util/client/api.py,357,open,NOT_EXPLICIT,False,Implicit Default,None,_ClientAPI,timeline,https://github.com/ray-project/ray/blob/master/python/ray/util/client/api.py#L357,"            with open(filename, ""w"") as outfile:"
ray-project/ray,python/ray/util/spark/cluster_init.py,374,open,NOT_EXPLICIT,False,Implicit Default,None,None,_preallocate_ray_worker_port_range,https://github.com/ray-project/ray/blob/master/python/ray/util/spark/cluster_init.py#L374,"            with open(port_alloc_file, mode=""r"") as fp:"
ray-project/ray,python/ray/util/spark/cluster_init.py,385,open,NOT_EXPLICIT,False,Implicit Default,None,None,_preallocate_ray_worker_port_range,https://github.com/ray-project/ray/blob/master/python/ray/util/spark/cluster_init.py#L385,"            with open(port_alloc_file, mode=""w""):"
ray-project/ray,python/ray/util/spark/cluster_init.py,409,open,NOT_EXPLICIT,False,Implicit Default,None,None,_preallocate_ray_worker_port_range,https://github.com/ray-project/ray/blob/master/python/ray/util/spark/cluster_init.py#L409,"        with open(port_alloc_file, mode=""w"") as fp:"
ray-project/ray,python/ray/util/spark/cluster_init.py,1764,open,NOT_EXPLICIT,False,Implicit Default,None,AutoscalingCluster,_generate_config,https://github.com/ray-project/ray/blob/master/python/ray/util/spark/cluster_init.py#L1764,"            open(                 os.path.join(                     os.path.dirname(ray.__file__),                     ""autoscaler/spark/defaults.yaml"",                 )             )"
ray-project/ray,python/ray/util/spark/cluster_init.py,1818,open,NOT_EXPLICIT,False,Implicit Default,None,AutoscalingCluster,start,https://github.com/ray-project/ray/blob/master/python/ray/util/spark/cluster_init.py#L1818,"        with open(autoscale_config, ""w"") as f:"
ray-project/ray,python/ray/util/tracing/setup_local_tmp_tracing.py,22,open,NOT_EXPLICIT,False,Implicit Default,None,None,setup_tracing,https://github.com/ray-project/ray/blob/master/python/ray/util/tracing/setup_local_tmp_tracing.py#L22,"                out=open(f""{spans_dir}{os.getpid()}.txt"", ""w""),"
ray-project/ray,python/ray/widgets/render.py,12,open,NOT_EXPLICIT,False,Implicit Default,None,Template,__init__,https://github.com/ray-project/ray/blob/master/python/ray/widgets/render.py#L12,"        with open(pathlib.Path(__file__).parent / ""templates"" / file, ""r"") as f:"
ray-project/ray,python/setup.py,62,open,NOT_EXPLICIT,False,Implicit Default,None,None,find_version,https://github.com/ray-project/ray/blob/master/python/setup.py#L62,"    with open(os.path.join(ROOT_DIR, *filepath)) as fp:"
ray-project/ray,python/setup.py,513,open,NOT_EXPLICIT,False,Implicit Default,None,None,replace_symlinks_with_junctions,https://github.com/ray-project/ray/blob/master/python/setup.py#L513,                with open(path) as inp:
ray-project/ray,python/setup.py,805,open,NOT_EXPLICIT,False,Implicit Default,None,None,global,https://github.com/ray-project/ray/blob/master/python/setup.py#L805,"    with open(         os.path.join(ROOT_DIR, os.path.pardir, ""README.rst""), ""r"", encoding=""utf-8""     ) as f:"
ray-project/ray,python/setup.py,810,open,NOT_EXPLICIT,False,Implicit Default,None,None,global,https://github.com/ray-project/ray/blob/master/python/setup.py#L810,"    with open(os.path.join(ROOT_DIR, ""LICENSE.txt""), ""r"", encoding=""utf-8"") as f:"
ray-project/ray,release/air_tests/air_benchmarks/workloads/benchmark_util.py,42,open,NOT_EXPLICIT,False,Implicit Default,None,None,_write,https://github.com/ray-project/ray/blob/master/release/air_tests/air_benchmarks/workloads/benchmark_util.py#L42,"    with open(path, ""wb"") as f:"
ray-project/ray,release/air_tests/air_benchmarks/workloads/benchmark_util.py,49,open,NOT_EXPLICIT,False,Implicit Default,None,None,upload_file_to_all_nodes,https://github.com/ray-project/ray/blob/master/release/air_tests/air_benchmarks/workloads/benchmark_util.py#L49,"    with open(path, ""rb"") as f:"
ray-project/ray,release/air_tests/air_benchmarks/workloads/pytorch_training_e2e.py,142,open,NOT_EXPLICIT,False,Implicit Default,None,None,main,https://github.com/ray-project/ray/blob/master/release/air_tests/air_benchmarks/workloads/pytorch_training_e2e.py#L142,"    with open(test_output_json, ""wt"") as f:"
ray-project/ray,release/air_tests/air_benchmarks/workloads/tensorflow_benchmark.py,97,open,NOT_EXPLICIT,False,Implicit Default,None,None,train_func,https://github.com/ray-project/ray/blob/master/release/air_tests/air_benchmarks/workloads/tensorflow_benchmark.py#L97,"            with open(VANILLA_RESULT_JSON, ""w"") as f:"
ray-project/ray,release/air_tests/air_benchmarks/workloads/tensorflow_benchmark.py,220,open,NOT_EXPLICIT,False,Implicit Default,None,None,train_tf_vanilla,https://github.com/ray-project/ray/blob/master/release/air_tests/air_benchmarks/workloads/tensorflow_benchmark.py#L220,"        with open(VANILLA_RESULT_JSON, ""r"") as f:"
ray-project/ray,release/air_tests/air_benchmarks/workloads/tensorflow_benchmark.py,380,open,NOT_EXPLICIT,False,Implicit Default,None,None,run,https://github.com/ray-project/ray/blob/master/release/air_tests/air_benchmarks/workloads/tensorflow_benchmark.py#L380,"    with open(test_output_json, ""wt"") as f:"
ray-project/ray,release/air_tests/air_benchmarks/workloads/torch_benchmark.py,224,open,NOT_EXPLICIT,False,Implicit Default,None,None,train_func,https://github.com/ray-project/ray/blob/master/release/air_tests/air_benchmarks/workloads/torch_benchmark.py#L224,"            with open(VANILLA_RESULT_JSON, ""w"") as f:"
ray-project/ray,release/air_tests/air_benchmarks/workloads/torch_benchmark.py,382,open,NOT_EXPLICIT,False,Implicit Default,None,None,train_torch_vanilla,https://github.com/ray-project/ray/blob/master/release/air_tests/air_benchmarks/workloads/torch_benchmark.py#L382,"        with open(VANILLA_RESULT_JSON, ""r"") as f:"
ray-project/ray,release/air_tests/air_benchmarks/workloads/torch_benchmark.py,529,open,NOT_EXPLICIT,False,Implicit Default,None,None,run,https://github.com/ray-project/ray/blob/master/release/air_tests/air_benchmarks/workloads/torch_benchmark.py#L529,"    with open(test_output_json, ""wt"") as f:"
ray-project/ray,release/air_tests/air_benchmarks/workloads/tune_torch_benchmark.py,223,open,NOT_EXPLICIT,False,Implicit Default,None,None,main,https://github.com/ray-project/ray/blob/master/release/air_tests/air_benchmarks/workloads/tune_torch_benchmark.py#L223,"    with open(test_output_json, ""wt"") as f:"
ray-project/ray,release/autoscaling_tests/run.py,75,open,NOT_EXPLICIT,False,Implicit Default,None,None,run,https://github.com/ray-project/ray/blob/master/release/autoscaling_tests/run.py#L75,"        with open(os.environ[""TEST_OUTPUT_JSON""], ""w"") as out_file:"
ray-project/ray,release/benchmarks/distributed/many_nodes_tests/actor_test.py,118,open,NOT_EXPLICIT,False,Implicit Default,None,None,main,https://github.com/ray-project/ray/blob/master/release/benchmarks/distributed/many_nodes_tests/actor_test.py#L118,"        with open(os.environ[""TEST_OUTPUT_JSON""], ""w"") as out_file:"
ray-project/ray,release/benchmarks/distributed/many_nodes_tests/multi_master_test.py,79,open,NOT_EXPLICIT,False,Implicit Default,None,None,main,https://github.com/ray-project/ray/blob/master/release/benchmarks/distributed/many_nodes_tests/multi_master_test.py#L79,"        with open(os.environ[""TEST_OUTPUT_JSON""], ""w"") as out_file:"
ray-project/ray,release/dashboard/mem_check.py,81,open,NOT_EXPLICIT,False,Implicit Default,None,None,global,https://github.com/ray-project/ray/blob/master/release/dashboard/mem_check.py#L81,"    with open(os.environ[""TEST_OUTPUT_JSON""], ""w"") as f:"
ray-project/ray,release/golden_notebook_tests/workloads/torch_tune_serve_test.py,299,open,NOT_EXPLICIT,False,Implicit Default,None,None,global,https://github.com/ray-project/ray/blob/master/release/golden_notebook_tests/workloads/torch_tune_serve_test.py#L299,"    with open(test_output_json, ""wt"") as f:"
ray-project/ray,release/jobs_tests/workloads/jobs_basic.py,78,open,NOT_EXPLICIT,False,Implicit Default,None,None,global,https://github.com/ray-project/ray/blob/master/release/jobs_tests/workloads/jobs_basic.py#L78,"    with open(test_output_json, ""wt"") as f:"
ray-project/ray,release/jobs_tests/workloads/jobs_specify_num_gpus.py,93,open,NOT_EXPLICIT,False,Implicit Default,None,None,global,https://github.com/ray-project/ray/blob/master/release/jobs_tests/workloads/jobs_specify_num_gpus.py#L93,"    with open(test_output_json, ""wt"") as f:"
ray-project/ray,release/k8s_tests/run_gcs_ft_on_k8s.py,342,open,NOT_EXPLICIT,False,Implicit Default,None,None,get_stats,https://github.com/ray-project/ray/blob/master/release/k8s_tests/run_gcs_ft_on_k8s.py#L342,"    with open(""stats_history.csv"") as f:"
ray-project/ray,release/k8s_tests/run_gcs_ft_on_k8s.py,415,open,NOT_EXPLICIT,False,Implicit Default,None,None,main,https://github.com/ray-project/ray/blob/master/release/k8s_tests/run_gcs_ft_on_k8s.py#L415,"        with open(test_output_json_path, ""wt"") as f:"
ray-project/ray,release/llm_tests/benchmark/load_test.py,512,open,NOT_EXPLICIT,False,Implicit Default,None,None,_load_curl_like_data,https://github.com/ray-project/ray/blob/master/release/llm_tests/benchmark/load_test.py#L512,"                with open(text[1:], ""r"") as f:"
ray-project/ray,release/llm_tests/benchmark/load_test.py,515,open,NOT_EXPLICIT,False,Implicit Default,None,None,_load_curl_like_data,https://github.com/ray-project/ray/blob/master/release/llm_tests/benchmark/load_test.py#L515,"                with open(text[1:], ""r"") as f:"
ray-project/ray,release/llm_tests/benchmark/load_test.py,1054,open,NOT_EXPLICIT,False,Implicit Default,None,None,collect_metrics,https://github.com/ray-project/ray/blob/master/release/llm_tests/benchmark/load_test.py#L1054,"        with open(environment.parsed_options.summary_file, ""a"") as f:"
ray-project/ray,release/llm_tests/serve/benchmark/common.py,22,open,NOT_EXPLICIT,False,Implicit Default,None,None,get_llm_config,https://github.com/ray-project/ray/blob/master/release/llm_tests/serve/benchmark/common.py#L22,"    with open(serve_config_file, ""r"") as f:"
ray-project/ray,release/llm_tests/serve/benchmark/common.py,31,open,NOT_EXPLICIT,False,Implicit Default,None,None,get_llm_config,https://github.com/ray-project/ray/blob/master/release/llm_tests/serve/benchmark/common.py#L31,"    with open(config, ""r"") as f:"
ray-project/ray,release/llm_tests/serve/benchmark/common.py,46,open,NOT_EXPLICIT,False,Implicit Default,None,None,read_yaml,https://github.com/ray-project/ray/blob/master/release/llm_tests/serve/benchmark/common.py#L46,"    with open(file_path, ""r"") as f:"
ray-project/ray,release/llm_tests/serve/benchmark/load_test.py,512,open,NOT_EXPLICIT,False,Implicit Default,None,None,_load_curl_like_data,https://github.com/ray-project/ray/blob/master/release/llm_tests/serve/benchmark/load_test.py#L512,"                with open(text[1:], ""r"") as f:"
ray-project/ray,release/llm_tests/serve/benchmark/load_test.py,515,open,NOT_EXPLICIT,False,Implicit Default,None,None,_load_curl_like_data,https://github.com/ray-project/ray/blob/master/release/llm_tests/serve/benchmark/load_test.py#L515,"                with open(text[1:], ""r"") as f:"
ray-project/ray,release/llm_tests/serve/benchmark/load_test.py,1054,open,NOT_EXPLICIT,False,Implicit Default,None,None,collect_metrics,https://github.com/ray-project/ray/blob/master/release/llm_tests/serve/benchmark/load_test.py#L1054,"        with open(environment.parsed_options.summary_file, ""a"") as f:"
ray-project/ray,release/llm_tests/serve/probes/config.py,13,open,NOT_EXPLICIT,False,Implicit Default,None,None,load_from_file,https://github.com/ray-project/ray/blob/master/release/llm_tests/serve/probes/config.py#L13,    with open(file) as f:
ray-project/ray,release/microbenchmark/experimental/compiled_graph_gpu_microbenchmark.py,460,open,NOT_EXPLICIT,False,Implicit Default,None,None,global,https://github.com/ray-project/ray/blob/master/release/microbenchmark/experimental/compiled_graph_gpu_microbenchmark.py#L460,"    with open(test_output_json, ""wt"") as f:"
ray-project/ray,release/microbenchmark/experimental/rdt_single_node_microbenchmark.py,268,open,NOT_EXPLICIT,False,Implicit Default,None,None,global,https://github.com/ray-project/ray/blob/master/release/microbenchmark/experimental/rdt_single_node_microbenchmark.py#L268,"    with open(os.environ[""TEST_OUTPUT_JSON""], ""w"") as out_file:"
ray-project/ray,release/microbenchmark/run_microbenchmark.py,48,open,NOT_EXPLICIT,False,Implicit Default,None,None,global,https://github.com/ray-project/ray/blob/master/release/microbenchmark/run_microbenchmark.py#L48,"    with open(test_output_json, ""wt"") as f:"
ray-project/ray,release/ml_user_tests/horovod/horovod_user_test.py,34,open,NOT_EXPLICIT,False,Implicit Default,None,None,global,https://github.com/ray-project/ray/blob/master/release/ml_user_tests/horovod/horovod_user_test.py#L34,"    with open(test_output_json, ""wt"") as f:"
ray-project/ray,release/ml_user_tests/train/train_tensorflow_mnist_test.py,31,open,NOT_EXPLICIT,False,Implicit Default,None,None,global,https://github.com/ray-project/ray/blob/master/release/ml_user_tests/train/train_tensorflow_mnist_test.py#L31,"    with open(test_output_json, ""wt"") as f:"
ray-project/ray,release/ml_user_tests/train/train_torch_linear_test.py,30,open,NOT_EXPLICIT,False,Implicit Default,None,None,global,https://github.com/ray-project/ray/blob/master/release/ml_user_tests/train/train_torch_linear_test.py#L30,"    with open(test_output_json, ""wt"") as f:"
ray-project/ray,release/nightly_tests/dask_on_ray/dask_on_ray_sort.py,41,open,NOT_EXPLICIT,False,Implicit Default,None,None,generate_s3_file,https://github.com/ray-project/ray/blob/master/release/nightly_tests/dask_on_ray/dask_on_ray_sort.py#L41,"        with open(filename, ""rb"") as f:"
ray-project/ray,release/nightly_tests/dask_on_ray/dask_on_ray_sort.py,243,open,NOT_EXPLICIT,False,Implicit Default,None,None,global,https://github.com/ray-project/ray/blob/master/release/nightly_tests/dask_on_ray/dask_on_ray_sort.py#L243,"    with open(os.environ[""TEST_OUTPUT_JSON""], ""w"") as f:"
ray-project/ray,release/nightly_tests/dask_on_ray/dask_on_ray_sort.py,249,open,NOT_EXPLICIT,False,Implicit Default,None,None,global,https://github.com/ray-project/ray/blob/master/release/nightly_tests/dask_on_ray/dask_on_ray_sort.py#L249,"    with open(""output.csv"", ""a+"") as csvfile:"
ray-project/ray,release/nightly_tests/dataset/benchmark.py,280,open,NOT_EXPLICIT,False,Implicit Default,None,Benchmark,write_result,https://github.com/ray-project/ray/blob/master/release/nightly_tests/dataset/benchmark.py#L280,"        with open(test_output_json, ""w"") as f:"
ray-project/ray,release/nightly_tests/dataset/profiling/analysis/analyze_pyspy_profile.py,44,open,NOT_EXPLICIT,False,Implicit Default,None,None,load_profile,https://github.com/ray-project/ray/blob/master/release/nightly_tests/dataset/profiling/analysis/analyze_pyspy_profile.py#L44,"    with open(path, encoding=""utf-8"", errors=""replace"") as f:"
ray-project/ray,release/nightly_tests/dataset/profiling/analysis/analyze_pyspy_profile.py,478,open,NOT_EXPLICIT,False,Implicit Default,None,None,main,https://github.com/ray-project/ray/blob/master/release/nightly_tests/dataset/profiling/analysis/analyze_pyspy_profile.py#L478,                with open(args.categories) as f:
ray-project/ray,release/nightly_tests/dataset/profiling/analysis/collapsed_to_speedscope.py,36,open,NOT_EXPLICIT,False,Implicit Default,None,None,parse_collapsed,https://github.com/ray-project/ray/blob/master/release/nightly_tests/dataset/profiling/analysis/collapsed_to_speedscope.py#L36,    with open(path) as f:
ray-project/ray,release/nightly_tests/dataset/profiling/analysis/collapsed_to_speedscope.py,177,open,NOT_EXPLICIT,False,Implicit Default,None,None,main,https://github.com/ray-project/ray/blob/master/release/nightly_tests/dataset/profiling/analysis/collapsed_to_speedscope.py#L177,"    with open(output, ""w"") as f:"
ray-project/ray,release/nightly_tests/dataset/profiling/gpu_monitor.py,38,open,NOT_EXPLICIT,False,Implicit Default,None,_NvidiaSmiActor,__init__,https://github.com/ray-project/ray/blob/master/release/nightly_tests/dataset/profiling/gpu_monitor.py#L38,"            stdout=open(outfile, ""w""),"
ray-project/ray,release/nightly_tests/dataset/profiling/metrics.py,250,open,NOT_EXPLICIT,False,Implicit Default,None,None,parse_object_store_state,https://github.com/ray-project/ray/blob/master/release/nightly_tests/dataset/profiling/metrics.py#L250,    with open(obj_path) as f:
ray-project/ray,release/nightly_tests/dataset/profiling/metrics.py,304,open,NOT_EXPLICIT,False,Implicit Default,None,None,parse_object_store_state,https://github.com/ray-project/ray/blob/master/release/nightly_tests/dataset/profiling/metrics.py#L304,        with open(actor_path) as f:
ray-project/ray,release/nightly_tests/dataset/profiling/metrics.py,373,open,NOT_EXPLICIT,False,Implicit Default,None,None,parse_plasma_stats,https://github.com/ray-project/ray/blob/master/release/nightly_tests/dataset/profiling/metrics.py#L373,    with open(plasma_path) as f:
ray-project/ray,release/nightly_tests/dataset/profiling/metrics.py,473,open,NOT_EXPLICIT,False,Implicit Default,None,None,_parse_gpu_file,https://github.com/ray-project/ray/blob/master/release/nightly_tests/dataset/profiling/metrics.py#L473,        with open(filepath) as f:
ray-project/ray,release/nightly_tests/dataset/profiling/net_monitor.py,21,open,NOT_EXPLICIT,False,Implicit Default,None,None,_start_net_monitor,https://github.com/ray-project/ray/blob/master/release/nightly_tests/dataset/profiling/net_monitor.py#L21,"    with open(path, ""w"", newline="""") as f:"
ray-project/ray,release/nightly_tests/dataset/profiling/object_store.py,82,open,NOT_EXPLICIT,False,Implicit Default,None,None,_loop,https://github.com/ray-project/ray/blob/master/release/nightly_tests/dataset/profiling/object_store.py#L82,"    obj_f = open(csv_path, ""w"", newline="""")"
ray-project/ray,release/nightly_tests/dataset/profiling/object_store.py,87,open,NOT_EXPLICIT,False,Implicit Default,None,None,_loop,https://github.com/ray-project/ray/blob/master/release/nightly_tests/dataset/profiling/object_store.py#L87,"    actor_f = open(actors_path, ""w"", newline="""")"
ray-project/ray,release/nightly_tests/dataset/profiling/object_store.py,92,open,NOT_EXPLICIT,False,Implicit Default,None,None,_loop,https://github.com/ray-project/ray/blob/master/release/nightly_tests/dataset/profiling/object_store.py#L92,"    plasma_f = open(plasma_path, ""w"", newline="""")"
ray-project/ray,release/nightly_tests/dataset/profiling/perf.py,104,open,NOT_EXPLICIT,False,Implicit Default,None,None,start_profiling,https://github.com/ray-project/ray/blob/master/release/nightly_tests/dataset/profiling/perf.py#L104,"    log_file = open(log_path, ""w"")"
ray-project/ray,release/nightly_tests/dataset/profiling/perf.py,232,open,NOT_EXPLICIT,False,Implicit Default,None,None,generate_collapsed_stacks,https://github.com/ray-project/ray/blob/master/release/nightly_tests/dataset/profiling/perf.py#L232,"            with open(collapsed_path, ""w"") as out:"
ray-project/ray,release/nightly_tests/dataset/profiling/pyspy.py,87,open,NOT_EXPLICIT,False,Implicit Default,None,None,start,https://github.com/ray-project/ray/blob/master/release/nightly_tests/dataset/profiling/pyspy.py#L87,"    _log_file = open(log_path, ""w"")"
ray-project/ray,release/nightly_tests/dataset/profiling/pyspy.py,253,open,NOT_EXPLICIT,False,Implicit Default,None,None,_attach_worker_pyspy,https://github.com/ray-project/ray/blob/master/release/nightly_tests/dataset/profiling/pyspy.py#L253,"    log_file = open(log_path, ""w"")"
ray-project/ray,release/nightly_tests/placement_group_tests/long_running_performance_test.py,148,open,NOT_EXPLICIT,False,Implicit Default,None,None,main,https://github.com/ray-project/ray/blob/master/release/nightly_tests/placement_group_tests/long_running_performance_test.py#L148,"        with open(os.environ[""TEST_OUTPUT_JSON""], ""w"") as out_file:"
ray-project/ray,release/nightly_tests/placement_group_tests/pg_run.py,64,open,NOT_EXPLICIT,False,Implicit Default,None,None,main,https://github.com/ray-project/ray/blob/master/release/nightly_tests/placement_group_tests/pg_run.py#L64,"        with open(os.environ[""TEST_OUTPUT_JSON""], ""w"") as out_file:"
ray-project/ray,release/nightly_tests/placement_group_tests/placement_group_performance_test.py,169,open,NOT_EXPLICIT,False,Implicit Default,None,None,global,https://github.com/ray-project/ray/blob/master/release/nightly_tests/placement_group_tests/placement_group_performance_test.py#L169,"        with open(os.environ[""TEST_OUTPUT_JSON""], ""w"") as out_file:"
ray-project/ray,release/nightly_tests/shuffle/shuffle_test.py,39,open,NOT_EXPLICIT,False,Implicit Default,None,None,global,https://github.com/ray-project/ray/blob/master/release/nightly_tests/shuffle/shuffle_test.py#L39,"    with open(os.environ[""TEST_OUTPUT_JSON""], ""w"") as f:"
ray-project/ray,release/ray_release/buildkite/concurrency.py,80,open,NOT_EXPLICIT,False,Implicit Default,None,None,load_instance_types,https://github.com/ray-project/ray/blob/master/release/ray_release/buildkite/concurrency.py#L80,"    with open(path, ""rt"") as fp:"
ray-project/ray,release/ray_release/byod/build_context.py,132,open,NOT_EXPLICIT,False,Implicit Default,None,None,fill_build_context_dir,https://github.com/ray-project/ray/blob/master/release/ray_release/byod/build_context.py#L132,"        with open(os.path.join(context_dir, ""install_python_deps.sh""), ""w"") as f:"
ray-project/ray,release/ray_release/byod/build_context.py,147,open,NOT_EXPLICIT,False,Implicit Default,None,None,fill_build_context_dir,https://github.com/ray-project/ray/blob/master/release/ray_release/byod/build_context.py#L147,"    with open(dockerfile_path, ""w"") as f:"
ray-project/ray,release/ray_release/byod/build_context.py,152,open,NOT_EXPLICIT,False,Implicit Default,None,None,_sha256_file,https://github.com/ray-project/ray/blob/master/release/ray_release/byod/build_context.py#L152,"    with open(path, ""rb"") as f:"
ray-project/ray,release/ray_release/cloud_util.py,39,open,NOT_EXPLICIT,False,Implicit Default,None,None,get_azure_credential,https://github.com/ray-project/ray/blob/master/release/ray_release/cloud_util.py#L39,"            with open(certificate_path, ""w"") as f:"
ray-project/ray,release/ray_release/cloud_util.py,74,open,NOT_EXPLICIT,False,Implicit Default,None,None,_upload_file_to_azure,https://github.com/ray-project/ray/blob/master/release/ray_release/cloud_util.py#L74,"        with open(local_file_path, ""rb"") as f:"
ray-project/ray,release/ray_release/command_runner/_anyscale_job_wrapper.py,197,open,NOT_EXPLICIT,False,Implicit Default,None,None,run_bash_command,https://github.com/ray-project/ray/blob/master/release/ray_release/command_runner/_anyscale_job_wrapper.py#L197,"    with open(workload_path, ""w"") as fp:"
ray-project/ray,release/ray_release/command_runner/_anyscale_job_wrapper.py,290,open,NOT_EXPLICIT,False,Implicit Default,None,None,_load_metrics_for_check,https://github.com/ray-project/ray/blob/master/release/ray_release/command_runner/_anyscale_job_wrapper.py#L290,"        with open(metrics_path, ""r"") as f:"
ray-project/ray,release/ray_release/command_runner/_anyscale_job_wrapper.py,609,open,NOT_EXPLICIT,False,Implicit Default,None,None,main,https://github.com/ray-project/ray/blob/master/release/ray_release/command_runner/_anyscale_job_wrapper.py#L609,"    with open(output_json_file, ""w"") as fp:"
ray-project/ray,release/ray_release/command_runner/_prometheus_metrics.py,267,open,NOT_EXPLICIT,False,Implicit Default,None,None,save_prometheus_metrics,https://github.com/ray-project/ray/blob/master/release/ray_release/command_runner/_prometheus_metrics.py#L267,"        with open(path, ""w"") as metrics_output_file:"
ray-project/ray,release/ray_release/command_runner/anyscale_job_runner.py,360,open,NOT_EXPLICIT,False,Implicit Default,None,AnyscaleJobRunner,_fetch_json,https://github.com/ray-project/ray/blob/master/release/ray_release/command_runner/anyscale_job_runner.py#L360,"            with open(tmpfile, ""rt"") as f:"
ray-project/ray,release/ray_release/config.py,105,open,NOT_EXPLICIT,False,Implicit Default,None,None,read_and_validate_release_test_collection,https://github.com/ray-project/ray/blob/master/release/ray_release/config.py#L105,"        with open(path, ""rt"") as fp:"
ray-project/ray,release/ray_release/config.py,244,open,NOT_EXPLICIT,False,Implicit Default,None,None,load_schema_file,https://github.com/ray-project/ray/blob/master/release/ray_release/config.py#L244,"    with open(path, ""rt"") as fp:"
ray-project/ray,release/ray_release/configs/global_config.py,52,open,NOT_EXPLICIT,False,Implicit Default,None,None,_init_global_config,https://github.com/ray-project/ray/blob/master/release/ray_release/configs/global_config.py#L52,"    config_content = yaml.safe_load(open(config_file, ""rt""))"
ray-project/ray,release/ray_release/custom_byod_build_init_helper.py,137,open,NOT_EXPLICIT,False,Implicit Default,None,None,create_custom_build_yaml,https://github.com/ray-project/ray/blob/master/release/ray_release/custom_byod_build_init_helper.py#L137,"    with open(destination_file, ""w"") as f:"
ray-project/ray,release/ray_release/custom_byod_build_init_helper.py,157,open,NOT_EXPLICIT,False,Implicit Default,None,None,build_short_gpu_map,https://github.com/ray-project/ray/blob/master/release/ray_release/custom_byod_build_init_helper.py#L157,    with open(ray_images_path) as f:
ray-project/ray,release/ray_release/env.py,19,open,NOT_EXPLICIT,False,Implicit Default,None,None,load_environment,https://github.com/ray-project/ray/blob/master/release/ray_release/env.py#L19,"    with open(env_file, ""r"") as f:"
ray-project/ray,release/ray_release/file_manager/job_file_manager.py,82,open,NOT_EXPLICIT,False,Implicit Default,None,JobFileManager,download_from_cloud,https://github.com/ray-project/ray/blob/master/release/ray_release/file_manager/job_file_manager.py#L82,"            with open(target, ""wb"") as f:"
ray-project/ray,release/ray_release/reporter/artifacts.py,30,open,NOT_EXPLICIT,False,Implicit Default,None,ArtifactsReporter,report_result,https://github.com/ray-project/ray/blob/master/release/ray_release/reporter/artifacts.py#L30,"        with open(test_config_file, ""wt"") as fp:"
ray-project/ray,release/ray_release/reporter/artifacts.py,36,open,NOT_EXPLICIT,False,Implicit Default,None,ArtifactsReporter,report_result,https://github.com/ray-project/ray/blob/master/release/ray_release/reporter/artifacts.py#L36,"        with open(result_file, ""wt"") as fp:"
ray-project/ray,release/ray_release/scripts/custom_image_build_and_test_init.py,294,open,NOT_EXPLICIT,False,Implicit Default,None,None,main,https://github.com/ray-project/ray/blob/master/release/ray_release/scripts/custom_image_build_and_test_init.py#L294,"        with open(os.path.join(PIPELINE_ARTIFACT_PATH, ""pipeline.json""), ""wt"") as fp:"
ray-project/ray,release/ray_release/scripts/custom_image_build_and_test_init.py,308,open,NOT_EXPLICIT,False,Implicit Default,None,None,main,https://github.com/ray-project/ray/blob/master/release/ray_release/scripts/custom_image_build_and_test_init.py#L308,"            with open(chunk_path, ""wt"") as fp:"
ray-project/ray,release/ray_release/scripts/custom_image_build_and_test_init.py,319,open,NOT_EXPLICIT,False,Implicit Default,None,None,main,https://github.com/ray-project/ray/blob/master/release/ray_release/scripts/custom_image_build_and_test_init.py#L319,"            with open(                 os.path.join(_bazel_workspace_dir, rayci_select_output_file),                 ""wt"",             ) as fp:"
ray-project/ray,release/ray_release/scripts/custom_image_build_and_test_init.py,335,open,NOT_EXPLICIT,False,Implicit Default,None,None,main,https://github.com/ray-project/ray/blob/master/release/ray_release/scripts/custom_image_build_and_test_init.py#L335,"        with open(os.path.join(PIPELINE_ARTIFACT_PATH, ""settings.json""), ""wt"") as fp:"
ray-project/ray,release/ray_release/template.py,56,open,NOT_EXPLICIT,False,Implicit Default,None,None,_load_and_render_yaml_template,https://github.com/ray-project/ray/blob/master/release/ray_release/template.py#L56,"    with open(template_path, ""rt"") as f:"
ray-project/ray,release/ray_release/tests/_test_catch_args.py,7,open,NOT_EXPLICIT,False,Implicit Default,None,None,main,https://github.com/ray-project/ray/blob/master/release/ray_release/tests/_test_catch_args.py#L7,"    with open(argv_file, ""wt"") as fp:"
ray-project/ray,release/ray_release/tests/_test_run_release_test_sh.py,21,open,NOT_EXPLICIT,False,Implicit Default,None,None,main,https://github.com/ray-project/ray/blob/master/release/ray_release/tests/_test_run_release_test_sh.py#L21,"        with open(state_file, ""rt"") as fp:"
ray-project/ray,release/ray_release/tests/_test_run_release_test_sh.py,26,open,NOT_EXPLICIT,False,Implicit Default,None,None,main,https://github.com/ray-project/ray/blob/master/release/ray_release/tests/_test_run_release_test_sh.py#L26,"    with open(state_file, ""wt"") as fp:"
ray-project/ray,release/release_logs/fetch_release_logs.py,187,open,NOT_EXPLICIT,False,Implicit Default,None,None,write_results,https://github.com/ray-project/ray/blob/master/release/release_logs/fetch_release_logs.py#L187,"        with open(path, ""w"") as fp:"
ray-project/ray,release/runtime_env_tests/workloads/rte_ray_client.py,89,open,NOT_EXPLICIT,False,Implicit Default,None,None,global,https://github.com/ray-project/ray/blob/master/release/runtime_env_tests/workloads/rte_ray_client.py#L89,"    with open(test_output_json, ""wt"") as f:"
ray-project/ray,release/serve_tests/workloads/locust_utils.py,126,open,NOT_EXPLICIT,False,Implicit Default,None,LocustProcess,run,https://github.com/ray-project/ray/blob/master/release/serve_tests/workloads/locust_utils.py#L126,"            with open(results_file.name, ""r"") as f:"
ray-project/ray,release/serve_tests/workloads/plot_controller_benchmark.py,40,open,NOT_EXPLICIT,False,Implicit Default,None,None,load_benchmark_json,https://github.com/ray-project/ray/blob/master/release/serve_tests/workloads/plot_controller_benchmark.py#L40,    with open(path) as f:
ray-project/ray,release/serve_tests/workloads/plot_router_benchmark.py,35,open,NOT_EXPLICIT,False,Implicit Default,None,None,load_results,https://github.com/ray-project/ray/blob/master/release/serve_tests/workloads/plot_router_benchmark.py#L35,    with open(path) as f:
ray-project/ray,release/serve_tests/workloads/resnet_50.py,32,open,NOT_EXPLICIT,False,Implicit Default,None,Model,__init__,https://github.com/ray-project/ray/blob/master/release/serve_tests/workloads/resnet_50.py#L32,"        with open(""imagenet_classes.txt"", ""r"") as f:"
ray-project/ray,release/serve_tests/workloads/serve_resnet_benchmark.py,101,open,NOT_EXPLICIT,False,Implicit Default,None,DataDownloader,__init__,https://github.com/ray-project/ray/blob/master/release/serve_tests/workloads/serve_resnet_benchmark.py#L101,"            with open(success_file, ""w"") as _:"
ray-project/ray,release/serve_tests/workloads/serve_test_utils.py,369,open,NOT_EXPLICIT,False,Implicit Default,None,None,save_test_results,https://github.com/ray-project/ray/blob/master/release/serve_tests/workloads/serve_test_utils.py#L369,"    with open(results_file_path, ""wt"") as f:"
ray-project/ray,release/train_tests/benchmark/collect.py,158,open,NOT_EXPLICIT,False,Implicit Default,None,None,_load,https://github.com/ray-project/ray/blob/master/release/train_tests/benchmark/collect.py#L158,            with open(path) as f:
ray-project/ray,release/train_tests/benchmark/core/experiment_config.py,221,open,NOT_EXPLICIT,False,Implicit Default,None,None,load_experiment,https://github.com/ray-project/ray/blob/master/release/train_tests/benchmark/core/experiment_config.py#L221,"    with open(path, ""r"") as f:"
ray-project/ray,release/train_tests/benchmark/core/launchers/ray_launcher.py,41,open,NOT_EXPLICIT,False,Implicit Default,None,None,train_fn_per_worker,https://github.com/ray-project/ray/blob/master/release/train_tests/benchmark/core/launchers/ray_launcher.py#L41,"        with open(metrics_path, ""w"") as f:"
ray-project/ray,release/train_tests/benchmark/core/launchers/ray_launcher.py,79,open,NOT_EXPLICIT,False,Implicit Default,None,None,run_with_ray,https://github.com/ray-project/ray/blob/master/release/train_tests/benchmark/core/launchers/ray_launcher.py#L79,"        with open(metrics_path, ""r"") as f:"
ray-project/ray,release/train_tests/benchmark/core/runner.py,54,open,NOT_EXPLICIT,False,Implicit Default,None,None,write_results,https://github.com/ray-project/ray/blob/master/release/train_tests/benchmark/core/runner.py#L54,"    with open(path, ""w"") as f:"
ray-project/ray,release/train_tests/benchmark/elastic_training/elastic_e2e.py,77,open,NOT_EXPLICIT,False,Implicit Default,None,None,main,https://github.com/ray-project/ray/blob/master/release/train_tests/benchmark/elastic_training/elastic_e2e.py#L77,"    with open(METRICS_OUTPUT_PATH, ""r"") as f:"
ray-project/ray,release/train_tests/benchmark/recsys/criteo.py,291,open,NOT_EXPLICIT,False,Implicit Default,None,None,global,https://github.com/ray-project/ray/blob/master/release/train_tests/benchmark/recsys/criteo.py#L291,"        with open(json_filepath, ""w"") as f:"
ray-project/ray,release/train_tests/benchmark/runner.py,274,open,NOT_EXPLICIT,False,Implicit Default,None,TrainLoopRunner,_load_checkpoint,https://github.com/ray-project/ray/blob/master/release/train_tests/benchmark/runner.py#L274,"        with open(os.path.join(local_dir, ""metrics.json""), ""r"") as f:"
ray-project/ray,release/train_tests/benchmark/runner.py,304,open,NOT_EXPLICIT,False,Implicit Default,None,TrainLoopRunner,_save_checkpoint,https://github.com/ray-project/ray/blob/master/release/train_tests/benchmark/runner.py#L304,"            with open(os.path.join(local_dir, ""metrics.json""), ""w"") as f:"
ray-project/ray,release/train_tests/benchmark/train_benchmark.py,41,open,NOT_EXPLICIT,False,Implicit Default,None,None,train_fn_per_worker,https://github.com/ray-project/ray/blob/master/release/train_tests/benchmark/train_benchmark.py#L41,"        with open(METRICS_OUTPUT_PATH, ""w"") as f:"
ray-project/ray,release/train_tests/benchmark/train_benchmark.py,107,open,NOT_EXPLICIT,False,Implicit Default,None,None,main,https://github.com/ray-project/ray/blob/master/release/train_tests/benchmark/train_benchmark.py#L107,"    with open(METRICS_OUTPUT_PATH, ""r"") as f:"
ray-project/ray,release/train_tests/elastic_training/torch_elastic_e2e.py,349,open,NOT_EXPLICIT,False,Implicit Default,None,None,run,https://github.com/ray-project/ray/blob/master/release/train_tests/elastic_training/torch_elastic_e2e.py#L349,"    with open(LOG_FILE, ""r"") as f:"
ray-project/ray,release/train_tests/horovod/train_horovod_multi_node_test.py,36,open,NOT_EXPLICIT,False,Implicit Default,None,None,global,https://github.com/ray-project/ray/blob/master/release/train_tests/horovod/train_horovod_multi_node_test.py#L36,"    with open(os.environ[""TEST_OUTPUT_JSON""], ""w"") as f:"
ray-project/ray,release/train_tests/local_mode/torch_local_mode_launcher.py,24,open,NOT_EXPLICIT,False,Implicit Default,None,None,_write,https://github.com/ray-project/ray/blob/master/release/train_tests/local_mode/torch_local_mode_launcher.py#L24,"    with open(path, ""wb"") as f:"
ray-project/ray,release/train_tests/local_mode/torch_local_mode_launcher.py,73,open,NOT_EXPLICIT,False,Implicit Default,None,None,torch_run_launch_on_nodes,https://github.com/ray-project/ray/blob/master/release/train_tests/local_mode/torch_local_mode_launcher.py#L73,"    with open(absolute_path, ""rb"") as f:"
ray-project/ray,release/train_tests/xgboost_lightgbm/train_batch_inference_benchmark.py,211,open,NOT_EXPLICIT,False,Implicit Default,None,None,main,https://github.com/ray-project/ray/blob/master/release/train_tests/xgboost_lightgbm/train_batch_inference_benchmark.py#L211,"    with open(test_output_json, ""wt"") as f:"
ray-project/ray,release/tune_tests/cloud_tests/workloads/long_running_cloud_storage.py,30,open,NOT_EXPLICIT,False,Implicit Default,None,ProgressCallback,on_step_end,https://github.com/ray-project/ray/blob/master/release/tune_tests/cloud_tests/workloads/long_running_cloud_storage.py#L30,"            with open(test_output_json_tmp, ""wt"") as f:"
ray-project/ray,release/tune_tests/cloud_tests/workloads/long_running_cloud_storage.py,59,open,NOT_EXPLICIT,False,Implicit Default,None,None,function_trainable,https://github.com/ray-project/ray/blob/master/release/tune_tests/cloud_tests/workloads/long_running_cloud_storage.py#L59,"                    with open(checkpoint_file, ""wb"") as fp:"
ray-project/ray,release/tune_tests/frequent_pausing/script.py,34,open,NOT_EXPLICIT,False,Implicit Default,None,None,func,https://github.com/ray-project/ray/blob/master/release/tune_tests/frequent_pausing/script.py#L34,"            with open(os.path.join(checkpoint_dir, ""ckpt.pkl""), ""rb"") as f:"
ray-project/ray,release/tune_tests/frequent_pausing/script.py,42,open,NOT_EXPLICIT,False,Implicit Default,None,None,func,https://github.com/ray-project/ray/blob/master/release/tune_tests/frequent_pausing/script.py#L42,"            with open(os.path.join(tmpdir, ""ckpt.pkl""), ""wb"") as f:"
ray-project/ray,rllib/algorithms/algorithm.py,3141,open,NOT_EXPLICIT,False,Implicit Default,None,Algorithm,save_checkpoint,https://github.com/ray-project/ray/blob/master/rllib/algorithms/algorithm.py#L3141,"            with open(state_file, ""wb"") as f:"
ray-project/ray,rllib/algorithms/algorithm.py,3145,open,NOT_EXPLICIT,False,Implicit Default,None,Algorithm,save_checkpoint,https://github.com/ray-project/ray/blob/master/rllib/algorithms/algorithm.py#L3145,"            with open(checkpoint_dir / ""rllib_checkpoint.json"", ""w"") as f:"
ray-project/ray,rllib/algorithms/algorithm.py,4349,open,NOT_EXPLICIT,False,Implicit Default,None,Algorithm,_checkpoint_info_to_algorithm_state,https://github.com/ray-project/ray/blob/master/rllib/algorithms/algorithm.py#L4349,"        with open(checkpoint_info[""state_file""], ""rb"") as f:"
ray-project/ray,rllib/algorithms/algorithm.py,4430,open,NOT_EXPLICIT,False,Implicit Default,None,Algorithm,_checkpoint_info_to_algorithm_state,https://github.com/ray-project/ray/blob/master/rllib/algorithms/algorithm.py#L4430,"                with open(policy_state_file, ""rb"") as f:"
ray-project/ray,rllib/algorithms/mock.py,65,open,NOT_EXPLICIT,False,Implicit Default,None,_MockTrainer,save_checkpoint,https://github.com/ray-project/ray/blob/master/rllib/algorithms/mock.py#L65,"        with open(path, ""wb"") as f:"
ray-project/ray,rllib/algorithms/mock.py,71,open,NOT_EXPLICIT,False,Implicit Default,None,_MockTrainer,load_checkpoint,https://github.com/ray-project/ray/blob/master/rllib/algorithms/mock.py#L71,"        with open(path, ""rb"") as f:"
ray-project/ray,rllib/algorithms/tests/run_regression_tests.py,118,open,NOT_EXPLICIT,False,Implicit Default,None,None,_load_experiments_from_file,https://github.com/ray-project/ray/blob/master/rllib/algorithms/tests/run_regression_tests.py#L118,        with open(config_file) as f:
ray-project/ray,rllib/examples/envs/classes/multi_agent/footsies/game/footsies_binary.py,196,open,NOT_EXPLICIT,False,Implicit Default,None,FootsiesBinary,_download_game_binary,https://github.com/ray-project/ray/blob/master/rllib/examples/envs/classes/multi_agent/footsies/game/footsies_binary.py#L196,"                        with open(self.full_download_path, ""wb"") as f:"
ray-project/ray,rllib/examples/envs/classes/multi_agent/footsies/test/footsies_suppress_unity_logs.py,66,open,NOT_EXPLICIT,False,Implicit Default,None,None,capture_stdout_stderr,https://github.com/ray-project/ray/blob/master/rllib/examples/envs/classes/multi_agent/footsies/test/footsies_suppress_unity_logs.py#L66,"        log_file = open(log_path, ""w"", buffering=1)"
ray-project/ray,rllib/examples/envs/classes/multi_agent/footsies/test/footsies_suppress_unity_logs.py,98,open,NOT_EXPLICIT,False,Implicit Default,None,TestFootsies,test_default_supress_output_mode,https://github.com/ray-project/ray/blob/master/rllib/examples/envs/classes/multi_agent/footsies/test/footsies_suppress_unity_logs.py#L98,"        with open(log_path, ""r"") as f:"
ray-project/ray,rllib/examples/envs/classes/multi_agent/footsies/test/footsies_suppress_unity_logs.py,120,open,NOT_EXPLICIT,False,Implicit Default,None,TestFootsies,test_enable_output_mode,https://github.com/ray-project/ray/blob/master/rllib/examples/envs/classes/multi_agent/footsies/test/footsies_suppress_unity_logs.py#L120,"        with open(log_path, ""r"") as f:"
ray-project/ray,rllib/offline/json_writer.py,106,open,NOT_EXPLICIT,False,Implicit Default,None,JsonWriter,_get_file,https://github.com/ray-project/ray/blob/master/rllib/offline/json_writer.py#L106,"                self.cur_file = open(path, ""w"")"
ray-project/ray,rllib/policy/policy.py,314,open,NOT_EXPLICIT,False,Implicit Default,None,Policy,from_checkpoint,https://github.com/ray-project/ray/blob/master/rllib/policy/policy.py#L314,"                with open(checkpoint_info[""state_file""], ""rb"") as f:"
ray-project/ray,rllib/policy/policy.py,341,open,NOT_EXPLICIT,False,Implicit Default,None,Policy,from_checkpoint,https://github.com/ray-project/ray/blob/master/rllib/policy/policy.py#L341,"                        with open(policy_checkpoint_info[""state_file""], ""rb"") as f:"
ray-project/ray,rllib/policy/policy.py,352,open,NOT_EXPLICIT,False,Implicit Default,None,Policy,from_checkpoint,https://github.com/ray-project/ray/blob/master/rllib/policy/policy.py#L352,"            with open(checkpoint_info[""state_file""], ""rb"") as f:"
ray-project/ray,rllib/policy/policy.py,1126,open,NOT_EXPLICIT,False,Implicit Default,None,Policy,export_checkpoint,https://github.com/ray-project/ray/blob/master/rllib/policy/policy.py#L1126,"            with open(os.path.join(export_dir, state_file), ""w+b"") as f:"
ray-project/ray,rllib/policy/policy.py,1138,open,NOT_EXPLICIT,False,Implicit Default,None,Policy,export_checkpoint,https://github.com/ray-project/ray/blob/master/rllib/policy/policy.py#L1138,"            with open(os.path.join(export_dir, state_file), ""w+b"") as f:"
ray-project/ray,rllib/policy/policy.py,1142,open,NOT_EXPLICIT,False,Implicit Default,None,Policy,export_checkpoint,https://github.com/ray-project/ray/blob/master/rllib/policy/policy.py#L1142,"        with open(os.path.join(export_dir, ""rllib_checkpoint.json""), ""w"") as f:"
ray-project/ray,rllib/utils/checkpoints.py,976,open,NOT_EXPLICIT,False,Implicit Default,None,None,convert_to_msgpack_checkpoint,https://github.com/ray-project/ray/blob/master/rllib/utils/checkpoints.py#L976,"    with open(state_file, ""wb"") as f:"
ray-project/ray,rllib/utils/checkpoints.py,980,open,NOT_EXPLICIT,False,Implicit Default,None,None,convert_to_msgpack_checkpoint,https://github.com/ray-project/ray/blob/master/rllib/utils/checkpoints.py#L980,"    with open(os.path.join(msgpack_checkpoint_dir, ""rllib_checkpoint.json""), ""w"") as f:"
ray-project/ray,rllib/utils/from_config.py,233,open,NOT_EXPLICIT,False,Implicit Default,None,None,from_file,https://github.com/ray-project/ray/blob/master/rllib/utils/from_config.py#L233,"    with open(path, ""rt"") as fp:"
ray-project/ray,rllib/utils/policy.py,124,open,NOT_EXPLICIT,False,Implicit Default,None,None,parse_policy_specs_from_checkpoint,https://github.com/ray-project/ray/blob/master/rllib/utils/policy.py#L124,"    with open(path, ""rb"") as f:"
ray-project/ray,rllib/utils/tf_run_builder.py,100,open,NOT_EXPLICIT,False,Implicit Default,None,None,_run_timeline,https://github.com/ray-project/ray/blob/master/rllib/utils/tf_run_builder.py#L100,"        trace_file = open(outf, ""w"")"
apache/arrow,c_glib/tool/generate-version-header.py,51,open,NOT_EXPLICIT,False,Implicit Default,None,None,main,https://github.com/apache/arrow/blob/main/c_glib/tool/generate-version-header.py#L51,"    with open(args.input, ""r"", encoding=""utf-8"") as input_file, \"
apache/arrow,c_glib/tool/generate-version-header.py,52,open,NOT_EXPLICIT,False,Implicit Default,None,None,main,https://github.com/apache/arrow/blob/main/c_glib/tool/generate-version-header.py#L52,"            open(args.output, ""w"", encoding=""utf-8"") as output_file:"
apache/arrow,cpp/src/arrow/acero/hash_join_graphs.py,79,open,NOT_EXPLICIT,False,Implicit Default,None,None,organize_tests,https://github.com/apache/arrow/blob/main/cpp/src/arrow/acero/hash_join_graphs.py#L79,    with open(filename) as f:
apache/arrow,dev/archery/archery/benchmark/runner.py,122,open,NOT_EXPLICIT,False,Implicit Default,None,StaticBenchmarkRunner,from_json,https://github.com/apache/arrow/blob/main/dev/archery/archery/benchmark/runner.py#L122,            with open(path_or_str) as f:
apache/arrow,dev/archery/archery/cli.py,504,open,NOT_EXPLICIT,False,Implicit Default,None,None,benchmark_run,https://github.com/apache/arrow/blob/main/dev/archery/archery/cli.py#L504,"            with open(results_path, ""w"") as f:"
apache/arrow,dev/archery/archery/cli.py,510,open,NOT_EXPLICIT,False,Implicit Default,None,None,benchmark_run,https://github.com/apache/arrow/blob/main/dev/archery/archery/cli.py#L510,"            with open(metadata_path, ""w"") as f:"
apache/arrow,dev/archery/archery/crossbow/core.py,850,open,NOT_EXPLICIT,False,Implicit Default,None,Target,from_repo,https://github.com/apache/arrow/blob/main/dev/archery/archery/crossbow/core.py#L850,"            with open(f""{repo.path}/r/DESCRIPTION"") as description_file:"
apache/arrow,dev/archery/archery/crossbow/reports.py,271,open,NOT_EXPLICIT,False,Implicit Default,None,ReportUtils,write_csv,https://github.com/apache/arrow/blob/main/dev/archery/archery/crossbow/reports.py#L271,"        with open(f'{report.job.branch}.csv', 'w') as csvfile:"
apache/arrow,dev/archery/archery/integration/datagen.py,1467,open,NOT_EXPLICIT,False,Implicit Default,None,File,write,https://github.com/apache/arrow/blob/main/dev/archery/archery/integration/datagen.py#L1467,"        with open(path, 'wb') as f:"
apache/arrow,dev/archery/archery/integration/datagen.py,2078,open,NOT_EXPLICIT,False,Implicit Default,None,None,generate_gold_files,https://github.com/apache/arrow/blob/main/dev/archery/archery/integration/datagen.py#L2078,"        with open(json_path, 'rb') as f_in:"
apache/arrow,dev/archery/archery/integration/runner.py,181,open,NOT_EXPLICIT,False,Implicit Default,None,IntegrationRunner,_gold_tests,https://github.com/apache/arrow/blob/main/dev/archery/archery/integration/runner.py#L181,"                with open(out_path, ""wb"") as out:"
apache/arrow,dev/archery/archery/utils/cache.py,77,open,NOT_EXPLICIT,False,Implicit Default,None,Cache,download,https://github.com/apache/arrow/blob/main/dev/archery/archery/utils/cache.py#L77,"            with open(path, ""wb"") as path_fd:"
apache/arrow,dev/archery/archery/utils/cmake.py,199,open,NOT_EXPLICIT,False,Implicit Default,None,CMakeBuild,from_path,https://github.com/apache/arrow/blob/main/dev/archery/archery/utils/cmake.py#L199,"        with open(cmake_cache_path, ""r"") as cmake_cache:"
apache/arrow,dev/archery/archery/utils/source.py,127,open,NOT_EXPLICIT,False,Implicit Default,None,ArrowSources,archive,https://github.com/apache/arrow/blob/main/dev/archery/archery/utils/source.py#L127,"            with open(tar_path, ""wb"") as tar:"
apache/arrow,dev/archery/archery/utils/source.py,134,open,NOT_EXPLICIT,False,Implicit Default,None,ArrowSources,archive,https://github.com/apache/arrow/blob/main/dev/archery/archery/utils/source.py#L134,"            with open(tar_path, ""rb"") as tar:"
apache/arrow,dev/archery/archery/utils/source.py,140,open,NOT_EXPLICIT,False,Implicit Default,None,ArrowSources,archive,https://github.com/apache/arrow/blob/main/dev/archery/archery/utils/source.py#L140,"        with open(path, ""wb"") as archive_fd:"
apache/arrow,dev/release/check-rat-report.py,33,open,NOT_EXPLICIT,False,Implicit Default,None,None,global,https://github.com/apache/arrow/blob/main/dev/release/check-rat-report.py#L33,"globs = [line.strip() for line in open(exclude_globs_filename, ""r"")]"
apache/arrow,dev/release/utils-update-docs-versions.py,45,open,NOT_EXPLICIT,False,Implicit Default,None,None,global,https://github.com/apache/arrow/blob/main/dev/release/utils-update-docs-versions.py#L45,    with open(main_versions_path) as json_file:
apache/arrow,dev/release/utils-update-docs-versions.py,73,open,NOT_EXPLICIT,False,Implicit Default,None,None,global,https://github.com/apache/arrow/blob/main/dev/release/utils-update-docs-versions.py#L73,"        with open(main_versions_path, 'w') as json_file:"
apache/arrow,dev/release/utils-update-docs-versions.py,80,open,NOT_EXPLICIT,False,Implicit Default,None,None,global,https://github.com/apache/arrow/blob/main/dev/release/utils-update-docs-versions.py#L80,with open(r_versions_path) as json_file:
apache/arrow,dev/release/utils-update-docs-versions.py,106,open,NOT_EXPLICIT,False,Implicit Default,None,None,global,https://github.com/apache/arrow/blob/main/dev/release/utils-update-docs-versions.py#L106,"with open(r_versions_path, 'w') as json_file:"
apache/arrow,dev/release/utils-update-docs-versions.py,111,open,NOT_EXPLICIT,False,Implicit Default,None,None,global,https://github.com/apache/arrow/blob/main/dev/release/utils-update-docs-versions.py#L111,with open(r_versions_path) as json_file:
apache/arrow,dev/release/utils-update-docs-versions.py,115,open,NOT_EXPLICIT,False,Implicit Default,None,None,global,https://github.com/apache/arrow/blob/main/dev/release/utils-update-docs-versions.py#L115,"with open(r_html_path, 'w') as html_file:"
apache/arrow,python/examples/flight/client.py,168,open,NOT_EXPLICIT,False,Implicit Default,None,None,main,https://github.com/apache/arrow/blob/main/python/examples/flight/client.py#L168,"            with open(args.tls_roots, ""rb"") as root_certs:"
apache/arrow,python/examples/flight/client.py,171,open,NOT_EXPLICIT,False,Implicit Default,None,None,main,https://github.com/apache/arrow/blob/main/python/examples/flight/client.py#L171,"        with open(args.mtls[0], ""rb"") as cert_file:"
apache/arrow,python/examples/flight/client.py,173,open,NOT_EXPLICIT,False,Implicit Default,None,None,main,https://github.com/apache/arrow/blob/main/python/examples/flight/client.py#L173,"        with open(args.mtls[1], ""rb"") as key_file:"
apache/arrow,python/examples/flight/server.py,137,open,NOT_EXPLICIT,False,Implicit Default,None,None,main,https://github.com/apache/arrow/blob/main/python/examples/flight/server.py#L137,"        with open(args.tls[0], ""rb"") as cert_file:"
apache/arrow,python/examples/flight/server.py,139,open,NOT_EXPLICIT,False,Implicit Default,None,None,main,https://github.com/apache/arrow/blob/main/python/examples/flight/server.py#L139,"        with open(args.tls[1], ""rb"") as key_file:"
apache/arrow,python/pyarrow/fs.py,410,self.fs.open,NOT_EXPLICIT,False,Implicit Default,None,FSSpecHandler,open_input_stream,https://github.com/apache/arrow/blob/main/python/pyarrow/fs.py#L410,"        return PythonFile(self.fs.open(path, mode=""rb""), mode=""r"")"
apache/arrow,python/pyarrow/fs.py,418,self.fs.open,NOT_EXPLICIT,False,Implicit Default,None,FSSpecHandler,open_input_file,https://github.com/apache/arrow/blob/main/python/pyarrow/fs.py#L418,"        return PythonFile(self.fs.open(path, mode=""rb""), mode=""r"")"
apache/arrow,python/pyarrow/fs.py,423,self.fs.open,NOT_EXPLICIT,False,Implicit Default,None,FSSpecHandler,open_output_stream,https://github.com/apache/arrow/blob/main/python/pyarrow/fs.py#L423,"        return PythonFile(self.fs.open(path, mode=""wb""), mode=""w"")"
apache/arrow,python/pyarrow/fs.py,428,self.fs.open,NOT_EXPLICIT,False,Implicit Default,None,FSSpecHandler,open_append_stream,https://github.com/apache/arrow/blob/main/python/pyarrow/fs.py#L428,"        return PythonFile(self.fs.open(path, mode=""ab""), mode=""w"")"
apache/arrow,python/pyarrow/tests/parquet/encryption.py,113,open,NOT_EXPLICIT,False,Implicit Default,None,None,verify_file_encrypted,https://github.com/apache/arrow/blob/main/python/pyarrow/tests/parquet/encryption.py#L113,"    with open(path, ""rb"") as file:"
apache/arrow,python/pyarrow/tests/read_record_batch.py,24,open,NOT_EXPLICIT,False,Implicit Default,None,None,global,https://github.com/apache/arrow/blob/main/python/pyarrow/tests/read_record_batch.py#L24,"with open(sys.argv[1], 'rb') as f:"
apache/arrow,python/pyarrow/tests/util.py,407,open,NOT_EXPLICIT,False,Implicit Default,None,None,_configure_s3_limited_user,https://github.com/apache/arrow/blob/main/python/pyarrow/tests/util.py#L407,"        with open(policy_path, mode='w') as policy_file:"
apache/arrow,python/pyarrow/util.py,237,open,NOT_EXPLICIT,False,Implicit Default,None,None,_download_urllib,https://github.com/apache/arrow/blob/main/python/pyarrow/util.py#L237,"        with open(out_path, 'wb') as f:"
apache/arrow,python/pyarrow/util.py,244,open,NOT_EXPLICIT,False,Implicit Default,None,None,_download_requests,https://github.com/apache/arrow/blob/main/python/pyarrow/util.py#L244,"        with open(out_path, 'wb') as f:"
