repository,file_path,line_number,target_name,cache_type,is_specified_cache_keyword,cache_options,enclosing_class,enclosing_function,file_url,code_snippet
dask/dask,dask/array/core.py,6112,open,NOT_EXPLICIT,False,None,None,to_npy_stack,https://github.com/dask/dask/blob/main/dask/array/core.py#L6112,"    with open(os.path.join(dirname, ""info""), ""wb"") as f:"
dask/dask,dask/array/core.py,6139,open,NOT_EXPLICIT,False,None,None,from_npy_stack,https://github.com/dask/dask/blob/main/dask/array/core.py#L6139,"    with open(os.path.join(dirname, ""info""), ""rb"") as f:"
dask/dask,dask/bag/avro.py,67,OpenFile,NOT_EXPLICIT,False,None,None,open_head,https://github.com/dask/dask/blob/main/dask/bag/avro.py#L67,"    with OpenFile(fs, path, compression=compression) as f:"
dask/dask,dask/bag/avro.py,69,fs.info,NOT_EXPLICIT,False,None,None,open_head,https://github.com/dask/dask/blob/main/dask/bag/avro.py#L69,"    size = fs.info(path)[""size""]"
dask/dask,dask/bag/avro.py,104,get_fs_token_paths,NOT_EXPLICIT,False,None,None,read_avro,https://github.com/dask/dask/blob/main/dask/bag/avro.py#L104,"        fs, fs_token, paths = get_fs_token_paths(             urlpath, mode=""rb"", storage_options=storage_options         )"
dask/dask,dask/bag/avro.py,123,OpenFile,NOT_EXPLICIT,False,None,None,read_avro,https://github.com/dask/dask/blob/main/dask/bag/avro.py#L123,"            f = OpenFile(fs, path, compression=compression)"
dask/dask,dask/bag/avro.py,124,fs_tokenize,NOT_EXPLICIT,False,None,None,read_avro,https://github.com/dask/dask/blob/main/dask/bag/avro.py#L124,"            token = fs_tokenize(                 fs_token, delimiter, path, fs.ukey(path), compression, offset             )"
dask/dask,dask/bag/avro.py,125,fs.ukey,NOT_EXPLICIT,False,None,None,read_avro,https://github.com/dask/dask/blob/main/dask/bag/avro.py#L125,"                fs_token, delimiter, path, fs.ukey(path), compression, offset"
dask/dask,dask/bag/avro.py,136,open_files,NOT_EXPLICIT,False,None,None,read_avro,https://github.com/dask/dask/blob/main/dask/bag/avro.py#L136,"        files = open_files(urlpath, compression=compression, **storage_options)"
dask/dask,dask/bag/avro.py,152,read_block,NOT_EXPLICIT,False,None,None,read_chunk,https://github.com/dask/dask/blob/main/dask/bag/avro.py#L152,"        chunk = read_block(f, off, l, head[""sync""])"
dask/dask,dask/bag/avro.py,256,open_files,NOT_EXPLICIT,False,None,None,to_avro,https://github.com/dask/dask/blob/main/dask/bag/avro.py#L256,"    files = open_files(         filename,         ""wb"",         name_function=name_function,         num=b.npartitions,         **storage_options,     )"
dask/dask,dask/bag/core.py,259,open_files,NOT_EXPLICIT,False,None,None,to_textfiles,https://github.com/dask/dask/blob/main/dask/bag/core.py#L259,"    files = open_files(         path,         compression=compression,         mode=mode,         encoding=encoding,         name_function=name_function,         num=b.npartitions,         **(storage_options or {}),     )"
dask/dask,dask/bag/text.py,100,open_files,NOT_EXPLICIT,False,None,None,read_text,https://github.com/dask/dask/blob/main/dask/bag/text.py#L100,"        files = open_files(             urlpath,             mode=""rt"",             encoding=encoding,             errors=errors,             compression=compression,             newline=newline,             **(storage_options or {}),         )"
dask/dask,dask/bytes/core.py,83,get_fs_token_paths,NOT_EXPLICIT,False,None,None,read_bytes,https://github.com/dask/dask/blob/main/dask/bytes/core.py#L83,"    fs, fs_token, paths = get_fs_token_paths(urlpath, mode=""rb"", storage_options=kwargs)"
dask/dask,dask/bytes/core.py,103,infer_compression,NOT_EXPLICIT,False,None,None,read_bytes,https://github.com/dask/dask/blob/main/dask/bytes/core.py#L103,                comp = infer_compression(path)
dask/dask,dask/bytes/core.py,111,fs.info,NOT_EXPLICIT,False,None,None,read_bytes,https://github.com/dask/dask/blob/main/dask/bytes/core.py#L111,"            size = fs.info(path)[""size""]"
dask/dask,dask/bytes/core.py,149,fs.ukey,NOT_EXPLICIT,False,None,None,read_bytes,https://github.com/dask/dask/blob/main/dask/bytes/core.py#L149,"        token = tokenize(fs_token, delimiter, path, fs.ukey(path), compression, offset)"
dask/dask,dask/bytes/core.py,153,OpenFile,NOT_EXPLICIT,False,None,None,read_bytes,https://github.com/dask/dask/blob/main/dask/bytes/core.py#L153,"                OpenFile(fs, path, compression=compression),"
dask/dask,dask/bytes/core.py,168,OpenFile,NOT_EXPLICIT,False,None,None,read_bytes,https://github.com/dask/dask/blob/main/dask/bytes/core.py#L168,"        with OpenFile(fs, paths[0], compression=compression) as f:"
dask/dask,dask/bytes/core.py,194,read_block,NOT_EXPLICIT,False,None,None,read_block_from_file,https://github.com/dask/dask/blob/main/dask/bytes/core.py#L194,"        return read_block(f, off, bs, delimiter)"
dask/dask,dask/config.py,179,open,NOT_EXPLICIT,False,None,None,_load_config_file,https://github.com/dask/dask/blob/main/dask/config.py#L179,        with open(path) as f:
dask/dask,dask/config.py,352,open,NOT_EXPLICIT,False,None,None,ensure_file,https://github.com/dask/dask/blob/main/dask/config.py#L352,            with open(source) as f:
dask/dask,dask/config.py,361,open,NOT_EXPLICIT,False,None,None,ensure_file,https://github.com/dask/dask/blob/main/dask/config.py#L361,"            with open(tmp, ""w"") as f:"
dask/dask,dask/config.py,888,open,NOT_EXPLICIT,False,None,None,_initialize,https://github.com/dask/dask/blob/main/dask/config.py#L888,    with open(fn) as f:
dask/dask,dask/dataframe/dask_expr/_collection.py,5359,stringify_path,NOT_EXPLICIT,False,None,None,read_parquet,https://github.com/dask/dask/blob/main/dask/dataframe/dask_expr/_collection.py#L5359,        path = stringify_path(path)
dask/dask,dask/dataframe/dask_expr/io/parquet.py,489,stringify_path,NOT_EXPLICIT,False,None,None,to_parquet,https://github.com/dask/dask/blob/main/dask/dataframe/dask_expr/io/parquet.py#L489,        path = stringify_path(path)
dask/dask,dask/dataframe/dask_expr/io/parquet.py,505,fs.exists,NOT_EXPLICIT,False,None,None,to_parquet,https://github.com/dask/dask/blob/main/dask/dataframe/dask_expr/io/parquet.py#L505,        if fs.exists(path) and fs.isdir(path):
dask/dask,dask/dataframe/dask_expr/io/parquet.py,505,fs.isdir,NOT_EXPLICIT,False,None,None,to_parquet,https://github.com/dask/dask/blob/main/dask/dataframe/dask_expr/io/parquet.py#L505,        if fs.exists(path) and fs.isdir(path):
dask/dask,dask/dataframe/dask_expr/io/parquet.py,520,fs.expand_path,NOT_EXPLICIT,False,None,None,to_parquet,https://github.com/dask/dask/blob/main/dask/dataframe/dask_expr/io/parquet.py#L520,"                working_dir = fs.expand_path(""."")[0]"
dask/dask,dask/dataframe/dask_expr/io/parquet.py,527,fs.rm,NOT_EXPLICIT,False,None,None,to_parquet,https://github.com/dask/dask/blob/main/dask/dataframe/dask_expr/io/parquet.py#L527,"            fs.rm(path, recursive=True)"
dask/dask,dask/dataframe/dask_expr/io/parquet.py,1394,fs.checksum,NOT_EXPLICIT,False,None,ReadParquetFSSpec,_dataset_info,https://github.com/dask/dask/blob/main/dask/dataframe/dask_expr/io/parquet.py#L1394,            checksum.append(fs.checksum(file))
dask/dask,dask/dataframe/dask_expr/io/parquet.py,1781,fs.open,NOT_EXPLICIT,False,None,None,_read_partition_stats,https://github.com/dask/dask/blob/main/dask/dataframe/dask_expr/io/parquet.py#L1781,"            with fs.open(path, default_cache=""none"") as f:"
dask/dask,dask/dataframe/io/csv.py,488,get_fs_token_paths,NOT_EXPLICIT,False,None,None,read_pandas,https://github.com/dask/dask/blob/main/dask/dataframe/io/csv.py#L488,"        paths = get_fs_token_paths(urlpath, mode=""rb"", storage_options=storage_options)["
dask/dask,dask/dataframe/io/csv.py,497,infer_compression,NOT_EXPLICIT,False,None,None,read_pandas,https://github.com/dask/dask/blob/main/dask/dataframe/io/csv.py#L497,        compression = infer_compression(paths[0])
dask/dask,dask/dataframe/io/csv.py,911,open_file,NOT_EXPLICIT,False,None,None,to_csv,https://github.com/dask/dask/blob/main/dask/dataframe/io/csv.py#L911,"        first_file = open_file(filename, mode=mode, **file_options)"
dask/dask,dask/dataframe/io/csv.py,915,open_file,NOT_EXPLICIT,False,None,None,to_csv,https://github.com/dask/dask/blob/main/dask/dataframe/io/csv.py#L915,"        append_file = open_file(filename, mode=append_mode, **file_options)"
dask/dask,dask/dataframe/io/csv.py,922,open_files,NOT_EXPLICIT,False,None,None,to_csv,https://github.com/dask/dask/blob/main/dask/dataframe/io/csv.py#L922,"        files = open_files(             filename,             mode=mode,             name_function=name_function,             num=df.npartitions,             **file_options,         )"
dask/dask,dask/dataframe/io/hdf.py,147,stringify_path,NOT_EXPLICIT,False,None,None,to_hdf,https://github.com/dask/dask/blob/main/dask/dataframe/io/hdf.py#L147,    path = stringify_path(path)
dask/dask,dask/dataframe/io/hdf.py,176,build_name_function,NOT_EXPLICIT,False,None,None,to_hdf,https://github.com/dask/dask/blob/main/dask/dataframe/io/hdf.py#L176,        name_function = build_name_function(df.npartitions - 1)
dask/dask,dask/dataframe/io/hdf.py,381,stringify_path,NOT_EXPLICIT,False,None,None,read_hdf,https://github.com/dask/dask/blob/main/dask/dataframe/io/hdf.py#L381,    pattern = stringify_path(pattern)
dask/dask,dask/dataframe/io/json.py,78,open_files,NOT_EXPLICIT,False,None,None,to_json,https://github.com/dask/dask/blob/main/dask/dataframe/io/json.py#L78,"    outfiles = open_files(         url_path,         ""wt"",         encoding=encoding,         errors=errors,         name_function=name_function,         num=df.npartitions,         compression=compression,         **(storage_options or {}),     )"
dask/dask,dask/dataframe/io/json.py,268,open_files,NOT_EXPLICIT,False,None,None,read_json,https://github.com/dask/dask/blob/main/dask/dataframe/io/json.py#L268,"        files = open_files(             url_path,             ""rt"",             encoding=encoding,             errors=errors,             compression=compression,             **storage_options,         )"
dask/dask,dask/dataframe/io/orc/arrow.py,23,fs.isfile,NOT_EXPLICIT,False,None,ArrowORCEngine,read_metadata,https://github.com/dask/dask/blob/main/dask/dataframe/io/orc/arrow.py#L23,        if len(paths) == 1 and not fs.isfile(paths[0]):
dask/dask,dask/dataframe/io/orc/arrow.py,24,fs.find,NOT_EXPLICIT,False,None,ArrowORCEngine,read_metadata,https://github.com/dask/dask/blob/main/dask/dataframe/io/orc/arrow.py#L24,            paths = fs.find(paths[0])
dask/dask,dask/dataframe/io/orc/arrow.py,39,fs.open,NOT_EXPLICIT,False,None,ArrowORCEngine,read_metadata,https://github.com/dask/dask/blob/main/dask/dataframe/io/orc/arrow.py#L39,"                with fs.open(path, ""rb"") as f:"
dask/dask,dask/dataframe/io/orc/arrow.py,60,fs.open,NOT_EXPLICIT,False,None,ArrowORCEngine,read_metadata,https://github.com/dask/dask/blob/main/dask/dataframe/io/orc/arrow.py#L60,"                    with fs.open(paths[0], ""rb"") as f:"
dask/dask,dask/dataframe/io/orc/arrow.py,111,fs.open,NOT_EXPLICIT,False,None,ArrowORCEngine,write_partition,https://github.com/dask/dask/blob/main/dask/dataframe/io/orc/arrow.py#L111,"        with fs.open(fs.sep.join([path, filename]), ""wb"") as f:"
dask/dask,dask/dataframe/io/orc/arrow.py,111,fs.sep.join,NOT_EXPLICIT,False,None,ArrowORCEngine,write_partition,https://github.com/dask/dask/blob/main/dask/dataframe/io/orc/arrow.py#L111,"        with fs.open(fs.sep.join([path, filename]), ""wb"") as f:"
dask/dask,dask/dataframe/io/orc/arrow.py,122,fs.open,NOT_EXPLICIT,False,None,None,_read_orc_stripes,https://github.com/dask/dask/blob/main/dask/dataframe/io/orc/arrow.py#L122,"    with fs.open(path, ""rb"") as f:"
dask/dask,dask/dataframe/io/orc/core.py,81,get_fs_token_paths,NOT_EXPLICIT,False,None,None,read_orc,https://github.com/dask/dask/blob/main/dask/dataframe/io/orc/core.py#L81,"    fs, fs_token, paths = get_fs_token_paths(         path, mode=""rb"", storage_options=storage_options     )"
dask/dask,dask/dataframe/io/orc/core.py,174,stringify_path,NOT_EXPLICIT,False,None,None,to_orc,https://github.com/dask/dask/blob/main/dask/dataframe/io/orc/core.py#L174,        path = stringify_path(path)
dask/dask,dask/dataframe/io/orc/core.py,175,get_fs_token_paths,NOT_EXPLICIT,False,None,None,to_orc,https://github.com/dask/dask/blob/main/dask/dataframe/io/orc/core.py#L175,"    fs, _, _ = get_fs_token_paths(path, mode=""wb"", storage_options=storage_options)"
dask/dask,dask/dataframe/io/parquet/arrow.py,141,fs.sep.join,NOT_EXPLICIT,False,None,None,_write_partitioned,https://github.com/dask/dask/blob/main/dask/dataframe/io/parquet/arrow.py#L141,"        subdir = fs.sep.join(             [_hive_dirname(name, val) for name, val in zip(partition_cols, keys)]         )"
dask/dask,dask/dataframe/io/parquet/arrow.py,147,fs.sep.join,NOT_EXPLICIT,False,None,None,_write_partitioned,https://github.com/dask/dask/blob/main/dask/dataframe/io/parquet/arrow.py#L147,"        prefix = fs.sep.join([root_path, subdir])"
dask/dask,dask/dataframe/io/parquet/arrow.py,149,fs.sep.join,NOT_EXPLICIT,False,None,None,_write_partitioned,https://github.com/dask/dask/blob/main/dask/dataframe/io/parquet/arrow.py#L149,"        full_path = fs.sep.join([prefix, filename])"
dask/dask,dask/dataframe/io/parquet/arrow.py,150,fs.open,NOT_EXPLICIT,False,None,None,_write_partitioned,https://github.com/dask/dask/blob/main/dask/dataframe/io/parquet/arrow.py#L150,"        with fs.open(full_path, ""wb"") as f:"
dask/dask,dask/dataframe/io/parquet/arrow.py,158,fs.sep.join,NOT_EXPLICIT,False,None,None,_write_partitioned,https://github.com/dask/dask/blob/main/dask/dataframe/io/parquet/arrow.py#L158,"            md_list[-1].set_file_path(fs.sep.join([subdir, filename]))"
dask/dask,dask/dataframe/io/parquet/arrow.py,470,stringify_path,NOT_EXPLICIT,False,None,ArrowDatasetEngine,extract_filesystem,https://github.com/dask/dask/blob/main/dask/dataframe/io/parquet/arrow.py#L470,                urlpath = [stringify_path(u) for u in urlpath]
dask/dask,dask/dataframe/io/parquet/arrow.py,472,stringify_path,NOT_EXPLICIT,False,None,ArrowDatasetEngine,extract_filesystem,https://github.com/dask/dask/blob/main/dask/dataframe/io/parquet/arrow.py#L472,                urlpath = [stringify_path(urlpath)]
dask/dask,dask/dataframe/io/parquet/arrow.py,483,ArrowFSWrapper,NOT_EXPLICIT,False,None,ArrowDatasetEngine,extract_filesystem,https://github.com/dask/dask/blob/main/dask/dataframe/io/parquet/arrow.py#L483,            fsspec_fs = ArrowFSWrapper(fs)
dask/dask,dask/dataframe/io/parquet/arrow.py,489,LocalFileSystem,NOT_EXPLICIT,False,None,ArrowDatasetEngine,extract_filesystem,https://github.com/dask/dask/blob/main/dask/dataframe/io/parquet/arrow.py#L489,                fs_strip = LocalFileSystem()
dask/dask,dask/dataframe/io/parquet/arrow.py,492,expand_paths_if_needed,NOT_EXPLICIT,False,None,ArrowDatasetEngine,extract_filesystem,https://github.com/dask/dask/blob/main/dask/dataframe/io/parquet/arrow.py#L492,"            paths = expand_paths_if_needed(urlpath, ""rb"", 1, fsspec_fs, None)"
dask/dask,dask/dataframe/io/parquet/arrow.py,684,fs.open,NOT_EXPLICIT,False,None,ArrowDatasetEngine,initialize_write,https://github.com/dask/dask/blob/main/dask/dataframe/io/parquet/arrow.py#L684,"                    with fs.open(fs.sep.join([path, ""_metadata""]), mode=""rb"") as fil:"
dask/dask,dask/dataframe/io/parquet/arrow.py,684,fs.sep.join,NOT_EXPLICIT,False,None,ArrowDatasetEngine,initialize_write,https://github.com/dask/dask/blob/main/dask/dataframe/io/parquet/arrow.py#L684,"                    with fs.open(fs.sep.join([path, ""_metadata""]), mode=""rb"") as fil:"
dask/dask,dask/dataframe/io/parquet/arrow.py,690,fs.open,NOT_EXPLICIT,False,None,ArrowDatasetEngine,initialize_write,https://github.com/dask/dask/blob/main/dask/dataframe/io/parquet/arrow.py#L690,"                        with fs.open(                             sorted(ds.files, key=natural_sort_key)[-1], mode=""rb""                         ) as fil:"
dask/dask,dask/dataframe/io/parquet/arrow.py,851,fs.open,NOT_EXPLICIT,False,None,ArrowDatasetEngine,write_partition,https://github.com/dask/dask/blob/main/dask/dataframe/io/parquet/arrow.py#L851,"            with fs.open(fs.sep.join([path, filename]), ""wb"") as fil:"
dask/dask,dask/dataframe/io/parquet/arrow.py,851,fs.sep.join,NOT_EXPLICIT,False,None,ArrowDatasetEngine,write_partition,https://github.com/dask/dask/blob/main/dask/dataframe/io/parquet/arrow.py#L851,"            with fs.open(fs.sep.join([path, filename]), ""wb"") as fil:"
dask/dask,dask/dataframe/io/parquet/arrow.py,879,fs.sep.join,NOT_EXPLICIT,False,None,ArrowDatasetEngine,write_metadata,https://github.com/dask/dask/blob/main/dask/dataframe/io/parquet/arrow.py#L879,"                common_metadata_path = fs.sep.join([path, ""_common_metadata""])"
dask/dask,dask/dataframe/io/parquet/arrow.py,882,fs.open,NOT_EXPLICIT,False,None,ArrowDatasetEngine,write_metadata,https://github.com/dask/dask/blob/main/dask/dataframe/io/parquet/arrow.py#L882,"                with fs.open(common_metadata_path, ""wb"") as fil:"
dask/dask,dask/dataframe/io/parquet/arrow.py,886,fs.sep.join,NOT_EXPLICIT,False,None,ArrowDatasetEngine,write_metadata,https://github.com/dask/dask/blob/main/dask/dataframe/io/parquet/arrow.py#L886,"            metadata_path = fs.sep.join([path, ""_metadata""])"
dask/dask,dask/dataframe/io/parquet/arrow.py,895,fs.open,NOT_EXPLICIT,False,None,ArrowDatasetEngine,write_metadata,https://github.com/dask/dask/blob/main/dask/dataframe/io/parquet/arrow.py#L895,"            with fs.open(metadata_path, ""wb"") as fil:"
dask/dask,dask/dataframe/io/parquet/arrow.py,940,fs.isdir,NOT_EXPLICIT,False,None,ArrowDatasetEngine,_collect_dataset_info,https://github.com/dask/dask/blob/main/dask/dataframe/io/parquet/arrow.py#L940,        if len(paths) == 1 and fs.isdir(paths[0]):
dask/dask,dask/dataframe/io/parquet/arrow.py,944,fs.sep.join,NOT_EXPLICIT,False,None,ArrowDatasetEngine,_collect_dataset_info,https://github.com/dask/dask/blob/main/dask/dataframe/io/parquet/arrow.py#L944,"            paths = fs.sep.join([base, fns[0]])"
dask/dask,dask/dataframe/io/parquet/arrow.py,946,fs.sep.join,NOT_EXPLICIT,False,None,ArrowDatasetEngine,_collect_dataset_info,https://github.com/dask/dask/blob/main/dask/dataframe/io/parquet/arrow.py#L946,"            meta_path = fs.sep.join([paths, ""_metadata""])"
dask/dask,dask/dataframe/io/parquet/arrow.py,947,fs.exists,NOT_EXPLICIT,False,None,ArrowDatasetEngine,_collect_dataset_info,https://github.com/dask/dask/blob/main/dask/dataframe/io/parquet/arrow.py#L947,            if not ignore_metadata_file and fs.exists(meta_path):
dask/dask,dask/dataframe/io/parquet/arrow.py,961,fs.find,NOT_EXPLICIT,False,None,ArrowDatasetEngine,_collect_dataset_info,https://github.com/dask/dask/blob/main/dask/dataframe/io/parquet/arrow.py#L961,                    for path in fs.find(paths)
dask/dask,dask/dataframe/io/parquet/arrow.py,972,fs.sep.join,NOT_EXPLICIT,False,None,ArrowDatasetEngine,_collect_dataset_info,https://github.com/dask/dask/blob/main/dask/dataframe/io/parquet/arrow.py#L972,"            meta_path = fs.sep.join([base, ""_metadata""])"
dask/dask,dask/dataframe/io/parquet/arrow.py,1618,fs.sep.join,NOT_EXPLICIT,False,None,ArrowDatasetEngine,_make_part,https://github.com/dask/dask/blob/main/dask/dataframe/io/parquet/arrow.py#L1618,"        full_path = fs.sep.join([p for p in [data_path, filename] if p != """"])"
dask/dask,dask/dataframe/io/parquet/arrow.py,1820,fs.open,NOT_EXPLICIT,False,None,ArrowDatasetEngine,collect_file_metadata,https://github.com/dask/dask/blob/main/dask/dataframe/io/parquet/arrow.py#L1820,"        with fs.open(path, ""rb"") as f:"
dask/dask,dask/dataframe/io/parquet/arrow.py,1835,fs.sep.join,NOT_EXPLICIT,False,None,ArrowDatasetEngine,aggregate_metadata,https://github.com/dask/dask/blob/main/dask/dataframe/io/parquet/arrow.py#L1835,"            metadata_path = fs.sep.join([out_path, ""_metadata""])"
dask/dask,dask/dataframe/io/parquet/arrow.py,1836,fs.open,NOT_EXPLICIT,False,None,ArrowDatasetEngine,aggregate_metadata,https://github.com/dask/dask/blob/main/dask/dataframe/io/parquet/arrow.py#L1836,"            with fs.open(metadata_path, ""wb"") as fil:"
dask/dask,dask/dataframe/io/parquet/core.py,289,get_fs_token_paths,NOT_EXPLICIT,False,None,None,create_metadata_file,https://github.com/dask/dask/blob/main/dask/dataframe/io/parquet/core.py#L289,"        fs, _, paths = get_fs_token_paths(             paths, mode=""rb"", storage_options=storage_options         )"
dask/dask,dask/dataframe/io/parquet/utils.py,72,get_fs_token_paths,NOT_EXPLICIT,False,None,Engine,extract_filesystem,https://github.com/dask/dask/blob/main/dask/dataframe/io/parquet/utils.py#L72,"            fs, _, paths = get_fs_token_paths(                 urlpath, mode=""rb"", storage_options=storage_options             )"
dask/dask,dask/dataframe/io/parquet/utils.py,95,stringify_path,NOT_EXPLICIT,False,None,Engine,extract_filesystem,https://github.com/dask/dask/blob/main/dask/dataframe/io/parquet/utils.py#L95,                urlpath = [stringify_path(u) for u in urlpath]
dask/dask,dask/dataframe/io/parquet/utils.py,97,stringify_path,NOT_EXPLICIT,False,None,Engine,extract_filesystem,https://github.com/dask/dask/blob/main/dask/dataframe/io/parquet/utils.py#L97,                urlpath = [stringify_path(urlpath)]
dask/dask,dask/dataframe/io/parquet/utils.py,99,expand_paths_if_needed,NOT_EXPLICIT,False,None,Engine,extract_filesystem,https://github.com/dask/dask/blob/main/dask/dataframe/io/parquet/utils.py#L99,"            paths = expand_paths_if_needed(urlpath, ""rb"", 1, fs, None)"
dask/dask,dask/dataframe/io/utils.py,210,fsspec_parquet.open_parquet_file,parts,True,None,None,_open_input_files,https://github.com/dask/dask/blob/main/dask/dataframe/io/utils.py#L210,"                fsspec_parquet.open_parquet_file(                     path,                     fs=fs,                     row_groups=rgs,                     **kwargs,                 ),"
dask/dask,dask/dataframe/io/utils.py,221,fs.open,parts,True,None,None,_open_input_files,https://github.com/dask/dask/blob/main/dask/dataframe/io/utils.py#L221,"        return [_set_context(fs.open(path, **kwargs), context_stack) for path in paths]"
dask/dask,dask/dataframe/io/utils.py,222,open,parts,True,None,None,_open_input_files,https://github.com/dask/dask/blob/main/dask/dataframe/io/utils.py#L222,"    return [_set_context(open(path, **kwargs), context_stack) for path in paths]"
dask/dask,dask/dot.py,312,open,NOT_EXPLICIT,False,None,None,graphviz_to_file,https://github.com/dask/dask/blob/main/dask/dot.py#L312,"    with open(full_filename, ""wb"") as f:"
dask/dask,dask/system.py,22,open,NOT_EXPLICIT,False,None,None,_try_extract_cgroup_cpu_quota,https://github.com/dask/dask/blob/main/dask/system.py#L22,"            with open(f""/sys/fs/cgroup/{dirname}/cpu.cfs_quota_us"") as f:"
dask/dask,dask/system.py,24,open,NOT_EXPLICIT,False,None,None,_try_extract_cgroup_cpu_quota,https://github.com/dask/dask/blob/main/dask/system.py#L24,"            with open(f""/sys/fs/cgroup/{dirname}/cpu.cfs_period_us"") as f:"
dask/dask,dask/system.py,32,open,NOT_EXPLICIT,False,None,None,_try_extract_cgroup_cpu_quota,https://github.com/dask/dask/blob/main/dask/system.py#L32,"        with open(""/proc/self/cgroup"") as f:"
dask/dask,dask/system.py,36,open,NOT_EXPLICIT,False,None,None,_try_extract_cgroup_cpu_quota,https://github.com/dask/dask/blob/main/dask/system.py#L36,"        with open(f""/sys/fs/cgroup{group_path}cpu.max"") as f:"
dask/dask,dask/utils.py,415,open,NOT_EXPLICIT,False,None,None,filetext,https://github.com/dask/dask/blob/main/dask/utils.py#L415,"        f = open(filename, mode=mode)"
dask/dask,dask/utils.py,483,open,NOT_EXPLICIT,False,None,None,filetexts,https://github.com/dask/dask/blob/main/dask/utils.py#L483,"            f = open(filename, f""w{mode}"")"
intake/intake,docs/make_api.py,8,open,NOT_EXPLICIT,False,None,None,run,https://github.com/intake/intake/blob/master/docs/make_api.py#L8,"    with open(fn, ""w"") as f:"
intake/intake,docs/plugins.py,38,open,NOT_EXPLICIT,False,None,None,generate_plugin_table,https://github.com/intake/intake/blob/master/docs/plugins.py#L38,"    plugins = yaml.safe_load(open(""plugins.yaml"", ""rb""))"
intake/intake,intake/catalog/base.py,341,open_files,NOT_EXPLICIT,False,None,Catalog,save,https://github.com/intake/intake/blob/master/intake/catalog/base.py#L341,"        with open_files([url], **(storage_options or {}), mode=""wt"")[0] as f:"
intake/intake,intake/catalog/local.py,575,split_protocol,NOT_EXPLICIT,False,None,None,get_dir,https://github.com/intake/intake/blob/master/intake/catalog/local.py#L575,"        protocol, _ = split_protocol(path)"
intake/intake,intake/catalog/local.py,576,get_filesystem_class,NOT_EXPLICIT,False,None,None,get_dir,https://github.com/intake/intake/blob/master/intake/catalog/local.py#L576,        out = get_filesystem_class(protocol)._parent(path)
intake/intake,intake/catalog/local.py,639,open_files,NOT_EXPLICIT,False,None,YAMLFileCatalog,_load,https://github.com/intake/intake/blob/master/intake/catalog/local.py#L639,"                file_open = open_files(self.path, mode=""rb"", **options)"
intake/intake,intake/catalog/local.py,690,open_files,NOT_EXPLICIT,False,None,YAMLFileCatalog,add,https://github.com/intake/intake/blob/master/intake/catalog/local.py#L690,"            file_open = open_files([self.path], mode=""wt"", **options)"
intake/intake,intake/catalog/local.py,693,open_files,NOT_EXPLICIT,False,None,YAMLFileCatalog,add,https://github.com/intake/intake/blob/master/intake/catalog/local.py#L693,"            file_open = open_files([path], mode=""wt"", **options)"
intake/intake,intake/catalog/local.py,805,open_files,NOT_EXPLICIT,False,None,YAMLFilesCatalog,_load,https://github.com/intake/intake/blob/master/intake/catalog/local.py#L805,"            files = sum([open_files(p, mode=""rb"", **options) for p in self.path], [])"
intake/intake,intake/catalog/local.py,812,open_files,NOT_EXPLICIT,False,None,YAMLFilesCatalog,_load,https://github.com/intake/intake/blob/master/intake/catalog/local.py#L812,"            files = open_files(self.path, mode=""rb"", **options)"
intake/intake,intake/catalog/zarr.py,63,get_mapper,NOT_EXPLICIT,False,None,ZarrGroupCatalog,_load,https://github.com/intake/intake/blob/master/intake/catalog/zarr.py#L63,"                    store = get_mapper(self._urlpath, **self._storage_options)"
intake/intake,intake/config.py,26,make_path_posix,NOT_EXPLICIT,False,None,None,global,https://github.com/intake/intake/blob/master/intake/config.py#L26,"confdir = make_path_posix(os.getenv(""INTAKE_CONF_DIR"", os.path.join(expanduser(""~""), "".intake"")))"
intake/intake,intake/config.py,44,make_path_posix,NOT_EXPLICIT,False,None,None,cfile,https://github.com/intake/intake/blob/master/intake/config.py#L44,"    return make_path_posix(os.getenv(""INTAKE_CONF_FILE"", posixpath.join(confdir, ""conf.yaml"")))"
intake/intake,intake/config.py,83,open,NOT_EXPLICIT,False,None,Config,save,https://github.com/intake/intake/blob/master/intake/config.py#L83,"        with open(fn, ""w"") as f:"
intake/intake,intake/config.py,153,open,NOT_EXPLICIT,False,None,Config,load,https://github.com/intake/intake/blob/master/intake/config.py#L153,            with open(fn) as f:
intake/intake,intake/conftest.py,42,make_path_posix,NOT_EXPLICIT,False,None,None,tmp_config_path,https://github.com/intake/intake/blob/master/intake/conftest.py#L42,"    temp_config_path = make_path_posix(os.path.join(tmp_path, ""test_config.yml""))"
intake/intake,intake/interface/catalog/add.py,55,fsspec.filesystem,NOT_EXPLICIT,False,None,FileSelector,__init__,https://github.com/intake/intake/blob/master/intake/interface/catalog/add.py#L55,"        self.fs = fsspec.filesystem(""file"")"
intake/intake,intake/interface/catalog/add.py,94,fsspec.filesystem,NOT_EXPLICIT,False,None,FileSelector,go_clicked,https://github.com/intake/intake/blob/master/intake/interface/catalog/add.py#L94,"        self.fs = fsspec.filesystem(             self.protocol.value, **ast.literal_eval(self.storage_options.value)         )"
intake/intake,intake/interface/catalog/add.py,121,self.fs.ls,NOT_EXPLICIT,False,None,FileSelector,make_options,https://github.com/intake/intake/blob/master/intake/interface/catalog/add.py#L121,"            for f in self.fs.ls(self.path, True):"
intake/intake,intake/readers/catalogs.py,376,fsspec.open,NOT_EXPLICIT,False,None,STACIndex,_read,https://github.com/intake/intake/blob/master/intake/readers/catalogs.py#L376,"        with fsspec.open(""https://stacindex.org/api/catalogs"") as f:"
intake/intake,intake/readers/datatypes.py,1926,fsspec.core.url_to_fs,NOT_EXPLICIT,False,None,None,recommend,https://github.com/intake/intake/blob/master/intake/readers/datatypes.py#L1926,"            fs, url2 = fsspec.core.url_to_fs(url, **(storage_options or {}))"
intake/intake,intake/readers/datatypes.py,1927,"fs.info(url2, refresh=True).get",NOT_EXPLICIT,False,None,None,recommend,https://github.com/intake/intake/blob/master/intake/readers/datatypes.py#L1927,"            mime = mime or fs.info(url2, refresh=True).get(""ContentType"", None)"
intake/intake,intake/readers/datatypes.py,1927,fs.info,NOT_EXPLICIT,False,None,None,recommend,https://github.com/intake/intake/blob/master/intake/readers/datatypes.py#L1927,"            mime = mime or fs.info(url2, refresh=True).get(""ContentType"", None)"
intake/intake,intake/readers/datatypes.py,1931,fsspec.core.url_to_fs,NOT_EXPLICIT,False,None,None,recommend,https://github.com/intake/intake/blob/master/intake/readers/datatypes.py#L1931,"            fs, url2 = fsspec.core.url_to_fs(url, **(storage_options or {}))"
intake/intake,intake/readers/datatypes.py,1932,fs.cat_file,NOT_EXPLICIT,False,None,None,recommend,https://github.com/intake/intake/blob/master/intake/readers/datatypes.py#L1932,"            head = fs.cat_file(url2[0] if isinstance(url2, list) else url2, end=2**20)"
intake/intake,intake/readers/datatypes.py,1989,fs.isdir,NOT_EXPLICIT,False,None,None,recommend,https://github.com/intake/intake/blob/master/intake/readers/datatypes.py#L1989,        if fs is not None and fs.isdir(url):
intake/intake,intake/readers/datatypes.py,1991,fs.ls,NOT_EXPLICIT,False,None,None,recommend,https://github.com/intake/intake/blob/master/intake/readers/datatypes.py#L1991,"                allfiles = fs.ls(url, detail=False)"
intake/intake,intake/readers/datatypes.py,2039,fsspec.core.split_protocol,NOT_EXPLICIT,False,None,None,recommend,https://github.com/intake/intake/blob/master/intake/readers/datatypes.py#L2039,                prot = fsspec.core.split_protocol(url)[0]
intake/intake,intake/readers/entry.py,420,fsspec.open,NOT_EXPLICIT,False,None,Catalog,to_yaml_file,https://github.com/intake/intake/blob/master/intake/readers/entry.py#L420,"        with fsspec.open(path, mode=""wt"", **storage_options) as stream:"
intake/intake,intake/readers/entry.py,432,fsspec.open,NOT_EXPLICIT,False,None,Catalog,from_yaml_file,https://github.com/intake/intake/blob/master/intake/readers/entry.py#L432,"        of = fsspec.open(path, **storage_options)"
intake/intake,intake/readers/inspect.py,681,fs.glob,NOT_EXPLICIT,False,None,None,_resolve_to_files,https://github.com/intake/intake/blob/master/intake/readers/inspect.py#L681,                expanded = fs.glob(path)
intake/intake,intake/readers/inspect.py,684,fs.info,NOT_EXPLICIT,False,None,None,_resolve_to_files,https://github.com/intake/intake/blob/master/intake/readers/inspect.py#L684,                return [fs.info(p) for p in expanded]
intake/intake,intake/readers/inspect.py,688,fs.info,NOT_EXPLICIT,False,None,None,_resolve_to_files,https://github.com/intake/intake/blob/master/intake/readers/inspect.py#L688,                entry = fs.info(path)
intake/intake,intake/readers/inspect.py,699,fs.ls,NOT_EXPLICIT,False,None,None,_resolve_to_files,https://github.com/intake/intake/blob/master/intake/readers/inspect.py#L699,"                children = fs.ls(path.rstrip(""/""), detail=True)"
intake/intake,intake/readers/inspect.py,711,fsspec.core.url_to_fs,NOT_EXPLICIT,False,None,None,_file_storage_info,https://github.com/intake/intake/blob/master/intake/readers/inspect.py#L711,"                fs, path = fsspec.core.url_to_fs(u, **(storage_options or {}))"
intake/intake,intake/readers/inspect.py,714,fsspec.core.url_to_fs,NOT_EXPLICIT,False,None,None,_file_storage_info,https://github.com/intake/intake/blob/master/intake/readers/inspect.py#L714,"            fs, path = fsspec.core.url_to_fs(url, **(storage_options or {}))"
intake/intake,intake/readers/output.py,125,fsspec.open,NOT_EXPLICIT,False,None,NumpyToNumpyFile,run,https://github.com/intake/intake/blob/master/intake/readers/output.py#L125,"            with fsspec.open(path, **storage_options) as f:"
intake/intake,intake/readers/output.py,158,fsspec.open,NOT_EXPLICIT,False,None,MatplotlibToPNG,run,https://github.com/intake/intake/blob/master/intake/readers/output.py#L158,"        with fsspec.open(url, mode=""wb"", **(storage_options or {})) as f:"
intake/intake,intake/readers/output.py,293,fsspec.open,NOT_EXPLICIT,False,None,NumpyToPNG,run,https://github.com/intake/intake/blob/master/intake/readers/output.py#L293,"        with fsspec.open(url, mode=""wb"", **(storage_options or {})) as f:"
intake/intake,intake/readers/output.py,320,fsspec.open,NOT_EXPLICIT,False,None,NumpyToTIFF,run,https://github.com/intake/intake/blob/master/intake/readers/output.py#L320,"            with fsspec.open(url, mode=""wb"", **(storage_options or {})) as f:"
intake/intake,intake/readers/output.py,337,fsspec.open,NOT_EXPLICIT,False,None,PILImageToPNG,run,https://github.com/intake/intake/blob/master/intake/readers/output.py#L337,"        with fsspec.open(url, mode=""wb"", **(storage_options or {})) as f:"
intake/intake,intake/readers/output.py,353,fsspec.open,NOT_EXPLICIT,False,None,PILImageToJPEG,run,https://github.com/intake/intake/blob/master/intake/readers/output.py#L353,"        with fsspec.open(url, mode=""wb"", **(storage_options or {})) as f:"
intake/intake,intake/readers/output.py,368,fsspec.open,NOT_EXPLICIT,False,None,PILImageToTIFF,run,https://github.com/intake/intake/blob/master/intake/readers/output.py#L368,"        with fsspec.open(url, mode=""wb"", **(storage_options or {})) as f:"
intake/intake,intake/readers/output.py,402,fsspec.open,NOT_EXPLICIT,False,None,NumpyToWAV,run,https://github.com/intake/intake/blob/master/intake/readers/output.py#L402,"            with fsspec.open(url, mode=""wb"", **(storage_options or {})) as f:"
intake/intake,intake/readers/readers.py,263,fsspec.core.url_to_fs,NOT_EXPLICIT,False,None,FileReader,_sniff_head,https://github.com/intake/intake/blob/master/intake/readers/readers.py#L263,"            _fs, url2 = fsspec.core.url_to_fs(url, **storage_options)"
intake/intake,intake/readers/readers.py,264,_fs.cat_file,NOT_EXPLICIT,False,None,FileReader,_sniff_head,https://github.com/intake/intake/blob/master/intake/readers/readers.py#L264,"            head = _fs.cat_file(url2, start=0, end=nbytes)"
intake/intake,intake/readers/readers.py,682,split_protocol,NOT_EXPLICIT,False,None,LlamaServerReader,_local_model_path,https://github.com/intake/intake/blob/master/intake/readers/readers.py#L682,"        protocol, _ = split_protocol(data.url)"
intake/intake,intake/readers/readers.py,693,fsspec.core.url_to_fs,NOT_EXPLICIT,False,None,LlamaServerReader,_local_model_path,https://github.com/intake/intake/blob/master/intake/readers/readers.py#L693,"        fs, path = fsspec.core.url_to_fs(f""simplecache::{data.url}"", **options)"
intake/intake,intake/readers/readers.py,702,fs.fs.get_file,NOT_EXPLICIT,False,None,LlamaServerReader,_local_model_path,https://github.com/intake/intake/blob/master/intake/readers/readers.py#L702,"        fs.fs.get_file(path, cached_fn, callback=callback)"
intake/intake,intake/readers/readers.py,723,open,NOT_EXPLICIT,False,None,LlamaServerReader,_read,https://github.com/intake/intake/blob/master/intake/readers/readers.py#L723,"        f = open(log_file, ""wb"")"
intake/intake,intake/readers/readers.py,736,fsspec.open_local,NOT_EXPLICIT,False,None,LlamaServerReader,_read,https://github.com/intake/intake/blob/master/intake/readers/readers.py#L736,"                path = fsspec.open_local(f""simplecache::{v}"")"
intake/intake,intake/readers/readers.py,923,fsspec.open,NOT_EXPLICIT,False,None,SKLearnModelReader,_read,https://github.com/intake/intake/blob/master/intake/readers/readers.py#L923,"        with fsspec.open(data.url, **(data.storage_options or {})) as f:"
intake/intake,intake/readers/readers.py,993,fsspec.filesystem,NOT_EXPLICIT,False,None,HandleToUrlReader,_extract,https://github.com/intake/intake/blob/master/intake/readers/readers.py#L993,"        h = fsspec.filesystem(""http"")"
intake/intake,intake/readers/readers.py,1000,h.cat,NOT_EXPLICIT,False,None,HandleToUrlReader,_extract,https://github.com/intake/intake/blob/master/intake/readers/readers.py#L1000,"            rr = h.cat([f""{base}/{u.lstrip('hdl:/')}"" for u in ids])"
intake/intake,intake/readers/readers.py,1006,fsspec.filesystem,NOT_EXPLICIT,False,None,HandleToUrlReader,_read,https://github.com/intake/intake/blob/master/intake/readers/readers.py#L1006,"        h = fsspec.filesystem(""http"")"
intake/intake,intake/readers/readers.py,1007,h.cat,NOT_EXPLICIT,False,None,HandleToUrlReader,_read,https://github.com/intake/intake/blob/master/intake/readers/readers.py#L1007,"        r = h.cat(f""{base}/{data.url.lstrip('hdl:/')}"")"
intake/intake,intake/readers/readers.py,1044,fsspec.open,NOT_EXPLICIT,False,None,PandasHDF5,_read,https://github.com/intake/intake/blob/master/intake/readers/readers.py#L1044,"            with fsspec.open(data.url, ""rb"", **data.storage_options) as f:"
intake/intake,intake/readers/readers.py,1286,fsspec.open,NOT_EXPLICIT,False,None,PythonModule,_read,https://github.com/intake/intake/blob/master/intake/readers/readers.py#L1286,"        with fsspec.open(data.url, ""rt"", **(data.storage_options or {})) as f:"
intake/intake,intake/readers/readers.py,1318,fsspec.open,NOT_EXPLICIT,False,None,NumpyText,_read,https://github.com/intake/intake/blob/master/intake/readers/readers.py#L1318,"            with fsspec.open(data.url, **(data.storage_options or {})) as f:"
intake/intake,intake/readers/readers.py,1415,fsspec.open_local,NOT_EXPLICIT,False,None,XArrayDatasetReader,_read,https://github.com/intake/intake/blob/master/intake/readers/readers.py#L1415,"                ofs = fsspec.open_local(data.url, **(data.storage_options or {}))"
intake/intake,intake/readers/readers.py,1419,fsspec.open_files,NOT_EXPLICIT,False,None,XArrayDatasetReader,_read,https://github.com/intake/intake/blob/master/intake/readers/readers.py#L1419,"                ofs0 = fsspec.open_files(data.url, **(data.storage_options or {}))"
intake/intake,intake/readers/readers.py,1433,fsspec.open_local,NOT_EXPLICIT,False,None,XArrayDatasetReader,_read,https://github.com/intake/intake/blob/master/intake/readers/readers.py#L1433,"                    f = fsspec.open_local(data.url, **(data.storage_options or {}))"
intake/intake,intake/readers/readers.py,1436,"fsspec.open(data.url, **data.storage_options or {}).open",NOT_EXPLICIT,False,None,XArrayDatasetReader,_read,https://github.com/intake/intake/blob/master/intake/readers/readers.py#L1436,"                    f = fsspec.open(data.url, **(data.storage_options or {})).open()"
intake/intake,intake/readers/readers.py,1436,fsspec.open,NOT_EXPLICIT,False,None,XArrayDatasetReader,_read,https://github.com/intake/intake/blob/master/intake/readers/readers.py#L1436,"                    f = fsspec.open(data.url, **(data.storage_options or {})).open()"
intake/intake,intake/readers/readers.py,1480,fsspec.get_fs_token_paths,NOT_EXPLICIT,False,None,XArrayPatternReader,_read,https://github.com/intake/intake/blob/master/intake/readers/readers.py#L1480,"            fs, _, paths = fsspec.get_fs_token_paths(url, **(data.storage_options or {}))"
intake/intake,intake/readers/readers.py,1513,fsspec.open_files,NOT_EXPLICIT,False,None,RasterIOXarrayReader,_read,https://github.com/intake/intake/blob/master/intake/readers/readers.py#L1513,"        ofs = fsspec.open_files(data.url, **(data.storage_options or {}))"
intake/intake,intake/readers/readers.py,1578,fsspec.open,NOT_EXPLICIT,False,None,GeoPandasReader,_read,https://github.com/intake/intake/blob/master/intake/readers/readers.py#L1578,"            with fsspec.open(data.url, **(data.storage_options or {})) as f:"
intake/intake,intake/readers/readers.py,1600,fsspec.open,NOT_EXPLICIT,False,None,ScipyMatrixMarketReader,_read,https://github.com/intake/intake/blob/master/intake/readers/readers.py#L1600,"        with fsspec.open(data.url, **data.storage_options) as f:"
intake/intake,intake/readers/readers.py,1612,fsspec.open,NOT_EXPLICIT,False,None,NibabelNiftiReader,_read,https://github.com/intake/intake/blob/master/intake/readers/readers.py#L1612,"        with fsspec.open(data.url, **(data.storage_options or {})) as f:"
intake/intake,intake/readers/readers.py,1639,"fsspec.open(data.url, **data.storage_options or {}).open",NOT_EXPLICIT,False,None,ASDFReader,_read,https://github.com/intake/intake/blob/master/intake/readers/readers.py#L1639,"            f = fsspec.open(data.url, **(data.storage_options or {})).open()"
intake/intake,intake/readers/readers.py,1639,fsspec.open,NOT_EXPLICIT,False,None,ASDFReader,_read,https://github.com/intake/intake/blob/master/intake/readers/readers.py#L1639,"            f = fsspec.open(data.url, **(data.storage_options or {})).open()"
intake/intake,intake/readers/readers.py,1653,fsspec.open,NOT_EXPLICIT,False,None,DicomReader,_read,https://github.com/intake/intake/blob/master/intake/readers/readers.py#L1653,"        with fsspec.open(data.url, **(data.storage_options or {})) as f:"
intake/intake,intake/readers/readers.py,1683,"fsspec.open(data.url, **data.storage_options or {}).open",NOT_EXPLICIT,False,None,PMTileReader,_read,https://github.com/intake/intake/blob/master/intake/readers/readers.py#L1683,"            f = fsspec.open(data.url, **(data.storage_options or {})).open()"
intake/intake,intake/readers/readers.py,1683,fsspec.open,NOT_EXPLICIT,False,None,PMTileReader,_read,https://github.com/intake/intake/blob/master/intake/readers/readers.py#L1683,"            f = fsspec.open(data.url, **(data.storage_options or {})).open()"
intake/intake,intake/readers/readers.py,1690,open,NOT_EXPLICIT,False,None,PMTileReader,_read,https://github.com/intake/intake/blob/master/intake/readers/readers.py#L1690,            f = open(data.url)
intake/intake,intake/readers/readers.py,1889,"fsspec.open(data.url, **data.storage_options or {}).open",NOT_EXPLICIT,False,None,GeoPandasTabular,_read,https://github.com/intake/intake/blob/master/intake/readers/readers.py#L1889,"            f = fsspec.open(data.url, **(data.storage_options or {})).open()"
intake/intake,intake/readers/readers.py,1889,fsspec.open,NOT_EXPLICIT,False,None,GeoPandasTabular,_read,https://github.com/intake/intake/blob/master/intake/readers/readers.py#L1889,"            f = fsspec.open(data.url, **(data.storage_options or {})).open()"
intake/intake,intake/readers/readers.py,1971,fsspec.open,NOT_EXPLICIT,False,None,MessagePackReader,_read,https://github.com/intake/intake/blob/master/intake/readers/readers.py#L1971,"        with fsspec.open(data.url, ""rb"", **(data.storage_options or {})) as f:"
intake/intake,intake/readers/readers.py,1998,fsspec.open,NOT_EXPLICIT,False,None,MarkdownReader,_read,https://github.com/intake/intake/blob/master/intake/readers/readers.py#L1998,"        with fsspec.open(data.url, ""r"", **(data.storage_options or {})) as f:"
intake/intake,intake/readers/readers.py,2005,fsspec.open,NOT_EXPLICIT,False,None,MarkdownReader,discover,https://github.com/intake/intake/blob/master/intake/readers/readers.py#L2005,"        with fsspec.open(data.url, ""rb"", **(data.storage_options or {})) as f:"
intake/intake,intake/readers/readers.py,2036,fsspec.open,NOT_EXPLICIT,False,None,TOMLReader,_read,https://github.com/intake/intake/blob/master/intake/readers/readers.py#L2036,"        with fsspec.open(data.url, ""rb"", **(data.storage_options or {})) as f:"
intake/intake,intake/readers/readers.py,2081,fsspec.open,NOT_EXPLICIT,False,None,INIReader,_read,https://github.com/intake/intake/blob/master/intake/readers/readers.py#L2081,"        with fsspec.open(data.url, ""r"", **(data.storage_options or {})) as f:"
intake/intake,intake/readers/readers.py,2113,fsspec.open,NOT_EXPLICIT,False,None,PDFTextReader,_read,https://github.com/intake/intake/blob/master/intake/readers/readers.py#L2113,"        with fsspec.open(data.url, ""rb"", **(data.storage_options or {})) as f:"
intake/intake,intake/readers/readers.py,2251,fsspec.open,NOT_EXPLICIT,False,None,PILImageReader,_read,https://github.com/intake/intake/blob/master/intake/readers/readers.py#L2251,"        with fsspec.open(data.url, ""rb"", **(data.storage_options or {})) as f:"
intake/intake,intake/readers/readers.py,2468,fsspec.open,NOT_EXPLICIT,False,None,BioPythonFASTAReader,_read,https://github.com/intake/intake/blob/master/intake/readers/readers.py#L2468,"        with fsspec.open(data.url, ""r"", **(data.storage_options or {})) as f:"
intake/intake,intake/readers/readers.py,2664,fsspec.open,NOT_EXPLICIT,False,None,GGUFMetadataReader,_read,https://github.com/intake/intake/blob/master/intake/readers/readers.py#L2664,"        with fsspec.open(data.url, ""rb"", **(data.storage_options or {})) as f:"
intake/intake,intake/readers/readers.py,2751,fsspec.open,NOT_EXPLICIT,False,None,PMTilesMetadataReader,_read,https://github.com/intake/intake/blob/master/intake/readers/readers.py#L2751,"        with fsspec.open(data.url, ""rb"", **(data.storage_options or {})) as f:"
intake/intake,intake/readers/readers.py,2847,fsspec.open,NOT_EXPLICIT,False,None,OSMPBFMetadataReader,_read,https://github.com/intake/intake/blob/master/intake/readers/readers.py#L2847,"        with fsspec.open(data.url, ""rb"", **(data.storage_options or {})) as f:"
intake/intake,intake/readers/readers.py,2980,fsspec.open,NOT_EXPLICIT,False,None,SKLearnModelMetadataReader,_read,https://github.com/intake/intake/blob/master/intake/readers/readers.py#L2980,"        with fsspec.open(data.url, ""rb"", **(data.storage_options or {})) as f:"
intake/intake,intake/readers/readers.py,3073,fsspec.open,NOT_EXPLICIT,False,None,TorchModelMetadataReader,_read,https://github.com/intake/intake/blob/master/intake/readers/readers.py#L3073,"        with fsspec.open(data.url, ""rb"", **(data.storage_options or {})) as raw_f:"
intake/intake,intake/readers/readers.py,3135,fsspec.open,NOT_EXPLICIT,False,None,JoblibMetadataReader,_read,https://github.com/intake/intake/blob/master/intake/readers/readers.py#L3135,"        with fsspec.open(data.url, ""rb"", **(data.storage_options or {})) as f:"
intake/intake,intake/readers/readers.py,3513,fsspec.open_local,NOT_EXPLICIT,False,None,None,_as_local,https://github.com/intake/intake/blob/master/intake/readers/readers.py#L3513,"        return fsspec.open_local(             f""simplecache::{url}"", **{""simplecache"": {}, **(data.storage_options or {})}         )"
intake/intake,intake/readers/search.py,126,fsspec.open,NOT_EXPLICIT,False,None,EnvironmentSatisfied,_is_consistent,https://github.com/intake/intake/blob/master/intake/readers/search.py#L126,"                with fsspec.open(env, ""rt"") as f:"
intake/intake,intake/readers/search.py,128,open,NOT_EXPLICIT,False,None,EnvironmentSatisfied,_is_consistent,https://github.com/intake/intake/blob/master/intake/readers/search.py#L128,"            with open(fn, ""wt"") as f:"
intake/intake,intake/source/jsonfiles.py,52,compressions.values,NOT_EXPLICIT,False,None,JSONFileSource,__init__,https://github.com/intake/intake/blob/master/intake/source/jsonfiles.py#L52,"        VALID_COMPRESSIONS = list(compressions.values()) + [""infer""]"
intake/intake,intake/source/jsonfiles.py,74,fsspec.open,NOT_EXPLICIT,False,None,JSONFileSource,read,https://github.com/intake/intake/blob/master/intake/source/jsonfiles.py#L74,"        with fsspec.open(             urlpath,             mode=self.mode,             encoding=self.encoding,             compression=self.compression,             **self._storage_options,         ) as f:"
intake/intake,intake/source/jsonfiles.py,132,compressions.values,NOT_EXPLICIT,False,None,JSONLinesFileSource,__init__,https://github.com/intake/intake/blob/master/intake/source/jsonfiles.py#L132,"        VALID_COMPRESSIONS = list(compressions.values()) + [""infer""]"
intake/intake,intake/source/jsonfiles.py,157,fsspec.open,NOT_EXPLICIT,False,None,JSONLinesFileSource,_open,https://github.com/intake/intake/blob/master/intake/source/jsonfiles.py#L157,"        with fsspec.open(             urlpath,             mode=self.mode,             encoding=self.encoding,             compression=self.compression,             **self._storage_options,         ) as f:"
intake/intake,intake/source/utils.py,119,make_path_posix,NOT_EXPLICIT,False,None,None,reverse_format,https://github.com/intake/intake/blob/master/intake/source/utils.py#L119,    format_string = make_path_posix(format_string)
intake/intake,intake/source/utils.py,131,make_path_posix,NOT_EXPLICIT,False,None,None,reverse_format,https://github.com/intake/intake/blob/master/intake/source/utils.py#L131,    resolved_string = make_path_posix(resolved_string)
intake/intake,intake/util_tests.py,29,open,NOT_EXPLICIT,False,None,None,temp_conf,https://github.com/intake/intake/blob/master/intake/util_tests.py#L29,"        with open(fn, ""w"") as f:"
pandas-dev/pandas,asv_bench/benchmarks/io/csv.py,532,open,NOT_EXPLICIT,False,None,ReadCSVMemoryGrowth,setup,https://github.com/pandas-dev/pandas/blob/main/asv_bench/benchmarks/io/csv.py#L532,"        with open(self.fname, ""w"", encoding=""utf-8"") as f:"
pandas-dev/pandas,asv_bench/benchmarks/io/csv.py,727,open,NOT_EXPLICIT,False,None,ReadCSVParallelLargeFile,setup,https://github.com/pandas-dev/pandas/blob/main/asv_bench/benchmarks/io/csv.py#L727,"        with open(self.fname, ""rb"") as f:"
pandas-dev/pandas,doc/make.py,169,open,NOT_EXPLICIT,False,None,DocBuilder,_get_page_title,https://github.com/pandas-dev/pandas/blob/main/doc/make.py#L169,"        with open(fname, encoding=""utf-8"") as f:"
pandas-dev/pandas,doc/make.py,174,open,NOT_EXPLICIT,False,None,DocBuilder,_get_page_title,https://github.com/pandas-dev/pandas/blob/main/doc/make.py#L174,"        with open(os.devnull, ""a"", encoding=""utf-8"") as f:"
pandas-dev/pandas,doc/make.py,192,open,NOT_EXPLICIT,False,None,DocBuilder,_add_redirects,https://github.com/pandas-dev/pandas/blob/main/doc/make.py#L192,"        with open(REDIRECTS_FILE, encoding=""utf-8"") as mapping_fd:"
pandas-dev/pandas,doc/make.py,215,open,NOT_EXPLICIT,False,None,DocBuilder,_add_redirects,https://github.com/pandas-dev/pandas/blob/main/doc/make.py#L215,"                with open(path, ""w"", encoding=""utf-8"") as moved_page_fd:"
pandas-dev/pandas,doc/source/conf.py,199,open,NOT_EXPLICIT,False,None,None,global,https://github.com/pandas-dev/pandas/blob/main/doc/source/conf.py#L199,"with open(os.path.join(source_path, ""index.rst.template""), encoding=""utf-8"") as f:"
pandas-dev/pandas,doc/source/conf.py,201,open,NOT_EXPLICIT,False,None,None,global,https://github.com/pandas-dev/pandas/blob/main/doc/source/conf.py#L201,"with open(os.path.join(source_path, ""index.rst""), ""w"", encoding=""utf-8"") as f:"
pandas-dev/pandas,generate_pxi.py,8,open,NOT_EXPLICIT,False,None,None,process_tempita,https://github.com/pandas-dev/pandas/blob/main/generate_pxi.py#L8,"    with open(pxifile, encoding=""utf-8"") as f:"
pandas-dev/pandas,generate_pxi.py,12,open,NOT_EXPLICIT,False,None,None,process_tempita,https://github.com/pandas-dev/pandas/blob/main/generate_pxi.py#L12,"    with open(outfile, ""w"", encoding=""utf-8"") as f:"
pandas-dev/pandas,generate_version.py,27,open,NOT_EXPLICIT,False,None,None,write_version_info,https://github.com/pandas-dev/pandas/blob/main/generate_version.py#L27,"    with open(path, ""w"", encoding=""utf-8"") as file:"
pandas-dev/pandas,pandas/compat/_cpu.py,18,open,NOT_EXPLICIT,False,None,None,_read_sysfs_int,https://github.com/pandas-dev/pandas/blob/main/pandas/compat/_cpu.py#L18,"        with open(path, encoding=""utf-8"") as fh:"
pandas-dev/pandas,pandas/compat/_cpu.py,30,open,NOT_EXPLICIT,False,None,None,_read_sysfs_str,https://github.com/pandas-dev/pandas/blob/main/pandas/compat/_cpu.py#L30,"        with open(path, encoding=""utf-8"") as fh:"
pandas-dev/pandas,pandas/core/series.py,1688,open,NOT_EXPLICIT,False,None,Series,to_string,https://github.com/pandas-dev/pandas/blob/main/pandas/core/series.py#L1688,"            with open(buf, ""w"", encoding=""utf-8"") as f:"
pandas-dev/pandas,pandas/io/clipboard/__init__.py,302,open,NOT_EXPLICIT,False,None,None,copy_dev_clipboard,https://github.com/pandas-dev/pandas/blob/main/pandas/io/clipboard/__init__.py#L302,"        with open(""/dev/clipboard"", ""w"", encoding=""utf-8"") as fd:"
pandas-dev/pandas,pandas/io/clipboard/__init__.py,306,open,NOT_EXPLICIT,False,None,None,paste_dev_clipboard,https://github.com/pandas-dev/pandas/blob/main/pandas/io/clipboard/__init__.py#L306,"        with open(""/dev/clipboard"", encoding=""utf-8"") as fd:"
pandas-dev/pandas,pandas/io/common.py,452,fsspec.open,NOT_EXPLICIT,False,None,None,_get_filepath_or_buffer,https://github.com/pandas-dev/pandas/blob/main/pandas/io/common.py#L452,"            open_file = fsspec.open(                 filepath_or_buffer, mode=fsspec_mode, **(storage_options or {})             )"
pandas-dev/pandas,pandas/io/common.py,464,fsspec.open,NOT_EXPLICIT,False,None,None,_get_filepath_or_buffer,https://github.com/pandas-dev/pandas/blob/main/pandas/io/common.py#L464,"            open_file = fsspec.open(                 filepath_or_buffer, mode=fsspec_mode, **(storage_options or {})             )"
pandas-dev/pandas,pandas/io/common.py,936,open,NOT_EXPLICIT,False,None,None,get_handle,https://github.com/pandas-dev/pandas/blob/main/pandas/io/common.py#L936,"            handle = open(                 handle,                 ioargs.mode,                 encoding=ioargs.encoding,                 errors=errors,                 newline="""",             )"
pandas-dev/pandas,pandas/io/common.py,945,open,NOT_EXPLICIT,False,None,None,get_handle,https://github.com/pandas-dev/pandas/blob/main/pandas/io/common.py#L945,"            handle = open(handle, ioargs.mode)"
pandas-dev/pandas,pandas/io/common.py,1198,open,NOT_EXPLICIT,False,None,None,_maybe_memory_map,https://github.com/pandas-dev/pandas/blob/main/pandas/io/common.py#L1198,"        handle = open(handle, ""rb"")"
pandas-dev/pandas,pandas/io/formats/format.py,1079,open,NOT_EXPLICIT,False,None,None,_get_buffer,https://github.com/pandas-dev/pandas/blob/main/pandas/io/formats/format.py#L1079,"        with open(buf, ""w"", encoding=encoding, newline="""") as f:"
pandas-dev/pandas,pandas/io/parquet.py,131,fsspec.core.url_to_fs,NOT_EXPLICIT,False,None,None,_get_path_or_handle,https://github.com/pandas-dev/pandas/blob/main/pandas/io/parquet.py#L131,"            fs, path_or_handle = fsspec.core.url_to_fs(                 path_or_handle, **(storage_options or {})             )"
pandas-dev/pandas,pandas/io/parquet.py,347,"fsspec.open(path, 'wb', **storage_options or {}).open",NOT_EXPLICIT,False,None,FastParquetImpl,write,https://github.com/pandas-dev/pandas/blob/main/pandas/io/parquet.py#L347,"            kwargs[""open_with""] = lambda path, _: fsspec.open(                 path, ""wb"", **(storage_options or {})             ).open()"
pandas-dev/pandas,pandas/io/parquet.py,347,fsspec.open,NOT_EXPLICIT,False,None,FastParquetImpl,write,https://github.com/pandas-dev/pandas/blob/main/pandas/io/parquet.py#L347,"            kwargs[""open_with""] = lambda path, _: fsspec.open(                 path, ""wb"", **(storage_options or {})             ).open()"
pandas-dev/pandas,pandas/io/parquet.py,397,fsspec.open,NOT_EXPLICIT,False,None,FastParquetImpl,read,https://github.com/pandas-dev/pandas/blob/main/pandas/io/parquet.py#L397,"            parquet_kwargs[""fs""] = fsspec.open(path, ""rb"", **(storage_options or {})).fs"
pandas-dev/pandas,pandas/io/parsers/readers.py,611,open,NOT_EXPLICIT,False,None,None,_can_parallelize_csv,https://github.com/pandas-dev/pandas/blob/main/pandas/io/parsers/readers.py#L611,"    with open(filepath, ""rb"") as fd:"
pandas-dev/pandas,pandas/io/parsers/readers.py,638,open,NOT_EXPLICIT,False,None,None,_find_data_start_offset,https://github.com/pandas-dev/pandas/blob/main/pandas/io/parsers/readers.py#L638,"    with open(filepath, ""rb"") as fd:"
pandas-dev/pandas,pandas/io/parsers/readers.py,666,open,NOT_EXPLICIT,False,None,None,_find_chunk_byte_offsets,https://github.com/pandas-dev/pandas/blob/main/pandas/io/parsers/readers.py#L666,"    with open(filepath, ""rb"") as fd:"
pandas-dev/pandas,pandas/io/parsers/readers.py,773,open,NOT_EXPLICIT,False,None,None,_read_csv_chunks,https://github.com/pandas-dev/pandas/blob/main/pandas/io/parsers/readers.py#L773,"    with open(filepath, ""rb"") as fh:"
pandas-dev/pandas,pandas/io/parsers/readers.py,809,open,NOT_EXPLICIT,False,None,None,_read_csv_chunks,https://github.com/pandas-dev/pandas/blob/main/pandas/io/parsers/readers.py#L809,"    with open(filepath, ""rb"") as fd:"
pandas-dev/pandas,pandas/io/parsers/readers.py,980,open,NOT_EXPLICIT,False,None,None,_read_csv_chunks,https://github.com/pandas-dev/pandas/blob/main/pandas/io/parsers/readers.py#L980,"    with open(filepath, ""rb"") as fh:"
pandas-dev/pandas,pandas/io/sas/sas7bdat.py,996,self._str_offsets[js].copy,NOT_EXPLICIT,False,None,SAS7BDATReader,_string_column,https://github.com/pandas-dev/pandas/blob/main/pandas/io/sas/sas7bdat.py#L996,        offsets = self._str_offsets[js].copy()
pandas-dev/pandas,pandas/tests/io/conftest.py,134,open,NOT_EXPLICIT,False,None,None,s3_bucket_public_with_data,https://github.com/pandas-dev/pandas/blob/main/pandas/tests/io/conftest.py#L134,"        with open(file_name, ""rb"") as f:"
pandas-dev/pandas,pandas/tests/io/conftest.py,162,open,NOT_EXPLICIT,False,None,None,s3_bucket_private_with_data,https://github.com/pandas-dev/pandas/blob/main/pandas/tests/io/conftest.py#L162,"        with open(file_name, ""rb"") as f:"
pandas-dev/pandas,pandas/tests/io/generate_legacy_storage_files.py,364,open,NOT_EXPLICIT,False,None,None,write_legacy_pickles,https://github.com/pandas-dev/pandas/blob/main/pandas/tests/io/generate_legacy_storage_files.py#L364,"    with open(os.path.join(output_dir, pth), ""wb"") as fh:"
pandas-dev/pandas,pandas/util/_print_versions.py,142,open,NOT_EXPLICIT,False,None,None,show_versions,https://github.com/pandas-dev/pandas/blob/main/pandas/util/_print_versions.py#L142,"            with open(as_json, ""w"", encoding=""utf-8"") as f:"
pandas-dev/pandas,scripts/check_for_inconsistent_pandas_namespace.py,127,open,NOT_EXPLICIT,False,None,None,main,https://github.com/pandas-dev/pandas/blob/main/scripts/check_for_inconsistent_pandas_namespace.py#L127,"        with open(path, encoding=""utf-8"") as fd:"
pandas-dev/pandas,scripts/check_for_inconsistent_pandas_namespace.py,134,open,NOT_EXPLICIT,False,None,None,main,https://github.com/pandas-dev/pandas/blob/main/scripts/check_for_inconsistent_pandas_namespace.py#L134,"        with open(path, ""w"", encoding=""utf-8"") as fd:"
pandas-dev/pandas,scripts/check_test_naming.py,125,open,NOT_EXPLICIT,False,None,None,main,https://github.com/pandas-dev/pandas/blob/main/scripts/check_test_naming.py#L125,"                        with open(os.path.join(_file), encoding=""utf-8"") as fd:"
pandas-dev/pandas,scripts/check_test_naming.py,152,open,NOT_EXPLICIT,False,None,None,global,https://github.com/pandas-dev/pandas/blob/main/scripts/check_test_naming.py#L152,"        with open(file, encoding=""utf-8"") as fd:"
pandas-dev/pandas,scripts/issue_assignment/gate.py,32,open,NOT_EXPLICIT,False,None,None,main,https://github.com/pandas-dev/pandas/blob/main/scripts/issue_assignment/gate.py#L32,    with open(args.event_path) as fh:
pandas-dev/pandas,scripts/issue_assignment/unassign_inactive.py,204,open,NOT_EXPLICIT,False,None,None,main,https://github.com/pandas-dev/pandas/blob/main/scripts/issue_assignment/unassign_inactive.py#L204,    with open(args.event_path) as fh:
pandas-dev/pandas,scripts/pandas_errors_documented.py,39,open,NOT_EXPLICIT,False,None,None,main,https://github.com/pandas-dev/pandas/blob/main/scripts/pandas_errors_documented.py#L39,"    with open(args.path, encoding=""utf-8"") as f:"
pandas-dev/pandas,scripts/pandas_errors_documented.py,41,open,NOT_EXPLICIT,False,None,None,main,https://github.com/pandas-dev/pandas/blob/main/scripts/pandas_errors_documented.py#L41,"    with open(API_PATH, encoding=""utf-8"") as f:"
pandas-dev/pandas,scripts/sort_whatsnew_note.py,71,open,NOT_EXPLICIT,False,None,None,main,https://github.com/pandas-dev/pandas/blob/main/scripts/sort_whatsnew_note.py#L71,"        with open(path, encoding=""utf-8"") as fd:"
pandas-dev/pandas,scripts/sort_whatsnew_note.py,76,open,NOT_EXPLICIT,False,None,None,main,https://github.com/pandas-dev/pandas/blob/main/scripts/sort_whatsnew_note.py#L76,"            with open(path, ""w"", encoding=""utf-8"") as fd:"
pandas-dev/pandas,scripts/validate_exception_location.py,43,open,NOT_EXPLICIT,False,None,None,get_warnings_and_exceptions_from_api_path,https://github.com/pandas-dev/pandas/blob/main/scripts/validate_exception_location.py#L43,"    with open(API_PATH, encoding=""utf-8"") as f:"
pandas-dev/pandas,scripts/validate_exception_location.py,99,open,NOT_EXPLICIT,False,None,None,main,https://github.com/pandas-dev/pandas/blob/main/scripts/validate_exception_location.py#L99,"        with open(path, encoding=""utf-8"") as fd:"
pandas-dev/pandas,scripts/validate_min_versions_in_sync.py,59,open,NOT_EXPLICIT,False,None,None,pin_min_versions_to_environment_yml,https://github.com/pandas-dev/pandas/blob/main/scripts/validate_min_versions_in_sync.py#L59,"    with open(PYPROJECT_PATH, ""rb"") as toml_f:"
pandas-dev/pandas,scripts/validate_min_versions_in_sync.py,62,open,NOT_EXPLICIT,False,None,None,pin_min_versions_to_environment_yml,https://github.com/pandas-dev/pandas/blob/main/scripts/validate_min_versions_in_sync.py#L62,"    with open(ENV_PATH, encoding=""utf-8"") as yaml_f:"
pandas-dev/pandas,scripts/validate_min_versions_in_sync.py,72,open,NOT_EXPLICIT,False,None,None,pin_min_versions_to_environment_yml,https://github.com/pandas-dev/pandas/blob/main/scripts/validate_min_versions_in_sync.py#L72,"        with open(ENV_PATH, ""w"", encoding=""utf-8"") as f:"
pandas-dev/pandas,scripts/validate_min_versions_in_sync.py,290,open,NOT_EXPLICIT,False,None,None,get_versions_from_toml,https://github.com/pandas-dev/pandas/blob/main/scripts/validate_min_versions_in_sync.py#L290,"    with open(PYPROJECT_PATH, ""rb"") as pyproject_f:"
pandas-dev/pandas,scripts/validate_min_versions_in_sync.py,311,open,NOT_EXPLICIT,False,None,None,main,https://github.com/pandas-dev/pandas/blob/main/scripts/validate_min_versions_in_sync.py#L311,"    with open(PIXI_PATH, encoding=""utf-8"") as f:"
pandas-dev/pandas,scripts/validate_rst_title_capitalization.py,239,open,NOT_EXPLICIT,False,None,None,find_titles,https://github.com/pandas-dev/pandas/blob/main/scripts/validate_rst_title_capitalization.py#L239,"    with open(rst_file, encoding=""utf-8"") as fd:"
pandas-dev/pandas,scripts/validate_unwanted_patterns.py,535,open,NOT_EXPLICIT,False,None,None,main,https://github.com/pandas-dev/pandas/blob/main/scripts/validate_unwanted_patterns.py#L535,"        with open(file_path, encoding=""utf-8"") as file_obj:"
pandas-dev/pandas,web/pandas_web.py,203,open,NOT_EXPLICIT,False,None,Preprocessors,maintainers_add_info,https://github.com/pandas-dev/pandas/blob/main/web/pandas_web.py#L203,"        with open(             pathlib.Path(context[""target_path""]) / ""maintainers.json"",             ""w"",             encoding=""utf-8"",         ) as f:"
pandas-dev/pandas,web/pandas_web.py,233,open,NOT_EXPLICIT,False,None,Preprocessors,home_add_releases,https://github.com/pandas-dev/pandas/blob/main/web/pandas_web.py#L233,"        with open(             pathlib.Path(context[""target_path""]) / ""releases.json"",             ""w"",             encoding=""utf-8"",         ) as f:"
pandas-dev/pandas,web/pandas_web.py,336,open,NOT_EXPLICIT,False,None,Preprocessors,roadmap_pdeps,https://github.com/pandas-dev/pandas/blob/main/web/pandas_web.py#L336,"        with open(             pathlib.Path(context[""target_path""]) / ""pdeps.json"", ""w"", encoding=""utf-8""         ) as f:"
pydata/xarray,xarray/backends/common.py,166,fsspec.core.get_fs_token_paths,NOT_EXPLICIT,False,None,None,_find_absolute_paths,https://github.com/pydata/xarray/blob/main/xarray/backends/common.py#L166,"            fs, _, _ = fsspec.core.get_fs_token_paths(                 paths,                 mode=""rb"",                 storage_options=kwargs.get(""backend_kwargs"", {}).get(                     ""storage_options"", {}                 ),                 expand=False,             )"
pydata/xarray,xarray/backends/common.py,174,fs.glob,NOT_EXPLICIT,False,None,None,_find_absolute_paths,https://github.com/pydata/xarray/blob/main/xarray/backends/common.py#L174,            tmp_paths = fs.glob(fs._strip_protocol(paths))  # finds directories
pydata/xarray,xarray/backends/common.py,221,fsspec.get_fs_token_paths,NOT_EXPLICIT,False,None,None,_open_remote_file,https://github.com/pydata/xarray/blob/main/xarray/backends/common.py#L221,"    fs, _, paths = fsspec.get_fs_token_paths(         file, mode=mode, storage_options=storage_options     )"
pydata/xarray,xarray/backends/common.py,227,fs.open,NOT_EXPLICIT,False,None,None,_open_remote_file,https://github.com/pydata/xarray/blob/main/xarray/backends/common.py#L227,"    return fs.open(paths[0], mode=mode, **open_kwargs)"
pydata/xarray,xarray/core/utils.py,784,open,NOT_EXPLICIT,False,None,None,try_read_magic_number_from_path,https://github.com/pydata/xarray/blob/main/xarray/core/utils.py#L784,"            with open(path, ""rb"") as f:"
pydata/xarray,xarray/util/generate_aggregations.py,783,open,NOT_EXPLICIT,False,None,None,write_methods,https://github.com/pydata/xarray/blob/main/xarray/util/generate_aggregations.py#L783,"    with open(filepath, mode=""w"", encoding=""utf-8"") as f:"
zarr-developers/zarr-python,src/zarr/api/asynchronous.py,328,open,NOT_EXPLICIT,False,None,None,load,https://github.com/zarr-developers/zarr-python/blob/main/src/zarr/api/asynchronous.py#L328,"    obj = await open(store=store, path=path, zarr_format=zarr_format)"
zarr-developers/zarr-python,src/zarr/storage/_fsspec.py,66,AsyncFileSystemWrapper,NOT_EXPLICIT,False,None,None,_make_async,https://github.com/zarr-developers/zarr-python/blob/main/src/zarr/storage/_fsspec.py#L66,"    return AsyncFileSystemWrapper(fs, asynchronous=True)"
zarr-developers/zarr-python,src/zarr/storage/_fsspec.py,253,url_to_fs,NOT_EXPLICIT,False,None,FsspecStore,from_url,https://github.com/zarr-developers/zarr-python/blob/main/src/zarr/storage/_fsspec.py#L253,"        fs, path = url_to_fs(url, **opts)"
iterative/dvc,dvc/analytics.py,79,open,NOT_EXPLICIT,False,None,None,send,https://github.com/iterative/dvc/blob/main/dvc/analytics.py#L79,"    with open(path, encoding=""utf-8"") as fobj:"
iterative/dvc,dvc/api/artifacts.py,53,_repo.fs.join,NOT_EXPLICIT,False,None,None,artifacts_show,https://github.com/iterative/dvc/blob/main/dvc/api/artifacts.py#L53,"            _dirname = _repo.fs.join(root, dirname) if dirname else root"
iterative/dvc,dvc/api/artifacts.py,56,_repo.fs.join,NOT_EXPLICIT,False,None,None,artifacts_show,https://github.com/iterative/dvc/blob/main/dvc/api/artifacts.py#L56,"                path = _repo.fs.join(_repo.fs.root_marker, as_posix(path))"
iterative/dvc,dvc/api/artifacts.py,57,_repo.fs.relparts,NOT_EXPLICIT,False,None,None,artifacts_show,https://github.com/iterative/dvc/blob/main/dvc/api/artifacts.py#L57,"                parts = _repo.fs.relparts(path, _repo.root_dir)"
iterative/dvc,dvc/api/data.py,297,fs.open,NOT_EXPLICIT,False,None,None,_open,https://github.com/iterative/dvc/blob/main/dvc/api/data.py#L297,"                with fs.open(fs_path, mode=mode, encoding=encoding) as fobj:"
iterative/dvc,dvc/api/data.py,320,open,NOT_EXPLICIT,False,None,None,read,https://github.com/iterative/dvc/blob/main/dvc/api/data.py#L320,"    with open(         path,         repo=repo,         rev=rev,         remote=remote,         mode=mode,         encoding=encoding,         config=config,         remote_config=remote_config,     ) as fd:"
iterative/dvc,dvc/api/dataset.py,62,fs_cls.join,NOT_EXPLICIT,False,None,None,get,https://github.com/iterative/dvc/blob/main/dvc/api/dataset.py#L62,"                fs_cls.join(versioned_path, file.relpath), file.meta.version_id"
iterative/dvc,dvc/cachemgr.py,30,fs.join,NOT_EXPLICIT,False,None,None,_get_odb,https://github.com/iterative/dvc/blob/main/dvc/cachemgr.py#L30,"        fs_path = fs.join(fs_path, *prefix)"
iterative/dvc,dvc/cachemgr.py,89,self.local.fs.join,NOT_EXPLICIT,False,None,CacheManager,fs_cache,https://github.com/iterative/dvc/blob/main/dvc/cachemgr.py#L89,"            path=self.local.fs.join(self.local_cache_dir, self.FS_DIR),"
iterative/dvc,dvc/commands/dag.py,89,repo.fs.parts,NOT_EXPLICIT,False,None,None,_collect_targets,https://github.com/iterative/dvc/blob/main/dvc/commands/dag.py#L89,        for out in outs_trie.itervalues(prefix=repo.fs.parts(path)):
iterative/dvc,dvc/commands/dataset.py,66,self.repo.fs.relpath,NOT_EXPLICIT,False,None,CmdDatasetAdd,run,https://github.com/iterative/dvc/blob/main/dvc/commands/dataset.py#L66,                path = self.repo.fs.relpath(existing.manifest_path)
iterative/dvc,dvc/config.py,99,self.fs.abspath,NOT_EXPLICIT,False,None,Config,__init__,https://github.com/iterative/dvc/blob/main/dvc/config.py#L99,            self.dvc_dir = self.fs.abspath(dvc_dir)
iterative/dvc,dvc/config.py,140,self.fs.join,NOT_EXPLICIT,False,None,Config,files,https://github.com/iterative/dvc/blob/main/dvc/config.py#L140,"            files[""repo""] = self.fs.join(self.dvc_dir, self.CONFIG)"
iterative/dvc,dvc/config.py,143,self.wfs.join,NOT_EXPLICIT,False,None,Config,files,https://github.com/iterative/dvc/blob/main/dvc/config.py#L143,"            files[""local""] = self.wfs.join(self.local_dvc_dir, self.CONFIG_LOCAL)"
iterative/dvc,dvc/config.py,158,open,NOT_EXPLICIT,False,None,Config,init,https://github.com/iterative/dvc/blob/main/dvc/config.py#L158,"        with open(config_file, ""w+"", encoding=""utf-8""):"
iterative/dvc,dvc/config.py,211,fs.open,NOT_EXPLICIT,False,None,Config,load_file,https://github.com/iterative/dvc/blob/main/dvc/config.py#L211,        with fs.open(path) as fobj:
iterative/dvc,dvc/config.py,238,fs.makedirs,NOT_EXPLICIT,False,None,Config,_save_config,https://github.com/iterative/dvc/blob/main/dvc/config.py#L238,        fs.makedirs(os.path.dirname(filename))
iterative/dvc,dvc/config.py,241,fs.open,NOT_EXPLICIT,False,None,Config,_save_config,https://github.com/iterative/dvc/blob/main/dvc/config.py#L241,"        with fs.open(filename, ""wb"") as fobj:"
iterative/dvc,dvc/config.py,302,localfs.as_posix,NOT_EXPLICIT,False,None,Config,_to_relpath,https://github.com/iterative/dvc/blob/main/dvc/config.py#L302,            return localfs.as_posix(path)
iterative/dvc,dvc/config.py,309,localfs.as_posix,NOT_EXPLICIT,False,None,Config,_to_relpath,https://github.com/iterative/dvc/blob/main/dvc/config.py#L309,            return localfs.as_posix(path)
iterative/dvc,dvc/daemon.py,155,open,NOT_EXPLICIT,False,None,None,_spawn,https://github.com/iterative/dvc/blob/main/dvc/daemon.py#L155,"        file = open(output_file, ""ab"")  # noqa: SIM115"
iterative/dvc,dvc/data_cloud.py,39,self.fs.join,NOT_EXPLICIT,False,None,Remote,odb,https://github.com/iterative/dvc/blob/main/dvc/data_cloud.py#L39,"            path = self.fs.join(path, "".dvc"", CacheManager.FILES_DIR, DEFAULT_ALGORITHM)"
iterative/dvc,dvc/data_cloud.py,41,self.fs.join,NOT_EXPLICIT,False,None,Remote,odb,https://github.com/iterative/dvc/blob/main/dvc/data_cloud.py#L41,"            path = self.fs.join(path, CacheManager.FILES_DIR, DEFAULT_ALGORITHM)"
iterative/dvc,dvc/dependency/repo.py,40,self.fs.normpath,NOT_EXPLICIT,False,None,RepoDependency,__init__,https://github.com/iterative/dvc/blob/main/dvc/dependency/repo.py#L40,        self.fs_path = as_posix(self.fs.normpath(self.def_path))
iterative/dvc,dvc/dependency/repo.py,106,self.fs.info,NOT_EXPLICIT,False,None,RepoDependency,download,https://github.com/iterative/dvc/blob/main/dvc/dependency/repo.py#L106,                info = maybe_info or self.fs.info(src_path)
iterative/dvc,dvc/dependency/repo.py,108,to.fs.info,NOT_EXPLICIT,False,None,RepoDependency,download,https://github.com/iterative/dvc/blob/main/dvc/dependency/repo.py#L108,                dest_info = to.fs.info(dest_path)
iterative/dvc,dvc/dvcfile.py,108,self.repo.fs.exists,NOT_EXPLICIT,False,None,FileMixin,exists,https://github.com/iterative/dvc/blob/main/dvc/dvcfile.py#L108,        return self.repo.fs.exists(self.path) and not is_ignored
iterative/dvc,dvc/dvcfile.py,136,self.repo.fs.isfile,NOT_EXPLICIT,False,None,FileMixin,_load,https://github.com/iterative/dvc/blob/main/dvc/dvcfile.py#L136,        if not self.repo.fs.isfile(self.path):
iterative/dvc,dvc/fs/__init__.py,62,fs.isdir,NOT_EXPLICIT,False,None,None,download,https://github.com/iterative/dvc/blob/main/dvc/fs/__init__.py#L62,                    if fs.isdir(fs_path)
iterative/dvc,dvc/fs/__init__.py,61,fs.normpath,NOT_EXPLICIT,False,None,None,download,https://github.com/iterative/dvc/blob/main/dvc/fs/__init__.py#L61,"                    f""{fs.normpath(glob.escape(fs_path))}/**"""
iterative/dvc,dvc/fs/__init__.py,71,fs.isdir,NOT_EXPLICIT,False,None,None,download,https://github.com/iterative/dvc/blob/main/dvc/fs/__init__.py#L71,        if fs.isdir(fs_path):
iterative/dvc,dvc/fs/__init__.py,73,fs.find,NOT_EXPLICIT,False,None,None,download,https://github.com/iterative/dvc/blob/main/dvc/fs/__init__.py#L73,                path for path in fs.find(fs_path) if not path.endswith(fs.flavour.sep)
iterative/dvc,dvc/fs/__init__.py,76,localfs.makedirs,NOT_EXPLICIT,False,None,None,download,https://github.com/iterative/dvc/blob/main/dvc/fs/__init__.py#L76,"                localfs.makedirs(to, exist_ok=True)"
iterative/dvc,dvc/fs/__init__.py,79,localfs.join,NOT_EXPLICIT,False,None,None,download,https://github.com/iterative/dvc/blob/main/dvc/fs/__init__.py#L79,"                localfs.join(to, *fs.relparts(info, fs_path)) for info in from_infos"
iterative/dvc,dvc/fs/__init__.py,79,fs.relparts,NOT_EXPLICIT,False,None,None,download,https://github.com/iterative/dvc/blob/main/dvc/fs/__init__.py#L79,"                localfs.join(to, *fs.relparts(info, fs_path)) for info in from_infos"
iterative/dvc,dvc/fs/data.py,31,self.fs.getcwd,NOT_EXPLICIT,False,None,DataFileSystem,getcwd,https://github.com/iterative/dvc/blob/main/dvc/fs/data.py#L31,        return self.fs.getcwd()
iterative/dvc,dvc/fs/dvc.py,79,dvc_fs.join,NOT_EXPLICIT,False,None,None,_get_dvc_path,https://github.com/iterative/dvc/blob/main/dvc/fs/dvc.py#L79,"    return dvc_fs.join(*subkey) if subkey else """""
iterative/dvc,dvc/fs/dvc.py,165,self.repo.fs.isin,NOT_EXPLICIT,False,None,_DVCFileSystem,getcwd,https://github.com/iterative/dvc/blob/main/dvc/fs/dvc.py#L165,"        if self.repo.fs.isin(self.repo.fs.getcwd(), self.repo.root_dir):"
iterative/dvc,dvc/fs/dvc.py,165,self.repo.fs.getcwd,NOT_EXPLICIT,False,None,_DVCFileSystem,getcwd,https://github.com/iterative/dvc/blob/main/dvc/fs/dvc.py#L165,"        if self.repo.fs.isin(self.repo.fs.getcwd(), self.repo.root_dir):"
iterative/dvc,dvc/fs/dvc.py,166,self.repo.fs.relparts,NOT_EXPLICIT,False,None,_DVCFileSystem,getcwd,https://github.com/iterative/dvc/blob/main/dvc/fs/dvc.py#L166,"            relparts = self.repo.fs.relparts(self.repo.fs.getcwd(), self.repo.root_dir)"
iterative/dvc,dvc/fs/dvc.py,166,self.repo.fs.getcwd,NOT_EXPLICIT,False,None,_DVCFileSystem,getcwd,https://github.com/iterative/dvc/blob/main/dvc/fs/dvc.py#L166,"            relparts = self.repo.fs.relparts(self.repo.fs.getcwd(), self.repo.root_dir)"
iterative/dvc,dvc/fs/dvc.py,237,tokenize,NOT_EXPLICIT,False,None,_DVCFileSystem,fsid,https://github.com/iterative/dvc/blob/main/dvc/fs/dvc.py#L237,"        return ""dvcfs_"" + tokenize(             self.repo.url or self.repo.root_dir,             self.repo.get_rev() if not isinstance(self.repo.scm, NoSCM) else None,         )"
iterative/dvc,dvc/fs/dvc.py,244,self.repo.fs.relparts,NOT_EXPLICIT,False,None,_DVCFileSystem,_get_key,https://github.com/iterative/dvc/blob/main/dvc/fs/dvc.py#L244,"        parts = self.repo.fs.relparts(path, self.repo.root_dir)"
iterative/dvc,dvc/fs/dvc.py,268,self.repo.fs.join,NOT_EXPLICIT,False,None,_DVCFileSystem,_from_key,https://github.com/iterative/dvc/blob/main/dvc/fs/dvc.py#L268,"        return self.repo.fs.join(self.repo.root_dir, *parts)"
iterative/dvc,dvc/fs/dvc.py,334,self.repo.fs.join,NOT_EXPLICIT,False,None,_DVCFileSystem,_is_dvc_repo,https://github.com/iterative/dvc/blob/main/dvc/fs/dvc.py#L334,"        repo_path = self.repo.fs.join(dir_path, Repo.DVC_DIR)"
iterative/dvc,dvc/fs/dvc.py,335,self.repo.fs.isdir,NOT_EXPLICIT,False,None,_DVCFileSystem,_is_dvc_repo,https://github.com/iterative/dvc/blob/main/dvc/fs/dvc.py#L335,        return self.repo.fs.isdir(repo_path)
iterative/dvc,dvc/fs/dvc.py,352,self._datafss.get,NOT_EXPLICIT,False,None,_DVCFileSystem,_get_subrepo_info,https://github.com/iterative/dvc/blob/main/dvc/fs/dvc.py#L352,        dvc_fs = self._datafss.get(repo_key)
iterative/dvc,dvc/fs/dvc.py,362,self.repo.fs.open,NOT_EXPLICIT,False,None,_DVCFileSystem,_open,https://github.com/iterative/dvc/blob/main/dvc/fs/dvc.py#L362,"            return self.repo.fs.open(fs_path, mode=mode)"
iterative/dvc,dvc/fs/dvc.py,369,dvc_fs.open,NOT_EXPLICIT,False,None,_DVCFileSystem,_open,https://github.com/iterative/dvc/blob/main/dvc/fs/dvc.py#L369,"        return dvc_fs.open(dvc_path, mode=mode, cache=kwargs.get(""cache"", False))"
iterative/dvc,dvc/fs/dvc.py,387,dvc_fs.info,NOT_EXPLICIT,False,None,_DVCFileSystem,ls,https://github.com/iterative/dvc/blob/main/dvc/fs/dvc.py#L387,                dvc_info = dvc_fs.info(dvc_path)
iterative/dvc,dvc/fs/dvc.py,391,dvc_fs.ls,NOT_EXPLICIT,False,None,_DVCFileSystem,ls,https://github.com/iterative/dvc/blob/main/dvc/fs/dvc.py#L391,"                    for info in dvc_fs.ls(dvc_path, detail=True):"
iterative/dvc,dvc/fs/dvc.py,401,fs.info,NOT_EXPLICIT,False,None,_DVCFileSystem,ls,https://github.com/iterative/dvc/blob/main/dvc/fs/dvc.py#L401,                fs_info = fs.info(fs_path)
iterative/dvc,dvc/fs/dvc.py,431,fs_infos.get,NOT_EXPLICIT,False,None,_DVCFileSystem,ls,https://github.com/iterative/dvc/blob/main/dvc/fs/dvc.py#L431,"                repo, (*subkey, name), fs_infos.get(name), dvc_infos.get(name)"
iterative/dvc,dvc/fs/dvc.py,455,dvc_fs.fs.index.info,NOT_EXPLICIT,False,None,_DVCFileSystem,_info,https://github.com/iterative/dvc/blob/main/dvc/fs/dvc.py#L455,                dvc_info = dvc_fs.fs.index.info(subkey)
iterative/dvc,dvc/fs/dvc.py,465,fs.info,NOT_EXPLICIT,False,None,_DVCFileSystem,_info,https://github.com/iterative/dvc/blob/main/dvc/fs/dvc.py#L465,            fs_info = fs.info(fs_path)
iterative/dvc,dvc/fs/dvc.py,479,fs.info,NOT_EXPLICIT,False,None,_DVCFileSystem,_info,https://github.com/iterative/dvc/blob/main/dvc/fs/dvc.py#L479,"                    if fs.info(parent)[""type""] != ""directory"":"
iterative/dvc,dvc/fs/dvc.py,591,fs.get_file,NOT_EXPLICIT,False,None,_DVCFileSystem,get_file,https://github.com/iterative/dvc/blob/main/dvc/fs/dvc.py#L591,"                fs.get_file(src, dest, callback=child, **kw)"
iterative/dvc,dvc/fs/dvc.py,615,self.repo.fs.get_file,NOT_EXPLICIT,False,None,_DVCFileSystem,get_file,https://github.com/iterative/dvc/blob/main/dvc/fs/dvc.py#L615,"            return self.repo.fs.get_file(fs_path, lpath, **kwargs)"
iterative/dvc,dvc/fs/dvc.py,622,dvc_fs.get_file,NOT_EXPLICIT,False,None,_DVCFileSystem,get_file,https://github.com/iterative/dvc/blob/main/dvc/fs/dvc.py#L622,"        return dvc_fs.get_file(dvc_path, lpath, info=dvc_info, **kwargs)"
iterative/dvc,dvc/fs/dvc.py,685,self.fs._repo_kwargs.get,NOT_EXPLICIT,False,None,DVCFileSystem,immutable,https://github.com/iterative/dvc/blob/main/dvc/fs/dvc.py#L685,"        return self.fs._repo_kwargs.get(""rev"") == self.fs.repo.get_rev()"
iterative/dvc,dvc/fs/dvc.py,688,self.fs.getcwd,NOT_EXPLICIT,False,None,DVCFileSystem,getcwd,https://github.com/iterative/dvc/blob/main/dvc/fs/dvc.py#L688,        return self.fs.getcwd()
iterative/dvc,dvc/fs/dvc.py,753,self.fs.close,NOT_EXPLICIT,False,None,DVCFileSystem,close,https://github.com/iterative/dvc/blob/main/dvc/fs/dvc.py#L753,            self.fs.close()
iterative/dvc,dvc/fs/git.py,48,self.fs.getcwd,NOT_EXPLICIT,False,None,GitFileSystem,getcwd,https://github.com/iterative/dvc/blob/main/dvc/fs/git.py#L48,        return self.fs.getcwd()
iterative/dvc,dvc/fs/git.py,51,self.fs.chdir,NOT_EXPLICIT,False,None,GitFileSystem,chdir,https://github.com/iterative/dvc/blob/main/dvc/fs/git.py#L51,        self.fs.chdir(path)
iterative/dvc,dvc/fs/git.py,58,self.fs.ls,NOT_EXPLICIT,False,None,GitFileSystem,ls,https://github.com/iterative/dvc/blob/main/dvc/fs/git.py#L58,"        return self.fs.ls(path, detail=detail, **kwargs) or []"
iterative/dvc,dvc/ignore.py,116,fs.normpath,NOT_EXPLICIT,False,None,DvcIgnorePatterns,from_file,https://github.com/iterative/dvc/blob/main/dvc/ignore.py#L116,        dirname = fs.normpath(fs.dirname(path))
iterative/dvc,dvc/ignore.py,117,fs.open,NOT_EXPLICIT,False,None,DvcIgnorePatterns,from_file,https://github.com/iterative/dvc/blob/main/dvc/ignore.py#L117,"        with fs.open(path, encoding=""utf-8"") as fobj:"
iterative/dvc,dvc/ignore.py,300,self.fs.relparts,NOT_EXPLICIT,False,None,DvcIgnoreFilter,_get_key,https://github.com/iterative/dvc/blob/main/dvc/ignore.py#L300,"        parts = self.fs.relparts(path, self.root_dir)"
iterative/dvc,dvc/ignore.py,310,self.fs.join,NOT_EXPLICIT,False,None,DvcIgnoreFilter,_update_trie,https://github.com/iterative/dvc/blob/main/dvc/ignore.py#L310,"        path = self.fs.join(dirname, DvcIgnore.DVCIGNORE_FILE)"
iterative/dvc,dvc/ignore.py,311,self.fs.exists,NOT_EXPLICIT,False,None,DvcIgnoreFilter,_update_trie,https://github.com/iterative/dvc/blob/main/dvc/ignore.py#L311,        if not matches and self.fs.exists(path):
iterative/dvc,dvc/ignore.py,312,self.fs.relpath,NOT_EXPLICIT,False,None,DvcIgnoreFilter,_update_trie,https://github.com/iterative/dvc/blob/main/dvc/ignore.py#L312,"            name = self.fs.relpath(path, self.root_dir)"
iterative/dvc,dvc/ignore.py,340,self.fs.walk,NOT_EXPLICIT,False,None,DvcIgnoreFilter,_update,https://github.com/iterative/dvc/blob/main/dvc/ignore.py#L340,"                    _, dnames, _ = next(self.fs.walk(dirname))"
iterative/dvc,dvc/ignore.py,345,self.fs.join,NOT_EXPLICIT,False,None,DvcIgnoreFilter,_update,https://github.com/iterative/dvc/blob/main/dvc/ignore.py#L345,"                self._update_sub_repo(self.fs.join(dirname, dname), ignore_trie)"
iterative/dvc,dvc/ignore.py,353,self.fs.join,NOT_EXPLICIT,False,None,DvcIgnoreFilter,_update_sub_repo,https://github.com/iterative/dvc/blob/main/dvc/ignore.py#L353,"        dvc_dir = self.fs.join(path, Repo.DVC_DIR)"
iterative/dvc,dvc/ignore.py,354,self.fs.exists,NOT_EXPLICIT,False,None,DvcIgnoreFilter,_update_sub_repo,https://github.com/iterative/dvc/blob/main/dvc/ignore.py#L354,        if not self.fs.exists(dvc_dir):
iterative/dvc,dvc/ignore.py,357,self.fs.split,NOT_EXPLICIT,False,None,DvcIgnoreFilter,_update_sub_repo,https://github.com/iterative/dvc/blob/main/dvc/ignore.py#L357,"        root, dname = self.fs.split(path)"
iterative/dvc,dvc/ignore.py,377,self.fs.abspath,NOT_EXPLICIT,False,None,DvcIgnoreFilter,__call__,https://github.com/iterative/dvc/blob/main/dvc/ignore.py#L377,        abs_root = self.fs.abspath(root)
iterative/dvc,dvc/ignore.py,407,fs.ls,NOT_EXPLICIT,False,None,DvcIgnoreFilter,ls,https://github.com/iterative/dvc/blob/main/dvc/ignore.py#L407,"        for entry in fs.ls(path, detail=True, **kwargs):"
iterative/dvc,dvc/ignore.py,433,fs.walk,NOT_EXPLICIT,False,None,DvcIgnoreFilter,walk,https://github.com/iterative/dvc/blob/main/dvc/ignore.py#L433,"            for root, dirs, files in fs.walk(path, **kwargs):"
iterative/dvc,dvc/ignore.py,451,fs.walk,NOT_EXPLICIT,False,None,DvcIgnoreFilter,walk,https://github.com/iterative/dvc/blob/main/dvc/ignore.py#L451,"            yield from fs.walk(path, **kwargs)"
iterative/dvc,dvc/ignore.py,460,fs.find,NOT_EXPLICIT,False,None,DvcIgnoreFilter,find,https://github.com/iterative/dvc/blob/main/dvc/ignore.py#L460,            yield from fs.find(path)
iterative/dvc,dvc/ignore.py,481,self.fs.join,NOT_EXPLICIT,False,None,DvcIgnoreFilter,_get_trie_pattern,https://github.com/iterative/dvc/blob/main/dvc/ignore.py#L481,"        prefix = self.fs.join(self.root_dir, *prefix_key)"
iterative/dvc,dvc/ignore.py,502,self.fs.split,NOT_EXPLICIT,False,None,DvcIgnoreFilter,_is_ignored,https://github.com/iterative/dvc/blob/main/dvc/ignore.py#L502,"        dirname, basename = self.fs.split(self.fs.normpath(path))"
iterative/dvc,dvc/ignore.py,502,self.fs.normpath,NOT_EXPLICIT,False,None,DvcIgnoreFilter,_is_ignored,https://github.com/iterative/dvc/blob/main/dvc/ignore.py#L502,"        dirname, basename = self.fs.split(self.fs.normpath(path))"
iterative/dvc,dvc/ignore.py,510,self.fs.abspath,NOT_EXPLICIT,False,None,DvcIgnoreFilter,is_ignored_dir,https://github.com/iterative/dvc/blob/main/dvc/ignore.py#L510,        path = self.fs.abspath(path)
iterative/dvc,dvc/ignore.py,518,self.fs.abspath,NOT_EXPLICIT,False,None,DvcIgnoreFilter,is_ignored_file,https://github.com/iterative/dvc/blob/main/dvc/ignore.py#L518,        path = self.fs.abspath(path)
iterative/dvc,dvc/ignore.py,527,self.fs.abspath,NOT_EXPLICIT,False,None,DvcIgnoreFilter,check_ignore,https://github.com/iterative/dvc/blob/main/dvc/ignore.py#L527,        full_target = self.fs.abspath(target)
iterative/dvc,dvc/ignore.py,531,self.fs.split,NOT_EXPLICIT,False,None,DvcIgnoreFilter,check_ignore,https://github.com/iterative/dvc/blob/main/dvc/ignore.py#L531,"            dirname, basename = self.fs.split(self.fs.normpath(full_target))"
iterative/dvc,dvc/ignore.py,531,self.fs.normpath,NOT_EXPLICIT,False,None,DvcIgnoreFilter,check_ignore,https://github.com/iterative/dvc/blob/main/dvc/ignore.py#L531,"            dirname, basename = self.fs.split(self.fs.normpath(full_target))"
iterative/dvc,dvc/ignore.py,535,self.fs.isdir,NOT_EXPLICIT,False,None,DvcIgnoreFilter,check_ignore,https://github.com/iterative/dvc/blob/main/dvc/ignore.py#L535,"                    dirname, basename, self.fs.isdir(full_target), details=True"
iterative/dvc,dvc/ignore.py,546,fs.isfile,NOT_EXPLICIT,False,None,DvcIgnoreFilter,is_ignored,https://github.com/iterative/dvc/blob/main/dvc/ignore.py#L546,        if fs.isfile(path):
iterative/dvc,dvc/ignore.py,548,fs.isdir,NOT_EXPLICIT,False,None,DvcIgnoreFilter,is_ignored,https://github.com/iterative/dvc/blob/main/dvc/ignore.py#L548,        if fs.isdir(path):
iterative/dvc,dvc/ignore.py,560,open,NOT_EXPLICIT,False,None,None,init,https://github.com/iterative/dvc/blob/main/dvc/ignore.py#L560,"    with open(dvcignore, ""w"", encoding=""utf-8"") as fobj:"
iterative/dvc,dvc/output.py,456,fs.join,NOT_EXPLICIT,False,None,Output,_parse_path,https://github.com/iterative/dvc/blob/main/dvc/output.py#L456,"            fs_path = fs.join(self.stage.wdir, fs_path)"
iterative/dvc,dvc/output.py,458,fs.abspath,NOT_EXPLICIT,False,None,Output,_parse_path,https://github.com/iterative/dvc/blob/main/dvc/output.py#L458,        return fs.abspath(fs.normpath(fs_path))
iterative/dvc,dvc/output.py,458,fs.normpath,NOT_EXPLICIT,False,None,Output,_parse_path,https://github.com/iterative/dvc/blob/main/dvc/output.py#L458,        return fs.abspath(fs.normpath(fs_path))
iterative/dvc,dvc/output.py,474,self.fs.isin,NOT_EXPLICIT,False,None,Output,__str__,https://github.com/iterative/dvc/blob/main/dvc/output.py#L474,"        if not self.fs.isin(self.fs_path, self.repo.root_dir):"
iterative/dvc,dvc/output.py,477,self.fs.getcwd,NOT_EXPLICIT,False,None,Output,__str__,https://github.com/iterative/dvc/blob/main/dvc/output.py#L477,        cur_dir = self.fs.getcwd()
iterative/dvc,dvc/output.py,478,self.fs.isin,NOT_EXPLICIT,False,None,Output,__str__,https://github.com/iterative/dvc/blob/main/dvc/output.py#L478,"        if self.fs.isin(cur_dir, self.repo.root_dir):"
iterative/dvc,dvc/output.py,479,self.fs.relpath,NOT_EXPLICIT,False,None,Output,__str__,https://github.com/iterative/dvc/blob/main/dvc/output.py#L479,"            return self.fs.relpath(self.fs_path, cur_dir)"
iterative/dvc,dvc/output.py,481,self.fs.relpath,NOT_EXPLICIT,False,None,Output,__str__,https://github.com/iterative/dvc/blob/main/dvc/output.py#L481,"        return self.fs.relpath(self.fs_path, self.repo.root_dir)"
iterative/dvc,dvc/output.py,501,self.fs.isin,NOT_EXPLICIT,False,None,Output,is_in_repo,https://github.com/iterative/dvc/blob/main/dvc/output.py#L501,"        return self.repo and self.fs.isin(self.fs_path, self.repo.root_dir)"
iterative/dvc,dvc/output.py,585,self.fs.exists,NOT_EXPLICIT,False,None,Output,exists,https://github.com/iterative/dvc/blob/main/dvc/output.py#L585,        return self.fs.exists(self.fs_path)
iterative/dvc,dvc/output.py,592,self.repo.fs.relparts,NOT_EXPLICIT,False,None,Output,index_key,https://github.com/iterative/dvc/blob/main/dvc/output.py#L592,"            key = self.repo.fs.relparts(self.fs_path, self.repo.root_dir)"
iterative/dvc,dvc/output.py,596,self.fs.parts,NOT_EXPLICIT,False,None,Output,index_key,https://github.com/iterative/dvc/blob/main/dvc/output.py#L596,            key = self.fs.parts(no_drive)[1:]
iterative/dvc,dvc/output.py,658,self.fs.isdir,NOT_EXPLICIT,False,None,Output,isdir,https://github.com/iterative/dvc/blob/main/dvc/output.py#L658,        return self.fs.isdir(self.fs_path)
iterative/dvc,dvc/output.py,663,self.fs.isfile,NOT_EXPLICIT,False,None,Output,isfile,https://github.com/iterative/dvc/blob/main/dvc/output.py#L663,        return self.fs.isfile(self.fs_path)
iterative/dvc,dvc/output.py,787,self.fs.relpath,NOT_EXPLICIT,False,None,Output,commit,https://github.com/iterative/dvc/blob/main/dvc/output.py#L787,                rel = self.fs.relpath(filter_info or self.fs_path)
iterative/dvc,dvc/output.py,803,self.fs.parts,NOT_EXPLICIT,False,None,Output,_commit_granular_dir,https://github.com/iterative/dvc/blob/main/dvc/output.py#L803,"        prefix = self.fs.parts(self.fs.relpath(filter_info, self.fs_path))"
iterative/dvc,dvc/output.py,803,self.fs.relpath,NOT_EXPLICIT,False,None,Output,_commit_granular_dir,https://github.com/iterative/dvc/blob/main/dvc/output.py#L803,"        prefix = self.fs.parts(self.fs.relpath(filter_info, self.fs_path))"
iterative/dvc,dvc/output.py,844,self.fs.as_posix,NOT_EXPLICIT,False,None,Output,dumpd,https://github.com/iterative/dvc/blob/main/dvc/output.py#L844,"            path = self.fs.as_posix(relpath(self.fs_path, self.stage.wdir))"
iterative/dvc,dvc/output.py,933,fs_path.relparts,NOT_EXPLICIT,False,None,Output,get_obj,https://github.com/iterative/dvc/blob/main/dvc/output.py#L933,"            prefix = fs_path.relparts(filter_info, self.fs_path)"
iterative/dvc,dvc/output.py,1002,self.fs.move,NOT_EXPLICIT,False,None,Output,move,https://github.com/iterative/dvc/blob/main/dvc/output.py#L1002,"            self.fs.move(self.fs_path, out.fs_path)"
iterative/dvc,dvc/output.py,1038,from_fs.isdir,NOT_EXPLICIT,False,None,Output,transfer,https://github.com/iterative/dvc/blob/main/dvc/output.py#L1038,        upload = not (update and from_fs.isdir(from_info))
iterative/dvc,dvc/output.py,1144,self.fs.parts,NOT_EXPLICIT,False,None,Output,_collect_used_dir_cache,https://github.com/iterative/dvc/blob/main/dvc/output.py#L1144,"            prefix = self.fs.parts(self.fs.relpath(filter_info, self.fs_path))"
iterative/dvc,dvc/output.py,1144,self.fs.relpath,NOT_EXPLICIT,False,None,Output,_collect_used_dir_cache,https://github.com/iterative/dvc/blob/main/dvc/output.py#L1144,"            prefix = self.fs.parts(self.fs.relpath(filter_info, self.fs_path))"
iterative/dvc,dvc/output.py,1210,self.fs.sep.join,NOT_EXPLICIT,False,None,Output,_named_obj_ids,https://github.com/iterative/dvc/blob/main/dvc/output.py#L1210,"                oid.obj_name = self.fs.sep.join([name, *key])"
iterative/dvc,dvc/output.py,1286,self.fs.parts,NOT_EXPLICIT,False,None,Output,unstage,https://github.com/iterative/dvc/blob/main/dvc/output.py#L1286,"        rel_key = tuple(self.fs.parts(self.fs.relpath(path, self.fs_path)))"
iterative/dvc,dvc/output.py,1286,self.fs.relpath,NOT_EXPLICIT,False,None,Output,unstage,https://github.com/iterative/dvc/blob/main/dvc/output.py#L1286,"        rel_key = tuple(self.fs.parts(self.fs.relpath(path, self.fs_path)))"
iterative/dvc,dvc/output.py,1320,self.fs.parts,NOT_EXPLICIT,False,None,Output,apply,https://github.com/iterative/dvc/blob/main/dvc/output.py#L1320,"        rel_key = tuple(self.fs.parts(self.fs.relpath(path, self.fs_path)))"
iterative/dvc,dvc/output.py,1320,self.fs.relpath,NOT_EXPLICIT,False,None,Output,apply,https://github.com/iterative/dvc/blob/main/dvc/output.py#L1320,"        rel_key = tuple(self.fs.parts(self.fs.relpath(path, self.fs_path)))"
iterative/dvc,dvc/parsing/__init__.py,143,fs.relpath,NOT_EXPLICIT,False,None,DataResolver,__init__,https://github.com/iterative/dvc/blob/main/dvc/parsing/__init__.py#L143,            wdir = fs.relpath(wdir)
iterative/dvc,dvc/parsing/__init__.py,147,fs.normpath,NOT_EXPLICIT,False,None,DataResolver,__init__,https://github.com/iterative/dvc/blob/main/dvc/parsing/__init__.py#L147,"        self.relpath = fs.normpath(fs.join(self.wdir, ""dvc.yaml""))"
iterative/dvc,dvc/parsing/__init__.py,147,fs.join,NOT_EXPLICIT,False,None,DataResolver,__init__,https://github.com/iterative/dvc/blob/main/dvc/parsing/__init__.py#L147,"        self.relpath = fs.normpath(fs.join(self.wdir, ""dvc.yaml""))"
iterative/dvc,dvc/parsing/__init__.py,290,self.resolver.fs.join,NOT_EXPLICIT,False,None,EntryDefinition,_resolve_wdir,https://github.com/iterative/dvc/blob/main/dvc/parsing/__init__.py#L290,"        return self.resolver.fs.join(self.wdir, wdir)"
iterative/dvc,dvc/parsing/context.py,356,fs.exists,NOT_EXPLICIT,False,None,Context,load_from,https://github.com/iterative/dvc/blob/main/dvc/parsing/context.py#L356,        if not fs.exists(path):
iterative/dvc,dvc/parsing/context.py,358,fs.isdir,NOT_EXPLICIT,False,None,Context,load_from,https://github.com/iterative/dvc/blob/main/dvc/parsing/context.py#L358,        if fs.isdir(path):
iterative/dvc,dvc/parsing/context.py,388,fs.normpath,NOT_EXPLICIT,False,None,Context,merge_from,https://github.com/iterative/dvc/blob/main/dvc/parsing/context.py#L388,"        path = fs.normpath(fs.join(wdir, path))"
iterative/dvc,dvc/parsing/context.py,388,fs.join,NOT_EXPLICIT,False,None,Context,merge_from,https://github.com/iterative/dvc/blob/main/dvc/parsing/context.py#L388,"        path = fs.normpath(fs.join(wdir, path))"
iterative/dvc,dvc/parsing/context.py,433,fs.join,NOT_EXPLICIT,False,None,Context,load_from_vars,https://github.com/iterative/dvc/blob/main/dvc/parsing/context.py#L433,"            to_import = fs.join(wdir, default)"
iterative/dvc,dvc/parsing/context.py,434,fs.exists,NOT_EXPLICIT,False,None,Context,load_from_vars,https://github.com/iterative/dvc/blob/main/dvc/parsing/context.py#L434,            if fs.exists(to_import):
iterative/dvc,dvc/render/converter/image.py,25,open,NOT_EXPLICIT,False,None,ImageConverter,_write_image,https://github.com/iterative/dvc/blob/main/dvc/render/converter/image.py#L25,"        with open(img_path, ""wb"") as fd:"
iterative/dvc,dvc/repo/__init__.py,116,fs.join,NOT_EXPLICIT,False,None,Repo,_get_repo_dirs,https://github.com/iterative/dvc/blob/main/dvc/repo/__init__.py#L116,"            dvc_dir = fs.join(root_dir, self.DVC_DIR)"
iterative/dvc,dvc/repo/__init__.py,203,self.fs.makedirs,NOT_EXPLICIT,False,None,Repo,__init__,https://github.com/iterative/dvc/blob/main/dvc/repo/__init__.py#L203,"                self.fs.makedirs(self.tmp_dir, exist_ok=True)"
iterative/dvc,dvc/repo/__init__.py,206,self.fs.join,NOT_EXPLICIT,False,None,Repo,__init__,https://github.com/iterative/dvc/blob/main/dvc/repo/__init__.py#L206,"                    self.fs.join(self.tmp_dir, ""lock""),"
iterative/dvc,dvc/repo/__init__.py,272,self.fs.relparts,NOT_EXPLICIT,False,None,Repo,local_dvc_dir,https://github.com/iterative/dvc/blob/main/dvc/repo/__init__.py#L272,"            relparts = self.fs.relparts(self.root_dir, ""/"")"
iterative/dvc,dvc/repo/__init__.py,398,self.fs.relparts,NOT_EXPLICIT,False,None,Repo,get_data_index_entry,https://github.com/iterative/dvc/blob/main/dvc/repo/__init__.py#L398,"            key = self.fs.relparts(path, self.root_dir)"
iterative/dvc,dvc/repo/__init__.py,414,fs.abspath,NOT_EXPLICIT,False,None,Repo,find_root,https://github.com/iterative/dvc/blob/main/dvc/repo/__init__.py#L414,        root_dir = fs.abspath(root)
iterative/dvc,dvc/repo/__init__.py,416,fs.isdir,NOT_EXPLICIT,False,None,Repo,find_root,https://github.com/iterative/dvc/blob/main/dvc/repo/__init__.py#L416,        if not fs.isdir(root_dir):
iterative/dvc,dvc/repo/__init__.py,420,fs.join,NOT_EXPLICIT,False,None,Repo,find_root,https://github.com/iterative/dvc/blob/main/dvc/repo/__init__.py#L420,"            dvc_dir = fs.join(root_dir, cls.DVC_DIR)"
iterative/dvc,dvc/repo/__init__.py,421,fs.isdir,NOT_EXPLICIT,False,None,Repo,find_root,https://github.com/iterative/dvc/blob/main/dvc/repo/__init__.py#L421,            if fs.isdir(dvc_dir):
iterative/dvc,dvc/repo/__init__.py,443,fs.join,NOT_EXPLICIT,False,None,Repo,find_dvc_dir,https://github.com/iterative/dvc/blob/main/dvc/repo/__init__.py#L443,"        return fs.join(root_dir, cls.DVC_DIR)"
iterative/dvc,dvc/repo/__init__.py,554,self.fs.abspath,NOT_EXPLICIT,False,None,Repo,find_outs_by_path,https://github.com/iterative/dvc/blob/main/dvc/repo/__init__.py#L554,        abs_path = self.fs.abspath(path)
iterative/dvc,dvc/repo/__init__.py,565,out.fs.isin,NOT_EXPLICIT,False,None,Repo,func,https://github.com/iterative/dvc/blob/main/dvc/repo/__init__.py#L565,"            return recursive and out.fs.isin(out.fs_path, fs_path)"
iterative/dvc,dvc/repo/__init__.py,574,self.fs.normpath(path).split,NOT_EXPLICIT,False,None,Repo,is_dvc_internal,https://github.com/iterative/dvc/blob/main/dvc/repo/__init__.py#L574,        path_parts = self.fs.normpath(path).split(self.fs.sep)
iterative/dvc,dvc/repo/__init__.py,574,self.fs.normpath,NOT_EXPLICIT,False,None,Repo,is_dvc_internal,https://github.com/iterative/dvc/blob/main/dvc/repo/__init__.py#L574,        path_parts = self.fs.normpath(path).split(self.fs.sep)
iterative/dvc,dvc/repo/__init__.py,600,open,NOT_EXPLICIT,False,None,Repo,_btime,https://github.com/iterative/dvc/blob/main/dvc/repo/__init__.py#L600,"            with open(path, ""x""):"
iterative/dvc,dvc/repo/__init__.py,660,self.dvcfs.close,NOT_EXPLICIT,False,None,Repo,close,https://github.com/iterative/dvc/blob/main/dvc/repo/__init__.py#L660,            self.dvcfs.close()
iterative/dvc,dvc/repo/__init__.py,669,self.dvcfs.close,NOT_EXPLICIT,False,None,Repo,_reset,https://github.com/iterative/dvc/blob/main/dvc/repo/__init__.py#L669,            self.dvcfs.close()
iterative/dvc,dvc/repo/add.py,181,out.fs.abspath,NOT_EXPLICIT,False,None,None,_add,https://github.com/iterative/dvc/blob/main/dvc/repo/add.py#L181,    path = out.fs.abspath(source) if source else None
iterative/dvc,dvc/repo/artifacts.py,102,self.repo.fs.relpath,NOT_EXPLICIT,False,None,Artifacts,read,https://github.com/iterative/dvc/blob/main/dvc/repo/artifacts.py#L102,"            dvcyaml = self.repo.fs.relpath(dvcfile, self.repo.root_dir)"
iterative/dvc,dvc/repo/artifacts.py,180,fs.join,NOT_EXPLICIT,False,None,Artifacts,get_path,https://github.com/iterative/dvc/blob/main/dvc/repo/artifacts.py#L180,"        abspath = fs.join(scm_root, *dirparts, PROJECT_FILE)"
iterative/dvc,dvc/repo/artifacts.py,181,fs.relpath,NOT_EXPLICIT,False,None,Artifacts,get_path,https://github.com/iterative/dvc/blob/main/dvc/repo/artifacts.py#L181,"        rela = fs.relpath(abspath, self.repo.root_dir)"
iterative/dvc,dvc/repo/artifacts.py,210,self.repo.fs.join,NOT_EXPLICIT,False,None,Artifacts,download,https://github.com/iterative/dvc/blob/main/dvc/repo/artifacts.py#L210,"            _dirname = self.repo.fs.join(root, dirname) if dirname else root"
iterative/dvc,dvc/repo/artifacts.py,213,self.repo.fs.join,NOT_EXPLICIT,False,None,Artifacts,download,https://github.com/iterative/dvc/blob/main/dvc/repo/artifacts.py#L213,"                path = self.repo.fs.join(root, as_posix(path))"
iterative/dvc,dvc/repo/artifacts.py,214,self.repo.fs.relpath,NOT_EXPLICIT,False,None,Artifacts,download,https://github.com/iterative/dvc/blob/main/dvc/repo/artifacts.py#L214,"                path = self.repo.fs.relpath(path, self.repo.root_dir)"
iterative/dvc,dvc/repo/artifacts.py,218,self.repo.fs.join,NOT_EXPLICIT,False,None,Artifacts,download,https://github.com/iterative/dvc/blob/main/dvc/repo/artifacts.py#L218,"                path = self.repo.fs.join(root, path)"
iterative/dvc,dvc/repo/artifacts.py,219,self.repo.fs.normpath,NOT_EXPLICIT,False,None,Artifacts,download,https://github.com/iterative/dvc/blob/main/dvc/repo/artifacts.py#L219,                path = self.repo.fs.normpath(path)
iterative/dvc,dvc/repo/artifacts.py,258,localfs.join,NOT_EXPLICIT,False,None,Artifacts,_download_studio,https://github.com/iterative/dvc/blob/main/dvc/repo/artifacts.py#L258,"                to_info = localfs.join(out, path)"
iterative/dvc,dvc/repo/artifacts.py,259,localfs.exists,NOT_EXPLICIT,False,None,Artifacts,_download_studio,https://github.com/iterative/dvc/blob/main/dvc/repo/artifacts.py#L259,                if localfs.exists(to_info) and not force:
iterative/dvc,dvc/repo/artifacts.py,283,localfs.commonpath,NOT_EXPLICIT,False,None,Artifacts,_download_studio,https://github.com/iterative/dvc/blob/main/dvc/repo/artifacts.py#L283,"        return len(to_infos), relpath(localfs.commonpath(to_infos))"
iterative/dvc,dvc/repo/brancher.py,64,self.fs.isin,NOT_EXPLICIT,False,None,None,brancher,https://github.com/iterative/dvc/blob/main/dvc/repo/brancher.py#L64,"    if self.fs.isin(self.root_dir, self.scm.root_dir):"
iterative/dvc,dvc/repo/brancher.py,65,self.fs.relparts,NOT_EXPLICIT,False,None,None,brancher,https://github.com/iterative/dvc/blob/main/dvc/repo/brancher.py#L65,"        repo_root_parts = self.fs.relparts(self.root_dir, self.scm.root_dir)"
iterative/dvc,dvc/repo/brancher.py,68,self.fs.isin,NOT_EXPLICIT,False,None,None,brancher,https://github.com/iterative/dvc/blob/main/dvc/repo/brancher.py#L68,"    if self.fs.isin(self.fs.getcwd(), self.scm.root_dir):"
iterative/dvc,dvc/repo/brancher.py,68,self.fs.getcwd,NOT_EXPLICIT,False,None,None,brancher,https://github.com/iterative/dvc/blob/main/dvc/repo/brancher.py#L68,"    if self.fs.isin(self.fs.getcwd(), self.scm.root_dir):"
iterative/dvc,dvc/repo/brancher.py,69,self.fs.relparts,NOT_EXPLICIT,False,None,None,brancher,https://github.com/iterative/dvc/blob/main/dvc/repo/brancher.py#L69,"        cwd_parts = self.fs.relparts(self.fs.getcwd(), self.scm.root_dir)"
iterative/dvc,dvc/repo/brancher.py,69,self.fs.getcwd,NOT_EXPLICIT,False,None,None,brancher,https://github.com/iterative/dvc/blob/main/dvc/repo/brancher.py#L69,"        cwd_parts = self.fs.relparts(self.fs.getcwd(), self.scm.root_dir)"
iterative/dvc,dvc/repo/brancher.py,129,repo.fs.join,NOT_EXPLICIT,False,None,None,_switch_fs,https://github.com/iterative/dvc/blob/main/dvc/repo/brancher.py#L129,"    root_dir = repo.fs.join(""/"", *repo_root_parts)"
iterative/dvc,dvc/repo/brancher.py,130,fs.exists,NOT_EXPLICIT,False,None,None,_switch_fs,https://github.com/iterative/dvc/blob/main/dvc/repo/brancher.py#L130,    if not fs.exists(root_dir):
iterative/dvc,dvc/repo/brancher.py,135,fs.join,NOT_EXPLICIT,False,None,None,_switch_fs,https://github.com/iterative/dvc/blob/main/dvc/repo/brancher.py#L135,"    repo.dvc_dir = fs.join(root_dir, repo.DVC_DIR)"
iterative/dvc,dvc/repo/brancher.py,139,repo.fs.join,NOT_EXPLICIT,False,None,None,_switch_fs,https://github.com/iterative/dvc/blob/main/dvc/repo/brancher.py#L139,"        cwd = repo.fs.join(""/"", *cwd_parts)"
iterative/dvc,dvc/repo/brancher.py,140,repo.fs.chdir,NOT_EXPLICIT,False,None,None,_switch_fs,https://github.com/iterative/dvc/blob/main/dvc/repo/brancher.py#L140,        repo.fs.chdir(cwd)
iterative/dvc,dvc/repo/brancher.py,152,repo.fs.isin,NOT_EXPLICIT,False,None,None,switch,https://github.com/iterative/dvc/blob/main/dvc/repo/brancher.py#L152,"    if repo.fs.isin(repo.root_dir, repo.scm.root_dir):"
iterative/dvc,dvc/repo/brancher.py,153,repo.fs.relparts,NOT_EXPLICIT,False,None,None,switch,https://github.com/iterative/dvc/blob/main/dvc/repo/brancher.py#L153,"        repo_root_parts = repo.fs.relparts(repo.root_dir, repo.scm.root_dir)"
iterative/dvc,dvc/repo/brancher.py,156,repo.fs.isin,NOT_EXPLICIT,False,None,None,switch,https://github.com/iterative/dvc/blob/main/dvc/repo/brancher.py#L156,"    if repo.fs.isin(repo.fs.getcwd(), repo.scm.root_dir):"
iterative/dvc,dvc/repo/brancher.py,156,repo.fs.getcwd,NOT_EXPLICIT,False,None,None,switch,https://github.com/iterative/dvc/blob/main/dvc/repo/brancher.py#L156,"    if repo.fs.isin(repo.fs.getcwd(), repo.scm.root_dir):"
iterative/dvc,dvc/repo/brancher.py,157,repo.fs.relparts,NOT_EXPLICIT,False,None,None,switch,https://github.com/iterative/dvc/blob/main/dvc/repo/brancher.py#L157,"        cwd_parts = repo.fs.relparts(repo.fs.getcwd(), repo.scm.root_dir)"
iterative/dvc,dvc/repo/brancher.py,157,repo.fs.getcwd,NOT_EXPLICIT,False,None,None,switch,https://github.com/iterative/dvc/blob/main/dvc/repo/brancher.py#L157,"        cwd_parts = repo.fs.relparts(repo.fs.getcwd(), repo.scm.root_dir)"
iterative/dvc,dvc/repo/cache.py,24,fs.exists,NOT_EXPLICIT,False,None,None,check_missing,https://github.com/iterative/dvc/blob/main/dvc/repo/cache.py#L24,        if not fs.exists(path):
iterative/dvc,dvc/repo/checkout.py,95,cache_fs.exists,NOT_EXPLICIT,False,None,None,_check_can_delete,https://github.com/iterative/dvc/blob/main/dvc/repo/checkout.py#L95,        if cache_fs.exists(cache_path):
iterative/dvc,dvc/repo/checkout.py,98,fs.join,NOT_EXPLICIT,False,None,None,_check_can_delete,https://github.com/iterative/dvc/blob/main/dvc/repo/checkout.py#L98,"        entry_paths.append(fs.join(path, *(entry.key or ())))"
iterative/dvc,dvc/repo/checkout.py,193,self.fs.join,NOT_EXPLICIT,False,None,None,checkout,https://github.com/iterative/dvc/blob/main/dvc/repo/checkout.py#L193,"        out_path = self.fs.join(self.root_dir, *key)"
iterative/dvc,dvc/repo/collect.py,38,fs.isdir,NOT_EXPLICIT,False,None,None,_collect_paths,https://github.com/iterative/dvc/blob/main/dvc/repo/collect.py#L38,        if recursive and fs.isdir(fs_path):
iterative/dvc,dvc/repo/collect.py,39,fs.find,NOT_EXPLICIT,False,None,None,_collect_paths,https://github.com/iterative/dvc/blob/main/dvc/repo/collect.py#L39,            target_paths.extend(fs.find(fs_path))
iterative/dvc,dvc/repo/data.py,61,fs.exists,NOT_EXPLICIT,False,None,None,_get_missing_paths,https://github.com/iterative/dvc/blob/main/dvc/repo/data.py#L61,"            results = fs.exists(                 list(paths_map), batch_size=batch_size, callback=callback             )"
iterative/dvc,dvc/repo/data.py,371,repo.fs.relpath,NOT_EXPLICIT,False,None,None,_transform_git_paths_to_dvc,https://github.com/iterative/dvc/blob/main/dvc/repo/data.py#L371,"    rel = repo.fs.relpath(repo.root_dir, repo.scm.root_dir).rstrip(""/"")"
iterative/dvc,dvc/repo/data.py,381,repo.fs.relpath,NOT_EXPLICIT,False,None,None,_transform_git_paths_to_dvc,https://github.com/iterative/dvc/blob/main/dvc/repo/data.py#L381,"    start = repo.fs.relpath(repo.fs.getcwd(), repo.root_dir)"
iterative/dvc,dvc/repo/data.py,381,repo.fs.getcwd,NOT_EXPLICIT,False,None,None,_transform_git_paths_to_dvc,https://github.com/iterative/dvc/blob/main/dvc/repo/data.py#L381,"    start = repo.fs.relpath(repo.fs.getcwd(), repo.root_dir)"
iterative/dvc,dvc/repo/data.py,385,repo.fs.relpath,NOT_EXPLICIT,False,None,None,_transform_git_paths_to_dvc,https://github.com/iterative/dvc/blob/main/dvc/repo/data.py#L385,"    return [repo.fs.relpath(file, start) for file in files]"
iterative/dvc,dvc/repo/data.py,513,repo.fs.relparts,NOT_EXPLICIT,False,None,None,status,https://github.com/iterative/dvc/blob/main/dvc/repo/data.py#L513,    filter_keys: list[DataIndexKey] = [repo.fs.relparts(os.fspath(t)) for t in targets]
iterative/dvc,dvc/repo/du.py,35,fs.isdir,NOT_EXPLICIT,False,None,None,du,https://github.com/iterative/dvc/blob/main/dvc/repo/du.py#L35,        if summarize or not fs.isdir(path):
iterative/dvc,dvc/repo/du.py,36,fs.du,NOT_EXPLICIT,False,None,None,du,https://github.com/iterative/dvc/blob/main/dvc/repo/du.py#L36,"            return [(path, fs.du(path, total=True))]"
iterative/dvc,dvc/repo/du.py,39,fs.du,NOT_EXPLICIT,False,None,None,du,https://github.com/iterative/dvc/blob/main/dvc/repo/du.py#L39,"            (entry_path, fs.du(entry_path, total=True)) for entry_path in fs.ls(path)"
iterative/dvc,dvc/repo/du.py,39,fs.ls,NOT_EXPLICIT,False,None,None,du,https://github.com/iterative/dvc/blob/main/dvc/repo/du.py#L39,"            (entry_path, fs.du(entry_path, total=True)) for entry_path in fs.ls(path)"
iterative/dvc,dvc/repo/experiments/cache.py,53,obj.fs.open,NOT_EXPLICIT,False,None,ExpCache,get,https://github.com/iterative/dvc/blob/main/dvc/repo/experiments/cache.py#L53,"            with obj.fs.open(obj.path, ""rb"") as fobj:"
iterative/dvc,dvc/repo/experiments/executor/base.py,362,fs.makedirs,NOT_EXPLICIT,False,None,BaseExecutor,pack_repro_args,https://github.com/iterative/dvc/blob/main/dvc/repo/experiments/executor/base.py#L362,            fs.makedirs(dpath)
iterative/dvc,dvc/repo/experiments/executor/base.py,375,open,NOT_EXPLICIT,False,None,BaseExecutor,unpack_repro_args,https://github.com/iterative/dvc/blob/main/dvc/repo/experiments/executor/base.py#L375,"        with open(path, ""rb"") as fobj:"
iterative/dvc,dvc/repo/experiments/executor/local.py,146,open,NOT_EXPLICIT,False,None,TempDirExecutor,_update_config,https://github.com/iterative/dvc/blob/main/dvc/repo/experiments/executor/local.py#L146,"            with open(local_config, ""wb"") as fobj:"
iterative/dvc,dvc/repo/experiments/executor/local.py,158,open,NOT_EXPLICIT,False,None,TempDirExecutor,_update_git_config,https://github.com/iterative/dvc/blob/main/dvc/repo/experiments/executor/local.py#L158,"            with open(local_config, ""wb"") as fobj:"
iterative/dvc,dvc/repo/experiments/queue/base.py,424,open,NOT_EXPLICIT,False,None,BaseStashQueue,_pack_args,https://github.com/iterative/dvc/blob/main/dvc/repo/experiments/queue/base.py#L424,"            with open(self.args_file, ""rb"") as fobj:"
iterative/dvc,dvc/repo/experiments/queue/celery.py,445,open,NOT_EXPLICIT,False,None,LocalCeleryQueue,logs,https://github.com/iterative/dvc/blob/main/dvc/repo/experiments/queue/celery.py#L445,"        with open(             proc_info.stdout, encoding=encoding or locale.getpreferredencoding()         ) as fobj:"
iterative/dvc,dvc/repo/experiments/stash.py,163,left_fs.find,NOT_EXPLICIT,False,None,ApplyStash,_copy_difference,https://github.com/iterative/dvc/blob/main/dvc/repo/experiments/stash.py#L163,"        paths = [path for path in left_fs.find(""/"") if not right_fs.exists(path)]"
iterative/dvc,dvc/repo/experiments/stash.py,163,right_fs.exists,NOT_EXPLICIT,False,None,ApplyStash,_copy_difference,https://github.com/iterative/dvc/blob/main/dvc/repo/experiments/stash.py#L163,"        paths = [path for path in left_fs.find(""/"") if not right_fs.exists(path)]"
iterative/dvc,dvc/repo/experiments/stash.py,165,localfs.join,NOT_EXPLICIT,False,None,ApplyStash,_copy_difference,https://github.com/iterative/dvc/blob/main/dvc/repo/experiments/stash.py#L165,"            localfs.join(self.scm.root_dir, left_fs.relpath(path, ""/""))"
iterative/dvc,dvc/repo/experiments/stash.py,165,left_fs.relpath,NOT_EXPLICIT,False,None,ApplyStash,_copy_difference,https://github.com/iterative/dvc/blob/main/dvc/repo/experiments/stash.py#L165,"            localfs.join(self.scm.root_dir, left_fs.relpath(path, ""/""))"
iterative/dvc,dvc/repo/experiments/stash.py,170,left_fs.get_file,NOT_EXPLICIT,False,None,ApplyStash,_copy_difference,https://github.com/iterative/dvc/blob/main/dvc/repo/experiments/stash.py#L170,"                left_fs.get_file(src, tmp_file)"
iterative/dvc,dvc/repo/experiments/utils.py,44,repo.fs.makedirs,NOT_EXPLICIT,False,None,None,get_exp_rwlock,https://github.com/iterative/dvc/blob/main/dvc/repo/experiments/utils.py#L44,"    repo.fs.makedirs(path, exist_ok=True)"
iterative/dvc,dvc/repo/fetch.py,169,tokenize,NOT_EXPLICIT,False,None,None,fetch,https://github.com/iterative/dvc/blob/main/dvc/repo/fetch.py#L169,"        tokenize(sorted(idx.data_tree.hash_info.value for idx in indexes.values())),"
iterative/dvc,dvc/repo/fetch.py,196,fs_index.close,NOT_EXPLICIT,False,None,None,fetch,https://github.com/iterative/dvc/blob/main/dvc/repo/fetch.py#L196,                fs_index.close()
iterative/dvc,dvc/repo/fetch.py,224,fs.join,NOT_EXPLICIT,False,None,None,_log_unversioned,https://github.com/iterative/dvc/blob/main/dvc/repo/fetch.py#L224,"                unversioned.append(fs.unstrip_protocol(fs.join(remote.path, *key)))"
iterative/dvc,dvc/repo/fetch.py,227,fs_index.close,NOT_EXPLICIT,False,None,None,_log_unversioned,https://github.com/iterative/dvc/blob/main/dvc/repo/fetch.py#L227,        fs_index.close()
iterative/dvc,dvc/repo/get_url.py,15,src_fs.exists,NOT_EXPLICIT,False,None,None,get_url,https://github.com/iterative/dvc/blob/main/dvc/repo/get_url.py#L15,    if not src_fs.exists(src_path):
iterative/dvc,dvc/repo/graph.py,131,localfs.parts,NOT_EXPLICIT,False,None,None,build_graph,https://github.com/iterative/dvc/blob/main/dvc/repo/graph.py#L131,        out = outs_trie.shortest_prefix(localfs.parts(stage.path)).value
iterative/dvc,dvc/repo/graph.py,146,dep.fs.parts,NOT_EXPLICIT,False,None,None,build_graph,https://github.com/iterative/dvc/blob/main/dvc/repo/graph.py#L146,            dep_key = dep.fs.parts(dep.fs_path)
iterative/dvc,dvc/repo/graph.py,176,dep.fs.parts,NOT_EXPLICIT,False,None,None,build_outs_graph,https://github.com/iterative/dvc/blob/main/dvc/repo/graph.py#L176,            dep_key = dep.fs.parts(dep.fs_path)
iterative/dvc,dvc/repo/index.py,91,fs.join,NOT_EXPLICIT,False,None,None,collect_files,https://github.com/iterative/dvc/blob/main/dvc/repo/index.py#L91,"            file_path = fs.join(root, file)"
iterative/dvc,dvc/repo/index.py,203,tokenize,NOT_EXPLICIT,False,None,None,_load_storage_from_import,https://github.com/iterative/dvc/blob/main/dvc/repo/index.py#L203,            meta_token = tokenize(dep.meta.to_dict())
iterative/dvc,dvc/repo/index.py,210,fs_cache.fs.join,NOT_EXPLICIT,False,None,None,_load_storage_from_import,https://github.com/iterative/dvc/blob/main/dvc/repo/index.py#L210,"                fs_cache.fs.join(                     fs_cache.path,                     dep.fs.protocol,                     tokenize(dep.fs_path, meta_token),                 ),"
iterative/dvc,dvc/repo/index.py,213,tokenize,NOT_EXPLICIT,False,None,None,_load_storage_from_import,https://github.com/iterative/dvc/blob/main/dvc/repo/index.py#L213,"                    tokenize(dep.fs_path, meta_token),"
iterative/dvc,dvc/repo/index.py,513,self.repo.fs.relparts,NOT_EXPLICIT,False,None,Index,metric_keys,https://github.com/iterative/dvc/blob/main/dvc/repo/index.py#L513,"            key = self.repo.fs.relparts(path, self.repo.root_dir)"
iterative/dvc,dvc/repo/index.py,527,self.repo.fs.exists,NOT_EXPLICIT,False,None,Index,param_keys,https://github.com/iterative/dvc/blob/main/dvc/repo/index.py#L527,"        if self.repo.fs.exists(f""{self.repo.fs.root_marker}{default_file}""):"
iterative/dvc,dvc/repo/index.py,531,self.repo.fs.relparts,NOT_EXPLICIT,False,None,Index,param_keys,https://github.com/iterative/dvc/blob/main/dvc/repo/index.py#L531,"            key = self.repo.fs.relparts(path, self.repo.root_dir)"
iterative/dvc,dvc/repo/index.py,550,self.repo.fs.parts,NOT_EXPLICIT,False,None,Index,plot_keys,https://github.com/iterative/dvc/blob/main/dvc/repo/index.py#L550,            key = self.repo.fs.parts(path)
iterative/dvc,dvc/repo/index.py,788,out.fs.isin,NOT_EXPLICIT,False,None,IndexView,_data_prefixes,https://github.com/iterative/dvc/blob/main/dvc/repo/index.py#L788,"            if filter_info and out.fs.isin(filter_info, out.fs_path):"
iterative/dvc,dvc/repo/index.py,789,out.fs.relparts,NOT_EXPLICIT,False,None,IndexView,_data_prefixes,https://github.com/iterative/dvc/blob/main/dvc/repo/index.py#L789,"                key = key + out.fs.relparts(filter_info, out.fs_path)"
iterative/dvc,dvc/repo/index.py,805,out.fs.isin,NOT_EXPLICIT,False,None,IndexView,data_keys,https://github.com/iterative/dvc/blob/main/dvc/repo/index.py#L805,"            if filter_info and out.fs.isin(filter_info, out.fs_path):"
iterative/dvc,dvc/repo/index.py,806,out.fs.relparts,NOT_EXPLICIT,False,None,IndexView,data_keys,https://github.com/iterative/dvc/blob/main/dvc/repo/index.py#L806,"                key = key + out.fs.relparts(filter_info, out.fs_path)"
iterative/dvc,dvc/repo/index.py,856,fs.join,NOT_EXPLICIT,False,None,None,build_data_index,https://github.com/iterative/dvc/blob/main/dvc/repo/index.py#L856,"        out_path = fs.join(path, *key)"
iterative/dvc,dvc/repo/index.py,861,fs.exists,NOT_EXPLICIT,False,None,None,build_data_index,https://github.com/iterative/dvc/blob/main/dvc/repo/index.py#L861,        if not fs.exists(out_path):
iterative/dvc,dvc/repo/index.py,901,fs.join,NOT_EXPLICIT,False,None,None,build_data_index,https://github.com/iterative/dvc/blob/main/dvc/repo/index.py#L901,"        parent_path = fs.join(path, *key)"
iterative/dvc,dvc/repo/index.py,902,fs.exists,NOT_EXPLICIT,False,None,None,build_data_index,https://github.com/iterative/dvc/blob/main/dvc/repo/index.py#L902,        if not fs.exists(parent_path):
iterative/dvc,dvc/repo/ls.py,114,fs.info,NOT_EXPLICIT,False,None,None,_ls,https://github.com/iterative/dvc/blob/main/dvc/repo/ls.py#L114,"    fs_path = fs.info(path)[""name""]"
iterative/dvc,dvc/repo/ls.py,120,fs.isfile,NOT_EXPLICIT,False,None,None,_ls,https://github.com/iterative/dvc/blob/main/dvc/repo/ls.py#L120,    if maxdepth == 0 or fs.isfile(fs_path):
iterative/dvc,dvc/repo/ls.py,121,fs.info,NOT_EXPLICIT,False,None,None,_ls,https://github.com/iterative/dvc/blob/main/dvc/repo/ls.py#L121,        infos[os.path.basename(path) or os.curdir] = fs.info(fs_path)
iterative/dvc,dvc/repo/ls.py,123,fs.walk,NOT_EXPLICIT,False,None,None,_ls,https://github.com/iterative/dvc/blob/main/dvc/repo/ls.py#L123,"        for root, dirs, files in fs.walk(             fs_path,             dvcfiles=True,             dvc_only=dvc_only,             detail=True,             maxdepth=maxdepth,         ):"
iterative/dvc,dvc/repo/ls.py,130,fs.relparts,NOT_EXPLICIT,False,None,None,_ls,https://github.com/iterative/dvc/blob/main/dvc/repo/ls.py#L130,"            parts = fs.relparts(root, fs_path)"
iterative/dvc,dvc/repo/ls.py,151,fs.info,NOT_EXPLICIT,False,None,None,_ls_tree,https://github.com/iterative/dvc/blob/main/dvc/repo/ls.py#L151,    info = _info or fs.info(path)
iterative/dvc,dvc/repo/ls.py,168,fs.ls,NOT_EXPLICIT,False,None,None,_ls_tree,https://github.com/iterative/dvc/blob/main/dvc/repo/ls.py#L168,"            infos = fs.ls(path, detail=True, **fs_kwargs)"
iterative/dvc,dvc/repo/ls_url.py,10,fs.info,NOT_EXPLICIT,False,None,None,ls_url,https://github.com/iterative/dvc/blob/main/dvc/repo/ls_url.py#L10,        info = fs.info(fs_path)
iterative/dvc,dvc/repo/ls_url.py,18,_LocalFileSystem,NOT_EXPLICIT,False,None,None,ls_url,https://github.com/iterative/dvc/blob/main/dvc/repo/ls_url.py#L18,        walk = _LocalFileSystem().walk
iterative/dvc,dvc/repo/ls_url.py,24,fs.relparts,NOT_EXPLICIT,False,None,None,ls_url,https://github.com/iterative/dvc/blob/main/dvc/repo/ls_url.py#L24,"        parts = fs.relparts(root, fs_path)"
iterative/dvc,dvc/repo/ls_url.py,32,fs.relpath,NOT_EXPLICIT,False,None,None,ls_url,https://github.com/iterative/dvc/blob/main/dvc/repo/ls_url.py#L32,"                ""path"": fs.relpath(info[""name""], fs_path),"
iterative/dvc,dvc/repo/metrics/show.py,28,repo.fs.relpath,NOT_EXPLICIT,False,None,None,_collect_top_level_metrics,https://github.com/iterative/dvc/blob/main/dvc/repo/metrics/show.py#L28,"        wdir = repo.fs.relpath(repo.fs.parent(dvcfile), repo.root_dir)"
iterative/dvc,dvc/repo/metrics/show.py,30,repo.fs.join,NOT_EXPLICIT,False,None,None,_collect_top_level_metrics,https://github.com/iterative/dvc/blob/main/dvc/repo/metrics/show.py#L30,"            path = repo.fs.join(wdir, as_posix(file))"
iterative/dvc,dvc/repo/metrics/show.py,31,repo.fs.normpath,NOT_EXPLICIT,False,None,None,_collect_top_level_metrics,https://github.com/iterative/dvc/blob/main/dvc/repo/metrics/show.py#L31,            yield repo.fs.normpath(path)
iterative/dvc,dvc/repo/metrics/show.py,123,fs.isdir,NOT_EXPLICIT,False,None,None,try_expand_paths,https://github.com/iterative/dvc/blob/main/dvc/repo/metrics/show.py#L123,            if fs.isdir(path):
iterative/dvc,dvc/repo/metrics/show.py,124,fs.find,NOT_EXPLICIT,False,None,None,try_expand_paths,https://github.com/iterative/dvc/blob/main/dvc/repo/metrics/show.py#L124,                yield from fs.find(path)
iterative/dvc,dvc/repo/metrics/show.py,138,fs.getcwd,NOT_EXPLICIT,False,None,None,to_relpath,https://github.com/iterative/dvc/blob/main/dvc/repo/metrics/show.py#L138,    cwd = fs.getcwd()
iterative/dvc,dvc/repo/metrics/show.py,165,fs.parts,NOT_EXPLICIT,False,None,None,_gather_metrics,https://github.com/iterative/dvc/blob/main/dvc/repo/metrics/show.py#L165,        repo_os_path = os.sep.join(fs.parts(repo_path))
iterative/dvc,dvc/repo/open_repo.py,70,fs.relparts,NOT_EXPLICIT,False,None,None,make_repo,https://github.com/iterative/dvc/blob/main/dvc/repo/open_repo.py#L70,"            repo_path = os.path.join(url, *fs.relparts(path, root_dir))"
iterative/dvc,dvc/repo/params/show.py,24,repo.fs.relpath,NOT_EXPLICIT,False,None,None,_collect_top_level_params,https://github.com/iterative/dvc/blob/main/dvc/repo/params/show.py#L24,"        wdir = repo.fs.relpath(repo.fs.parent(dvcfile), repo.root_dir)"
iterative/dvc,dvc/repo/params/show.py,26,repo.fs.join,NOT_EXPLICIT,False,None,None,_collect_top_level_params,https://github.com/iterative/dvc/blob/main/dvc/repo/params/show.py#L26,"            path = repo.fs.join(wdir, as_posix(file))"
iterative/dvc,dvc/repo/params/show.py,27,repo.fs.normpath,NOT_EXPLICIT,False,None,None,_collect_top_level_params,https://github.com/iterative/dvc/blob/main/dvc/repo/params/show.py#L27,            yield repo.fs.normpath(path)
iterative/dvc,dvc/repo/params/show.py,68,fs.exists,NOT_EXPLICIT,False,None,None,_collect_params,https://github.com/iterative/dvc/blob/main/dvc/repo/params/show.py#L68,"        if default_file and fs.exists(f""{fs.root_marker}{default_file}""):"
iterative/dvc,dvc/repo/params/show.py,96,repo.fs.abspath,NOT_EXPLICIT,False,None,None,_collect_vars,https://github.com/iterative/dvc/blob/main/dvc/repo/params/show.py#L96,                abspath = repo.fs.abspath(file)
iterative/dvc,dvc/repo/params/show.py,141,fs.parts,NOT_EXPLICIT,False,None,None,_gather_params,https://github.com/iterative/dvc/blob/main/dvc/repo/params/show.py#L141,        repo_os_path = os.sep.join(fs.parts(repo_path))
iterative/dvc,dvc/repo/plots/__init__.py,63,fs.find,NOT_EXPLICIT,False,None,None,_unpack_dir_files,https://github.com/iterative/dvc/blob/main/dvc/repo/plots/__init__.py#L63,    ret = list(fs.find(path))
iterative/dvc,dvc/repo/plots/__init__.py,66,fs.ls,NOT_EXPLICIT,False,None,None,_unpack_dir_files,https://github.com/iterative/dvc/blob/main/dvc/repo/plots/__init__.py#L66,"        next(iter(fs.ls(path)), None)"
iterative/dvc,dvc/repo/plots/__init__.py,391,fs.relpath,NOT_EXPLICIT,False,None,None,_relpath,https://github.com/iterative/dvc/blob/main/dvc/repo/plots/__init__.py#L391,"    return fs.relpath(fs.join(""/"", fs.from_os_path(path)), fs.getcwd())"
iterative/dvc,dvc/repo/plots/__init__.py,391,fs.join,NOT_EXPLICIT,False,None,None,_relpath,https://github.com/iterative/dvc/blob/main/dvc/repo/plots/__init__.py#L391,"    return fs.relpath(fs.join(""/"", fs.from_os_path(path)), fs.getcwd())"
iterative/dvc,dvc/repo/plots/__init__.py,391,fs.getcwd,NOT_EXPLICIT,False,None,None,_relpath,https://github.com/iterative/dvc/blob/main/dvc/repo/plots/__init__.py#L391,"    return fs.relpath(fs.join(""/"", fs.from_os_path(path)), fs.getcwd())"
iterative/dvc,dvc/repo/plots/__init__.py,405,fs.join,NOT_EXPLICIT,False,None,None,_collect_output_plots,https://github.com/iterative/dvc/blob/main/dvc/repo/plots/__init__.py#L405,"                _normpath(fs.join(wdir_relpath, plot.def_path)),"
iterative/dvc,dvc/repo/plots/__init__.py,433,fs.join,NOT_EXPLICIT,False,None,None,_adjust_sources,https://github.com/iterative/dvc/blob/main/dvc/repo/plots/__init__.py#L433,"            new[_normpath(fs.join(config_dir, filepath))] = val"
iterative/dvc,dvc/repo/plots/__init__.py,451,fs.join,NOT_EXPLICIT,False,None,None,_resolve_definitions,https://github.com/iterative/dvc/blob/main/dvc/repo/plots/__init__.py#L451,"        _normpath(fs.join(config_dir, plot_id)) for plot_id in definitions"
iterative/dvc,dvc/repo/plots/__init__.py,457,fs.join,NOT_EXPLICIT,False,None,None,_resolve_definitions,https://github.com/iterative/dvc/blob/main/dvc/repo/plots/__init__.py#L457,"            data_path = _normpath(fs.join(config_dir, plot_id))"
iterative/dvc,dvc/repo/plots/__init__.py,480,fs.commonpath,NOT_EXPLICIT,False,None,None,_closest_parent,https://github.com/iterative/dvc/blob/main/dvc/repo/plots/__init__.py#L480,"        common_path = fs.commonpath([path, parent])"
iterative/dvc,dvc/repo/plots/__init__.py,524,fs.exists,NOT_EXPLICIT,False,None,None,_collect_definitions,https://github.com/iterative/dvc/blob/main/dvc/repo/plots/__init__.py#L524,        if not result or fs.exists(target):
iterative/dvc,dvc/repo/plots/__init__.py,533,fs.isdir,NOT_EXPLICIT,False,None,None,unpack_if_dir,https://github.com/iterative/dvc/blob/main/dvc/repo/plots/__init__.py#L533,    if fs.isdir(path):
iterative/dvc,dvc/repo/plots/__init__.py,552,fs.open,NOT_EXPLICIT,False,None,None,parse,https://github.com/iterative/dvc/blob/main/dvc/repo/plots/__init__.py#L552,"        with fs.open(path, mode=""rb"", **fs_kwargs) as fd:"
iterative/dvc,dvc/repo/plots/__init__.py,559,fs.open,NOT_EXPLICIT,False,None,None,parse,https://github.com/iterative/dvc/blob/main/dvc/repo/plots/__init__.py#L559,"        with fs.open(path, mode=""r"", encoding=""utf8"", **fs_kwargs) as fd:"
iterative/dvc,dvc/repo/push.py,25,fs.info,NOT_EXPLICIT,False,None,None,_rebuild,https://github.com/iterative/dvc/blob/main/dvc/repo/push.py#L25,"                meta = Meta.from_info(fs.info(fs.join(path, *key)), fs.protocol)"
iterative/dvc,dvc/repo/push.py,25,fs.join,NOT_EXPLICIT,False,None,None,_rebuild,https://github.com/iterative/dvc/blob/main/dvc/repo/push.py#L25,"                meta = Meta.from_info(fs.info(fs.join(path, *key)), fs.protocol)"
iterative/dvc,dvc/repo/push.py,127,tokenize,NOT_EXPLICIT,False,None,None,push,https://github.com/iterative/dvc/blob/main/dvc/repo/push.py#L127,"        tokenize(sorted(idx.data_tree.hash_info.value for idx in indexes.values())),"
iterative/dvc,dvc/repo/push.py,166,fs_index.close,NOT_EXPLICIT,False,None,None,push,https://github.com/iterative/dvc/blob/main/dvc/repo/push.py#L166,            fs_index.close()
iterative/dvc,dvc/repo/remove.py,27,self.fs.exists,NOT_EXPLICIT,False,None,None,remove,https://github.com/iterative/dvc/blob/main/dvc/repo/remove.py#L27,        if self.fs.exists(target + DVC_FILE_SUFFIX):
iterative/dvc,dvc/repo/stage.py,63,loader.fs.exists,NOT_EXPLICIT,False,None,None,_maybe_collect_from_dvc_yaml,https://github.com/iterative/dvc/blob/main/dvc/repo/stage.py#L63,    if loader.fs.exists(PROJECT_FILE):
iterative/dvc,dvc/repo/stage.py,90,loader.fs.isdir,NOT_EXPLICIT,False,None,None,_collect_specific_target,https://github.com/iterative/dvc/blob/main/dvc/repo/stage.py#L90,        if not (recursive and loader.fs.isdir(target)):
iterative/dvc,dvc/repo/stage.py,223,self.repo.fs.abspath,NOT_EXPLICIT,False,None,StageLoad,_get_filepath,https://github.com/iterative/dvc/blob/main/dvc/repo/stage.py#L223,            return self.repo.fs.abspath(path)
iterative/dvc,dvc/repo/stage.py,349,self.fs.isdir,NOT_EXPLICIT,False,None,StageLoad,collect,https://github.com/iterative/dvc/blob/main/dvc/repo/stage.py#L349,        if recursive and self.fs.isdir(target):
iterative/dvc,dvc/repo/stage.py,352,self.fs.abspath,NOT_EXPLICIT,False,None,StageLoad,collect,https://github.com/iterative/dvc/blob/main/dvc/repo/stage.py#L352,            path = self.fs.abspath(target)
iterative/dvc,dvc/repo/stage.py,394,self.fs.isdir,NOT_EXPLICIT,False,None,StageLoad,collect_granular,https://github.com/iterative/dvc/blob/main/dvc/repo/stage.py#L394,            if not (recursive and self.fs.isdir(target)):
iterative/dvc,dvc/repo/stage.py,397,self.fs.abspath,NOT_EXPLICIT,False,None,StageLoad,collect_granular,https://github.com/iterative/dvc/blob/main/dvc/repo/stage.py#L397,"                    return [StageInfo(out.stage, self.fs.abspath(target))]"
iterative/dvc,dvc/repo/trie.py,12,out.fs.parts,NOT_EXPLICIT,False,None,None,build_outs_trie,https://github.com/iterative/dvc/blob/main/dvc/repo/trie.py#L12,            out_key = out.fs.parts(out.fs_path)
iterative/dvc,dvc/repo/worktree.py,131,repo.fs.join,NOT_EXPLICIT,False,None,None,_merge_push_meta,https://github.com/iterative/dvc/blob/main/dvc/repo/worktree.py#L131,"            fs_path = repo.fs.join(repo.root_dir, *subkey)"
iterative/dvc,dvc/repo/worktree.py,132,repo.fs.relparts,NOT_EXPLICIT,False,None,None,_merge_push_meta,https://github.com/iterative/dvc/blob/main/dvc/repo/worktree.py#L132,"            meta, hash_info = old_tree.get(repo.fs.relparts(fs_path, out.fs_path)) or ("
iterative/dvc,dvc/repo/worktree.py,331,repo.fs.join,NOT_EXPLICIT,False,None,None,_get_update_diff_index,https://github.com/iterative/dvc/blob/main/dvc/repo/worktree.py#L331,"                    fs_path = repo.fs.join(repo.root_dir, *entry.key)"
iterative/dvc,dvc/repo/worktree.py,335,repo.fs.relparts,NOT_EXPLICIT,False,None,None,_get_update_diff_index,https://github.com/iterative/dvc/blob/main/dvc/repo/worktree.py#L335,"                        repo.fs.relparts(fs_path, out.fs_path)"
iterative/dvc,dvc/rwlock.py,46,fs.join,NOT_EXPLICIT,False,None,None,_edit_rwlock,https://github.com/iterative/dvc/blob/main/dvc/rwlock.py#L46,"    path = fs.join(lock_dir, RWLOCK_FILE)"
iterative/dvc,dvc/rwlock.py,49,fs.join,NOT_EXPLICIT,False,None,None,_edit_rwlock,https://github.com/iterative/dvc/blob/main/dvc/rwlock.py#L49,"        fs.join(lock_dir, RWLOCK_LOCK),"
iterative/dvc,dvc/rwlock.py,55,fs.open,NOT_EXPLICIT,False,None,None,_edit_rwlock,https://github.com/iterative/dvc/blob/main/dvc/rwlock.py#L55,"            with fs.open(path, encoding=""utf-8"") as fobj:"
iterative/dvc,dvc/rwlock.py,66,fs.open,NOT_EXPLICIT,False,None,None,_edit_rwlock,https://github.com/iterative/dvc/blob/main/dvc/rwlock.py#L66,"        with fs.open(path, ""w"", encoding=""utf-8"") as fobj:"
iterative/dvc,dvc/scm.py,281,git_fs.open('.gitattributes').read,NOT_EXPLICIT,False,None,None,lfs_prefetch,https://github.com/iterative/dvc/blob/main/dvc/scm.py#L281,"        if ""filter=lfs"" not in git_fs.open("".gitattributes"").read():"
iterative/dvc,dvc/scm.py,281,git_fs.open,NOT_EXPLICIT,False,None,None,lfs_prefetch,https://github.com/iterative/dvc/blob/main/dvc/scm.py#L281,"        if ""filter=lfs"" not in git_fs.open("".gitattributes"").read():"
iterative/dvc,dvc/stage/cache.py,186,local_fs.join,NOT_EXPLICIT,False,None,StageCache,save,https://github.com/iterative/dvc/blob/main/dvc/stage/cache.py#L186,"        tmp = local_fs.join(parent, fs.utils.tmp_fname())"
iterative/dvc,dvc/stage/cache.py,239,from_fs.join,NOT_EXPLICIT,False,None,StageCache,transfer,https://github.com/iterative/dvc/blob/main/dvc/stage/cache.py#L239,"        runs = from_fs.join(from_odb.path, ""runs"")"
iterative/dvc,dvc/stage/cache.py,251,from_fs.exists,NOT_EXPLICIT,False,None,StageCache,transfer,https://github.com/iterative/dvc/blob/main/dvc/stage/cache.py#L251,        if not from_fs.exists(runs):
iterative/dvc,dvc/stage/cache.py,254,from_fs.find,NOT_EXPLICIT,False,None,StageCache,transfer,https://github.com/iterative/dvc/blob/main/dvc/stage/cache.py#L254,        for src in from_fs.find(runs):
iterative/dvc,dvc/stage/cache.py,255,from_fs.relpath,NOT_EXPLICIT,False,None,StageCache,transfer,https://github.com/iterative/dvc/blob/main/dvc/stage/cache.py#L255,"            rel = from_fs.relpath(src, from_odb.path)"
iterative/dvc,dvc/stage/cache.py,257,from_fs.as_posix,NOT_EXPLICIT,False,None,StageCache,transfer,https://github.com/iterative/dvc/blob/main/dvc/stage/cache.py#L257,                rel = from_fs.as_posix(rel)
iterative/dvc,dvc/stage/cache.py,259,to_fs.join,NOT_EXPLICIT,False,None,StageCache,transfer,https://github.com/iterative/dvc/blob/main/dvc/stage/cache.py#L259,"            dst = to_fs.join(to_odb.path, rel)"
iterative/dvc,dvc/stage/cache.py,265,to_fs.exists,NOT_EXPLICIT,False,None,StageCache,transfer,https://github.com/iterative/dvc/blob/main/dvc/stage/cache.py#L265,            if not force and to_fs.exists(key) and first(to_fs.find(key)):
iterative/dvc,dvc/stage/cache.py,265,to_fs.find,NOT_EXPLICIT,False,None,StageCache,transfer,https://github.com/iterative/dvc/blob/main/dvc/stage/cache.py#L265,            if not force and to_fs.exists(key) and first(to_fs.find(key)):
iterative/dvc,dvc/stage/utils.py,185,fs.abspath,NOT_EXPLICIT,False,None,None,resolve_paths,https://github.com/iterative/dvc/blob/main/dvc/stage/utils.py#L185,    path = fs.abspath(path)
iterative/dvc,dvc/stage/utils.py,187,fs.abspath,NOT_EXPLICIT,False,None,None,resolve_paths,https://github.com/iterative/dvc/blob/main/dvc/stage/utils.py#L187,"    wdir = fs.abspath(fs.join(fs.dirname(path), wdir))"
iterative/dvc,dvc/stage/utils.py,187,fs.join,NOT_EXPLICIT,False,None,None,resolve_paths,https://github.com/iterative/dvc/blob/main/dvc/stage/utils.py#L187,"    wdir = fs.abspath(fs.join(fs.dirname(path), wdir))"
iterative/dvc,dvc/testing/api_tests.py,54,fs_kwargs.copy,NOT_EXPLICIT,False,None,TestAPI,test_filesystem,https://github.com/iterative/dvc/blob/main/dvc/testing/api_tests.py#L54,        fs_kwargs = fs_kwargs.copy()
iterative/dvc,dvc/testing/api_tests.py,63,fs_kwargs.get,NOT_EXPLICIT,False,None,TestAPI,test_filesystem,https://github.com/iterative/dvc/blob/main/dvc/testing/api_tests.py#L63,"        if repo := fs_kwargs.get(""repo""):"
iterative/dvc,dvc/testing/api_tests.py,65,fs_kwargs.get,NOT_EXPLICIT,False,None,TestAPI,test_filesystem,https://github.com/iterative/dvc/blob/main/dvc/testing/api_tests.py#L65,"        if url := fs_kwargs.get(""url""):"
iterative/dvc,dvc/testing/api_tests.py,67,fs_kwargs.get,NOT_EXPLICIT,False,None,TestAPI,test_filesystem,https://github.com/iterative/dvc/blob/main/dvc/testing/api_tests.py#L67,"        if rev := fs_kwargs.get(""rev""):"
iterative/dvc,dvc/testing/api_tests.py,72,fs.ls,NOT_EXPLICIT,False,None,TestAPI,test_filesystem,https://github.com/iterative/dvc/blob/main/dvc/testing/api_tests.py#L72,"        assert fs.ls(""/"", detail=False) == M.unordered("
iterative/dvc,dvc/testing/api_tests.py,75,fs.ls,NOT_EXPLICIT,False,None,TestAPI,test_filesystem,https://github.com/iterative/dvc/blob/main/dvc/testing/api_tests.py#L75,"        assert fs.ls(""scripts"", detail=False) == [""scripts/script1""]"
iterative/dvc,dvc/testing/api_tests.py,76,fs.ls,NOT_EXPLICIT,False,None,TestAPI,test_filesystem,https://github.com/iterative/dvc/blob/main/dvc/testing/api_tests.py#L76,"        assert fs.ls(""data"", detail=False) == M.unordered(""data/foo"", ""data/bar"")"
iterative/dvc,dvc/testing/api_tests.py,85,fs.ls,NOT_EXPLICIT,False,None,TestAPI,test_filesystem,https://github.com/iterative/dvc/blob/main/dvc/testing/api_tests.py#L85,"        assert sorted(fs.ls(""/""), key=lambda i: i[""name""]) == ["
iterative/dvc,dvc/testing/api_tests.py,92,fs.info,NOT_EXPLICIT,False,None,TestAPI,test_filesystem,https://github.com/iterative/dvc/blob/main/dvc/testing/api_tests.py#L92,"            fs.info(""/not-existing-path"")"
iterative/dvc,dvc/testing/api_tests.py,94,fs.info,NOT_EXPLICIT,False,None,TestAPI,test_filesystem,https://github.com/iterative/dvc/blob/main/dvc/testing/api_tests.py#L94,"        assert fs.info(""/"") == M.dict(name=""/"", isexec=False, type=""directory"")"
iterative/dvc,dvc/testing/api_tests.py,95,fs.info,NOT_EXPLICIT,False,None,TestAPI,test_filesystem,https://github.com/iterative/dvc/blob/main/dvc/testing/api_tests.py#L95,"        assert fs.info(""/data"") == data_info"
iterative/dvc,dvc/testing/api_tests.py,96,fs.info,NOT_EXPLICIT,False,None,TestAPI,test_filesystem,https://github.com/iterative/dvc/blob/main/dvc/testing/api_tests.py#L96,"        assert fs.info(""/scripts"") == scripts_info"
iterative/dvc,dvc/testing/api_tests.py,97,fs.info,NOT_EXPLICIT,False,None,TestAPI,test_filesystem,https://github.com/iterative/dvc/blob/main/dvc/testing/api_tests.py#L97,"        assert fs.info(""/data/foo"") == M.dict(name=""/data/foo"", type=""file"")"
iterative/dvc,dvc/testing/api_tests.py,98,fs.info,NOT_EXPLICIT,False,None,TestAPI,test_filesystem,https://github.com/iterative/dvc/blob/main/dvc/testing/api_tests.py#L98,"        assert fs.info(""/scripts/script1"") == M.dict("
iterative/dvc,dvc/testing/api_tests.py,109,fs.open,NOT_EXPLICIT,False,None,TestAPI,test_filesystem,https://github.com/iterative/dvc/blob/main/dvc/testing/api_tests.py#L109,"            fs.open(""data"")"
iterative/dvc,dvc/testing/api_tests.py,111,fs.open,NOT_EXPLICIT,False,None,TestAPI,test_filesystem,https://github.com/iterative/dvc/blob/main/dvc/testing/api_tests.py#L111,"            fs.open(""scripts"")"
iterative/dvc,dvc/testing/api_tests.py,112,fs.open,NOT_EXPLICIT,False,None,TestAPI,test_filesystem,https://github.com/iterative/dvc/blob/main/dvc/testing/api_tests.py#L112,"        with fs.open(""/data/foo"") as fobj:"
iterative/dvc,dvc/testing/api_tests.py,114,fs.open,NOT_EXPLICIT,False,None,TestAPI,test_filesystem,https://github.com/iterative/dvc/blob/main/dvc/testing/api_tests.py#L114,"        with fs.open(""/scripts/script1"") as fobj:"
iterative/dvc,dvc/testing/api_tests.py,118,fs.get_file,NOT_EXPLICIT,False,None,TestAPI,test_filesystem,https://github.com/iterative/dvc/blob/main/dvc/testing/api_tests.py#L118,"        fs.get_file(""data/foo"", (tmp / ""foo"").fs_path)"
iterative/dvc,dvc/testing/api_tests.py,121,fs.get_file,NOT_EXPLICIT,False,None,TestAPI,test_filesystem,https://github.com/iterative/dvc/blob/main/dvc/testing/api_tests.py#L121,"        fs.get_file(""scripts/script1"", (tmp / ""script1"").fs_path)"
iterative/dvc,dvc/testing/api_tests.py,124,fs.get,NOT_EXPLICIT,False,None,TestAPI,test_filesystem,https://github.com/iterative/dvc/blob/main/dvc/testing/api_tests.py#L124,"        fs.get(""/"", (tmp / ""all"").fs_path, recursive=True)"
iterative/dvc,dvc/testing/remote_tests.py,87,open,NOT_EXPLICIT,False,None,TestRemote,test,https://github.com/iterative/dvc/blob/main/dvc/testing/remote_tests.py#L87,"        with open(cache, encoding=""utf-8"") as fd:"
iterative/dvc,dvc/testing/tmp_dir.py,95,Git.init(self.fs_path).close,NOT_EXPLICIT,False,None,TmpDir,init,https://github.com/iterative/dvc/blob/main/dvc/testing/tmp_dir.py#L95,            Git.init(self.fs_path).close()
iterative/dvc,dvc/testing/workspace_tests.py,195,fs.normpath,NOT_EXPLICIT,False,None,None,match_files,https://github.com/iterative/dvc/blob/main/dvc/testing/workspace_tests.py#L195,"    entries_content = {(fs.normpath(d[""path""]), d[""isdir""]) for d in entries}"
iterative/dvc,dvc/testing/workspace_tests.py,196,fs.normpath,NOT_EXPLICIT,False,None,None,match_files,https://github.com/iterative/dvc/blob/main/dvc/testing/workspace_tests.py#L196,"    expected_content = {(fs.normpath(d[""path""]), d[""isdir""]) for d in expected}"
iterative/dvc,dvc/testing/workspace_tests.py,206,fs.join,NOT_EXPLICIT,False,None,TestLsUrl,test_file,https://github.com/iterative/dvc/blob/main/dvc/testing/workspace_tests.py#L206,"        match_files(fs, result, [{""path"": fs.join(fs_path, fname), ""isdir"": False}])"
iterative/dvc,dvc/updater.py,74,open,NOT_EXPLICIT,False,None,Updater,_check,https://github.com/iterative/dvc/blob/main/dvc/updater.py#L74,"        with open(self.updater_file, encoding=""utf-8"") as fobj:"
iterative/dvc,dvc/updater.py,115,open,NOT_EXPLICIT,False,None,Updater,_get_latest_version,https://github.com/iterative/dvc/blob/main/dvc/updater.py#L115,"        with open(self.updater_file, ""w+"", encoding=""utf-8"") as fobj:"
iterative/dvc,dvc/utils/serialize/_common.py,88,fs.exists,NOT_EXPLICIT,False,None,None,_modify_data,https://github.com/iterative/dvc/blob/main/dvc/utils/serialize/_common.py#L88,    file_exists = fs.exists(os.fspath(path)) if fs else os.path.exists(path)
iterative/dvc,dvc/utils/strictyaml.py,47,fs.relpath,NOT_EXPLICIT,False,None,None,make_relpath,https://github.com/iterative/dvc/blob/main/dvc/utils/strictyaml.py#L47,"        rel = fs.relpath(fs_path).replace(fs.sep, sep)"
iterative/dvc,dvc/utils/studio.py,126,repo.fs.relpath,NOT_EXPLICIT,False,None,None,get_subrepo_relpath,https://github.com/iterative/dvc/blob/main/dvc/utils/studio.py#L126,"    relpath = as_posix(repo.fs.relpath(repo.root_dir, scm_root_dir))"
iterative/dvc,tests/remotes/git_server.py,34,fs.exists,NOT_EXPLICIT,False,None,None,_check,https://github.com/iterative/dvc/blob/main/tests/remotes/git_server.py#L34,"            fs.exists(""/"")"
iterative/dvc,tests/utils/__init__.py,16,open,NOT_EXPLICIT,False,None,None,get_gitignore_content,https://github.com/iterative/dvc/blob/main/tests/utils/__init__.py#L16,"    with open(Git.GITIGNORE, encoding=""utf-8"") as gitignore:"
kedro-org/kedro,features/steps/cli_steps.py,282,open,NOT_EXPLICIT,False,None,None,add_test_jupyter_nb,https://github.com/kedro-org/kedro/blob/main/features/steps/cli_steps.py#L282,"    with open(         str(context.root_project_dir / ""notebooks"" / ""hello_world.ipynb""),         ""w"",         encoding=""utf-8"",     ) as test_nb_fh:"
kedro-org/kedro,features/steps/cli_steps.py,422,open,NOT_EXPLICIT,False,None,None,simulate_nb_execution,https://github.com/kedro-org/kedro/blob/main/features/steps/cli_steps.py#L422,"    with open(         str(context.root_project_dir / ""notebooks"" / ""hello_world.ipynb""),         ""w"",         encoding=""utf-8"",     ) as test_nb_fh:"
kedro-org/kedro,features/steps/cli_steps.py,660,open,NOT_EXPLICIT,False,None,None,check_additional_cell_added,https://github.com/kedro-org/kedro/blob/main/features/steps/cli_steps.py#L660,"    with open(         str(context.root_project_dir / ""notebooks"" / ""hello_world.ipynb""),         encoding=""utf-8"",     ) as test_nb_fh:"
kedro-org/kedro,kedro/config/omegaconf_config.py,226,self._fs.ls,NOT_EXPLICIT,False,None,OmegaConfigLoader,__getitem__,https://github.com/kedro-org/kedro/blob/main/kedro/config/omegaconf_config.py#L226,"            base_path = str(Path(self._fs.ls("""", detail=False)[-1]) / self.base_env)"
kedro-org/kedro,kedro/config/omegaconf_config.py,254,self._fs.ls,NOT_EXPLICIT,False,None,OmegaConfigLoader,__getitem__,https://github.com/kedro-org/kedro/blob/main/kedro/config/omegaconf_config.py#L254,"            env_path = str(Path(self._fs.ls("""", detail=False)[-1]) / run_env)"
kedro-org/kedro,kedro/config/omegaconf_config.py,323,self._fs.ls,NOT_EXPLICIT,False,None,OmegaConfigLoader,load_and_merge_dir_config,https://github.com/kedro-org/kedro/blob/main/kedro/config/omegaconf_config.py#L323,                self._fs.ls(conf_path)
kedro-org/kedro,kedro/config/omegaconf_config.py,330,self._fs.isdir,NOT_EXPLICIT,False,None,OmegaConfigLoader,load_and_merge_dir_config,https://github.com/kedro-org/kedro/blob/main/kedro/config/omegaconf_config.py#L330,        elif not self._fs.isdir(Path(conf_path).as_posix()):
kedro-org/kedro,kedro/config/omegaconf_config.py,338,self._fs.glob,NOT_EXPLICIT,False,None,OmegaConfigLoader,load_and_merge_dir_config,https://github.com/kedro-org/kedro/blob/main/kedro/config/omegaconf_config.py#L338,"            for each in self._fs.glob(Path(f""{conf_path!s}/{pattern}"").as_posix()):"
kedro-org/kedro,kedro/config/omegaconf_config.py,350,self._fs.open,NOT_EXPLICIT,False,None,OmegaConfigLoader,load_and_merge_dir_config,https://github.com/kedro-org/kedro/blob/main/kedro/config/omegaconf_config.py#L350,                with self._fs.open(str(config_filepath.as_posix())) as open_config:
kedro-org/kedro,kedro/config/omegaconf_config.py,397,fsspec.filesystem,NOT_EXPLICIT,False,None,OmegaConfigLoader,_initialise_filesystem_and_protocol,https://github.com/kedro-org/kedro/blob/main/kedro/config/omegaconf_config.py#L397,"            return fsspec.filesystem(protocol=""tar"", fo=conf_source), ""tar"""
kedro-org/kedro,kedro/config/omegaconf_config.py,403,fsspec.filesystem,NOT_EXPLICIT,False,None,OmegaConfigLoader,_initialise_filesystem_and_protocol,https://github.com/kedro-org/kedro/blob/main/kedro/config/omegaconf_config.py#L403,"            return fsspec.filesystem(protocol=""zip"", fo=conf_source), ""zip"""
kedro-org/kedro,kedro/config/omegaconf_config.py,412,fsspec.filesystem,NOT_EXPLICIT,False,None,OmegaConfigLoader,_initialise_filesystem_and_protocol,https://github.com/kedro-org/kedro/blob/main/kedro/config/omegaconf_config.py#L412,"            return fsspec.filesystem(protocol=protocol), protocol"
kedro-org/kedro,kedro/config/omegaconf_config.py,415,fsspec.filesystem,NOT_EXPLICIT,False,None,OmegaConfigLoader,_initialise_filesystem_and_protocol,https://github.com/kedro-org/kedro/blob/main/kedro/config/omegaconf_config.py#L415,"            return fsspec.filesystem(protocol=""file"", fo=conf_source), ""file"""
kedro-org/kedro,kedro/config/omegaconf_config.py,453,self._fs.isfile,NOT_EXPLICIT,False,None,OmegaConfigLoader,_is_valid_config_path,https://github.com/kedro-org/kedro/blob/main/kedro/config/omegaconf_config.py#L453,        return self._fs.isfile(str(posix_path)) and path.suffix in [
kedro-org/kedro,kedro/framework/cli/starters.py,715,open,NOT_EXPLICIT,False,None,None,_fetch_validate_parse_config_from_file,https://github.com/kedro-org/kedro/blob/main/kedro/framework/cli/starters.py#L715,"        with open(config_path, encoding=""utf-8"") as config_file:"
kedro-org/kedro,kedro/framework/cli/starters.py,995,open,NOT_EXPLICIT,False,None,None,_create_project,https://github.com/kedro-org/kedro/blob/main/kedro/framework/cli/starters.py#L995,"            with open(result_path + ""/.telemetry"", ""w"") as telemetry_file:"
kedro-org/kedro,kedro_benchmarks/benchmark_ocl.py,41,open,NOT_EXPLICIT,False,None,None,_create_config_file,https://github.com/kedro-org/kedro/blob/main/kedro_benchmarks/benchmark_ocl.py#L41,"    with open(file_path, ""w"") as f:"
kedro-org/kedro,kedro_benchmarks/benchmark_runner.py,113,open,NOT_EXPLICIT,False,None,RunnerMemorySuite,setup,https://github.com/kedro-org/kedro/blob/main/kedro_benchmarks/benchmark_runner.py#L113,"        with open(data_dir / ""data.csv"", ""w"") as f:"
kedro-org/kedro,kedro_benchmarks/benchmark_runner.py,144,open,NOT_EXPLICIT,False,None,RunnerTimeSuite,setup,https://github.com/kedro-org/kedro/blob/main/kedro_benchmarks/benchmark_runner.py#L144,"        with open(data_dir / ""data.csv"", ""w"") as f:"
kedro-org/kedro,tools/databricks_build.py,47,dbfs_api.put_file,NOT_EXPLICIT,False,None,None,_upload_build_to_dbfs,https://github.com/kedro-org/kedro/blob/main/tools/databricks_build.py#L47,"    dbfs_api.put_file(         src_path,         DbfsPath(f""{DBFS_UPLOAD_PATH.absolute_path}/{_get_build_file_path().name}""),         overwrite=True,     )"
kedro-org/kedro,tools/github_actions/extract_release_notes.py,6,open,NOT_EXPLICIT,False,None,None,extract_section,https://github.com/kedro-org/kedro/blob/main/tools/github_actions/extract_release_notes.py#L6,    with open(filename) as file:
kedro-org/kedro,tools/github_actions/extract_release_notes.py,39,open,NOT_EXPLICIT,False,None,None,global,https://github.com/kedro-org/kedro/blob/main/tools/github_actions/extract_release_notes.py#L39,"    with open(""release_body.txt"", ""w"") as text_file:"
kedro-org/kedro,tools/github_actions/github_actions_release.py,37,open,NOT_EXPLICIT,False,None,None,global,https://github.com/kedro-org/kedro/blob/main/tools/github_actions/github_actions_release.py#L37,"        with open(env_file, ""a"") as file:"
huggingface/datasets,benchmarks/benchmark_array_xd.py,137,open,NOT_EXPLICIT,False,None,None,benchmark_array_xd,https://github.com/huggingface/datasets/blob/main/benchmarks/benchmark_array_xd.py#L137,"    with open(RESULTS_FILE_PATH, ""wb"") as f:"
huggingface/datasets,benchmarks/benchmark_getitem_100B.py,73,open,NOT_EXPLICIT,False,None,None,benchmark_table_100B,https://github.com/huggingface/datasets/blob/main/benchmarks/benchmark_getitem_100B.py#L73,"    with open(RESULTS_FILE_PATH, ""wb"") as f:"
huggingface/datasets,benchmarks/benchmark_indices_mapping.py,55,open,NOT_EXPLICIT,False,None,None,benchmark_indices_mapping,https://github.com/huggingface/datasets/blob/main/benchmarks/benchmark_indices_mapping.py#L55,"    with open(RESULTS_FILE_PATH, ""wb"") as f:"
huggingface/datasets,benchmarks/benchmark_iterating.py,93,open,NOT_EXPLICIT,False,None,None,benchmark_iterating,https://github.com/huggingface/datasets/blob/main/benchmarks/benchmark_iterating.py#L93,"    with open(RESULTS_FILE_PATH, ""wb"") as f:"
huggingface/datasets,benchmarks/benchmark_map_filter.py,66,open,NOT_EXPLICIT,False,None,None,benchmark_map_filter,https://github.com/huggingface/datasets/blob/main/benchmarks/benchmark_map_filter.py#L66,"    with open(RESULTS_FILE_PATH, ""wb"") as f:"
huggingface/datasets,benchmarks/format.py,6,open,NOT_EXPLICIT,False,None,None,format_json_to_md,https://github.com/huggingface/datasets/blob/main/benchmarks/format.py#L6,"    with open(input_json_file, encoding=""utf-8"") as f:"
huggingface/datasets,benchmarks/format.py,41,open,NOT_EXPLICIT,False,None,None,format_json_to_md,https://github.com/huggingface/datasets/blob/main/benchmarks/format.py#L41,"    with open(output_md_file, ""w"", encoding=""utf-8"") as f:"
huggingface/datasets,setup.py,249,open,NOT_EXPLICIT,False,None,None,global,https://github.com/huggingface/datasets/blob/main/setup.py#L249,"    long_description=open(""README.md"", encoding=""utf-8"").read(),"
huggingface/datasets,src/datasets/arrow_dataset.py,1851,url_to_fs,NOT_EXPLICIT,False,None,Dataset,save_to_disk,https://github.com/huggingface/datasets/blob/main/src/datasets/arrow_dataset.py#L1851,"        fs, _ = url_to_fs(dataset_path, **(storage_options or {}))"
huggingface/datasets,src/datasets/arrow_dataset.py,1863,fs.makedirs,NOT_EXPLICIT,False,None,Dataset,save_to_disk,https://github.com/huggingface/datasets/blob/main/src/datasets/arrow_dataset.py#L1863,"        fs.makedirs(dataset_path, exist_ok=True)"
huggingface/datasets,src/datasets/arrow_dataset.py,1931,fs.open,NOT_EXPLICIT,False,None,Dataset,save_to_disk,https://github.com/huggingface/datasets/blob/main/src/datasets/arrow_dataset.py#L1931,"        with fs.open(             posixpath.join(dataset_path, config.DATASET_STATE_JSON_FILENAME), ""w"", encoding=""utf-8""         ) as state_file:"
huggingface/datasets,src/datasets/arrow_dataset.py,1935,fs.open,NOT_EXPLICIT,False,None,Dataset,save_to_disk,https://github.com/huggingface/datasets/blob/main/src/datasets/arrow_dataset.py#L1935,"        with fs.open(             posixpath.join(dataset_path, config.DATASET_INFO_FILENAME), ""w"", encoding=""utf-8""         ) as dataset_info_file:"
huggingface/datasets,src/datasets/arrow_dataset.py,2022,url_to_fs,NOT_EXPLICIT,False,None,Dataset,load_from_disk,https://github.com/huggingface/datasets/blob/main/src/datasets/arrow_dataset.py#L2022,"        fs, dataset_path = url_to_fs(dataset_path, **(storage_options or {}))"
huggingface/datasets,src/datasets/arrow_dataset.py,2029,fs.isfile,NOT_EXPLICIT,False,None,Dataset,load_from_disk,https://github.com/huggingface/datasets/blob/main/src/datasets/arrow_dataset.py#L2029,        dataset_dict_is_file = fs.isfile(dataset_dict_json_path)
huggingface/datasets,src/datasets/arrow_dataset.py,2030,fs.isfile,NOT_EXPLICIT,False,None,Dataset,load_from_disk,https://github.com/huggingface/datasets/blob/main/src/datasets/arrow_dataset.py#L2030,        dataset_info_is_file = fs.isfile(dataset_info_path)
huggingface/datasets,src/datasets/arrow_dataset.py,2031,fs.isfile,NOT_EXPLICIT,False,None,Dataset,load_from_disk,https://github.com/huggingface/datasets/blob/main/src/datasets/arrow_dataset.py#L2031,        dataset_state_is_file = fs.isfile(dataset_state_json_path)
huggingface/datasets,src/datasets/arrow_dataset.py,2065,open,NOT_EXPLICIT,False,None,Dataset,load_from_disk,https://github.com/huggingface/datasets/blob/main/src/datasets/arrow_dataset.py#L2065,"        with open(dataset_state_json_path, encoding=""utf-8"") as state_file:"
huggingface/datasets,src/datasets/arrow_dataset.py,2067,open,NOT_EXPLICIT,False,None,Dataset,load_from_disk,https://github.com/huggingface/datasets/blob/main/src/datasets/arrow_dataset.py#L2067,"        with open(dataset_info_path, encoding=""utf-8"") as dataset_info_file:"
huggingface/datasets,src/datasets/arrow_dataset.py,6754,DirFileSystem,NOT_EXPLICIT,False,None,None,_push_to_repo,https://github.com/huggingface/datasets/blob/main/src/datasets/arrow_dataset.py#L6754,"        dirfs = DirFileSystem(fs=hffs, path=hf_path)"
huggingface/datasets,src/datasets/arrow_dataset.py,6758,dirfs.glob,NOT_EXPLICIT,False,None,None,_push_to_repo,https://github.com/huggingface/datasets/blob/main/src/datasets/arrow_dataset.py#L6758,"            files_to_delete = dirfs.glob(f""{data_dir}/{split}-*"", detail=True)"
huggingface/datasets,src/datasets/arrow_dataset.py,6844,DirFileSystem,NOT_EXPLICIT,False,None,None,_push_to_bucket,https://github.com/huggingface/datasets/blob/main/src/datasets/arrow_dataset.py#L6844,"    dirfs = DirFileSystem(fs=hffs, path=hf_path)"
huggingface/datasets,src/datasets/arrow_dataset.py,6848,dirfs.glob,NOT_EXPLICIT,False,None,None,_push_to_bucket,https://github.com/huggingface/datasets/blob/main/src/datasets/arrow_dataset.py#L6848,"        files_to_delete = dirfs.glob(f""{data_dir}/{split}-*"", detail=True)"
huggingface/datasets,src/datasets/arrow_dataset.py,6911,"json.loads(fs.read_text(config.DATASETDICT_INFOS_FILENAME, encoding='utf-8')).get",NOT_EXPLICIT,False,None,None,_get_updated_dataset_card,https://github.com/huggingface/datasets/blob/main/src/datasets/arrow_dataset.py#L6911,"        legacy_dataset_info: dict = json.loads(fs.read_text(config.DATASETDICT_INFOS_FILENAME, encoding=""utf-8"")).get(             config_name, None         )"
huggingface/datasets,src/datasets/arrow_dataset.py,6911,fs.read_text,NOT_EXPLICIT,False,None,None,_get_updated_dataset_card,https://github.com/huggingface/datasets/blob/main/src/datasets/arrow_dataset.py#L6911,"        legacy_dataset_info: dict = json.loads(fs.read_text(config.DATASETDICT_INFOS_FILENAME, encoding=""utf-8"")).get("
huggingface/datasets,src/datasets/arrow_dataset.py,6920,fs.read_text,NOT_EXPLICIT,False,None,None,_get_updated_dataset_card,https://github.com/huggingface/datasets/blob/main/src/datasets/arrow_dataset.py#L6920,"        dataset_card = DatasetCard(fs.read_text(config.REPOCARD_FILENAME, newline="""", encoding=""utf-8""))"
huggingface/datasets,src/datasets/arrow_dataset.py,6966,fs.glob,NOT_EXPLICIT,False,None,None,_get_updated_dataset_card,https://github.com/huggingface/datasets/blob/main/src/datasets/arrow_dataset.py#L6966,"    for file_path in fs.glob(PUSH_TO_HUB_WITHOUT_METADATA_CONFIGS_SPLIT_PATTERN_SHARDED.replace(""{split}"", ""*"")):"
huggingface/datasets,src/datasets/arrow_dataset.py,7019,fs.read_text,NOT_EXPLICIT,False,None,None,_get_updated_dataset_card,https://github.com/huggingface/datasets/blob/main/src/datasets/arrow_dataset.py#L7019,"        legacy_dataset_infos: dict = json.loads(fs.read_text(config.DATASETDICT_INFOS_FILENAME, encoding=""utf-8""))"
huggingface/datasets,src/datasets/arrow_writer.py,521,url_to_fs,NOT_EXPLICIT,False,None,ArrowWriter,__init__,https://github.com/huggingface/datasets/blob/main/src/datasets/arrow_writer.py#L521,"            fs, path = url_to_fs(path, **(storage_options or {}))"
huggingface/datasets,src/datasets/arrow_writer.py,524,self._fs.open,NOT_EXPLICIT,False,None,ArrowWriter,__init__,https://github.com/huggingface/datasets/blob/main/src/datasets/arrow_writer.py#L524,"            self.stream = self._fs.open(path, ""wb"")"
huggingface/datasets,src/datasets/builder.py,422,fsspec.filesystem,NOT_EXPLICIT,False,None,DatasetBuilder,__init__,https://github.com/huggingface/datasets/blob/main/src/datasets/builder.py#L422,"        self._fs: fsspec.AbstractFileSystem = fsspec.filesystem(""file"")"
huggingface/datasets,src/datasets/builder.py,789,url_to_fs,NOT_EXPLICIT,False,None,DatasetBuilder,download_and_prepare,https://github.com/huggingface/datasets/blob/main/src/datasets/builder.py#L789,"        fs, output_dir = url_to_fs(output_dir, **(storage_options or {}))"
huggingface/datasets,src/datasets/builder.py,842,self._fs.exists,NOT_EXPLICIT,False,None,DatasetBuilder,download_and_prepare,https://github.com/huggingface/datasets/blob/main/src/datasets/builder.py#L842,"            data_exists = self._fs.exists(posixpath.join(self._output_dir, config.DATASET_INFO_FILENAME))"
huggingface/datasets,src/datasets/builder.py,863,self._fs.makedirs,NOT_EXPLICIT,False,None,DatasetBuilder,incomplete_dir,https://github.com/huggingface/datasets/blob/main/src/datasets/builder.py#L863,"                    self._fs.makedirs(dirname, exist_ok=True)"
huggingface/datasets,src/datasets/data_files.py,356,url_to_fs,NOT_EXPLICIT,False,None,None,resolve_pattern,https://github.com/huggingface/datasets/blob/main/src/datasets/data_files.py#L356,"    fs, fs_pattern = url_to_fs(pattern, **storage_options)"
huggingface/datasets,src/datasets/data_files.py,372,fs.glob,NOT_EXPLICIT,False,None,None,resolve_pattern,https://github.com/huggingface/datasets/blob/main/src/datasets/data_files.py#L372,"    for filepath, info in fs.glob(fs_pattern, detail=True, **glob_kwargs).items():"
huggingface/datasets,src/datasets/data_files.py,509,url_to_fs,NOT_EXPLICIT,False,None,None,_get_single_origin_metadata,https://github.com/huggingface/datasets/blob/main/src/datasets/data_files.py#L509,"        fs, fs_path = url_to_fs(data_file, **storage_options)"
huggingface/datasets,src/datasets/data_files.py,514,fs.info,NOT_EXPLICIT,False,None,None,_get_single_origin_metadata,https://github.com/huggingface/datasets/blob/main/src/datasets/data_files.py#L514,    info = fs.info(fs_path)
huggingface/datasets,src/datasets/dataset_dict.py,1359,url_to_fs,NOT_EXPLICIT,False,None,DatasetDict,save_to_disk,https://github.com/huggingface/datasets/blob/main/src/datasets/dataset_dict.py#L1359,"        fs, _ = url_to_fs(dataset_dict_path, **(storage_options or {}))"
huggingface/datasets,src/datasets/dataset_dict.py,1368,fs.makedirs,NOT_EXPLICIT,False,None,DatasetDict,save_to_disk,https://github.com/huggingface/datasets/blob/main/src/datasets/dataset_dict.py#L1368,"        fs.makedirs(dataset_dict_path, exist_ok=True)"
huggingface/datasets,src/datasets/dataset_dict.py,1370,fs.open,NOT_EXPLICIT,False,None,DatasetDict,save_to_disk,https://github.com/huggingface/datasets/blob/main/src/datasets/dataset_dict.py#L1370,"        with fs.open(             posixpath.join(dataset_dict_path, config.DATASETDICT_JSON_FILENAME),             ""w"",             encoding=""utf-8"",         ) as f:"
huggingface/datasets,src/datasets/dataset_dict.py,1418,url_to_fs,NOT_EXPLICIT,False,None,DatasetDict,load_from_disk,https://github.com/huggingface/datasets/blob/main/src/datasets/dataset_dict.py#L1418,"        fs, dataset_dict_path = url_to_fs(dataset_dict_path, **(storage_options or {}))"
huggingface/datasets,src/datasets/dataset_dict.py,1423,fs.isfile,NOT_EXPLICIT,False,None,DatasetDict,load_from_disk,https://github.com/huggingface/datasets/blob/main/src/datasets/dataset_dict.py#L1423,        if not fs.isfile(dataset_dict_json_path):
huggingface/datasets,src/datasets/dataset_dict.py,1424,fs.isfile,NOT_EXPLICIT,False,None,DatasetDict,load_from_disk,https://github.com/huggingface/datasets/blob/main/src/datasets/dataset_dict.py#L1424,            if fs.isfile(dataset_info_path) and fs.isfile(dataset_state_json_path):
huggingface/datasets,src/datasets/dataset_dict.py,1424,fs.isfile,NOT_EXPLICIT,False,None,DatasetDict,load_from_disk,https://github.com/huggingface/datasets/blob/main/src/datasets/dataset_dict.py#L1424,            if fs.isfile(dataset_info_path) and fs.isfile(dataset_state_json_path):
huggingface/datasets,src/datasets/dataset_dict.py,1432,fs.open,NOT_EXPLICIT,False,None,DatasetDict,load_from_disk,https://github.com/huggingface/datasets/blob/main/src/datasets/dataset_dict.py#L1432,"        with fs.open(dataset_dict_json_path, ""r"", encoding=""utf-8"") as f:"
huggingface/datasets,src/datasets/dataset_dict.py,2626,DirFileSystem,NOT_EXPLICIT,False,None,None,_push_to_repo,https://github.com/huggingface/datasets/blob/main/src/datasets/dataset_dict.py#L2626,"        dirfs = DirFileSystem(fs=hffs, path=hf_path)"
huggingface/datasets,src/datasets/dataset_dict.py,2630,dirfs.glob,NOT_EXPLICIT,False,None,None,_push_to_repo,https://github.com/huggingface/datasets/blob/main/src/datasets/dataset_dict.py#L2630,"            files_to_delete = list(dirfs.glob(f""{data_dir}/*""))"
huggingface/datasets,src/datasets/dataset_dict.py,2713,DirFileSystem,NOT_EXPLICIT,False,None,None,_push_to_bucket,https://github.com/huggingface/datasets/blob/main/src/datasets/dataset_dict.py#L2713,"    dirfs = DirFileSystem(fs=hffs, path=hf_path)"
huggingface/datasets,src/datasets/dataset_dict.py,2722,dirfs.glob,NOT_EXPLICIT,False,None,None,_push_to_bucket,https://github.com/huggingface/datasets/blob/main/src/datasets/dataset_dict.py#L2722,"        files_to_delete = list(dirfs.glob(f""{data_dir}/*""))"
huggingface/datasets,src/datasets/download/download_manager.py,196,url_to_fs,NOT_EXPLICIT,False,None,DownloadManager,_download_batched,https://github.com/huggingface/datasets/blob/main/src/datasets/download/download_manager.py#L196,"            fs, path = url_to_fs(path, **download_config.storage_options)"
huggingface/datasets,src/datasets/download/download_manager.py,199,fs.info(path).get,NOT_EXPLICIT,False,None,DownloadManager,_download_batched,https://github.com/huggingface/datasets/blob/main/src/datasets/download/download_manager.py#L199,"                size = fs.info(path).get(""size"", 0)"
huggingface/datasets,src/datasets/download/download_manager.py,199,fs.info,NOT_EXPLICIT,False,None,DownloadManager,_download_batched,https://github.com/huggingface/datasets/blob/main/src/datasets/download/download_manager.py#L199,"                size = fs.info(path).get(""size"", 0)"
huggingface/datasets,src/datasets/features/features.py,1193,open,NOT_EXPLICIT,False,None,ClassLabel,_load_names_from_file,https://github.com/huggingface/datasets/blob/main/src/datasets/features/features.py#L1193,"        with open(names_filepath, encoding=""utf-8"") as f:"
huggingface/datasets,src/datasets/filesystems/__init__.py,27,fsspec.register_implementation,NOT_EXPLICIT,False,None,None,global,https://github.com/huggingface/datasets/blob/main/src/datasets/filesystems/__init__.py#L27,"    fsspec.register_implementation(fs_class.protocol, fs_class, clobber=True)"
huggingface/datasets,src/datasets/filesystems/__init__.py,52,fs.mv,NOT_EXPLICIT,False,None,None,rename,https://github.com/huggingface/datasets/blob/main/src/datasets/filesystems/__init__.py#L52,"        fs.mv(src, dst, recursive=True)"
huggingface/datasets,src/datasets/filesystems/compression.py,66,self._open_with_fsspec().fs.info,NOT_EXPLICIT,False,None,BaseCompressedFileFileSystem,_get_dirs,https://github.com/huggingface/datasets/blob/main/src/datasets/filesystems/compression.py#L66,"            f = {**self._open_with_fsspec().fs.info(self.fo), ""name"": self.uncompressed_name}"
huggingface/datasets,src/datasets/filesystems/compression.py,70,self._open_with_fsspec().open,NOT_EXPLICIT,False,None,BaseCompressedFileFileSystem,cat,https://github.com/huggingface/datasets/blob/main/src/datasets/filesystems/compression.py#L70,        with self._open_with_fsspec().open() as f:
huggingface/datasets,src/datasets/filesystems/compression.py,85,self._open_with_fsspec().open,NOT_EXPLICIT,False,None,BaseCompressedFileFileSystem,_open,https://github.com/huggingface/datasets/blob/main/src/datasets/filesystems/compression.py#L85,        return self._open_with_fsspec().open()
huggingface/datasets,src/datasets/info.py,208,url_to_fs,NOT_EXPLICIT,False,None,DatasetInfo,write_to_directory,https://github.com/huggingface/datasets/blob/main/src/datasets/info.py#L208,"        fs, *_ = url_to_fs(dataset_info_dir, **(storage_options or {}))"
huggingface/datasets,src/datasets/info.py,209,fs.open,NOT_EXPLICIT,False,None,DatasetInfo,write_to_directory,https://github.com/huggingface/datasets/blob/main/src/datasets/info.py#L209,"        with fs.open(posixpath.join(dataset_info_dir, config.DATASET_INFO_FILENAME), ""wb"") as f:"
huggingface/datasets,src/datasets/info.py,212,fs.open,NOT_EXPLICIT,False,None,DatasetInfo,write_to_directory,https://github.com/huggingface/datasets/blob/main/src/datasets/info.py#L212,"            with fs.open(posixpath.join(dataset_info_dir, config.LICENSE_FILENAME), ""wb"") as f:"
huggingface/datasets,src/datasets/info.py,273,url_to_fs,NOT_EXPLICIT,False,None,DatasetInfo,from_directory,https://github.com/huggingface/datasets/blob/main/src/datasets/info.py#L273,"        fs, *_ = url_to_fs(dataset_info_dir, **(storage_options or {}))"
huggingface/datasets,src/datasets/info.py,277,fs.open,NOT_EXPLICIT,False,None,DatasetInfo,from_directory,https://github.com/huggingface/datasets/blob/main/src/datasets/info.py#L277,"        with fs.open(posixpath.join(dataset_info_dir, config.DATASET_INFO_FILENAME), ""r"", encoding=""utf-8"") as f:"
huggingface/datasets,src/datasets/info.py,347,open,NOT_EXPLICIT,False,None,DatasetInfosDict,write_to_directory,https://github.com/huggingface/datasets/blob/main/src/datasets/info.py#L347,"            with open(dataset_infos_path, ""w"", encoding=""utf-8"") as f:"
huggingface/datasets,src/datasets/info.py,376,open,NOT_EXPLICIT,False,None,DatasetInfosDict,from_directory,https://github.com/huggingface/datasets/blob/main/src/datasets/info.py#L376,"            with open(os.path.join(dataset_infos_dir, config.DATASETDICT_INFOS_FILENAME), encoding=""utf-8"") as f:"
huggingface/datasets,src/datasets/io/json.py,113,fsspec.open,NOT_EXPLICIT,False,None,JsonDatasetWriter,write,https://github.com/huggingface/datasets/blob/main/src/datasets/io/json.py#L113,"            with fsspec.open(                 self.path_or_buf, ""wb"", compression=compression, **(self.storage_options or {})             ) as buffer:"
huggingface/datasets,src/datasets/io/parquet.py,100,fsspec.open,NOT_EXPLICIT,False,None,ParquetDatasetWriter,write,https://github.com/huggingface/datasets/blob/main/src/datasets/io/parquet.py#L100,"            with fsspec.open(self.path_or_buf, ""wb"", **(self.storage_options or {})) as buffer:"
huggingface/datasets,src/datasets/iterable_dataset.py,2699,fsspec.asyn.reset_lock,NOT_EXPLICIT,False,None,IterableDataset,_iter_pytorch,https://github.com/huggingface/datasets/blob/main/src/datasets/iterable_dataset.py#L2699,        fsspec.asyn.reset_lock()
huggingface/datasets,src/datasets/load.py,434,open,NOT_EXPLICIT,False,None,LocalDatasetModuleFactory,get_module,https://github.com/huggingface/datasets/blob/main/src/datasets/load.py#L434,"            with open(standalone_yaml_path, encoding=""utf-8"") as f:"
huggingface/datasets,src/datasets/load.py,488,open,NOT_EXPLICIT,False,None,LocalDatasetModuleFactory,get_module,https://github.com/huggingface/datasets/blob/main/src/datasets/load.py#L488,"            with open(os.path.join(self.path, config.DATASETDICT_INFOS_FILENAME), encoding=""utf-8"") as f:"
huggingface/datasets,src/datasets/load.py,612,open,NOT_EXPLICIT,False,None,HubDatasetModuleFactory,get_module,https://github.com/huggingface/datasets/blob/main/src/datasets/load.py#L612,"            with open(standalone_yaml_path, encoding=""utf-8"") as f:"
huggingface/datasets,src/datasets/load.py,697,open,NOT_EXPLICIT,False,None,HubDatasetModuleFactory,get_module,https://github.com/huggingface/datasets/blob/main/src/datasets/load.py#L697,"            with open(dataset_infos_path, encoding=""utf-8"") as f:"
huggingface/datasets,src/datasets/load.py,873,hffs.read_text,NOT_EXPLICIT,False,None,HubBucketDatasetModuleFactory,get_module,https://github.com/huggingface/datasets/blob/main/src/datasets/load.py#L873,"            dataset_card_data = DatasetCard(hffs.read_text(readme_path, newline="""", encoding=""utf-8"")).data"
huggingface/datasets,src/datasets/load.py,877,hffs.read_text,NOT_EXPLICIT,False,None,HubBucketDatasetModuleFactory,get_module,https://github.com/huggingface/datasets/blob/main/src/datasets/load.py#L877,"            standalone_yaml_data = yaml.safe_load(hffs.read_text(standalone_yaml_path, newline="""", encoding=""utf-8""))"
huggingface/datasets,src/datasets/load.py,880,hffs.exists,NOT_EXPLICIT,False,None,HubBucketDatasetModuleFactory,get_module,https://github.com/huggingface/datasets/blob/main/src/datasets/load.py#L880,        if hffs.exists(standalone_yaml_path):
huggingface/datasets,src/datasets/load.py,881,hffs.open,NOT_EXPLICIT,False,None,HubBucketDatasetModuleFactory,get_module,https://github.com/huggingface/datasets/blob/main/src/datasets/load.py#L881,"            with hffs.open(standalone_yaml_path, ""r"", encoding=""utf-8"") as f:"
huggingface/datasets,src/datasets/load.py,934,hffs.isfile,NOT_EXPLICIT,False,None,HubBucketDatasetModuleFactory,get_module,https://github.com/huggingface/datasets/blob/main/src/datasets/load.py#L934,"        if hffs.isfile(xjoin(self.path, config.DATASETDICT_INFOS_FILENAME)):"
huggingface/datasets,src/datasets/load.py,935,hffs.open,NOT_EXPLICIT,False,None,HubBucketDatasetModuleFactory,get_module,https://github.com/huggingface/datasets/blob/main/src/datasets/load.py#L935,"            with hffs.open(xjoin(self.path, config.DATASETDICT_INFOS_FILENAME), ""r"", encoding=""utf-8"") as f:"
huggingface/datasets,src/datasets/load.py,1772,url_to_fs,NOT_EXPLICIT,False,None,None,load_from_disk,https://github.com/huggingface/datasets/blob/main/src/datasets/load.py#L1772,"    fs, *_ = url_to_fs(dataset_path, **(storage_options or {}))"
huggingface/datasets,src/datasets/load.py,1773,fs.exists,NOT_EXPLICIT,False,None,None,load_from_disk,https://github.com/huggingface/datasets/blob/main/src/datasets/load.py#L1773,    if not fs.exists(dataset_path):
huggingface/datasets,src/datasets/load.py,1775,fs.isfile,NOT_EXPLICIT,False,None,None,load_from_disk,https://github.com/huggingface/datasets/blob/main/src/datasets/load.py#L1775,"    if fs.isfile(posixpath.join(dataset_path, config.DATASET_INFO_FILENAME)) and fs.isfile("
huggingface/datasets,src/datasets/load.py,1775,fs.isfile,NOT_EXPLICIT,False,None,None,load_from_disk,https://github.com/huggingface/datasets/blob/main/src/datasets/load.py#L1775,"    if fs.isfile(posixpath.join(dataset_path, config.DATASET_INFO_FILENAME)) and fs.isfile(         posixpath.join(dataset_path, config.DATASET_STATE_JSON_FILENAME)     ):"
huggingface/datasets,src/datasets/load.py,1779,fs.isfile,NOT_EXPLICIT,False,None,None,load_from_disk,https://github.com/huggingface/datasets/blob/main/src/datasets/load.py#L1779,"    elif fs.isfile(posixpath.join(dataset_path, config.DATASETDICT_JSON_FILENAME)):"
huggingface/datasets,src/datasets/packaged_modules/arrow/arrow.py,40,open,NOT_EXPLICIT,False,None,Arrow,_split_generators,https://github.com/huggingface/datasets/blob/main/src/datasets/packaged_modules/arrow/arrow.py#L40,"                    with open(file, ""rb"") as f:"
huggingface/datasets,src/datasets/packaged_modules/arrow/arrow.py,62,open,NOT_EXPLICIT,False,None,Arrow,_generate_tables,https://github.com/huggingface/datasets/blob/main/src/datasets/packaged_modules/arrow/arrow.py#L62,"            with open(file, ""rb"") as f:"
huggingface/datasets,src/datasets/packaged_modules/cache/cache.py,185,open,NOT_EXPLICIT,False,None,Cache,_generate_tables,https://github.com/huggingface/datasets/blob/main/src/datasets/packaged_modules/cache/cache.py#L185,"            with open(file, ""rb"") as f:"
huggingface/datasets,src/datasets/packaged_modules/conll/conll.py,126,open,NOT_EXPLICIT,False,None,Conll,_generate_tables,https://github.com/huggingface/datasets/blob/main/src/datasets/packaged_modules/conll/conll.py#L126,"                with open(file, encoding=self.config.encoding, errors=self.config.encoding_errors) as f:"
huggingface/datasets,src/datasets/packaged_modules/eval/eval.py,62,open,NOT_EXPLICIT,False,None,Eval,_iter_samples_from_log_files,https://github.com/huggingface/datasets/blob/main/src/datasets/packaged_modules/eval/eval.py#L62,            with open(sample_file) as f:
huggingface/datasets,src/datasets/packaged_modules/folder_based_builder/folder_based_builder.py,313,open,NOT_EXPLICIT,False,None,FolderBasedBuilder,_read_metadata,https://github.com/huggingface/datasets/blob/main/src/datasets/packaged_modules/folder_based_builder/folder_based_builder.py#L313,"            with open(metadata_file, ""rb"") as f:"
huggingface/datasets,src/datasets/packaged_modules/folder_based_builder/folder_based_builder.py,352,open,NOT_EXPLICIT,False,None,FolderBasedBuilder,_read_metadata,https://github.com/huggingface/datasets/blob/main/src/datasets/packaged_modules/folder_based_builder/folder_based_builder.py#L352,"            with open(metadata_file, ""rb"") as f:"
huggingface/datasets,src/datasets/packaged_modules/hdf5/hdf5.py,57,open,NOT_EXPLICIT,False,None,HDF5,_split_generators,https://github.com/huggingface/datasets/blob/main/src/datasets/packaged_modules/hdf5/hdf5.py#L57,"                    with open(first_file, ""rb"") as f:"
huggingface/datasets,src/datasets/packaged_modules/hdf5/hdf5.py,71,open,NOT_EXPLICIT,False,None,HDF5,_generate_tables,https://github.com/huggingface/datasets/blob/main/src/datasets/packaged_modules/hdf5/hdf5.py#L71,"                with open(file, ""rb"") as f:"
huggingface/datasets,src/datasets/packaged_modules/json/json.py,161,open,NOT_EXPLICIT,False,None,Json,_generate_tables,https://github.com/huggingface/datasets/blob/main/src/datasets/packaged_modules/json/json.py#L161,"                    with open(file, encoding=self.config.encoding, errors=self.config.encoding_errors) as f:"
huggingface/datasets,src/datasets/packaged_modules/json/json.py,225,open,NOT_EXPLICIT,False,None,Json,_generate_tables,https://github.com/huggingface/datasets/blob/main/src/datasets/packaged_modules/json/json.py#L225,"                    with open(file, ""rb"") as f:"
huggingface/datasets,src/datasets/packaged_modules/json/json.py,321,open,NOT_EXPLICIT,False,None,Json,_generate_tables,https://github.com/huggingface/datasets/blob/main/src/datasets/packaged_modules/json/json.py#L321,"                                    with open(                                         file, encoding=self.config.encoding, errors=self.config.encoding_errors                                     ) as f:"
huggingface/datasets,src/datasets/packaged_modules/pandas/pandas.py,55,open,NOT_EXPLICIT,False,None,Pandas,_generate_tables,https://github.com/huggingface/datasets/blob/main/src/datasets/packaged_modules/pandas/pandas.py#L55,"            with open(file, ""rb"") as f:"
huggingface/datasets,src/datasets/packaged_modules/parquet/parquet.py,126,open,NOT_EXPLICIT,False,None,Parquet,_split_generators,https://github.com/huggingface/datasets/blob/main/src/datasets/packaged_modules/parquet/parquet.py#L126,"                        with open(file, ""rb"") as f:"
huggingface/datasets,src/datasets/packaged_modules/parquet/parquet.py,173,open,NOT_EXPLICIT,False,None,Parquet,_generate_more_gen_kwargs,https://github.com/huggingface/datasets/blob/main/src/datasets/packaged_modules/parquet/parquet.py#L173,"                with open(file, ""rb"") as f:"
huggingface/datasets,src/datasets/packaged_modules/parquet/parquet.py,199,open,NOT_EXPLICIT,False,None,Parquet,_generate_tables,https://github.com/huggingface/datasets/blob/main/src/datasets/packaged_modules/parquet/parquet.py#L199,"                with open(file, ""rb"") as f:"
huggingface/datasets,src/datasets/packaged_modules/spark/spark.py,148,open,NOT_EXPLICIT,False,None,Spark,create_cache_and_write_probe,https://github.com/huggingface/datasets/blob/main/src/datasets/packaged_modules/spark/spark.py#L148,"            open(probe_file, ""a"")"
huggingface/datasets,src/datasets/packaged_modules/text/text.py,94,open,NOT_EXPLICIT,False,None,Text,_generate_tables,https://github.com/huggingface/datasets/blob/main/src/datasets/packaged_modules/text/text.py#L94,"                with open(file, encoding=self.config.encoding, errors=self.config.encoding_errors) as f:"
huggingface/datasets,src/datasets/packaged_modules/tsfile/tsfile.py,736,open,NOT_EXPLICIT,False,None,TsFile,_open_reader,https://github.com/huggingface/datasets/blob/main/src/datasets/packaged_modules/tsfile/tsfile.py#L736,"            with open(file, ""rb"") as fh:"
huggingface/datasets,src/datasets/packaged_modules/webdataset/_tenbin.py,276,open,NOT_EXPLICIT,False,None,None,save,https://github.com/huggingface/datasets/blob/main/src/datasets/packaged_modules/webdataset/_tenbin.py#L276,"    with open(fname, ""wb"") as stream:"
huggingface/datasets,src/datasets/packaged_modules/webdataset/_tenbin.py,284,open,NOT_EXPLICIT,False,None,None,load,https://github.com/huggingface/datasets/blob/main/src/datasets/packaged_modules/webdataset/_tenbin.py#L284,"    with open(fname, ""rb"") as stream:"
huggingface/datasets,src/datasets/packaged_modules/xml/xml.py,67,open,NOT_EXPLICIT,False,None,Xml,_generate_tables,https://github.com/huggingface/datasets/blob/main/src/datasets/packaged_modules/xml/xml.py#L67,"            with open(file, encoding=self.config.encoding, errors=self.config.encoding_errors) as f:"
huggingface/datasets,src/datasets/search.py,396,fsspec.open,NOT_EXPLICIT,False,None,FaissIndex,save,https://github.com/huggingface/datasets/blob/main/src/datasets/search.py#L396,"        with fsspec.open(str(file), ""wb"", **(storage_options or {})) as f:"
huggingface/datasets,src/datasets/search.py,411,fsspec.open,NOT_EXPLICIT,False,None,FaissIndex,load,https://github.com/huggingface/datasets/blob/main/src/datasets/search.py#L411,"        with fsspec.open(str(file), ""rb"", **(storage_options or {})) as f:"
huggingface/datasets,src/datasets/utils/extract.py,72,open,NOT_EXPLICIT,False,None,MagicNumberBaseExtractor,read_magic_number,https://github.com/huggingface/datasets/blob/main/src/datasets/utils/extract.py#L72,"        with open(path, ""rb"") as f:"
huggingface/datasets,src/datasets/utils/extract.py,141,open,NOT_EXPLICIT,False,None,GzipExtractor,extract,https://github.com/huggingface/datasets/blob/main/src/datasets/utils/extract.py#L141,"            with open(output_path, ""wb"") as extracted_file:"
huggingface/datasets,src/datasets/utils/extract.py,172,open,NOT_EXPLICIT,False,None,ZipExtractor,is_extractable,https://github.com/huggingface/datasets/blob/main/src/datasets/utils/extract.py#L172,"            with open(path, ""rb"") as fp:"
huggingface/datasets,src/datasets/utils/extract.py,235,open,NOT_EXPLICIT,False,None,XzExtractor,extract,https://github.com/huggingface/datasets/blob/main/src/datasets/utils/extract.py#L235,"            with open(output_path, ""wb"") as extracted_file:"
huggingface/datasets,src/datasets/utils/extract.py,301,open,NOT_EXPLICIT,False,None,ZstdExtractor,extract,https://github.com/huggingface/datasets/blob/main/src/datasets/utils/extract.py#L301,"        with open(input_path, ""rb"") as ifh, open(output_path, ""wb"") as ofh:"
huggingface/datasets,src/datasets/utils/extract.py,301,open,NOT_EXPLICIT,False,None,ZstdExtractor,extract,https://github.com/huggingface/datasets/blob/main/src/datasets/utils/extract.py#L301,"        with open(input_path, ""rb"") as ifh, open(output_path, ""wb"") as ofh:"
huggingface/datasets,src/datasets/utils/extract.py,311,open,NOT_EXPLICIT,False,None,Bzip2Extractor,extract,https://github.com/huggingface/datasets/blob/main/src/datasets/utils/extract.py#L311,"            with open(output_path, ""wb"") as extracted_file:"
huggingface/datasets,src/datasets/utils/extract.py,377,open,NOT_EXPLICIT,False,None,Lz4Extractor,extract,https://github.com/huggingface/datasets/blob/main/src/datasets/utils/extract.py#L377,"            with open(output_path, ""wb"") as extracted_file:"
huggingface/datasets,src/datasets/utils/file_utils.py,166,can_be_local,NOT_EXPLICIT,False,None,None,cached_path,https://github.com/huggingface/datasets/blob/main/src/datasets/utils/file_utils.py#L166,    if can_be_local(url_or_filename):
huggingface/datasets,src/datasets/utils/file_utils.py,167,strip_protocol,NOT_EXPLICIT,False,None,None,cached_path,https://github.com/huggingface/datasets/blob/main/src/datasets/utils/file_utils.py#L167,        url_or_filename = strip_protocol(url_or_filename)
huggingface/datasets,src/datasets/utils/file_utils.py,295,url_to_fs,NOT_EXPLICIT,False,None,None,fsspec_head,https://github.com/huggingface/datasets/blob/main/src/datasets/utils/file_utils.py#L295,"    fs, path = url_to_fs(url, **(storage_options or {}))"
huggingface/datasets,src/datasets/utils/file_utils.py,296,fs.info,NOT_EXPLICIT,False,None,None,fsspec_head,https://github.com/huggingface/datasets/blob/main/src/datasets/utils/file_utils.py#L296,    return fs.info(path)
huggingface/datasets,src/datasets/utils/file_utils.py,317,url_to_fs,NOT_EXPLICIT,False,None,None,fsspec_get,https://github.com/huggingface/datasets/blob/main/src/datasets/utils/file_utils.py#L317,"    fs, path = url_to_fs(url, **(storage_options or {}))"
huggingface/datasets,src/datasets/utils/file_utils.py,330,fs.get_file,NOT_EXPLICIT,False,None,None,fsspec_get,https://github.com/huggingface/datasets/blob/main/src/datasets/utils/file_utils.py#L330,"    fs.get_file(path, temp_file.name, callback=callback)"
huggingface/datasets,src/datasets/utils/file_utils.py,403,open,NOT_EXPLICIT,False,None,None,get_from_cache,https://github.com/huggingface/datasets/blob/main/src/datasets/utils/file_utils.py#L403,"        with open(incomplete_path, ""w+b"") as temp_file:"
huggingface/datasets,src/datasets/utils/file_utils.py,414,open,NOT_EXPLICIT,False,None,None,get_from_cache,https://github.com/huggingface/datasets/blob/main/src/datasets/utils/file_utils.py#L414,"        with open(meta_path, ""w"", encoding=""utf-8"") as meta_file:"
huggingface/datasets,src/datasets/utils/file_utils.py,559,fsspec.open,NOT_EXPLICIT,False,None,None,_get_extraction_protocol,https://github.com/huggingface/datasets/blob/main/src/datasets/utils/file_utils.py#L559,"        with fsspec.open(urlpath, **(storage_options or {})) as f:"
huggingface/datasets,src/datasets/utils/file_utils.py,645,url_to_fs,NOT_EXPLICIT,False,None,None,xexists,https://github.com/huggingface/datasets/blob/main/src/datasets/utils/file_utils.py#L645,"        fs, *_ = url_to_fs(urlpath, **storage_options)"
huggingface/datasets,src/datasets/utils/file_utils.py,646,fs.exists,NOT_EXPLICIT,False,None,None,xexists,https://github.com/huggingface/datasets/blob/main/src/datasets/utils/file_utils.py#L646,        return fs.exists(main_hop)
huggingface/datasets,src/datasets/utils/file_utils.py,745,url_to_fs,NOT_EXPLICIT,False,None,None,xisfile,https://github.com/huggingface/datasets/blob/main/src/datasets/utils/file_utils.py#L745,"        fs, *_ = url_to_fs(path, **storage_options)"
huggingface/datasets,src/datasets/utils/file_utils.py,746,fs.isfile,NOT_EXPLICIT,False,None,None,xisfile,https://github.com/huggingface/datasets/blob/main/src/datasets/utils/file_utils.py#L746,        return fs.isfile(main_hop)
huggingface/datasets,src/datasets/utils/file_utils.py,765,url_to_fs,NOT_EXPLICIT,False,None,None,xgetsize,https://github.com/huggingface/datasets/blob/main/src/datasets/utils/file_utils.py#L765,"        fs, *_ = fs, *_ = url_to_fs(path, **storage_options)"
huggingface/datasets,src/datasets/utils/file_utils.py,767,fs.size,NOT_EXPLICIT,False,None,None,xgetsize,https://github.com/huggingface/datasets/blob/main/src/datasets/utils/file_utils.py#L767,            size = fs.size(main_hop)
huggingface/datasets,src/datasets/utils/file_utils.py,793,url_to_fs,NOT_EXPLICIT,False,None,None,xisdir,https://github.com/huggingface/datasets/blob/main/src/datasets/utils/file_utils.py#L793,"        fs, *_ = fs, *_ = url_to_fs(path, **storage_options)"
huggingface/datasets,src/datasets/utils/file_utils.py,797,fs.isdir,NOT_EXPLICIT,False,None,None,xisdir,https://github.com/huggingface/datasets/blob/main/src/datasets/utils/file_utils.py#L797,        return fs.isdir(inner_path)
huggingface/datasets,src/datasets/utils/file_utils.py,913,fsspec.available_protocols,NOT_EXPLICIT,False,None,None,_prepare_single_hop_path_and_storage_options,https://github.com/huggingface/datasets/blob/main/src/datasets/utils/file_utils.py#L913,            if option_name not in fsspec.available_protocols()
huggingface/datasets,src/datasets/utils/file_utils.py,967,open,NOT_EXPLICIT,False,None,None,xopen,https://github.com/huggingface/datasets/blob/main/src/datasets/utils/file_utils.py#L967,"        return open(main_hop, mode, *args, **kwargs)"
huggingface/datasets,src/datasets/utils/file_utils.py,977,fsspec.get_fs_token_paths,NOT_EXPLICIT,False,None,None,xopen,https://github.com/huggingface/datasets/blob/main/src/datasets/utils/file_utils.py#L977,"            fs, fs_token, paths = fsspec.get_fs_token_paths(                 file,                 mode,                 storage_options=kwargs,             )"
huggingface/datasets,src/datasets/utils/file_utils.py,982,fs.open,NOT_EXPLICIT,False,None,None,xopen,https://github.com/huggingface/datasets/blob/main/src/datasets/utils/file_utils.py#L982,"            file_obj = fs.open(paths[0], mode)"
huggingface/datasets,src/datasets/utils/file_utils.py,1030,url_to_fs,NOT_EXPLICIT,False,None,None,xlistdir,https://github.com/huggingface/datasets/blob/main/src/datasets/utils/file_utils.py#L1030,"        fs, *_ = url_to_fs(path, **storage_options)"
huggingface/datasets,src/datasets/utils/file_utils.py,1032,fs.isdir,NOT_EXPLICIT,False,None,None,xlistdir,https://github.com/huggingface/datasets/blob/main/src/datasets/utils/file_utils.py#L1032,"        if inner_path.strip(""/"") and not fs.isdir(inner_path):"
huggingface/datasets,src/datasets/utils/file_utils.py,1034,fs.listdir,NOT_EXPLICIT,False,None,None,xlistdir,https://github.com/huggingface/datasets/blob/main/src/datasets/utils/file_utils.py#L1034,"        paths = fs.listdir(inner_path, detail=False)"
huggingface/datasets,src/datasets/utils/file_utils.py,1057,url_to_fs,NOT_EXPLICIT,False,None,None,xglob,https://github.com/huggingface/datasets/blob/main/src/datasets/utils/file_utils.py#L1057,"        fs, *_ = url_to_fs(urlpath, **storage_options)"
huggingface/datasets,src/datasets/utils/file_utils.py,1059,fs.glob,NOT_EXPLICIT,False,None,None,xglob,https://github.com/huggingface/datasets/blob/main/src/datasets/utils/file_utils.py#L1059,        globbed_paths = fs.glob(inner_path)
huggingface/datasets,src/datasets/utils/file_utils.py,1083,url_to_fs,NOT_EXPLICIT,False,None,None,xwalk,https://github.com/huggingface/datasets/blob/main/src/datasets/utils/file_utils.py#L1083,"        fs, *_ = url_to_fs(urlpath, **storage_options)"
huggingface/datasets,src/datasets/utils/file_utils.py,1085,fs.isdir,NOT_EXPLICIT,False,None,None,xwalk,https://github.com/huggingface/datasets/blob/main/src/datasets/utils/file_utils.py#L1085,"        if inner_path.strip(""/"") and not fs.isdir(inner_path):"
huggingface/datasets,src/datasets/utils/file_utils.py,1088,fs.walk,NOT_EXPLICIT,False,None,None,xwalk,https://github.com/huggingface/datasets/blob/main/src/datasets/utils/file_utils.py#L1088,"        for dirpath, dirnames, filenames in fs.walk(inner_path, **kwargs):"
huggingface/datasets,src/datasets/utils/file_utils.py,1161,url_to_fs,NOT_EXPLICIT,False,None,xPath,glob,https://github.com/huggingface/datasets/blob/main/src/datasets/utils/file_utils.py#L1161,"            fs, *_ = url_to_fs(xjoin(posix_path, pattern), **(storage_options or {}))"
huggingface/datasets,src/datasets/utils/file_utils.py,1162,fs.glob,NOT_EXPLICIT,False,None,xPath,glob,https://github.com/huggingface/datasets/blob/main/src/datasets/utils/file_utils.py#L1162,"            globbed_paths = fs.glob(xjoin(main_hop, pattern))"
huggingface/datasets,src/datasets/utils/info_utils.py,84,open,NOT_EXPLICIT,False,None,None,get_size_checksum_dict,https://github.com/huggingface/datasets/blob/main/src/datasets/utils/info_utils.py#L84,"        with open(path, ""rb"") as f:"
huggingface/datasets,tests/fixtures/files.py,72,open,NOT_EXPLICIT,False,None,None,text_file,https://github.com/huggingface/datasets/blob/main/tests/fixtures/files.py#L72,"    with open(filename, ""w"") as f:"
huggingface/datasets,tests/fixtures/files.py,200,open,NOT_EXPLICIT,False,None,None,xml_file,https://github.com/huggingface/datasets/blob/main/tests/fixtures/files.py#L200,"    with open(filename, ""w"") as f:"
huggingface/datasets,tests/fixtures/files.py,273,open,NOT_EXPLICIT,False,None,None,csv_path,https://github.com/huggingface/datasets/blob/main/tests/fixtures/files.py#L273,"    with open(path, ""w"", newline="""") as f:"
huggingface/datasets,tests/fixtures/files.py,284,open,NOT_EXPLICIT,False,None,None,csv2_path,https://github.com/huggingface/datasets/blob/main/tests/fixtures/files.py#L284,"    with open(path, ""w"", newline="""") as f:"
huggingface/datasets,tests/fixtures/files.py,297,open,NOT_EXPLICIT,False,None,None,bz2_csv_path,https://github.com/huggingface/datasets/blob/main/tests/fixtures/files.py#L297,"    with open(csv_path, ""rb"") as f:"
huggingface/datasets,tests/fixtures/files.py,342,open,NOT_EXPLICIT,False,None,None,parquet_path,https://github.com/huggingface/datasets/blob/main/tests/fixtures/files.py#L342,"    with open(path, ""wb"") as f:"
huggingface/datasets,tests/fixtures/files.py,361,open,NOT_EXPLICIT,False,None,None,multi_row_groups_parquet_path,https://github.com/huggingface/datasets/blob/main/tests/fixtures/files.py#L361,"    with open(path, ""wb"") as f:"
huggingface/datasets,tests/fixtures/files.py,382,open,NOT_EXPLICIT,False,None,None,json_list_of_dicts_path,https://github.com/huggingface/datasets/blob/main/tests/fixtures/files.py#L382,"    with open(path, ""w"") as f:"
huggingface/datasets,tests/fixtures/files.py,391,open,NOT_EXPLICIT,False,None,None,json_dict_of_lists_path,https://github.com/huggingface/datasets/blob/main/tests/fixtures/files.py#L391,"    with open(path, ""w"") as f:"
huggingface/datasets,tests/fixtures/files.py,399,open,NOT_EXPLICIT,False,None,None,jsonl_path,https://github.com/huggingface/datasets/blob/main/tests/fixtures/files.py#L399,"    with open(path, ""w"") as f:"
huggingface/datasets,tests/fixtures/files.py,408,open,NOT_EXPLICIT,False,None,None,jsonl2_path,https://github.com/huggingface/datasets/blob/main/tests/fixtures/files.py#L408,"    with open(path, ""w"") as f:"
huggingface/datasets,tests/fixtures/files.py,417,open,NOT_EXPLICIT,False,None,None,jsonl_312_path,https://github.com/huggingface/datasets/blob/main/tests/fixtures/files.py#L417,"    with open(path, ""w"") as f:"
huggingface/datasets,tests/fixtures/files.py,426,open,NOT_EXPLICIT,False,None,None,jsonl_str_path,https://github.com/huggingface/datasets/blob/main/tests/fixtures/files.py#L426,"    with open(path, ""w"") as f:"
huggingface/datasets,tests/fixtures/files.py,435,open,NOT_EXPLICIT,False,None,None,jsonl_missing_fields_path,https://github.com/huggingface/datasets/blob/main/tests/fixtures/files.py#L435,"    with open(path, ""w"") as f:"
huggingface/datasets,tests/fixtures/files.py,444,open,NOT_EXPLICIT,False,None,None,jsonl_mixed_types_path,https://github.com/huggingface/datasets/blob/main/tests/fixtures/files.py#L444,"    with open(path, ""w"") as f:"
huggingface/datasets,tests/fixtures/files.py,455,open,NOT_EXPLICIT,False,None,None,text_gz_path,https://github.com/huggingface/datasets/blob/main/tests/fixtures/files.py#L455,"    with open(text_path, ""rb"") as orig_file:"
huggingface/datasets,tests/fixtures/files.py,466,open,NOT_EXPLICIT,False,None,None,jsonl_gz_path,https://github.com/huggingface/datasets/blob/main/tests/fixtures/files.py#L466,"    with open(jsonl_path, ""rb"") as orig_file:"
huggingface/datasets,tests/fixtures/files.py,519,open,NOT_EXPLICIT,False,None,None,text_path,https://github.com/huggingface/datasets/blob/main/tests/fixtures/files.py#L519,"    with open(path, ""w"") as f:"
huggingface/datasets,tests/fixtures/files.py,529,open,NOT_EXPLICIT,False,None,None,text2_path,https://github.com/huggingface/datasets/blob/main/tests/fixtures/files.py#L529,"    with open(path, ""w"") as f:"
huggingface/datasets,tests/fixtures/files.py,539,open,NOT_EXPLICIT,False,None,None,text_dir,https://github.com/huggingface/datasets/blob/main/tests/fixtures/files.py#L539,"    with open(path, ""w"") as f:"
huggingface/datasets,tests/fixtures/files.py,549,open,NOT_EXPLICIT,False,None,None,text_dir_with_unsupported_extension,https://github.com/huggingface/datasets/blob/main/tests/fixtures/files.py#L549,"    with open(path, ""w"") as f:"
huggingface/datasets,tests/fixtures/files.py,586,open,NOT_EXPLICIT,False,None,None,text_path_with_unicode_new_lines,https://github.com/huggingface/datasets/blob/main/tests/fixtures/files.py#L586,"    with open(path, ""w"", encoding=""utf-8"") as f:"
huggingface/datasets,tests/fixtures/files.py,616,open,NOT_EXPLICIT,False,None,None,tensor_file,https://github.com/huggingface/datasets/blob/main/tests/fixtures/files.py#L616,"    with open(path, ""wb"") as f:"
huggingface/datasets,tests/fixtures/files.py,635,open,NOT_EXPLICIT,False,None,None,data_dir_with_hidden_files,https://github.com/huggingface/datasets/blob/main/tests/fixtures/files.py#L635,"    with open(data_dir / ""subdir"" / ""train.txt"", ""w"") as f:"
huggingface/datasets,tests/fixtures/files.py,637,open,NOT_EXPLICIT,False,None,None,data_dir_with_hidden_files,https://github.com/huggingface/datasets/blob/main/tests/fixtures/files.py#L637,"    with open(data_dir / ""subdir"" / ""test.txt"", ""w"") as f:"
huggingface/datasets,tests/fixtures/files.py,640,open,NOT_EXPLICIT,False,None,None,data_dir_with_hidden_files,https://github.com/huggingface/datasets/blob/main/tests/fixtures/files.py#L640,"    with open(data_dir / ""subdir"" / "".test.txt"", ""w"") as f:"
huggingface/datasets,tests/fixtures/files.py,645,open,NOT_EXPLICIT,False,None,None,data_dir_with_hidden_files,https://github.com/huggingface/datasets/blob/main/tests/fixtures/files.py#L645,"    with open(data_dir / "".subdir"" / ""train.txt"", ""w"") as f:"
huggingface/datasets,tests/fixtures/files.py,647,open,NOT_EXPLICIT,False,None,None,data_dir_with_hidden_files,https://github.com/huggingface/datasets/blob/main/tests/fixtures/files.py#L647,"    with open(data_dir / "".subdir"" / ""test.txt"", ""w"") as f:"
huggingface/datasets,tests/fixtures/fsspec.py,15,LocalFileSystem,NOT_EXPLICIT,False,None,MockFileSystem,__init__,https://github.com/huggingface/datasets/blob/main/tests/fixtures/fsspec.py#L15,"        self._fs = LocalFileSystem(*args, **kwargs)"
huggingface/datasets,tests/fixtures/fsspec.py,20,self._fs.mkdir,NOT_EXPLICIT,False,None,MockFileSystem,mkdir,https://github.com/huggingface/datasets/blob/main/tests/fixtures/fsspec.py#L20,"        return self._fs.mkdir(path, *args, **kwargs)"
huggingface/datasets,tests/fixtures/fsspec.py,24,self._fs.makedirs,NOT_EXPLICIT,False,None,MockFileSystem,makedirs,https://github.com/huggingface/datasets/blob/main/tests/fixtures/fsspec.py#L24,"        return self._fs.makedirs(path, *args, **kwargs)"
huggingface/datasets,tests/fixtures/fsspec.py,28,self._fs.rmdir,NOT_EXPLICIT,False,None,MockFileSystem,rmdir,https://github.com/huggingface/datasets/blob/main/tests/fixtures/fsspec.py#L28,        return self._fs.rmdir(path)
huggingface/datasets,tests/fixtures/fsspec.py,32,self._fs.ls,NOT_EXPLICIT,False,None,MockFileSystem,ls,https://github.com/huggingface/datasets/blob/main/tests/fixtures/fsspec.py#L32,"        out = self._fs.ls(path, detail=detail, *args, **kwargs)"
huggingface/datasets,tests/fixtures/fsspec.py,40,self._fs.info,NOT_EXPLICIT,False,None,MockFileSystem,info,https://github.com/huggingface/datasets/blob/main/tests/fixtures/fsspec.py#L40,"        out = dict(self._fs.info(path, *args, **kwargs))"
huggingface/datasets,tests/fixtures/fsspec.py,51,self._fs.rm_file,NOT_EXPLICIT,False,None,MockFileSystem,rm_file,https://github.com/huggingface/datasets/blob/main/tests/fixtures/fsspec.py#L51,"        return self._fs.rm_file(path, *args, **kwargs)"
huggingface/datasets,tests/fixtures/fsspec.py,55,self._fs.rm,NOT_EXPLICIT,False,None,MockFileSystem,rm,https://github.com/huggingface/datasets/blob/main/tests/fixtures/fsspec.py#L55,"        return self._fs.rm(path, *args, **kwargs)"
huggingface/datasets,tests/fixtures/fsspec.py,71,stringify_path,NOT_EXPLICIT,False,None,MockFileSystem,_strip_protocol,https://github.com/huggingface/datasets/blob/main/tests/fixtures/fsspec.py#L71,        path = stringify_path(path)
huggingface/datasets,tests/fixtures/fsspec.py,87,stringify_path,NOT_EXPLICIT,False,None,TmpDirFileSystem,_strip_protocol,https://github.com/huggingface/datasets/blob/main/tests/fixtures/fsspec.py#L87,        path = stringify_path(path)
huggingface/datasets,utils/release.py,33,open,NOT_EXPLICIT,False,None,None,update_version_in_file,https://github.com/huggingface/datasets/blob/main/utils/release.py#L33,"    with open(fname, ""r"", encoding=""utf-8"", newline=""\n"") as f:"
huggingface/datasets,utils/release.py,38,open,NOT_EXPLICIT,False,None,None,update_version_in_file,https://github.com/huggingface/datasets/blob/main/utils/release.py#L38,"    with open(fname, ""w"", encoding=""utf-8"", newline=""\n"") as f:"
huggingface/datasets,utils/release.py,50,open,NOT_EXPLICIT,False,None,None,get_version,https://github.com/huggingface/datasets/blob/main/utils/release.py#L50,"    with open(REPLACE_FILES[""init""], ""r"") as f:"
pytorch/pytorch,.ci/lumen_cli/cli/lib/core/torchtitan/lib.py,21,open,NOT_EXPLICIT,False,None,None,_load_torchtitan_test_library_yaml,https://github.com/pytorch/pytorch/blob/main/.ci/lumen_cli/cli/lib/core/torchtitan/lib.py#L21,"    with open(_TORCHTITAN_TEST_LIBRARY_PATH, encoding=""utf-8"") as f:"
pytorch/pytorch,.ci/lumen_cli/cli/lib/core/vllm/lib.py,43,open,NOT_EXPLICIT,False,None,None,_load_vllm_test_library_yaml,https://github.com/pytorch/pytorch/blob/main/.ci/lumen_cli/cli/lib/core/vllm/lib.py#L43,"    with open(_VLLM_TEST_LIBRARY_PATH, encoding=""utf-8"") as f:"
pytorch/pytorch,.ci/lumen_cli/cli/lib/core/vllm/lib.py,100,open,NOT_EXPLICIT,False,None,None,_load_disabled_vllm_tests_from_yaml,https://github.com/pytorch/pytorch/blob/main/.ci/lumen_cli/cli/lib/core/vllm/lib.py#L100,"    with open(_DISABLED_VLLM_TESTS_PATH, encoding=""utf-8"") as f:"
pytorch/pytorch,.ci/pytorch/print_sccache_log.py,6,open,NOT_EXPLICIT,False,None,None,global,https://github.com/pytorch/pytorch/blob/main/.ci/pytorch/print_sccache_log.py#L6,with open(log_file_path) as f:
pytorch/pytorch,.ci/pytorch/smoke_test/smoke_test.py,80,open,NOT_EXPLICIT,False,None,None,load_json_from_basedir,https://github.com/pytorch/pytorch/blob/main/.ci/pytorch/smoke_test/smoke_test.py#L80,        with open(BASE_DIR / filename) as fptr:
pytorch/pytorch,.ci/pytorch/windows/_common.py,94,open,NOT_EXPLICIT,False,None,None,download,https://github.com/pytorch/pytorch/blob/main/.ci/pytorch/windows/_common.py#L94,"            with urllib.request.urlopen(url) as response, open(dest, ""wb"") as out:"
pytorch/pytorch,.claude/skills/triaging-issues/scripts/add_bot_triaged.py,28,open,NOT_EXPLICIT,False,None,None,debug_log,https://github.com/pytorch/pytorch/blob/main/.claude/skills/triaging-issues/scripts/add_bot_triaged.py#L28,"        with open(DEBUG_LOG, ""a"") as f:"
pytorch/pytorch,.claude/skills/triaging-issues/scripts/validate_issue_target.py,20,open,NOT_EXPLICIT,False,None,None,debug_log,https://github.com/pytorch/pytorch/blob/main/.claude/skills/triaging-issues/scripts/validate_issue_target.py#L20,"        with open(DEBUG_LOG, ""a"") as log:"
pytorch/pytorch,.claude/skills/triaging-issues/scripts/validate_labels.py,61,open,NOT_EXPLICIT,False,None,None,debug_log,https://github.com/pytorch/pytorch/blob/main/.claude/skills/triaging-issues/scripts/validate_labels.py#L61,"        with open(DEBUG_LOG, ""a"") as f:"
pytorch/pytorch,.claude/skills/triaging-issues/scripts/validate_labels.py,79,open,NOT_EXPLICIT,False,None,None,_load_labels_from_file,https://github.com/pytorch/pytorch/blob/main/.claude/skills/triaging-issues/scripts/validate_labels.py#L79,        with open(path) as f:
pytorch/pytorch,.github/actions/reuse-old-whl/reuse_old_whl.py,205,open,NOT_EXPLICIT,False,None,None,find_old_whl,https://github.com/pytorch/pytorch/blob/main/.github/actions/reuse-old-whl/reuse_old_whl.py#L205,"                with open(""artifacts.zip"", ""wb"") as f:"
pytorch/pytorch,.github/actions/reuse-old-whl/reuse_old_whl.py,245,open,NOT_EXPLICIT,False,None,None,change_content_to_new_version,https://github.com/pytorch/pytorch/blob/main/.github/actions/reuse-old-whl/reuse_old_whl.py#L245,            with open(file) as f:
pytorch/pytorch,.github/actions/reuse-old-whl/reuse_old_whl.py,248,open,NOT_EXPLICIT,False,None,None,change_content_to_new_version,https://github.com/pytorch/pytorch/blob/main/.github/actions/reuse-old-whl/reuse_old_whl.py#L248,"            with open(file, ""w"") as f:"
pytorch/pytorch,.github/actions/reuse-old-whl/reuse_old_whl.py,312,open,NOT_EXPLICIT,False,None,None,set_output,https://github.com/pytorch/pytorch/blob/main/.github/actions/reuse-old-whl/reuse_old_whl.py#L312,"        with open(str(os.getenv(""GITHUB_OUTPUT"")), ""a"") as env:"
pytorch/pytorch,.github/ci_configs/vllm/use_existing_torch.py,49,open,NOT_EXPLICIT,False,None,None,main,https://github.com/pytorch/pytorch/blob/main/.github/ci_configs/vllm/use_existing_torch.py#L49,        with open(file) as f:
pytorch/pytorch,.github/ci_configs/vllm/use_existing_torch.py,52,open,NOT_EXPLICIT,False,None,None,main,https://github.com/pytorch/pytorch/blob/main/.github/ci_configs/vllm/use_existing_torch.py#L52,"            with open(file, ""w"") as f:"
pytorch/pytorch,.github/scripts/build_triton_wheel.py,21,open,NOT_EXPLICIT,False,None,None,read_triton_pin,https://github.com/pytorch/pytorch/blob/main/.github/scripts/build_triton_wheel.py#L21,"    with open(REPO_DIR / "".ci"" / ""docker"" / ""ci_commit_pins"" / triton_file) as f:"
pytorch/pytorch,.github/scripts/build_triton_wheel.py,29,open,NOT_EXPLICIT,False,None,None,read_triton_version,https://github.com/pytorch/pytorch/blob/main/.github/scripts/build_triton_wheel.py#L29,"    with open(REPO_DIR / "".ci"" / ""docker"" / triton_version_file) as f:"
pytorch/pytorch,.github/scripts/build_triton_wheel.py,45,open,NOT_EXPLICIT,False,None,None,patch_init_py,https://github.com/pytorch/pytorch/blob/main/.github/scripts/build_triton_wheel.py#L45,    with open(path) as f:
pytorch/pytorch,.github/scripts/build_triton_wheel.py,51,open,NOT_EXPLICIT,False,None,None,patch_init_py,https://github.com/pytorch/pytorch/blob/main/.github/scripts/build_triton_wheel.py#L51,"    with open(path, ""w"") as f:"
pytorch/pytorch,.github/scripts/close_nonexistent_disable_issues.py,96,open,NOT_EXPLICIT,False,None,None,download_log_worker,https://github.com/pytorch/pytorch/blob/main/.github/scripts/close_nonexistent_disable_issues.py#L96,"    with open(f""{temp_dir}/{name.replace('/', '_')} {id}.txt"", ""x"") as f:"
pytorch/pytorch,.github/scripts/close_nonexistent_disable_issues.py,176,open,NOT_EXPLICIT,False,None,None,global,https://github.com/pytorch/pytorch/blob/main/.github/scripts/close_nonexistent_disable_issues.py#L176,"            with open(f""{temp_dir}/{filename}"") as f:"
pytorch/pytorch,.github/scripts/ensure_actions_will_cancel.py,26,open,NOT_EXPLICIT,False,None,None,should_check,https://github.com/pytorch/pytorch/blob/main/.github/scripts/ensure_actions_will_cancel.py#L26,    with open(filename) as f:
pytorch/pytorch,.github/scripts/ensure_actions_will_cancel.py,39,open,NOT_EXPLICIT,False,None,None,global,https://github.com/pytorch/pytorch/blob/main/.github/scripts/ensure_actions_will_cancel.py#L39,        with open(filename) as f:
pytorch/pytorch,.github/scripts/export_pytorch_labels.py,40,open,NOT_EXPLICIT,False,None,None,main,https://github.com/pytorch/pytorch/blob/main/.github/scripts/export_pytorch_labels.py#L40,"        with open(args.output_file, ""w"") as f:"
pytorch/pytorch,.github/scripts/file_io_utils.py,47,open,NOT_EXPLICIT,False,None,None,load_json_file,https://github.com/pytorch/pytorch/blob/main/.github/scripts/file_io_utils.py#L47,    with open(file_path) as f:
pytorch/pytorch,.github/scripts/file_io_utils.py,55,open,NOT_EXPLICIT,False,None,None,write_json_file,https://github.com/pytorch/pytorch/blob/main/.github/scripts/file_io_utils.py#L55,"    with open(file_path, ""w"") as f:"
pytorch/pytorch,.github/scripts/filter_test_configs.py,459,open,NOT_EXPLICIT,False,None,None,set_output,https://github.com/pytorch/pytorch/blob/main/.github/scripts/filter_test_configs.py#L459,"        with open(str(os.getenv(""GITHUB_OUTPUT"")), ""a"") as env:"
pytorch/pytorch,.github/scripts/generate_ci_workflows.py,98,open,NOT_EXPLICIT,False,None,BinaryBuildWorkflow,generate_workflow_file,https://github.com/pytorch/pytorch/blob/main/.github/scripts/generate_ci_workflows.py#L98,"        with open(output_file_path, ""w"") as output_file:"
pytorch/pytorch,.github/scripts/get_workflow_job_id.py,147,open,NOT_EXPLICIT,False,None,None,set_output,https://github.com/pytorch/pytorch/blob/main/.github/scripts/get_workflow_job_id.py#L147,"        with open(str(os.getenv(""GITHUB_OUTPUT"")), ""a"") as env:"
pytorch/pytorch,.github/scripts/lint_native_functions.py,29,open,NOT_EXPLICIT,False,None,None,global,https://github.com/pytorch/pytorch/blob/main/.github/scripts/lint_native_functions.py#L29,"with open(Path(__file__).parents[2] / fn(""."")) as f:"
pytorch/pytorch,.github/scripts/map_ec2_to_arc.py,45,open,NOT_EXPLICIT,False,None,None,load_mapping,https://github.com/pytorch/pytorch/blob/main/.github/scripts/map_ec2_to_arc.py#L45,    with open(arc_yaml) as f:
pytorch/pytorch,.github/scripts/map_ec2_to_arc.py,51,open,NOT_EXPLICIT,False,None,None,load_meta_only,https://github.com/pytorch/pytorch/blob/main/.github/scripts/map_ec2_to_arc.py#L51,    with open(arc_yaml) as f:
pytorch/pytorch,.github/scripts/map_ec2_to_arc.py,60,open,NOT_EXPLICIT,False,None,None,set_output,https://github.com/pytorch/pytorch/blob/main/.github/scripts/map_ec2_to_arc.py#L60,"        with open(github_output, ""a"") as f:"
pytorch/pytorch,.github/scripts/parse_ref.py,10,open,NOT_EXPLICIT,False,None,None,set_output,https://github.com/pytorch/pytorch/blob/main/.github/scripts/parse_ref.py#L10,"        with open(str(os.getenv(""GITHUB_OUTPUT"")), ""a"") as env:"
pytorch/pytorch,.github/scripts/runner_determinator.py,172,open,NOT_EXPLICIT,False,None,None,set_github_output,https://github.com/pytorch/pytorch/blob/main/.github/scripts/runner_determinator.py#L172,"    with open(GITHUB_OUTPUT, ""a"") as f:"
pytorch/pytorch,.github/scripts/trymerge.py,1641,open,NOT_EXPLICIT,False,None,None,read_merge_rules,https://github.com/pytorch/pytorch/blob/main/.github/scripts/trymerge.py#L1641,        with open(rules_path) as fp:
pytorch/pytorch,.github/scripts/trymerge.py,2072,open,NOT_EXPLICIT,False,None,None,save_merge_record,https://github.com/pytorch/pytorch/blob/main/.github/scripts/trymerge.py#L2072,"    with open(repo_root / ""merge_record.json"", ""w"") as f:"
pytorch/pytorch,.github/scripts/tryrebase.py,121,open,NOT_EXPLICIT,False,None,None,rebase_ghstack_onto,https://github.com/pytorch/pytorch/blob/main/.github/scripts/tryrebase.py#L121,"    with open("".ghstackrc"", ""w+"") as f:"
pytorch/pytorch,.spin/cmds.py,38,open,NOT_EXPLICIT,False,None,None,_hash_file,https://github.com/pytorch/pytorch/blob/main/.spin/cmds.py#L38,"    with open(file, ""rb"") as f:"
pytorch/pytorch,aten/src/ATen/native/quantized/cpu/qnnpack/generate-wrapper.py,122,open,NOT_EXPLICIT,False,None,None,global,https://github.com/pytorch/pytorch/blob/main/aten/src/ATen/native/quantized/cpu/qnnpack/generate-wrapper.py#L122,"            with open(filepath, ""w"") as wrapper:"
pytorch/pytorch,aten/src/ATen/native/transformers/hip/flash_attn/ck/fav_v3/codegen_compat.py,103,open,NOT_EXPLICIT,False,None,None,main,https://github.com/pytorch/pytorch/blob/main/aten/src/ATen/native/transformers/hip/flash_attn/ck/fav_v3/codegen_compat.py#L103,"            with open(single_file, newline="""") as f:"
pytorch/pytorch,aten/src/ATen/native/transformers/hip/flash_attn/ck/fav_v3/codegen_compat.py,184,open,NOT_EXPLICIT,False,None,None,main,https://github.com/pytorch/pytorch/blob/main/aten/src/ATen/native/transformers/hip/flash_attn/ck/fav_v3/codegen_compat.py#L184,"    with open(f""{args.output_dir}/asm_{args.module}_configs.hpp"", ""w"") as f:"
pytorch/pytorch,aten/src/ATen/native/transformers/hip/flash_attn/ck/fav_v3/generate_aiter_embedded_hsa.py,82,open,NOT_EXPLICIT,False,None,None,generate_embedded_hsa_header,https://github.com/pytorch/pytorch/blob/main/aten/src/ATen/native/transformers/hip/flash_attn/ck/fav_v3/generate_aiter_embedded_hsa.py#L82,"        with open(co_file, ""rb"") as f:"
pytorch/pytorch,aten/src/ATen/native/transformers/hip/flash_attn/ck/fav_v3/generate_aiter_embedded_hsa.py,113,open,NOT_EXPLICIT,False,None,None,generate_embedded_hsa_header,https://github.com/pytorch/pytorch/blob/main/aten/src/ATen/native/transformers/hip/flash_attn/ck/fav_v3/generate_aiter_embedded_hsa.py#L113,"    with open(output_file, ""w"") as f:"
pytorch/pytorch,benchmarks/compare-fastrnn-results.py,32,open,NOT_EXPLICIT,False,None,None,global,https://github.com/pytorch/pytorch/blob/main/benchmarks/compare-fastrnn-results.py#L32,with open(args.base) as base:
pytorch/pytorch,benchmarks/compare-fastrnn-results.py,34,open,NOT_EXPLICIT,False,None,None,global,https://github.com/pytorch/pytorch/blob/main/benchmarks/compare-fastrnn-results.py#L34,with open(args.diff) as diff:
pytorch/pytorch,benchmarks/distributed/ddp/benchmark.py,293,open,NOT_EXPLICIT,False,None,None,main,https://github.com/pytorch/pytorch/blob/main/benchmarks/distributed/ddp/benchmark.py#L293,"        with open(args.json, ""w"") as f:"
pytorch/pytorch,benchmarks/distributed/ddp/diff.py,13,open,NOT_EXPLICIT,False,None,None,load,https://github.com/pytorch/pytorch/blob/main/benchmarks/distributed/ddp/diff.py#L13,    with open(path) as f:
pytorch/pytorch,benchmarks/dynamo/benchmarks.py,18,open,NOT_EXPLICIT,False,None,None,model_names,https://github.com/pytorch/pytorch/blob/main/benchmarks/dynamo/benchmarks.py#L18,    with open(filename) as fh:
pytorch/pytorch,benchmarks/dynamo/cachebench.py,183,open,NOT_EXPLICIT,False,None,None,_write_results_to_json,https://github.com/pytorch/pytorch/blob/main/benchmarks/dynamo/cachebench.py#L183,"    with open(cmd_args.output, ""w"") as f:"
pytorch/pytorch,benchmarks/dynamo/ci_expected_accuracy/update_expected.py,279,open,NOT_EXPLICIT,False,None,None,apply_lints,https://github.com/pytorch/pytorch/blob/main/benchmarks/dynamo/ci_expected_accuracy/update_expected.py#L279,        with open(filename) as fd:
pytorch/pytorch,benchmarks/dynamo/ci_expected_accuracy/update_expected.py,281,open,NOT_EXPLICIT,False,None,None,apply_lints,https://github.com/pytorch/pytorch/blob/main/benchmarks/dynamo/ci_expected_accuracy/update_expected.py#L281,"        with open(filename, ""w"") as fd:"
pytorch/pytorch,benchmarks/dynamo/combine_csv.py,16,open,NOT_EXPLICIT,False,None,None,global,https://github.com/pytorch/pytorch/blob/main/benchmarks/dynamo/combine_csv.py#L16,    with open(f) as f:
pytorch/pytorch,benchmarks/dynamo/common.py,263,open,NOT_EXPLICIT,False,None,None,load_yaml_file,https://github.com/pytorch/pytorch/blob/main/benchmarks/dynamo/common.py#L263,    with open(filepath) as f:
pytorch/pytorch,benchmarks/dynamo/common.py,268,open,NOT_EXPLICIT,False,None,None,load_yaml_file,https://github.com/pytorch/pytorch/blob/main/benchmarks/dynamo/common.py#L268,        with open(internal_file_path) as f:
pytorch/pytorch,benchmarks/dynamo/common.py,346,open,NOT_EXPLICIT,False,None,None,output_csv,https://github.com/pytorch/pytorch/blob/main/benchmarks/dynamo/common.py#L346,        with open(filename) as fd:
pytorch/pytorch,benchmarks/dynamo/common.py,356,open,NOT_EXPLICIT,False,None,None,output_csv,https://github.com/pytorch/pytorch/blob/main/benchmarks/dynamo/common.py#L356,"    with open(filename, ""w"") as fd:"
pytorch/pytorch,benchmarks/dynamo/common.py,385,open,NOT_EXPLICIT,False,None,None,output_json,https://github.com/pytorch/pytorch/blob/main/benchmarks/dynamo/common.py#L385,"    with open(f""{os.path.splitext(filename)[0]}.json"", ""a"") as f:"
pytorch/pytorch,benchmarks/dynamo/common.py,1567,open,NOT_EXPLICIT,False,None,None,aot_precompile,https://github.com/pytorch/pytorch/blob/main/benchmarks/dynamo/common.py#L1567,"        with open(save_path, ""rb"") as f:"
pytorch/pytorch,benchmarks/dynamo/common.py,1655,open,NOT_EXPLICIT,False,None,None,read_batch_size_from_file,https://github.com/pytorch/pytorch/blob/main/benchmarks/dynamo/common.py#L1655,    with open(filename) as f:
pytorch/pytorch,benchmarks/dynamo/huggingface.py,120,open,NOT_EXPLICIT,False,None,None,global,https://github.com/pytorch/pytorch/blob/main/benchmarks/dynamo/huggingface.py#L120,with open(MODELS_FILENAME) as fh:
pytorch/pytorch,benchmarks/dynamo/launch_compile_op_numerics.py,867,open,NOT_EXPLICIT,False,None,None,launch_test_case,https://github.com/pytorch/pytorch/blob/main/benchmarks/dynamo/launch_compile_op_numerics.py#L867,"            stderr=open(f""/workspace/logs/{identifier}.log"", ""w""),"
pytorch/pytorch,benchmarks/dynamo/launch_compile_op_numerics.py,894,open,NOT_EXPLICIT,False,None,None,runner,https://github.com/pytorch/pytorch/blob/main/benchmarks/dynamo/launch_compile_op_numerics.py#L894,"    with open(         f""/workspace/result_{args.gpu[0]}_{args.pytorch_version}_{args.cuda_version}.jsonl"",         ""a+"",     ) as result:"
pytorch/pytorch,benchmarks/dynamo/microbenchmarks/analyze_templates.py,15,open,NOT_EXPLICIT,False,None,None,parse_log_file,https://github.com/pytorch/pytorch/blob/main/benchmarks/dynamo/microbenchmarks/analyze_templates.py#L15,    with open(file_path) as f:
pytorch/pytorch,benchmarks/dynamo/microbenchmarks/operator_inp_utils.py,188,open,NOT_EXPLICIT,False,None,OperatorInputsMode,log_to_file,https://github.com/pytorch/pytorch/blob/main/benchmarks/dynamo/microbenchmarks/operator_inp_utils.py#L188,"        with open(output_filename, ""w"") as f:"
pytorch/pytorch,benchmarks/dynamo/microbenchmarks/operator_inp_utils.py,244,open,NOT_EXPLICIT,False,None,OperatorInputsLoader,__init__,https://github.com/pytorch/pytorch/blob/main/benchmarks/dynamo/microbenchmarks/operator_inp_utils.py#L244,        with open(json_file_path) as f:
pytorch/pytorch,benchmarks/dynamo/microbenchmarks/operatorbench.py,268,open,NOT_EXPLICIT,False,None,None,benchmark,https://github.com/pytorch/pytorch/blob/main/benchmarks/dynamo/microbenchmarks/operatorbench.py#L268,"        with open(filename, ""w"") as output_fd:"
pytorch/pytorch,benchmarks/dynamo/pr_time_benchmarks/benchmarks/benchmark_base.py,225,open,NOT_EXPLICIT,False,None,BenchmarkBase,_write_to_json,https://github.com/pytorch/pytorch/blob/main/benchmarks/dynamo/pr_time_benchmarks/benchmarks/benchmark_base.py#L225,"        with open(os.path.join(output_dir, f""{self.name()}.json""), ""w"") as f:"
pytorch/pytorch,benchmarks/dynamo/pr_time_benchmarks/benchmarks/benchmark_base.py,229,open,NOT_EXPLICIT,False,None,BenchmarkBase,append_results,https://github.com/pytorch/pytorch/blob/main/benchmarks/dynamo/pr_time_benchmarks/benchmarks/benchmark_base.py#L229,"        with open(path, ""a"", newline="""") as csvfile:"
pytorch/pytorch,benchmarks/dynamo/pr_time_benchmarks/check_results.py,75,open,NOT_EXPLICIT,False,None,None,main,https://github.com/pytorch/pytorch/blob/main/benchmarks/dynamo/pr_time_benchmarks/check_results.py#L75,    with open(expected_file_path) as f:
pytorch/pytorch,benchmarks/dynamo/pr_time_benchmarks/check_results.py,94,open,NOT_EXPLICIT,False,None,None,main,https://github.com/pytorch/pytorch/blob/main/benchmarks/dynamo/pr_time_benchmarks/check_results.py#L94,    with open(result_file_path) as f:
pytorch/pytorch,benchmarks/dynamo/pr_time_benchmarks/check_results.py,197,open,NOT_EXPLICIT,False,None,None,main,https://github.com/pytorch/pytorch/blob/main/benchmarks/dynamo/pr_time_benchmarks/check_results.py#L197,"    with open(reference_expected_results_path, ""w"", newline="""") as csvfile:"
pytorch/pytorch,benchmarks/dynamo/pr_time_benchmarks/check_results.py,221,open,NOT_EXPLICIT,False,None,None,main,https://github.com/pytorch/pytorch/blob/main/benchmarks/dynamo/pr_time_benchmarks/check_results.py#L221,    with open(reference_expected_results_path) as f:
pytorch/pytorch,benchmarks/dynamo/runner.py,414,open,NOT_EXPLICIT,False,None,None,generate_commands,https://github.com/pytorch/pytorch/blob/main/benchmarks/dynamo/runner.py#L414,"    with open(generated_file, ""w"") as runfile:"
pytorch/pytorch,benchmarks/dynamo/runner.py,555,open,NOT_EXPLICIT,False,None,None,build_summary,https://github.com/pytorch/pytorch/blob/main/benchmarks/dynamo/runner.py#L555,"    with open(f""{output_dir}/gh_build_summary.txt"", ""w"") as gh_fh:"
pytorch/pytorch,benchmarks/dynamo/runner.py,628,open,NOT_EXPLICIT,False,None,Parser,has_header,https://github.com/pytorch/pytorch/blob/main/benchmarks/dynamo/runner.py#L628,        with open(output_filename) as f:
pytorch/pytorch,benchmarks/dynamo/runner.py,998,open,NOT_EXPLICIT,False,None,ParsePerformanceLogs,gen_summary_files,https://github.com/pytorch/pytorch/blob/main/benchmarks/dynamo/runner.py#L998,"        with open(f""{self.output_dir}/gh_title.txt"", ""w"") as gh_fh:"
pytorch/pytorch,benchmarks/dynamo/runner.py,1005,open,NOT_EXPLICIT,False,None,ParsePerformanceLogs,gen_summary_files,https://github.com/pytorch/pytorch/blob/main/benchmarks/dynamo/runner.py#L1005,"        with open(f""{self.output_dir}/gh_executive_summary.txt"", ""w"") as gh_fh:"
pytorch/pytorch,benchmarks/dynamo/runner.py,1008,open,NOT_EXPLICIT,False,None,ParsePerformanceLogs,gen_summary_files,https://github.com/pytorch/pytorch/blob/main/benchmarks/dynamo/runner.py#L1008,"        with open(f""{self.output_dir}/gh_warnings.txt"", ""w"") as gh_fh:"
pytorch/pytorch,benchmarks/dynamo/runner.py,1016,open,NOT_EXPLICIT,False,None,ParsePerformanceLogs,gen_summary_files,https://github.com/pytorch/pytorch/blob/main/benchmarks/dynamo/runner.py#L1016,"        with open(f""{self.output_dir}/gh_{self.mode}.txt"", ""w"") as gh_fh:"
pytorch/pytorch,benchmarks/dynamo/runner.py,1128,open,NOT_EXPLICIT,False,None,SummaryStatDiffer,generate_comment,https://github.com/pytorch/pytorch/blob/main/benchmarks/dynamo/runner.py#L1128,"        with open(f""{self.args.output_dir}/gh_summary_diff.txt"", ""w"") as gh_fh:"
pytorch/pytorch,benchmarks/dynamo/runner.py,1249,open,NOT_EXPLICIT,False,None,RegressionDetector,generate_comment,https://github.com/pytorch/pytorch/blob/main/benchmarks/dynamo/runner.py#L1249,"        with open(f""{self.args.output_dir}/gh_metric_regression.txt"", ""w"") as gh_fh:"
pytorch/pytorch,benchmarks/dynamo/runner.py,1298,open,NOT_EXPLICIT,False,None,RegressionTracker,generate_comment,https://github.com/pytorch/pytorch/blob/main/benchmarks/dynamo/runner.py#L1298,"        with open(f""{self.args.output_dir}/gh_regression.txt"", ""w"") as gh_fh:"
pytorch/pytorch,benchmarks/dynamo/runner.py,1409,open,NOT_EXPLICIT,False,None,DashboardUpdater,upload_graphs,https://github.com/pytorch/pytorch/blob/main/benchmarks/dynamo/runner.py#L1409,"        with open(f""{self.output_dir}/gh_graphs.txt"", ""w"") as gh_fh:"
pytorch/pytorch,benchmarks/dynamo/runner.py,1427,open,NOT_EXPLICIT,False,None,DashboardUpdater,gen_comment,https://github.com/pytorch/pytorch/blob/main/benchmarks/dynamo/runner.py#L1427,"                with open(os.path.join(self.output_dir, f)) as fh:"
pytorch/pytorch,benchmarks/dynamo/runner.py,1469,open,NOT_EXPLICIT,False,None,DashboardUpdater,update,https://github.com/pytorch/pytorch/blob/main/benchmarks/dynamo/runner.py#L1469,"                with open(f""{self.args.output_dir}/gh_regression.txt"", ""w"") as gh_fh:"
pytorch/pytorch,benchmarks/dynamo/timm_models.py,55,open,NOT_EXPLICIT,False,None,None,global,https://github.com/pytorch/pytorch/blob/main/benchmarks/dynamo/timm_models.py#L55,with open(filename) as fh:
pytorch/pytorch,benchmarks/dynamo/timm_models.py,74,open,NOT_EXPLICIT,False,None,None,read_models_from_docs,https://github.com/pytorch/pytorch/blob/main/benchmarks/dynamo/timm_models.py#L74,            with open(fn) as f:
pytorch/pytorch,benchmarks/dynamo/timm_models.py,143,open,NOT_EXPLICIT,False,None,None,refresh_model_names,https://github.com/pytorch/pytorch/blob/main/benchmarks/dynamo/timm_models.py#L143,"    with open(filename, ""w"") as fw:"
pytorch/pytorch,benchmarks/functional_autograd_benchmark/compare.py,28,open,NOT_EXPLICIT,False,None,None,main,https://github.com/pytorch/pytorch/blob/main/benchmarks/functional_autograd_benchmark/compare.py#L28,    with open(args.before) as f:
pytorch/pytorch,benchmarks/functional_autograd_benchmark/compare.py,32,open,NOT_EXPLICIT,False,None,None,main,https://github.com/pytorch/pytorch/blob/main/benchmarks/functional_autograd_benchmark/compare.py#L32,    with open(args.after) as f:
pytorch/pytorch,benchmarks/functional_autograd_benchmark/compare.py,70,open,NOT_EXPLICIT,False,None,None,main,https://github.com/pytorch/pytorch/blob/main/benchmarks/functional_autograd_benchmark/compare.py#L70,"        with open(args.output, ""w"") as f:"
pytorch/pytorch,benchmarks/functional_autograd_benchmark/functional_autograd_benchmark.py,342,open,NOT_EXPLICIT,False,None,None,main,https://github.com/pytorch/pytorch/blob/main/benchmarks/functional_autograd_benchmark/functional_autograd_benchmark.py#L342,"        with open(args.output, ""w"") as f:"
pytorch/pytorch,benchmarks/gpt_fast/benchmark.py,235,open,NOT_EXPLICIT,False,None,None,output_csv,https://github.com/pytorch/pytorch/blob/main/benchmarks/gpt_fast/benchmark.py#L235,        with open(output_file) as fd:
pytorch/pytorch,benchmarks/gpt_fast/benchmark.py,248,open,NOT_EXPLICIT,False,None,None,output_csv,https://github.com/pytorch/pytorch/blob/main/benchmarks/gpt_fast/benchmark.py#L248,"    with open(output_file, ""w"") as fd:"
pytorch/pytorch,benchmarks/gpt_fast/benchmark.py,283,open,NOT_EXPLICIT,False,None,None,output_json,https://github.com/pytorch/pytorch/blob/main/benchmarks/gpt_fast/benchmark.py#L283,"    with open(f""{os.path.splitext(output_file)[0]}.json"", ""a"") as f:"
pytorch/pytorch,benchmarks/inference/process_metrics.py,38,open,NOT_EXPLICIT,False,None,None,global,https://github.com/pytorch/pytorch/blob/main/benchmarks/inference/process_metrics.py#L38,"    with open(output_md, ""a+"") as f:"
pytorch/pytorch,benchmarks/inference/server.py,392,open,NOT_EXPLICIT,False,None,None,global,https://github.com/pytorch/pytorch/blob/main/benchmarks/inference/server.py#L392,"        with open(output_file, ""a+"", newline="""") as file:"
pytorch/pytorch,benchmarks/instruction_counts/applications/ci.py,76,open,NOT_EXPLICIT,False,None,None,main,https://github.com/pytorch/pytorch/blob/main/benchmarks/instruction_counts/applications/ci.py#L76,"        with open(args.destination, ""w"") as f:"
pytorch/pytorch,benchmarks/instruction_counts/core/expand.py,68,open,NOT_EXPLICIT,False,None,None,_generate_torchscript_file,https://github.com/pytorch/pytorch/blob/main/benchmarks/instruction_counts/core/expand.py#L68,"    with open(module_path, ""w"") as f:"
pytorch/pytorch,benchmarks/instruction_counts/execution/work.py,85,open,NOT_EXPLICIT,False,None,_BenchmarkProcess,__init__,https://github.com/pytorch/pytorch/blob/main/benchmarks/instruction_counts/execution/work.py#L85,"        with open(self._communication_file, ""wb"") as f:"
pytorch/pytorch,benchmarks/instruction_counts/execution/work.py,160,open,NOT_EXPLICIT,False,None,_BenchmarkProcess,_maybe_collect,https://github.com/pytorch/pytorch/blob/main/benchmarks/instruction_counts/execution/work.py#L160,"        with open(self._communication_file, ""rb"") as f:"
pytorch/pytorch,benchmarks/instruction_counts/worker/main.py,168,open,NOT_EXPLICIT,False,None,None,main,https://github.com/pytorch/pytorch/blob/main/benchmarks/instruction_counts/worker/main.py#L168,"        with open(communication_file, ""rb"") as f:"
pytorch/pytorch,benchmarks/instruction_counts/worker/main.py,191,open,NOT_EXPLICIT,False,None,None,main,https://github.com/pytorch/pytorch/blob/main/benchmarks/instruction_counts/worker/main.py#L191,"    with open(communication_file, ""wb"") as f:"
pytorch/pytorch,benchmarks/operator_benchmark/benchmark_core.py,551,open,NOT_EXPLICIT,False,None,BenchmarkRunner,_output_csv,https://github.com/pytorch/pytorch/blob/main/benchmarks/operator_benchmark/benchmark_core.py#L551,            with open(filename) as fd:
pytorch/pytorch,benchmarks/operator_benchmark/benchmark_core.py,561,open,NOT_EXPLICIT,False,None,BenchmarkRunner,_output_csv,https://github.com/pytorch/pytorch/blob/main/benchmarks/operator_benchmark/benchmark_core.py#L561,"        with open(filename, ""w"") as fd:"
pytorch/pytorch,benchmarks/operator_benchmark/benchmark_core.py,698,open,NOT_EXPLICIT,False,None,BenchmarkRunner,_output_json,https://github.com/pytorch/pytorch/blob/main/benchmarks/operator_benchmark/benchmark_core.py#L698,"        with open(output_file, ""w"", encoding=""utf-8"") as f:"
pytorch/pytorch,benchmarks/operator_benchmark/benchmark_core.py,800,open,NOT_EXPLICIT,False,None,BenchmarkRunner,run,https://github.com/pytorch/pytorch/blob/main/benchmarks/operator_benchmark/benchmark_core.py#L800,"            with open(self.args.output_json, ""w"") as f:"
pytorch/pytorch,benchmarks/operator_benchmark/compare_with_baseline.py,23,open,NOT_EXPLICIT,False,None,None,load_benchmark_records,https://github.com/pytorch/pytorch/blob/main/benchmarks/operator_benchmark/compare_with_baseline.py#L23,"        with open(os.path.join(directory, fname)) as f:"
pytorch/pytorch,benchmarks/sparse/dlmc/utils.py,25,open,NOT_EXPLICIT,False,None,None,read_matrix_params,https://github.com/pytorch/pytorch/blob/main/benchmarks/sparse/dlmc/utils.py#L25,    with open(path) as file:
pytorch/pytorch,benchmarks/sparse/dlmc/utils.py,42,open,NOT_EXPLICIT,False,None,None,load_sparse_matrix,https://github.com/pytorch/pytorch/blob/main/benchmarks/sparse/dlmc/utils.py#L42,    with open(path) as file:
pytorch/pytorch,benchmarks/sparse/dlmc/utils.py,57,open,NOT_EXPLICIT,False,None,None,gen_vector,https://github.com/pytorch/pytorch/blob/main/benchmarks/sparse/dlmc/utils.py#L57,    with open(path) as file:
pytorch/pytorch,benchmarks/sparse/dlmc/utils.py,63,open,NOT_EXPLICIT,False,None,None,gen_matrix,https://github.com/pytorch/pytorch/blob/main/benchmarks/sparse/dlmc/utils.py#L63,    with open(path) as file:
pytorch/pytorch,benchmarks/sparse/spmm.py,91,open,NOT_EXPLICIT,False,None,None,global,https://github.com/pytorch/pytorch/blob/main/benchmarks/sparse/spmm.py#L91,"        outfile = open(args.outfile, ""a"")  # noqa: SIM115"
pytorch/pytorch,benchmarks/sparse/spmv.py,90,open,NOT_EXPLICIT,False,None,None,global,https://github.com/pytorch/pytorch/blob/main/benchmarks/sparse/spmv.py#L90,"        outfile = open(args.outfile, ""a"")  # noqa: SIM115"
pytorch/pytorch,benchmarks/sparse/triton_ops.py,194,open,NOT_EXPLICIT,False,None,None,global,https://github.com/pytorch/pytorch/blob/main/benchmarks/sparse/triton_ops.py#L194,"        outfile = open(args.outfile, ""a"")  # noqa: SIM115"
pytorch/pytorch,benchmarks/transformer/better_transformer_vs_mha_functional.py,212,open,NOT_EXPLICIT,False,None,None,main,https://github.com/pytorch/pytorch/blob/main/benchmarks/transformer/better_transformer_vs_mha_functional.py#L212,"        with open(save_path, ""w"") as csvfile:"
pytorch/pytorch,benchmarks/transformer/better_transformer_vs_mha_functional.py,217,open,NOT_EXPLICIT,False,None,None,main,https://github.com/pytorch/pytorch/blob/main/benchmarks/transformer/better_transformer_vs_mha_functional.py#L217,"        with open(error_path, ""w"") as file:"
pytorch/pytorch,benchmarks/transformer/config_utils.py,51,open,NOT_EXPLICIT,False,None,None,load_config_file,https://github.com/pytorch/pytorch/blob/main/benchmarks/transformer/config_utils.py#L51,    with open(config_path) as f:
pytorch/pytorch,benchmarks/transformer/score_mod.py,715,open,NOT_EXPLICIT,False,None,None,print_results,https://github.com/pytorch/pytorch/blob/main/benchmarks/transformer/score_mod.py#L715,"        with open(save_path, ""w"", newline="""") as csvfile:"
pytorch/pytorch,benchmarks/transformer/score_mod.py,1420,open,NOT_EXPLICIT,False,None,None,_output_json_for_dashboard,https://github.com/pytorch/pytorch/blob/main/benchmarks/transformer/score_mod.py#L1420,"    with open(output_file, ""w"", encoding=""utf-8"") as f:"
pytorch/pytorch,benchmarks/transformer/sdp.py,358,open,NOT_EXPLICIT,False,None,None,main,https://github.com/pytorch/pytorch/blob/main/benchmarks/transformer/sdp.py#L358,"        with open(save_path, ""w"") as csvfile:"
pytorch/pytorch,benchmarks/transformer/sdpa.py,263,open,NOT_EXPLICIT,False,None,None,write_results_to_csv,https://github.com/pytorch/pytorch/blob/main/benchmarks/transformer/sdpa.py#L263,"    with open(filename, ""w"", newline="""") as csvfile:"
pytorch/pytorch,caffe2/perfkernels/hp_emblookup_codegen.py,568,open,NOT_EXPLICIT,False,None,None,global,https://github.com/pytorch/pytorch/blob/main/caffe2/perfkernels/hp_emblookup_codegen.py#L568,"with open(filename, ""w"", encoding=""utf8"") as fout:"
pytorch/pytorch,caffe2/perfkernels/sve_emblookup_codegen.py,253,open,NOT_EXPLICIT,False,None,None,main,https://github.com/pytorch/pytorch/blob/main/caffe2/perfkernels/sve_emblookup_codegen.py#L253,"    with open(filename, ""w"") as fout:"
pytorch/pytorch,docs/source/conf.py,2108,open,NOT_EXPLICIT,False,None,None,_add_docstr_source_lines,https://github.com/pytorch/pytorch/blob/main/docs/source/conf.py#L2108,"        with open(module_file, encoding=""utf-8"") as f:"
pytorch/pytorch,docs/source/conf.py,2382,open,NOT_EXPLICIT,False,None,None,coverage_post_process,https://github.com/pytorch/pytorch/blob/main/docs/source/conf.py#L2382,"        with open(output_file, ""a"") as f:"
pytorch/pytorch,docs/source/scripts/build_opsets.py,63,open,NOT_EXPLICIT,False,None,None,main,https://github.com/pytorch/pytorch/blob/main/docs/source/scripts/build_opsets.py#L63,"    with open(os.path.join(BUILD_DIR, ATEN_OPS_CSV_FILE), ""w"") as f:"
pytorch/pytorch,docs/source/scripts/build_opsets.py,67,open,NOT_EXPLICIT,False,None,None,main,https://github.com/pytorch/pytorch/blob/main/docs/source/scripts/build_opsets.py#L67,"    with open(os.path.join(BUILD_DIR, PRIMS_OPS_CSV_FILE), ""w"") as f:"
pytorch/pytorch,docs/source/scripts/exportdb/generate_example_rst.py,33,open,NOT_EXPLICIT,False,None,None,generate_example_rst,https://github.com/pytorch/pytorch/blob/main/docs/source/scripts/exportdb/generate_example_rst.py#L33,    with open(source_file) as file:
pytorch/pytorch,docs/source/scripts/exportdb/generate_example_rst.py,127,open,NOT_EXPLICIT,False,None,None,generate_index_rst,https://github.com/pytorch/pytorch/blob/main/docs/source/scripts/exportdb/generate_example_rst.py#L127,"    with open(os.path.join(PWD, ""blurb.txt"")) as file:"
pytorch/pytorch,docs/source/scripts/exportdb/generate_example_rst.py,147,open,NOT_EXPLICIT,False,None,None,generate_index_rst,https://github.com/pytorch/pytorch/blob/main/docs/source/scripts/exportdb/generate_example_rst.py#L147,"    with open(os.path.join(EXPORTDB_SOURCE, ""index.rst""), ""w"") as f:"
pytorch/pytorch,docs/source/scripts/exportdb/generate_example_rst.py,165,open,NOT_EXPLICIT,False,None,None,generate_tag_rst,https://github.com/pytorch/pytorch/blob/main/docs/source/scripts/exportdb/generate_example_rst.py#L165,"        with open(os.path.join(EXPORTDB_SOURCE, f""{tag}.rst""), ""w"") as f:"
pytorch/pytorch,functorch/examples/maml_omniglot/support/omniglot_loaders.py,111,open,NOT_EXPLICIT,False,None,Omniglot,download,https://github.com/pytorch/pytorch/blob/main/functorch/examples/maml_omniglot/support/omniglot_loaders.py#L111,"            with open(file_path, ""wb"") as f:"
pytorch/pytorch,functorch/op_analysis/gen_data.py,27,open,NOT_EXPLICIT,False,None,None,gen_data,https://github.com/pytorch/pytorch/blob/main/functorch/op_analysis/gen_data.py#L27,"    with open(""../../aten/src/ATen/native/native_functions.yaml"") as f:"
pytorch/pytorch,functorch/op_analysis/gen_data.py,30,open,NOT_EXPLICIT,False,None,None,gen_data,https://github.com/pytorch/pytorch/blob/main/functorch/op_analysis/gen_data.py#L30,"    with open(""annotated_ops"") as f:"
pytorch/pytorch,functorch/op_analysis/gen_data.py,111,open,NOT_EXPLICIT,False,None,None,gen_data,https://github.com/pytorch/pytorch/blob/main/functorch/op_analysis/gen_data.py#L111,"    with open(f""{analysis_name}"", ""w"") as f:"
pytorch/pytorch,functorch/op_analysis/gen_data.py,146,open,NOT_EXPLICIT,False,None,None,global,https://github.com/pytorch/pytorch/blob/main/functorch/op_analysis/gen_data.py#L146,"    with open(""run_ops.txt"") as f:"
pytorch/pytorch,functorch/op_analysis/gen_data.py,148,open,NOT_EXPLICIT,False,None,None,global,https://github.com/pytorch/pytorch/blob/main/functorch/op_analysis/gen_data.py#L148,"    with open(""count_ops.txt"") as f:"
pytorch/pytorch,functorch/op_analysis/gen_data.py,155,open,NOT_EXPLICIT,False,None,None,global,https://github.com/pytorch/pytorch/blob/main/functorch/op_analysis/gen_data.py#L155,"    with open(""run_decompositions.txt"") as f:"
pytorch/pytorch,functorch/op_analysis/gen_data.py,158,open,NOT_EXPLICIT,False,None,None,global,https://github.com/pytorch/pytorch/blob/main/functorch/op_analysis/gen_data.py#L158,"    with open(""public_api"") as f:"
pytorch/pytorch,scripts/analysis/format_test_csv.py,38,open,NOT_EXPLICIT,False,None,None,global,https://github.com/pytorch/pytorch/blob/main/scripts/analysis/format_test_csv.py#L38,with open(args.file) as f:
pytorch/pytorch,scripts/compile_tests/update_failures.py,52,open,NOT_EXPLICIT,False,None,None,patch_file,https://github.com/pytorch/pytorch/blob/main/scripts/compile_tests/update_failures.py#L52,    with open(filename) as f:
pytorch/pytorch,scripts/compile_tests/update_failures.py,85,open,NOT_EXPLICIT,False,None,None,add_file,https://github.com/pytorch/pytorch/blob/main/scripts/compile_tests/update_failures.py#L85,"        with open(file, ""w"") as fp:"
pytorch/pytorch,scripts/export/update_schema.py,92,open,NOT_EXPLICIT,False,None,None,global,https://github.com/pytorch/pytorch/blob/main/scripts/export/update_schema.py#L92,"        with open(os.path.join(args.prefix, commit.yaml_path), ""w"") as f:"
pytorch/pytorch,scripts/export/update_schema.py,94,open,NOT_EXPLICIT,False,None,None,global,https://github.com/pytorch/pytorch/blob/main/scripts/export/update_schema.py#L94,"        with open(os.path.join(args.prefix, commit.cpp_header_path), ""w"") as f:"
pytorch/pytorch,scripts/export/update_schema.py,96,open,NOT_EXPLICIT,False,None,None,global,https://github.com/pytorch/pytorch/blob/main/scripts/export/update_schema.py#L96,"        with open(             os.path.join(args.prefix, commit.enum_converter_header_path), ""w""         ) as f:"
pytorch/pytorch,scripts/export/update_schema.py,100,open,NOT_EXPLICIT,False,None,None,global,https://github.com/pytorch/pytorch/blob/main/scripts/export/update_schema.py#L100,"        with open(os.path.join(args.prefix, commit.thrift_schema_path), ""w"") as f:"
pytorch/pytorch,scripts/release_notes/apply_categories.py,13,open,NOT_EXPLICIT,False,None,None,global,https://github.com/pytorch/pytorch/blob/main/scripts/release_notes/apply_categories.py#L13,with open(category_csv) as category_data:
pytorch/pytorch,scripts/release_notes/apply_categories.py,18,open,NOT_EXPLICIT,False,None,None,global,https://github.com/pytorch/pytorch/blob/main/scripts/release_notes/apply_categories.py#L18,with open(commitlist_csv) as commitlist_data:
pytorch/pytorch,scripts/release_notes/apply_categories.py,27,open,NOT_EXPLICIT,False,None,None,global,https://github.com/pytorch/pytorch/blob/main/scripts/release_notes/apply_categories.py#L27,"with open(commitlist_csv, ""w"") as commitlist_write:"
pytorch/pytorch,scripts/release_notes/classifier.py,200,open,NOT_EXPLICIT,False,None,None,get_author_map,https://github.com/pytorch/pytorch/blob/main/scripts/release_notes/classifier.py#L200,"        with open(data_folder / ""author_map.pkl"", ""rb"") as f:"
pytorch/pytorch,scripts/release_notes/classifier.py,212,open,NOT_EXPLICIT,False,None,None,get_author_map,https://github.com/pytorch/pytorch/blob/main/scripts/release_notes/classifier.py#L212,"        with open(data_folder / ""author_map.pkl"", ""wb"") as f:"
pytorch/pytorch,scripts/release_notes/classifier.py,219,open,NOT_EXPLICIT,False,None,None,get_file_map,https://github.com/pytorch/pytorch/blob/main/scripts/release_notes/classifier.py#L219,"        with open(data_folder / ""file_map.pkl"", ""rb"") as f:"
pytorch/pytorch,scripts/release_notes/classifier.py,238,open,NOT_EXPLICIT,False,None,None,get_file_map,https://github.com/pytorch/pytorch/blob/main/scripts/release_notes/classifier.py#L238,"        with open(data_folder / ""file_map.pkl"", ""wb"") as f:"
pytorch/pytorch,scripts/release_notes/commitlist.py,90,open,NOT_EXPLICIT,False,None,CommitList,read_from_disk,https://github.com/pytorch/pytorch/blob/main/scripts/release_notes/commitlist.py#L90,        with open(path) as csvfile:
pytorch/pytorch,scripts/release_notes/commitlist.py,106,open,NOT_EXPLICIT,False,None,CommitList,write_to_disk_static,https://github.com/pytorch/pytorch/blob/main/scripts/release_notes/commitlist.py#L106,"        with open(path, ""w"") as csvfile:"
pytorch/pytorch,scripts/release_notes/commitlist.py,614,open,NOT_EXPLICIT,False,None,None,main,https://github.com/pytorch/pytorch/blob/main/scripts/release_notes/commitlist.py#L614,"            with open(filename, ""w"") as f:"
pytorch/pytorch,scripts/release_notes/common.py,217,open,NOT_EXPLICIT,False,None,None,get_ghstack_token,https://github.com/pytorch/pytorch/blob/main/scripts/release_notes/common.py#L217,"    with open(Path(""~/.ghstackrc"").expanduser(), ""r+"") as f:"
pytorch/pytorch,scripts/release_notes/common.py,352,open,NOT_EXPLICIT,False,None,_CommitDataCache,read_from_disk,https://github.com/pytorch/pytorch/blob/main/scripts/release_notes/common.py#L352,        with open(self.path) as f:
pytorch/pytorch,scripts/release_notes/common.py,359,open,NOT_EXPLICIT,False,None,_CommitDataCache,write_to_disk,https://github.com/pytorch/pytorch/blob/main/scripts/release_notes/common.py#L359,"        with open(self.path, ""w"") as f:"
pytorch/pytorch,scripts/release_notes/parse_cherry_picks.py,272,open,NOT_EXPLICIT,False,None,None,main,https://github.com/pytorch/pytorch/blob/main/scripts/release_notes/parse_cherry_picks.py#L272,"    with open(args.commitlist, newline="""") as f:"
pytorch/pytorch,scripts/release_notes/parse_cherry_picks.py,310,open,NOT_EXPLICIT,False,None,None,main,https://github.com/pytorch/pytorch/blob/main/scripts/release_notes/parse_cherry_picks.py#L310,"    with open(output_path, ""w"", newline="""") as f:"
pytorch/pytorch,scripts/release_notes/remove_cherry_picks.py,67,open,NOT_EXPLICIT,False,None,None,main,https://github.com/pytorch/pytorch/blob/main/scripts/release_notes/remove_cherry_picks.py#L67,"    with open(args.cherry_picks, newline="""") as f:"
pytorch/pytorch,scripts/release_notes/remove_cherry_picks.py,74,open,NOT_EXPLICIT,False,None,None,main,https://github.com/pytorch/pytorch/blob/main/scripts/release_notes/remove_cherry_picks.py#L74,    with open(commitlist_path) as f:
pytorch/pytorch,scripts/release_notes/remove_cherry_picks.py,119,open,NOT_EXPLICIT,False,None,None,main,https://github.com/pytorch/pytorch/blob/main/scripts/release_notes/remove_cherry_picks.py#L119,"    with open(output_path, ""w"") as f:"
pytorch/pytorch,scripts/release_notes/remove_cherry_picks.py,132,open,NOT_EXPLICIT,False,None,None,main,https://github.com/pytorch/pytorch/blob/main/scripts/release_notes/remove_cherry_picks.py#L132,"    with open(log_path, ""w"") as f:"
pytorch/pytorch,scripts/write_metallib_headers.py,14,open,NOT_EXPLICIT,False,None,None,write_metallib_headers,https://github.com/pytorch/pytorch/blob/main/scripts/write_metallib_headers.py#L14,"    with open(output_filename, ""w"") as out:"
pytorch/pytorch,test/conftest.py,325,open,NOT_EXPLICIT,False,None,None,pytest_collection_modifyitems,https://github.com/pytorch/pytorch/blob/main/test/conftest.py#L325,    with open(disabled_tests_file) as fp:
pytorch/pytorch,test/cpp_api_parity/parity_table_parser.py,46,open,NOT_EXPLICIT,False,None,None,parse_parity_tracker_table,https://github.com/pytorch/pytorch/blob/main/test/cpp_api_parity/parity_table_parser.py#L46,    with open(file_path) as f:
pytorch/pytorch,test/distributed/elastic/agent/server/test/local_elastic_agent_test.py,899,open,NOT_EXPLICIT,False,None,LocalElasticAgentTest,run_sad_function,https://github.com/pytorch/pytorch/blob/main/test/distributed/elastic/agent/server/test/local_elastic_agent_test.py#L899,            with open(replyfile) as fp:
pytorch/pytorch,test/distributed/elastic/multiprocessing/api_test.py,248,open,NOT_EXPLICIT,False,None,_StartProcessesTest,assert_in_file,https://github.com/pytorch/pytorch/blob/main/test/distributed/elastic/multiprocessing/api_test.py#L248,        with open(filename) as fp:
pytorch/pytorch,test/distributed/elastic/multiprocessing/api_test.py,255,open,NOT_EXPLICIT,False,None,_StartProcessesTest,assert_not_in_file,https://github.com/pytorch/pytorch/blob/main/test/distributed/elastic/multiprocessing/api_test.py#L255,        with open(filename) as fp:
pytorch/pytorch,test/distributed/elastic/multiprocessing/errors/api_test.py,53,open,NOT_EXPLICIT,False,None,None,read_resource_file,https://github.com/pytorch/pytorch/blob/main/test/distributed/elastic/multiprocessing/errors/api_test.py#L53,"    with open(os.path.join(os.path.dirname(__file__), resource_file)) as fp:"
pytorch/pytorch,test/distributed/elastic/multiprocessing/errors/api_test.py,68,open,NOT_EXPLICIT,False,None,ApiTest,test_failure_incorrect_reply_file,https://github.com/pytorch/pytorch/blob/main/test/distributed/elastic/multiprocessing/errors/api_test.py#L68,"        with open(self.test_error_file, ""w"") as fp:"
pytorch/pytorch,test/distributed/elastic/multiprocessing/errors/api_test.py,91,open,NOT_EXPLICIT,False,None,ApiTest,test_process_failure_new_format,https://github.com/pytorch/pytorch/blob/main/test/distributed/elastic/multiprocessing/errors/api_test.py#L91,"        with open(self.test_error_file, ""w"") as fp:"
pytorch/pytorch,test/distributed/elastic/multiprocessing/errors/api_test.py,101,open,NOT_EXPLICIT,False,None,ApiTest,test_process_mast_error_format,https://github.com/pytorch/pytorch/blob/main/test/distributed/elastic/multiprocessing/errors/api_test.py#L101,"        with open(self.test_error_file, ""w"") as fp:"
pytorch/pytorch,test/distributed/elastic/multiprocessing/errors/api_test.py,133,open,NOT_EXPLICIT,False,None,ApiTest,test_format_msg_enriches_root_signal_failure,https://github.com/pytorch/pytorch/blob/main/test/distributed/elastic/multiprocessing/errors/api_test.py#L133,"        with open(self.test_error_file, ""w"") as fp:"
pytorch/pytorch,test/distributed/elastic/multiprocessing/errors/api_test.py,208,open,NOT_EXPLICIT,False,None,ApiTest,test_record,https://github.com/pytorch/pytorch/blob/main/test/distributed/elastic/multiprocessing/errors/api_test.py#L208,        with open(self.test_error_file) as fp:
pytorch/pytorch,test/distributed/elastic/multiprocessing/errors/api_test.py,257,open,NOT_EXPLICIT,False,None,ApiTest,test_record_child_failure,https://github.com/pytorch/pytorch/blob/main/test/distributed/elastic/multiprocessing/errors/api_test.py#L257,            with open(pf.error_file) as f:
pytorch/pytorch,test/distributed/elastic/multiprocessing/errors/api_test.py,260,open,NOT_EXPLICIT,False,None,ApiTest,test_record_child_failure,https://github.com/pytorch/pytorch/blob/main/test/distributed/elastic/multiprocessing/errors/api_test.py#L260,            with open(self.test_error_file) as f:
pytorch/pytorch,test/distributed/elastic/multiprocessing/errors/error_handler_test.py,55,open,NOT_EXPLICIT,False,None,ErrorHandlerTest,test_record_exception,https://github.com/pytorch/pytorch/blob/main/test/distributed/elastic/multiprocessing/errors/error_handler_test.py#L55,            with open(self.test_error_file) as fp:
pytorch/pytorch,test/distributed/elastic/multiprocessing/redirects_test.py,58,open,NOT_EXPLICIT,False,None,RedirectsTest,test_redirect_stdout,https://github.com/pytorch/pytorch/blob/main/test/distributed/elastic/multiprocessing/redirects_test.py#L58,        with open(stdout_log) as f:
pytorch/pytorch,test/distributed/elastic/multiprocessing/redirects_test.py,82,open,NOT_EXPLICIT,False,None,RedirectsTest,test_redirect_stderr,https://github.com/pytorch/pytorch/blob/main/test/distributed/elastic/multiprocessing/redirects_test.py#L82,        with open(stderr_log) as f:
pytorch/pytorch,test/distributed/elastic/multiprocessing/redirects_test.py,107,open,NOT_EXPLICIT,False,None,RedirectsTest,test_redirect_both,https://github.com/pytorch/pytorch/blob/main/test/distributed/elastic/multiprocessing/redirects_test.py#L107,        with open(stdout_log) as f:
pytorch/pytorch,test/distributed/elastic/multiprocessing/redirects_test.py,113,open,NOT_EXPLICIT,False,None,RedirectsTest,test_redirect_both,https://github.com/pytorch/pytorch/blob/main/test/distributed/elastic/multiprocessing/redirects_test.py#L113,        with open(stderr_log) as f:
pytorch/pytorch,test/distributed/elastic/multiprocessing/redirects_test.py,126,open,NOT_EXPLICIT,False,None,RedirectsTest,_redirect_large_buffer,https://github.com/pytorch/pytorch/blob/main/test/distributed/elastic/multiprocessing/redirects_test.py#L126,        with open(stdout_log) as fp:
pytorch/pytorch,test/distributed/elastic/multiprocessing/tail_log_test.py,25,open,NOT_EXPLICIT,False,None,None,write,https://github.com/pytorch/pytorch/blob/main/test/distributed/elastic/multiprocessing/tail_log_test.py#L25,"    with open(file, ""w"") as fp:"
pytorch/pytorch,test/distributed/elastic/multiprocessing/tail_log_test.py,104,open,NOT_EXPLICIT,False,None,TailLogTest,test_tail_write_to_dst_file,https://github.com/pytorch/pytorch/blob/main/test/distributed/elastic/multiprocessing/tail_log_test.py#L104,"        with open(dst, ""w"", encoding=""utf8"", buffering=1) as dst_file:"
pytorch/pytorch,test/distributed/elastic/multiprocessing/tail_log_test.py,127,open,NOT_EXPLICIT,False,None,TailLogTest,test_tail_write_to_dst_file,https://github.com/pytorch/pytorch/blob/main/test/distributed/elastic/multiprocessing/tail_log_test.py#L127,"        with open(dst, encoding=""utf8"") as read_dst_file:"
pytorch/pytorch,test/forward_backward_compatibility/check_forward_backward_compatibility.py,400,open,NOT_EXPLICIT,False,None,None,global,https://github.com/pytorch/pytorch/blob/main/test/forward_backward_compatibility/check_forward_backward_compatibility.py#L400,    with open(args.existing_schemas) as f:
pytorch/pytorch,test/forward_backward_compatibility/dump_all_function_schemas.py,9,open,NOT_EXPLICIT,False,None,None,dump,https://github.com/pytorch/pytorch/blob/main/test/forward_backward_compatibility/dump_all_function_schemas.py#L9,"    with open(filename, ""w"") as f:"
pytorch/pytorch,test/functorch/discover_coverage.py,37,open,NOT_EXPLICIT,False,None,None,get_public_overridable_apis,https://github.com/pytorch/pytorch/blob/main/test/functorch/discover_coverage.py#L37,"        with open(f""{pytorch_root}/{src}"") as f:"
pytorch/pytorch,test/functorch/xfail_suggester.py,13,open,NOT_EXPLICIT,False,None,None,global,https://github.com/pytorch/pytorch/blob/main/test/functorch/xfail_suggester.py#L13,"with open(""result.txt"") as f:"
pytorch/pytorch,test/mobile/custom_build/prepare_model.py,40,open,NOT_EXPLICIT,False,None,None,global,https://github.com/pytorch/pytorch/blob/main/test/mobile/custom_build/prepare_model.py#L40,"with open(""MobileNetV2.yaml"", ""w"") as output:"
pytorch/pytorch,test/mobile/lightweight_dispatch/tests_setup.py,152,open,NOT_EXPLICIT,False,None,None,global,https://github.com/pytorch/pytorch/blob/main/test/mobile/lightweight_dispatch/tests_setup.py#L152,"        with open(ops_yaml, ""a"") as f:"
pytorch/pytorch,test/mobile/model_test/gen_test_model.py,112,open,NOT_EXPLICIT,False,None,None,calcOpsCoverage,https://github.com/pytorch/pytorch/blob/main/test/mobile/model_test/gen_test_model.py#L112,    with open(production_ops_path) as input_yaml_file:
pytorch/pytorch,test/mobile/model_test/gen_test_model.py,142,open,NOT_EXPLICIT,False,None,None,calcOpsCoverage,https://github.com/pytorch/pytorch/blob/main/test/mobile/model_test/gen_test_model.py#L142,"    with open(coverage_out_path, ""w"") as f:"
pytorch/pytorch,test/mobile/model_test/update_production_ops.py,15,open,NOT_EXPLICIT,False,None,None,global,https://github.com/pytorch/pytorch/blob/main/test/mobile/model_test/update_production_ops.py#L15,with open(sys.argv[1]) as input_yaml_file:
pytorch/pytorch,test/mobile/model_test/update_production_ops.py,40,open,NOT_EXPLICIT,False,None,None,global,https://github.com/pytorch/pytorch/blob/main/test/mobile/model_test/update_production_ops.py#L40,"with open(out_path, ""w"") as f:"
pytorch/pytorch,test/onnx/torchlib/error_reproduction.py,300,open,NOT_EXPLICIT,False,None,None,save_error_report,https://github.com/pytorch/pytorch/blob/main/test/onnx/torchlib/error_reproduction.py#L300,"    with open(file_path, ""w"", encoding=""utf-8"") as f:"
pytorch/pytorch,test/run_test.py,690,open,NOT_EXPLICIT,False,None,None,run_test,https://github.com/pytorch/pytorch/blob/main/test/run_test.py#L690,"            output = stack.enter_context(open(log_path, ""w""))"
pytorch/pytorch,test/run_test.py,817,open,NOT_EXPLICIT,False,None,None,read_pytest_cache,https://github.com/pytorch/pytorch/blob/main/test/run_test.py#L817,            with open(cache_file) as f:
pytorch/pytorch,test/run_test.py,1114,open,NOT_EXPLICIT,False,None,None,test_distributed,https://github.com/pytorch/pytorch/blob/main/test/run_test.py#L1114,"                    with open(os.devnull, ""w"") as devnull:"
pytorch/pytorch,test/run_test.py,1312,open,NOT_EXPLICIT,False,None,None,handle_log_file,https://github.com/pytorch/pytorch/blob/main/test/run_test.py#L1312,"    with open(file_path, errors=""ignore"") as f:"
pytorch/pytorch,test/run_test.py,2019,open,NOT_EXPLICIT,False,None,None,load_test_times_from_file,https://github.com/pytorch/pytorch/blob/main/test/run_test.py#L2019,    with open(path) as f:
pytorch/pytorch,test/scripts/run_cuda_memcheck.py,140,open,NOT_EXPLICIT,False,None,None,global,https://github.com/pytorch/pytorch/blob/main/test/scripts/run_cuda_memcheck.py#L140,"    logfile = open(""result.log"", ""w"")  # noqa:SIM115"
pytorch/pytorch,third_party/generate-cpuinfo-wrappers.py,80,open,NOT_EXPLICIT,False,None,None,global,https://github.com/pytorch/pytorch/blob/main/third_party/generate-cpuinfo-wrappers.py#L80,"            with open(filepath, ""w"") as wrapper:"
pytorch/pytorch,third_party/generate-xnnpack-wrappers.py,110,open,NOT_EXPLICIT,False,None,None,update_sources,https://github.com/pytorch/pytorch/blob/main/third_party/generate-xnnpack-wrappers.py#L110,"    with open(os.path.join(xnnpack_path, cmakefile)) as cmake:"
pytorch/pytorch,third_party/generate-xnnpack-wrappers.py,169,open,NOT_EXPLICIT,False,None,None,gen_wrappers,https://github.com/pytorch/pytorch/blob/main/third_party/generate-xnnpack-wrappers.py#L169,"            with open(filepath, ""w"") as wrapper:"
pytorch/pytorch,third_party/generate-xnnpack-wrappers.py,186,open,NOT_EXPLICIT,False,None,None,gen_wrappers,https://github.com/pytorch/pytorch/blob/main/third_party/generate-xnnpack-wrappers.py#L186,"    with open(os.path.join(os.path.dirname(__file__), ""xnnpack_wrapper_defs.bzl""), 'w') as wrapper_defs:"
pytorch/pytorch,third_party/generate-xnnpack-wrappers.py,197,open,NOT_EXPLICIT,False,None,None,gen_wrappers,https://github.com/pytorch/pytorch/blob/main/third_party/generate-xnnpack-wrappers.py#L197,"    with open(os.path.join(os.path.dirname(__file__), ""xnnpack_src_defs.bzl""), 'w') as src_defs:"
pytorch/pytorch,tools/amd_build/build_amd.py,194,open,NOT_EXPLICIT,False,None,None,global,https://github.com/pytorch/pytorch/blob/main/tools/amd_build/build_amd.py#L194,        with open(hip_platform_file) as sources:
pytorch/pytorch,tools/amd_build/build_amd.py,200,open,NOT_EXPLICIT,False,None,None,global,https://github.com/pytorch/pytorch/blob/main/tools/amd_build/build_amd.py#L200,"            with open(hip_platform_file, ""w"") as sources:"
pytorch/pytorch,tools/amd_build/build_amd.py,274,open,NOT_EXPLICIT,False,None,None,global,https://github.com/pytorch/pytorch/blob/main/tools/amd_build/build_amd.py#L274,        with open(hipify_v1_to_v2_file) as sources:
pytorch/pytorch,tools/amd_build/build_amd.py,280,open,NOT_EXPLICIT,False,None,None,global,https://github.com/pytorch/pytorch/blob/main/tools/amd_build/build_amd.py#L280,"            with open(hipify_v1_to_v2_file, ""w"") as sources:"
pytorch/pytorch,tools/amd_build/build_amd.py,306,open,NOT_EXPLICIT,False,None,None,global,https://github.com/pytorch/pytorch/blob/main/tools/amd_build/build_amd.py#L306,    with open(mslk_move_src) as src:
pytorch/pytorch,tools/amd_build/build_amd.py,310,open,NOT_EXPLICIT,False,None,None,global,https://github.com/pytorch/pytorch/blob/main/tools/amd_build/build_amd.py#L310,        with open(mslk_move_dst) as dst:
pytorch/pytorch,tools/amd_build/build_amd.py,316,open,NOT_EXPLICIT,False,None,None,global,https://github.com/pytorch/pytorch/blob/main/tools/amd_build/build_amd.py#L316,"        with open(mslk_move_dst, ""w"") as dst:"
pytorch/pytorch,tools/autograd/gen_python_functions.py,608,open,NOT_EXPLICIT,False,None,None,load_deprecated_signatures,https://github.com/pytorch/pytorch/blob/main/tools/autograd/gen_python_functions.py#L608,    with open(deprecated_yaml_path) as f:
pytorch/pytorch,tools/autograd/load_derivatives.py,114,open,NOT_EXPLICIT,False,None,None,load_derivatives,https://github.com/pytorch/pytorch/blob/main/tools/autograd/load_derivatives.py#L114,        with open(derivatives_yaml_path) as f:
pytorch/pytorch,tools/code_analyzer/gen_op_registration_allowlist.py,28,open,NOT_EXPLICIT,False,None,None,load_op_dep_graph,https://github.com/pytorch/pytorch/blob/main/tools/code_analyzer/gen_op_registration_allowlist.py#L28,    with open(fname) as stream:
pytorch/pytorch,tools/code_analyzer/gen_op_registration_allowlist.py,40,open,NOT_EXPLICIT,False,None,None,load_root_ops,https://github.com/pytorch/pytorch/blob/main/tools/code_analyzer/gen_op_registration_allowlist.py#L40,    with open(fname) as stream:
pytorch/pytorch,tools/code_analyzer/gen_operators_yaml.py,228,open,NOT_EXPLICIT,False,None,None,fill_output,https://github.com/pytorch/pytorch/blob/main/tools/code_analyzer/gen_operators_yaml.py#L228,"            with open(yaml_path, ""rb"") as f:"
pytorch/pytorch,tools/code_analyzer/gen_operators_yaml.py,629,open,NOT_EXPLICIT,False,None,None,main,https://github.com/pytorch/pytorch/blob/main/tools/code_analyzer/gen_operators_yaml.py#L629,"    with open(options.output_path, ""wb"") as out_file:"
pytorch/pytorch,tools/code_analyzer/gen_oplist.py,84,open,NOT_EXPLICIT,False,None,None,gen_supported_mobile_models,https://github.com/pytorch/pytorch/blob/main/tools/code_analyzer/gen_oplist.py#L84,"    with open(         os.path.join(output_dir, ""SupportedMobileModelsRegistration.cpp""), ""wb""     ) as out_file:"
pytorch/pytorch,tools/code_analyzer/gen_oplist.py,138,open,NOT_EXPLICIT,False,None,None,main,https://github.com/pytorch/pytorch/blob/main/tools/code_analyzer/gen_oplist.py#L138,        with open(options.model_file_list_path) as model_file:
pytorch/pytorch,tools/code_analyzer/gen_oplist.py,148,open,NOT_EXPLICIT,False,None,None,main,https://github.com/pytorch/pytorch/blob/main/tools/code_analyzer/gen_oplist.py#L148,        with open(model_file_list_path) as model_list_file:
pytorch/pytorch,tools/code_analyzer/gen_oplist.py,151,open,NOT_EXPLICIT,False,None,None,main,https://github.com/pytorch/pytorch/blob/main/tools/code_analyzer/gen_oplist.py#L151,"                with open(model_file_name, ""rb"") as model_file:"
pytorch/pytorch,tools/code_analyzer/gen_oplist.py,173,open,NOT_EXPLICIT,False,None,None,main,https://github.com/pytorch/pytorch/blob/main/tools/code_analyzer/gen_oplist.py#L173,"    with open(         os.path.join(options.output_dir, ""selected_operators.yaml""), ""wb""     ) as out_file:"
pytorch/pytorch,tools/code_coverage/package/tool/print_report.py,88,open,NOT_EXPLICIT,False,None,None,line_oriented_report,https://github.com/pytorch/pytorch/blob/main/tools/code_coverage/package/tool/print_report.py#L88,"    with open(os.path.join(SUMMARY_FOLDER_DIR, ""line_summary""), ""w+"") as report_file:"
pytorch/pytorch,tools/code_coverage/package/tool/print_report.py,166,open,NOT_EXPLICIT,False,None,None,file_oriented_report,https://github.com/pytorch/pytorch/blob/main/tools/code_coverage/package/tool/print_report.py#L166,"    with open(os.path.join(SUMMARY_FOLDER_DIR, ""file_summary""), ""w+"") as summary_file:"
pytorch/pytorch,tools/code_coverage/package/tool/summarize_jsons.py,96,open,NOT_EXPLICIT,False,None,None,get_json_obj,https://github.com/pytorch/pytorch/blob/main/tools/code_coverage/package/tool/summarize_jsons.py#L96,    with open(json_file) as f:
pytorch/pytorch,tools/code_coverage/package/util/utils.py,31,open,NOT_EXPLICIT,False,None,None,print_time,https://github.com/pytorch/pytorch/blob/main/tools/code_coverage/package/util/utils.py#L31,"    with open(os.path.join(LOG_DIR, ""log.txt""), ""a+"") as log_file:"
pytorch/pytorch,tools/code_coverage/package/util/utils.py,39,open,NOT_EXPLICIT,False,None,None,print_log,https://github.com/pytorch/pytorch/blob/main/tools/code_coverage/package/util/utils.py#L39,"    with open(os.path.join(LOG_DIR, ""log.txt""), ""a+"") as log_file:"
pytorch/pytorch,tools/code_coverage/package/util/utils.py,44,open,NOT_EXPLICIT,False,None,None,print_error,https://github.com/pytorch/pytorch/blob/main/tools/code_coverage/package/util/utils.py#L44,"    with open(os.path.join(LOG_DIR, ""log.txt""), ""a+"") as log_file:"
pytorch/pytorch,tools/download_mnist.py,75,open,NOT_EXPLICIT,False,None,None,unzip,https://github.com/pytorch/pytorch/blob/main/tools/download_mnist.py#L75,"        with open(unzipped_path, ""wb"") as unzipped_file:"
pytorch/pytorch,tools/dynamo/gb_id_mapping.py,80,open,NOT_EXPLICIT,False,None,None,expand_hints,https://github.com/pytorch/pytorch/blob/main/tools/dynamo/gb_id_mapping.py#L80,    with open(graph_break_hints_path) as f:
pytorch/pytorch,tools/dynamo/gb_id_mapping.py,250,open,NOT_EXPLICIT,False,None,None,find_unimplemented_calls,https://github.com/pytorch/pytorch/blob/main/tools/dynamo/gb_id_mapping.py#L250,        with open(file_path) as f:
pytorch/pytorch,tools/dynamo/gb_id_mapping.py,347,open,NOT_EXPLICIT,False,None,None,create_registry,https://github.com/pytorch/pytorch/blob/main/tools/dynamo/gb_id_mapping.py#L347,"    with open(registry_path, ""w"") as f:"
pytorch/pytorch,tools/experimental/torchfuzz/codegen.py,572,open,NOT_EXPLICIT,False,None,None,create_program_file,https://github.com/pytorch/pytorch/blob/main/tools/experimental/torchfuzz/codegen.py#L572,"    with open(generated_file_path, ""w"") as f:"
pytorch/pytorch,tools/experimental/torchfuzz/fuzzer.py,139,open,NOT_EXPLICIT,False,None,None,log,https://github.com/pytorch/pytorch/blob/main/tools/experimental/torchfuzz/fuzzer.py#L139,"        with open(summary_path, ""w"") as f:"
pytorch/pytorch,tools/experimental/torchfuzz/fuzzer.py,152,open,NOT_EXPLICIT,False,None,None,log,https://github.com/pytorch/pytorch/blob/main/tools/experimental/torchfuzz/fuzzer.py#L152,"            with open(stack_file_path, ""w"") as f:"
pytorch/pytorch,tools/experimental/torchfuzz/fuzzer.py,247,open,NOT_EXPLICIT,False,None,None,fuzz_and_execute,https://github.com/pytorch/pytorch/blob/main/tools/experimental/torchfuzz/fuzzer.py#L247,"            with open(output_path, ""w"") as f:"
pytorch/pytorch,tools/experimental/torchfuzz/multi_process_fuzzer.py,43,open,NOT_EXPLICIT,False,None,None,persist_print,https://github.com/pytorch/pytorch/blob/main/tools/experimental/torchfuzz/multi_process_fuzzer.py#L43,"        with open(""/tmp/torchfuzz/crash.log"", ""a"") as f:"
pytorch/pytorch,tools/experimental/torchfuzz/runner.py,64,open,NOT_EXPLICIT,False,None,ProgramRunner,run_program,https://github.com/pytorch/pytorch/blob/main/tools/experimental/torchfuzz/runner.py#L64,            with open(abs_path) as f:
pytorch/pytorch,tools/experimental/torchfuzz/visualize_graph.py,30,open,NOT_EXPLICIT,False,None,None,save_and_render_dot,https://github.com/pytorch/pytorch/blob/main/tools/experimental/torchfuzz/visualize_graph.py#L30,"    with open(dot_file, ""w"") as f:"
pytorch/pytorch,tools/extract_scripts.py,64,open,NOT_EXPLICIT,False,None,None,main,https://github.com/pytorch/pytorch/blob/main/tools/extract_scripts.py#L64,"        with open(p, ""rb"") as f:"
pytorch/pytorch,tools/gen_vulkan_spv.py,316,open,NOT_EXPLICIT,False,None,SPVGenerator,parseTemplateYaml,https://github.com/pytorch/pytorch/blob/main/tools/gen_vulkan_spv.py#L316,        with open(yaml_file) as f:
pytorch/pytorch,tools/gen_vulkan_spv.py,570,open,NOT_EXPLICIT,False,None,None,getShaderInfo,https://github.com/pytorch/pytorch/blob/main/tools/gen_vulkan_spv.py#L570,    with open(srcFilePath) as srcFile:
pytorch/pytorch,tools/gen_vulkan_spv.py,625,open,NOT_EXPLICIT,False,None,None,generateSpvBinStr,https://github.com/pytorch/pytorch/blob/main/tools/gen_vulkan_spv.py#L625,"    with open(spvPath, ""rb"") as fr:"
pytorch/pytorch,tools/gen_vulkan_spv.py,712,open,NOT_EXPLICIT,False,None,None,genCppFiles,https://github.com/pytorch/pytorch/blob/main/tools/gen_vulkan_spv.py#L712,"    with open(cpp_src_file_path, ""w"") as fw:"
pytorch/pytorch,tools/generate_torch_version.py,69,open,NOT_EXPLICIT,False,None,None,get_torch_version,https://github.com/pytorch/pytorch/blob/main/tools/generate_torch_version.py#L69,        with open(pkg_info_path) as f:
pytorch/pytorch,tools/generate_torch_version.py,152,open,NOT_EXPLICIT,False,None,None,global,https://github.com/pytorch/pytorch/blob/main/tools/generate_torch_version.py#L152,"    with open(version_path, ""w"") as f:"
pytorch/pytorch,tools/jit/gen_unboxing.py,262,open,NOT_EXPLICIT,False,None,None,main,https://github.com/pytorch/pytorch/blob/main/tools/jit/gen_unboxing.py#L262,        with open(options.TEST_ONLY_op_registration_allowlist_yaml_path) as f:
pytorch/pytorch,tools/linter/adapters/_stable_shim_utils.py,587,open,NOT_EXPLICIT,False,None,None,get_current_version,https://github.com/pytorch/pytorch/blob/main/tools/linter/adapters/_stable_shim_utils.py#L587,    with open(version_file) as f:
pytorch/pytorch,tools/linter/adapters/clangformat_linter.py,100,open,NOT_EXPLICIT,False,None,None,check_file,https://github.com/pytorch/pytorch/blob/main/tools/linter/adapters/clangformat_linter.py#L100,"        with open(filename, ""rb"") as f:"
pytorch/pytorch,tools/linter/adapters/docstring_linter.py,88,open,NOT_EXPLICIT,False,None,DocstringLinter,_grandfather,https://github.com/pytorch/pytorch/blob/main/tools/linter/adapters/docstring_linter.py#L88,            with open(self.args.grandfather) as fp:
pytorch/pytorch,tools/linter/adapters/docstring_linter.py,182,open,NOT_EXPLICIT,False,None,DocstringLinter,_write_grandfather,https://github.com/pytorch/pytorch/blob/main/tools/linter/adapters/docstring_linter.py#L182,"            with open(self.args.grandfather, ""w"") as fp:"
pytorch/pytorch,tools/linter/adapters/gha_linter.py,55,open,NOT_EXPLICIT,False,None,None,global,https://github.com/pytorch/pytorch/blob/main/tools/linter/adapters/gha_linter.py#L55,        with open(fn) as f:
pytorch/pytorch,tools/linter/adapters/grep_linter.py,211,open,NOT_EXPLICIT,False,None,None,lint_file,https://github.com/pytorch/pytorch/blob/main/tools/linter/adapters/grep_linter.py#L211,            with open(filename) as f:
pytorch/pytorch,tools/linter/adapters/nativefunctions_linter.py,66,open,NOT_EXPLICIT,False,None,None,global,https://github.com/pytorch/pytorch/blob/main/tools/linter/adapters/nativefunctions_linter.py#L66,    with open(args.native_functions_yml) as f:
pytorch/pytorch,tools/linter/adapters/newlines_linter.py,72,open,NOT_EXPLICIT,False,None,None,check_file,https://github.com/pytorch/pytorch/blob/main/tools/linter/adapters/newlines_linter.py#L72,"    with open(filename, ""rb"") as f:"
pytorch/pytorch,tools/linter/adapters/no_merge_conflict_csv_linter.py,33,open,NOT_EXPLICIT,False,None,None,check_file,https://github.com/pytorch/pytorch/blob/main/tools/linter/adapters/no_merge_conflict_csv_linter.py#L33,"    with open(filename, ""rb"") as f:"
pytorch/pytorch,tools/linter/adapters/no_merge_conflict_csv_linter.py,36,open,NOT_EXPLICIT,False,None,None,check_file,https://github.com/pytorch/pytorch/blob/main/tools/linter/adapters/no_merge_conflict_csv_linter.py#L36,    with open(filename) as f:
pytorch/pytorch,tools/linter/adapters/no_workflows_on_fork.py,67,open,NOT_EXPLICIT,False,None,None,load_yaml,https://github.com/pytorch/pytorch/blob/main/tools/linter/adapters/no_workflows_on_fork.py#L67,    with open(path) as f:
pytorch/pytorch,tools/linter/adapters/no_workflows_on_fork.py,128,open,NOT_EXPLICIT,False,None,None,check_file,https://github.com/pytorch/pytorch/blob/main/tools/linter/adapters/no_workflows_on_fork.py#L128,    with open(filename) as f:
pytorch/pytorch,tools/linter/adapters/raw_throw_linter.py,481,open,NOT_EXPLICIT,False,None,None,check_file,https://github.com/pytorch/pytorch/blob/main/tools/linter/adapters/raw_throw_linter.py#L481,"        with open(path, encoding=""utf-8"", errors=""replace"") as f:"
pytorch/pytorch,tools/linter/adapters/ruff_linter.py,307,open,NOT_EXPLICIT,False,None,None,check_file_for_fixes,https://github.com/pytorch/pytorch/blob/main/tools/linter/adapters/ruff_linter.py#L307,"        with open(filename, ""rb"") as f:"
pytorch/pytorch,tools/linter/adapters/ruff_linter.py,309,open,NOT_EXPLICIT,False,None,None,check_file_for_fixes,https://github.com/pytorch/pytorch/blob/main/tools/linter/adapters/ruff_linter.py#L309,"        with open(filename, ""rb"") as f:"
pytorch/pytorch,tools/linter/adapters/scoped_library_linter.py,79,open,NOT_EXPLICIT,False,None,None,check_file,https://github.com/pytorch/pytorch/blob/main/tools/linter/adapters/scoped_library_linter.py#L79,"    with open(path, encoding=""utf-8"") as f:"
pytorch/pytorch,tools/linter/adapters/stable_shim_usage_linter.py,78,open,NOT_EXPLICIT,False,None,None,get_shim_functions,https://github.com/pytorch/pytorch/blob/main/tools/linter/adapters/stable_shim_usage_linter.py#L78,        with open(shim_file) as f:
pytorch/pytorch,tools/linter/adapters/stable_shim_usage_linter.py,121,open,NOT_EXPLICIT,False,None,None,write_shim_function_versions,https://github.com/pytorch/pytorch/blob/main/tools/linter/adapters/stable_shim_usage_linter.py#L121,"    with open(output_file, ""w"") as f:"
pytorch/pytorch,tools/linter/adapters/stable_shim_usage_linter.py,153,open,NOT_EXPLICIT,False,None,None,check_file,https://github.com/pytorch/pytorch/blob/main/tools/linter/adapters/stable_shim_usage_linter.py#L153,    with open(filename) as f:
pytorch/pytorch,tools/linter/adapters/stable_shim_version_linter.py,122,open,NOT_EXPLICIT,False,None,None,check_file,https://github.com/pytorch/pytorch/blob/main/tools/linter/adapters/stable_shim_version_linter.py#L122,    with open(filename) as f:
pytorch/pytorch,tools/linter/adapters/testowners_linter.py,111,open,NOT_EXPLICIT,False,None,None,check_file,https://github.com/pytorch/pytorch/blob/main/tools/linter/adapters/testowners_linter.py#L111,    with open(filename) as f:
pytorch/pytorch,tools/linter/adapters/unspecified_backend_linter.py,71,open,NOT_EXPLICIT,False,None,None,check_file,https://github.com/pytorch/pytorch/blob/main/tools/linter/adapters/unspecified_backend_linter.py#L71,    with open(filename) as f:
pytorch/pytorch,tools/linter/adapters/update_s3.py,26,open,NOT_EXPLICIT,False,None,None,compute_file_sha256,https://github.com/pytorch/pytorch/blob/main/tools/linter/adapters/update_s3.py#L26,"    with open(path, ""rb"") as f:"
pytorch/pytorch,tools/linter/adapters/update_s3.py,66,open,NOT_EXPLICIT,False,None,None,main,https://github.com/pytorch/pytorch/blob/main/tools/linter/adapters/update_s3.py#L66,    with open(args.config_json) as f:
pytorch/pytorch,tools/linter/adapters/update_s3.py,93,open,NOT_EXPLICIT,False,None,None,main,https://github.com/pytorch/pytorch/blob/main/tools/linter/adapters/update_s3.py#L93,"        with open(args.config_json, ""w"") as f:"
pytorch/pytorch,tools/linter/adapters/workflow_consistency_linter.py,63,open,NOT_EXPLICIT,False,None,None,load_yaml,https://github.com/pytorch/pytorch/blob/main/tools/linter/adapters/workflow_consistency_linter.py#L63,    with open(path) as f:
pytorch/pytorch,tools/linter/adapters/workflow_consistency_linter.py,79,open,NOT_EXPLICIT,False,None,None,print_lint_message,https://github.com/pytorch/pytorch/blob/main/tools/linter/adapters/workflow_consistency_linter.py#L79,    with open(path) as f:
pytorch/pytorch,tools/lite_interpreter/gen_selected_mobile_ops_header.py,97,open,NOT_EXPLICIT,False,None,None,write_selected_mobile_ops,https://github.com/pytorch/pytorch/blob/main/tools/lite_interpreter/gen_selected_mobile_ops_header.py#L97,"    with open(output_file_path, ""wb"") as out_file:"
pytorch/pytorch,tools/lite_interpreter/gen_selected_mobile_ops_header.py,133,open,NOT_EXPLICIT,False,None,None,write_selected_mobile_ops_with_all_dtypes,https://github.com/pytorch/pytorch/blob/main/tools/lite_interpreter/gen_selected_mobile_ops_header.py#L133,"    with open(output_file_path, ""wb"") as out_file:"
pytorch/pytorch,tools/lite_interpreter/gen_selected_mobile_ops_header.py,171,open,NOT_EXPLICIT,False,None,None,main,https://github.com/pytorch/pytorch/blob/main/tools/lite_interpreter/gen_selected_mobile_ops_header.py#L171,"    with open(model_file_name, ""rb"") as model_file:"
pytorch/pytorch,tools/native_aot/export.py,119,open,NOT_EXPLICIT,False,None,None,_file_hash,https://github.com/pytorch/pytorch/blob/main/tools/native_aot/export.py#L119,"    with open(path, ""rb"") as f:"
pytorch/pytorch,tools/native_aot/export.py,249,open,NOT_EXPLICIT,False,None,None,export_point,https://github.com/pytorch/pytorch/blob/main/tools/native_aot/export.py#L249,"    with open(os.path.join(out_dir, prefix + "".json""), ""w"") as f:"
pytorch/pytorch,tools/native_aot/export.py,313,open,NOT_EXPLICIT,False,None,None,_read_sidecar,https://github.com/pytorch/pytorch/blob/main/tools/native_aot/export.py#L313,        with open(path) as f:
pytorch/pytorch,tools/nightly_hotpatch.py,119,open,NOT_EXPLICIT,False,None,None,download_patch,https://github.com/pytorch/pytorch/blob/main/tools/nightly_hotpatch.py#L119,"            open(patch_file, ""wb"") as out_file,"
pytorch/pytorch,tools/packaging/build_wheel.py,55,open,NOT_EXPLICIT,False,None,None,get_supported_python_versions,https://github.com/pytorch/pytorch/blob/main/tools/packaging/build_wheel.py#L55,    with open(PYPROJECT_TOML_PATH) as f:
pytorch/pytorch,tools/setup_helpers/gen_version_header.py,49,open,NOT_EXPLICIT,False,None,None,main,https://github.com/pytorch/pytorch/blob/main/tools/setup_helpers/gen_version_header.py#L49,    with open(args.version_path) as f:
pytorch/pytorch,tools/setup_helpers/gen_version_header.py,62,open,NOT_EXPLICIT,False,None,None,main,https://github.com/pytorch/pytorch/blob/main/tools/setup_helpers/gen_version_header.py#L62,    with open(args.template_path) as input:
pytorch/pytorch,tools/setup_helpers/gen_version_header.py,63,open,NOT_EXPLICIT,False,None,None,main,https://github.com/pytorch/pytorch/blob/main/tools/setup_helpers/gen_version_header.py#L63,"        with open(args.output_path, ""w"") as output:"
pytorch/pytorch,tools/setup_helpers/generate_code.py,82,open,NOT_EXPLICIT,False,None,None,get_selector_from_legacy_operator_selection_list,https://github.com/pytorch/pytorch/blob/main/tools/setup_helpers/generate_code.py#L82,    with open(selected_op_list_path) as f:
pytorch/pytorch,tools/setup_helpers/generate_linker_script.py,10,open,NOT_EXPLICIT,False,None,None,gen_linker_script,https://github.com/pytorch/pytorch/blob/main/tools/setup_helpers/generate_linker_script.py#L10,    with open(filein) as f:
pytorch/pytorch,tools/setup_helpers/generate_linker_script.py,40,open,NOT_EXPLICIT,False,None,None,gen_linker_script,https://github.com/pytorch/pytorch/blob/main/tools/setup_helpers/generate_linker_script.py#L40,"    with open(fout, ""w"") as f:"
pytorch/pytorch,tools/stale_issues.py,209,open,NOT_EXPLICIT,False,None,None,cmd_subscription_save,https://github.com/pytorch/pytorch/blob/main/tools/stale_issues.py#L209,"    with open(subscription_state_path(args.issue), ""w"") as f:"
pytorch/pytorch,tools/stale_issues.py,220,open,NOT_EXPLICIT,False,None,None,cmd_subscription_restore,https://github.com/pytorch/pytorch/blob/main/tools/stale_issues.py#L220,    with open(path) as f:
pytorch/pytorch,tools/stats/import_test_stats.py,67,open,NOT_EXPLICIT,False,None,None,fetch_and_cache,https://github.com/pytorch/pytorch/blob/main/tools/stats/import_test_stats.py#L67,        with open(path) as f:
pytorch/pytorch,tools/stats/import_test_stats.py,74,open,NOT_EXPLICIT,False,None,None,fetch_and_cache,https://github.com/pytorch/pytorch/blob/main/tools/stats/import_test_stats.py#L74,"            with open(path, ""w"") as f:"
pytorch/pytorch,tools/stats/sccache_stats_to_benchmark_format.py,38,open,NOT_EXPLICIT,False,None,None,main,https://github.com/pytorch/pytorch/blob/main/tools/stats/sccache_stats_to_benchmark_format.py#L38,        with open(file) as f:
pytorch/pytorch,tools/stats/sccache_stats_to_benchmark_format.py,58,open,NOT_EXPLICIT,False,None,None,main,https://github.com/pytorch/pytorch/blob/main/tools/stats/sccache_stats_to_benchmark_format.py#L58,"    with open(output_file, ""w"") as f:"
pytorch/pytorch,tools/stats/upload_dynamo_perf_stats.py,66,open,NOT_EXPLICIT,False,None,None,get_perf_stats,https://github.com/pytorch/pytorch/blob/main/tools/stats/upload_dynamo_perf_stats.py#L66,                    with open(csv_file) as csvfile:
pytorch/pytorch,tools/stats/upload_sccache_stats.py,28,open,NOT_EXPLICIT,False,None,None,get_sccache_stats,https://github.com/pytorch/pytorch/blob/main/tools/stats/upload_sccache_stats.py#L28,            with open(json_file) as f:
pytorch/pytorch,tools/stats/upload_stats_lib.py,88,open,NOT_EXPLICIT,False,None,None,_download_artifact,https://github.com/pytorch/pytorch/blob/main/tools/stats/upload_stats_lib.py#L88,"    with open(artifact_name, ""wb"") as f:"
pytorch/pytorch,tools/stats/upload_stats_lib.py,113,open,NOT_EXPLICIT,False,None,None,download_s3_artifacts,https://github.com/pytorch/pytorch/blob/main/tools/stats/upload_stats_lib.py#L113,"        with open(p, ""wb"") as f:"
pytorch/pytorch,tools/substitute.py,14,open,NOT_EXPLICIT,False,None,None,main,https://github.com/pytorch/pytorch/blob/main/tools/substitute.py#L14,    with open(options.input_file) as f:
pytorch/pytorch,tools/substitute.py,23,open,NOT_EXPLICIT,False,None,None,main,https://github.com/pytorch/pytorch/blob/main/tools/substitute.py#L23,"    with open(output_file, ""w"") as f:"
pytorch/pytorch,tools/testing/do_target_determination_for_s3.py,39,open,NOT_EXPLICIT,False,None,None,import_results,https://github.com/pytorch/pytorch/blob/main/tools/testing/do_target_determination_for_s3.py#L39,"    with open(REPO_ROOT / "".additional_ci_files/td_results.json"") as f:"
pytorch/pytorch,tools/testing/do_target_determination_for_s3.py,79,open,NOT_EXPLICIT,False,None,None,main,https://github.com/pytorch/pytorch/blob/main/tools/testing/do_target_determination_for_s3.py#L79,"    with open(REPO_ROOT / ""td_results.json"", ""w"") as f:"
pytorch/pytorch,tools/testing/target_determination/gen_artifact.py,14,open,NOT_EXPLICIT,False,None,None,gen_ci_artifact,https://github.com/pytorch/pytorch/blob/main/tools/testing/target_determination/gen_artifact.py#L14,"    with open(REPO_ROOT / ""test"" / ""test-reports"" / file_name, ""w"") as f:"
pytorch/pytorch,tools/testing/target_determination/heuristics/historical_class_failure_correlation.py,46,open,NOT_EXPLICIT,False,None,None,_get_historical_test_class_correlations,https://github.com/pytorch/pytorch/blob/main/tools/testing/target_determination/heuristics/historical_class_failure_correlation.py#L46,    with open(path) as f:
pytorch/pytorch,tools/testing/target_determination/heuristics/llm.py,45,open,NOT_EXPLICIT,False,None,LLM,get_mappings,https://github.com/pytorch/pytorch/blob/main/tools/testing/target_determination/heuristics/llm.py#L45,        with open(path) as f:
pytorch/pytorch,tools/testing/target_determination/heuristics/previously_failed_in_pr.py,42,open,NOT_EXPLICIT,False,None,None,get_previous_failures,https://github.com/pytorch/pytorch/blob/main/tools/testing/target_determination/heuristics/previously_failed_in_pr.py#L42,    with open(path) as f:
pytorch/pytorch,tools/testing/target_determination/heuristics/previously_failed_in_pr.py,70,open,NOT_EXPLICIT,False,None,None,gen_additional_test_failures_file,https://github.com/pytorch/pytorch/blob/main/tools/testing/target_determination/heuristics/previously_failed_in_pr.py#L70,"    with open(pytest_cache_dir / TD_HEURISTIC_PREVIOUSLY_FAILED_ADDITIONAL, ""w"") as f:"
pytorch/pytorch,tools/testing/target_determination/heuristics/previously_failed_in_pr.py,83,open,NOT_EXPLICIT,False,None,None,read_additional_test_failures_file,https://github.com/pytorch/pytorch/blob/main/tools/testing/target_determination/heuristics/previously_failed_in_pr.py#L83,    with open(path) as f:
pytorch/pytorch,tools/testing/target_determination/heuristics/utils.py,240,open,NOT_EXPLICIT,False,None,None,get_ratings_for_tests,https://github.com/pytorch/pytorch/blob/main/tools/testing/target_determination/heuristics/utils.py#L240,    with open(path) as f:
pytorch/pytorch,tools/testing/update_slow_tests.py,185,open,NOT_EXPLICIT,False,None,None,global,https://github.com/pytorch/pytorch/blob/main/tools/testing/update_slow_tests.py#L185,"    with open(REPO_ROOT / ""test"" / ""slow_tests.json"", ""w"") as f:"
pytorch/pytorch,tools/testing/upload_artifacts.py,45,open,NOT_EXPLICIT,False,None,None,concated_logs,https://github.com/pytorch/pytorch/blob/main/tools/testing/upload_artifacts.py#L45,        with open(log_file) as f:
pytorch/pytorch,tools/testing/upload_artifacts.py,200,open,NOT_EXPLICIT,False,None,None,parse_xml_and_upload_json,https://github.com/pytorch/pytorch/blob/main/tools/testing/upload_artifacts.py#L200,"                with open(json_file, ""w"") as f:"
pytorch/pytorch,torch/__init__.py,432,open,NOT_EXPLICIT,False,None,None,_load_global_deps,https://github.com/pytorch/pytorch/blob/main/torch/__init__.py#L432,"            with open(""/proc/self/maps"") as f:"
pytorch/pytorch,torch/_dynamo/bytecode_debugger.py,272,state.offset_to_inst.get,NOT_EXPLICIT,False,None,_DebugContext,_format_instruction,https://github.com/pytorch/pytorch/blob/main/torch/_dynamo/bytecode_debugger.py#L272,        inst = state.offset_to_inst.get(offset)
pytorch/pytorch,torch/_dynamo/bytecode_debugger.py,277,state.offset_to_index.get,NOT_EXPLICIT,False,None,_DebugContext,_format_instruction,https://github.com/pytorch/pytorch/blob/main/torch/_dynamo/bytecode_debugger.py#L277,"        index = state.offset_to_index.get(offset, -1)"
pytorch/pytorch,torch/_dynamo/bytecode_debugger.py,280,state.offset_to_index.get,NOT_EXPLICIT,False,None,_DebugContext,_format_instruction,https://github.com/pytorch/pytorch/blob/main/torch/_dynamo/bytecode_debugger.py#L280,"            ""*"" if state.offset_to_index.get(offset, -1) in state.breakpoints else "" """
pytorch/pytorch,torch/_dynamo/bytecode_debugger.py,294,state.offset_to_index.get,NOT_EXPLICIT,False,None,_DebugContext,_print_context,https://github.com/pytorch/pytorch/blob/main/torch/_dynamo/bytecode_debugger.py#L294,"        current_idx = state.offset_to_index.get(state.current_offset, 0)"
pytorch/pytorch,torch/_dynamo/bytecode_debugger.py,316,state.offset_to_inst.get,NOT_EXPLICIT,False,None,_DebugContext,_safe_stack_depth,https://github.com/pytorch/pytorch/blob/main/torch/_dynamo/bytecode_debugger.py#L316,            inst = state.offset_to_inst.get(state.current_offset)
pytorch/pytorch,torch/_dynamo/bytecode_debugger.py,540,fs.offset_to_index.get,NOT_EXPLICIT,False,None,_DebugContext,_interactive_prompt,https://github.com/pytorch/pytorch/blob/main/torch/_dynamo/bytecode_debugger.py#L540,"                    idx = fs.offset_to_index.get(fs.current_offset, -1)"
pytorch/pytorch,torch/_dynamo/bytecode_debugger.py,541,fs.offset_to_inst.get,NOT_EXPLICIT,False,None,_DebugContext,_interactive_prompt,https://github.com/pytorch/pytorch/blob/main/torch/_dynamo/bytecode_debugger.py#L541,                    inst = fs.offset_to_inst.get(fs.current_offset)
pytorch/pytorch,torch/_dynamo/bytecode_debugger.py,594,view_state.offset_to_index.get,NOT_EXPLICIT,False,None,_DebugContext,_interactive_prompt,https://github.com/pytorch/pytorch/blob/main/torch/_dynamo/bytecode_debugger.py#L594,"                        current_idx = view_state.offset_to_index.get(                             view_state.current_offset, 0                         )"
pytorch/pytorch,torch/_dynamo/bytecode_debugger.py,749,state.offset_to_inst.get,NOT_EXPLICIT,False,None,_DebugContext,_handle_instruction,https://github.com/pytorch/pytorch/blob/main/torch/_dynamo/bytecode_debugger.py#L749,            prev_inst = state.offset_to_inst.get(previous_offset)
pytorch/pytorch,torch/_dynamo/bytecode_debugger.py,752,state.offset_to_index.get,NOT_EXPLICIT,False,None,_DebugContext,_handle_instruction,https://github.com/pytorch/pytorch/blob/main/torch/_dynamo/bytecode_debugger.py#L752,"                prev_index = state.offset_to_index.get(previous_offset, -1)"
pytorch/pytorch,torch/_dynamo/bytecode_debugger.py,754,state.offset_to_index.get,NOT_EXPLICIT,False,None,_DebugContext,_handle_instruction,https://github.com/pytorch/pytorch/blob/main/torch/_dynamo/bytecode_debugger.py#L754,"                current_index = state.offset_to_index.get(offset, -1)"
pytorch/pytorch,torch/_dynamo/bytecode_debugger.py,806,state.offset_to_inst.get,NOT_EXPLICIT,False,None,_DebugContext,_handle_instruction,https://github.com/pytorch/pytorch/blob/main/torch/_dynamo/bytecode_debugger.py#L806,            inst = state.offset_to_inst.get(offset)
pytorch/pytorch,torch/_dynamo/bytecode_debugger.py,808,state.offset_to_index.get,NOT_EXPLICIT,False,None,_DebugContext,_handle_instruction,https://github.com/pytorch/pytorch/blob/main/torch/_dynamo/bytecode_debugger.py#L808,"                idx = state.offset_to_index.get(offset, -1)"
pytorch/pytorch,torch/_dynamo/bytecode_debugger.py,812,state.offset_to_inst.get,NOT_EXPLICIT,False,None,_DebugContext,_handle_instruction,https://github.com/pytorch/pytorch/blob/main/torch/_dynamo/bytecode_debugger.py#L812,        inst = state.offset_to_inst.get(offset)
pytorch/pytorch,torch/_dynamo/bytecode_debugger.py,815,state.offset_to_index.get,NOT_EXPLICIT,False,None,_DebugContext,_handle_instruction,https://github.com/pytorch/pytorch/blob/main/torch/_dynamo/bytecode_debugger.py#L815,"        current_index = state.offset_to_index.get(offset, -1)"
pytorch/pytorch,torch/_dynamo/bytecode_debugger.py,915,state.offset_to_inst.get,NOT_EXPLICIT,False,None,_DebugContext,_handle_exception,https://github.com/pytorch/pytorch/blob/main/torch/_dynamo/bytecode_debugger.py#L915,        inst = state.offset_to_inst.get(offset)
pytorch/pytorch,torch/_dynamo/bytecode_debugger.py,917,state.offset_to_index.get,NOT_EXPLICIT,False,None,_DebugContext,_handle_exception,https://github.com/pytorch/pytorch/blob/main/torch/_dynamo/bytecode_debugger.py#L917,"        current_index = state.offset_to_index.get(offset, -1)"
pytorch/pytorch,torch/_dynamo/convert_frame.py,2508,open,NOT_EXPLICIT,False,None,None,replay,https://github.com/pytorch/pytorch/blob/main/torch/_dynamo/convert_frame.py#L2508,"    with open(filename, ""rb"") as in_file:"
pytorch/pytorch,torch/_dynamo/debug_utils.py,145,open,NOT_EXPLICIT,False,None,BuckTargetWriter,write,https://github.com/pytorch/pytorch/blob/main/torch/_dynamo/debug_utils.py#L145,"        with open(target_file, ""w"") as fd:"
pytorch/pytorch,torch/_dynamo/debug_utils.py,574,open,NOT_EXPLICIT,False,None,None,helper_for_dump_minify,https://github.com/pytorch/pytorch/blob/main/torch/_dynamo/debug_utils.py#L574,"        with open(minified_repro_path, ""w"") as fd:"
pytorch/pytorch,torch/_dynamo/eval_frame.py,603,open,NOT_EXPLICIT,False,None,OptimizedModule,_save_aot_compiled_module,https://github.com/pytorch/pytorch/blob/main/torch/_dynamo/eval_frame.py#L603,"            with open(path, ""wb"") as f:"
pytorch/pytorch,torch/_dynamo/exc.py,696,open,NOT_EXPLICIT,False,None,None,_load_gb_type_to_gb_id_map,https://github.com/pytorch/pytorch/blob/main/torch/_dynamo/exc.py#L696,        with open(registry_path) as f:
pytorch/pytorch,torch/_dynamo/package.py,1237,open,NOT_EXPLICIT,False,None,DiskDynamoStore,read,https://github.com/pytorch/pytorch/blob/main/torch/_dynamo/package.py#L1237,"            with open(os.path.join(path, ""entry""), ""rb"") as f:"
pytorch/pytorch,torch/_dynamo/pgo.py,121,open,NOT_EXPLICIT,False,None,None,_hash_containing_file,https://github.com/pytorch/pytorch/blob/main/torch/_dynamo/pgo.py#L121,"    with open(filepath, ""rb"") as file:"
pytorch/pytorch,torch/_dynamo/pgo.py,824,open,NOT_EXPLICIT,False,None,None,get_local_code_state,https://github.com/pytorch/pytorch/blob/main/torch/_dynamo/pgo.py#L824,"            with open(path, ""rb"") as f:"
pytorch/pytorch,torch/_dynamo/pgo.py,1014,open,NOT_EXPLICIT,False,None,None,write_local_impl,https://github.com/pytorch/pytorch/blob/main/torch/_dynamo/pgo.py#L1014,"        with open(tmp_path, ""wb"") as f:"
pytorch/pytorch,torch/_dynamo/repro/after_aot.py,270,open,NOT_EXPLICIT,False,None,None,generate_standalone_repro,https://github.com/pytorch/pytorch/blob/main/torch/_dynamo/repro/after_aot.py#L270,"        with open(save_path, ""w"") as f:"
pytorch/pytorch,torch/_dynamo/repro/after_aot.py,932,open,NOT_EXPLICIT,False,None,None,dump_compiler_graph_state,https://github.com/pytorch/pytorch/blob/main/torch/_dynamo/repro/after_aot.py#L932,"    with open(file_name, ""w"") as fd:"
pytorch/pytorch,torch/_dynamo/repro/after_aot.py,980,open,NOT_EXPLICIT,False,None,None,isolate_fails,https://github.com/pytorch/pytorch/blob/main/torch/_dynamo/repro/after_aot.py#L980,"    with open(file_name, ""w"") as fd:"
pytorch/pytorch,torch/_dynamo/repro/after_dynamo.py,262,open,NOT_EXPLICIT,False,None,None,dump_backend_repro_as_file,https://github.com/pytorch/pytorch/blob/main/torch/_dynamo/repro/after_dynamo.py#L262,"    with open(file_name, ""w"") as fd:"
pytorch/pytorch,torch/_dynamo/repro/aoti.py,97,open,NOT_EXPLICIT,False,None,None,dump_to_minify,https://github.com/pytorch/pytorch/blob/main/torch/_dynamo/repro/aoti.py#L97,"            with open(file_name, ""w"") as fd:"
pytorch/pytorch,torch/_dynamo/repro/aoti.py,210,open,NOT_EXPLICIT,False,None,None,dump_compiler_graph_state,https://github.com/pytorch/pytorch/blob/main/torch/_dynamo/repro/aoti.py#L210,"    with open(file_name, ""w"") as fd:"
pytorch/pytorch,torch/_dynamo/utils.py,1038,open,NOT_EXPLICIT,False,None,None,write_record_to_file,https://github.com/pytorch/pytorch/blob/main/torch/_dynamo/utils.py#L1038,"            with open(filename, ""wb"") as f:"
pytorch/pytorch,torch/_dynamo/variables/base.py,2305,self._slotdefs.get,NOT_EXPLICIT,False,None,VariableTracker,call_method,https://github.com/pytorch/pytorch/blob/main/torch/_dynamo/variables/base.py#L2305,        slotdef = self._slotdefs.get(name)
pytorch/pytorch,torch/_export/db/gen_example.py,21,open,NOT_EXPLICIT,False,None,None,global,https://github.com/pytorch/pytorch/blob/main/torch/_export/db/gen_example.py#L21,"    with open(os.path.join(root_dir, sys.argv[1] + "".py""), ""w"") as f:"
pytorch/pytorch,torch/_functorch/benchmark_utils.py,86,open,NOT_EXPLICIT,False,None,None,get_chrome_trace_events,https://github.com/pytorch/pytorch/blob/main/torch/_functorch/benchmark_utils.py#L86,    with open(filename) as f:
pytorch/pytorch,torch/_functorch/compilers.py,357,open,NOT_EXPLICIT,False,None,None,get_inputs,https://github.com/pytorch/pytorch/blob/main/torch/_functorch/compilers.py#L357,"    with open(input_data_path, ""rb"") as f:"
pytorch/pytorch,torch/_functorch/compilers.py,446,open,NOT_EXPLICIT,False,None,None,graph_saver_helper,https://github.com/pytorch/pytorch/blob/main/torch/_functorch/compilers.py#L446,"        with open(             f""{folder_name}/{current_name}/{current_name}_{type_name}_{graph_index}/{current_name}_{type_name}_{graph_index}.input"",             ""wb"",         ) as f:"
pytorch/pytorch,torch/_functorch/partitioners.py,2935,open,NOT_EXPLICIT,False,None,None,solve_min_cut,https://github.com/pytorch/pytorch/blob/main/torch/_functorch/partitioners.py#L2935,"            with open(fx_graph_file, ""w"") as f:"
pytorch/pytorch,torch/_functorch/partitioners.py,3174,open,NOT_EXPLICIT,False,None,None,visualize_min_cut_graph,https://github.com/pytorch/pytorch/blob/main/torch/_functorch/partitioners.py#L3174,"    with open(svg_path, ""w"") as f:"
pytorch/pytorch,torch/_inductor/analysis/profile_analysis.py,426,open,NOT_EXPLICIT,False,None,JsonProfile,__init__,https://github.com/pytorch/pytorch/blob/main/torch/_inductor/analysis/profile_analysis.py#L426,        with open(path) as f:
pytorch/pytorch,torch/_inductor/analysis/profile_analysis.py,711,open,NOT_EXPLICIT,False,None,JsonProfile,dump,https://github.com/pytorch/pytorch/blob/main/torch/_inductor/analysis/profile_analysis.py#L711,"        with open(out, ""w"") as f:"
pytorch/pytorch,torch/_inductor/aoti_eager.py,68,open,NOT_EXPLICIT,False,None,None,load_aoti_eager_cache,https://github.com/pytorch/pytorch/blob/main/torch/_inductor/aoti_eager.py#L68,            with open(op_conf) as f:
pytorch/pytorch,torch/_inductor/aoti_eager.py,359,open,NOT_EXPLICIT,False,None,None,aoti_compile_with_persistent_cache,https://github.com/pytorch/pytorch/blob/main/torch/_inductor/aoti_eager.py#L359,"                with open(op_conf, mode) as op_conf_file:"
pytorch/pytorch,torch/_inductor/aoti_eager.py,381,open,NOT_EXPLICIT,False,None,None,aoti_compile_with_persistent_cache,https://github.com/pytorch/pytorch/blob/main/torch/_inductor/aoti_eager.py#L381,"                    with open(op_conf, ""w"") as op_conf_file:"
pytorch/pytorch,torch/_inductor/autoheuristic/autoheuristic.py,216,open,NOT_EXPLICIT,False,None,AutoHeuristic,save_data,https://github.com/pytorch/pytorch/blob/main/torch/_inductor/autoheuristic/autoheuristic.py#L216,"        with open(log_path, ""a"") as f:"
pytorch/pytorch,torch/_inductor/autoheuristic/autoheuristic_utils.py,117,open,NOT_EXPLICIT,False,None,None,get_metadata_str_from_log,https://github.com/pytorch/pytorch/blob/main/torch/_inductor/autoheuristic/autoheuristic_utils.py#L117,"    with open(log_path, newline="""") as file:"
pytorch/pytorch,torch/_inductor/cache.py,201,open,NOT_EXPLICIT,False,None,InMemoryCache,from_file_path,https://github.com/pytorch/pytorch/blob/main/torch/_inductor/cache.py#L201,"            with open(fpath, ""rb"") as fp:"
pytorch/pytorch,torch/_inductor/cache.py,344,open,NOT_EXPLICIT,False,None,OnDiskCache,get,https://github.com/pytorch/pytorch/blob/main/torch/_inductor/cache.py#L344,"            with open(fpath, ""rb"") as fp:"
pytorch/pytorch,torch/_inductor/cache.py,385,open,NOT_EXPLICIT,False,None,OnDiskCache,insert,https://github.com/pytorch/pytorch/blob/main/torch/_inductor/cache.py#L385,"            with flock as _, open(fpath, ""xb"") as fp:"
pytorch/pytorch,torch/_inductor/codecache.py,374,open,NOT_EXPLICIT,False,None,CacheBase,get_local_cache,https://github.com/pytorch/pytorch/blob/main/torch/_inductor/codecache.py#L374,        with open(local_cache_path) as local_cache_fp:
pytorch/pytorch,torch/_inductor/codecache.py,975,open,NOT_EXPLICIT,False,None,None,build_code_hash,https://github.com/pytorch/pytorch/blob/main/torch/_inductor/codecache.py#L975,"        with open(module, ""rb"") as f:"
pytorch/pytorch,torch/_inductor/codecache.py,1007,open,NOT_EXPLICIT,False,None,None,get_code_hash,https://github.com/pytorch/pytorch/blob/main/torch/_inductor/codecache.py#L1007,"                        with open(path, ""rb"") as f:"
pytorch/pytorch,torch/_inductor/codecache.py,1856,open,NOT_EXPLICIT,False,None,GuardedCache,iterate_over_candidates,https://github.com/pytorch/pytorch/blob/main/torch/_inductor/codecache.py#L1856,"                        with open(os.path.join(subdir, path), ""rb"") as f:"
pytorch/pytorch,torch/_inductor/codecache.py,2715,open,NOT_EXPLICIT,False,None,AotCodeCompiler,compile,https://github.com/pytorch/pytorch/blob/main/torch/_inductor/codecache.py#L2715,"            with open(                 os.path.join(                     os.path.dirname(os.path.dirname(__file__)),                     ""csrc"",                     ""inductor"",                     ""aoti_runtime"",                     ""model.h"",                 )             ) as f:"
pytorch/pytorch,torch/_inductor/codecache.py,2978,open,NOT_EXPLICIT,False,None,AotCodeCompiler,_compile_consts,https://github.com/pytorch/pytorch/blob/main/torch/_inductor/codecache.py#L2978,"                with open(consts_o, ""r+b"") as f:"
pytorch/pytorch,torch/_inductor/codecache.py,3013,open,NOT_EXPLICIT,False,None,AotCodeCompiler,compile,https://github.com/pytorch/pytorch/blob/main/torch/_inductor/codecache.py#L3013,"                with open(extern_kernel_nodes_json, ""w"") as f:"
pytorch/pytorch,torch/_inductor/codecache.py,3035,open,NOT_EXPLICIT,False,None,AotCodeCompiler,compile,https://github.com/pytorch/pytorch/blob/main/torch/_inductor/codecache.py#L3035,"            with open(meta_json, ""w"") as f:"
pytorch/pytorch,torch/_inductor/codecache.py,3259,open,NOT_EXPLICIT,False,None,AotCodeCompiler,compile,https://github.com/pytorch/pytorch/blob/main/torch/_inductor/codecache.py#L3259,"                    with open(external_weights_path, ""wb"") as f_weights:"
pytorch/pytorch,torch/_inductor/codecache.py,3303,open,NOT_EXPLICIT,False,None,AotCodeCompiler,compile,https://github.com/pytorch/pytorch/blob/main/torch/_inductor/codecache.py#L3303,"                with open(constants_config_json, ""w"") as f:"
pytorch/pytorch,torch/_inductor/codecache.py,3488,open,NOT_EXPLICIT,False,None,AotCodeCompiler,compile,https://github.com/pytorch/pytorch/blob/main/torch/_inductor/codecache.py#L3488,"            with open(wrapper_path, ""a"") as f:"
pytorch/pytorch,torch/_inductor/codecache.py,3493,open,NOT_EXPLICIT,False,None,AotCodeCompiler,compile,https://github.com/pytorch/pytorch/blob/main/torch/_inductor/codecache.py#L3493,"            with open(kernel_path, ""a"") as f:"
pytorch/pytorch,torch/_inductor/codecache.py,3516,open,NOT_EXPLICIT,False,None,AotCodeCompiler,compile,https://github.com/pytorch/pytorch/blob/main/torch/_inductor/codecache.py#L3516,"                    with open(weight_file, ""wb"") as f_weights:"
pytorch/pytorch,torch/_inductor/codecache.py,3597,open,NOT_EXPLICIT,False,None,AotCodeCompiler,compile,https://github.com/pytorch/pytorch/blob/main/torch/_inductor/codecache.py#L3597,"                    with open(output_so, ""a+b"") as f_so:"
pytorch/pytorch,torch/_inductor/codecache.py,3612,open,NOT_EXPLICIT,False,None,AotCodeCompiler,compile,https://github.com/pytorch/pytorch/blob/main/torch/_inductor/codecache.py#L3612,"            with open(kernel_info_json, ""w"") as f:"
pytorch/pytorch,torch/_inductor/codecache.py,4682,open,NOT_EXPLICIT,False,None,HalideCodeCache,build_standalone_runtime,https://github.com/pytorch/pytorch/blob/main/torch/_inductor/codecache.py#L4682,"                    with open(hook_file, ""w"") as f:"
pytorch/pytorch,torch/_inductor/codecache.py,4759,open,NOT_EXPLICIT,False,None,None,_worker_task_halide,https://github.com/pytorch/pytorch/blob/main/torch/_inductor/codecache.py#L4759,"                with open(""repro.py"", ""w"") as fd:"
pytorch/pytorch,torch/_inductor/codecache.py,4766,open,NOT_EXPLICIT,False,None,None,touch,https://github.com/pytorch/pytorch/blob/main/torch/_inductor/codecache.py#L4766,"    with open(filename, ""a""):"
pytorch/pytorch,torch/_inductor/codecache.py,4908,open,NOT_EXPLICIT,False,None,None,cutlass_key,https://github.com/pytorch/pytorch/blob/main/torch/_inductor/codecache.py#L4908,"            open(resource_path) as resource_file,"
pytorch/pytorch,torch/_inductor/codecache.py,5149,open,NOT_EXPLICIT,False,None,CUTLASSCodeCache,compile,https://github.com/pytorch/pytorch/blob/main/torch/_inductor/codecache.py#L5149,"                    with open(error_path, encoding=""utf-8"") as fh:"
pytorch/pytorch,torch/_inductor/codecache.py,5170,open,NOT_EXPLICIT,False,None,CUTLASSCodeCache,compile,https://github.com/pytorch/pytorch/blob/main/torch/_inductor/codecache.py#L5170,"                    with open(input_path, ""a"") as f:"
pytorch/pytorch,torch/_inductor/codecache.py,5272,open,NOT_EXPLICIT,False,None,CUTLASSCodeCache,_record_compile_error,https://github.com/pytorch/pytorch/blob/main/torch/_inductor/codecache.py#L5272,"        with open(error_path, ""w"", encoding=""utf-8"") as fh:"
pytorch/pytorch,torch/_inductor/codegen/cpp_wrapper_cpu.py,545,open,NOT_EXPLICIT,False,None,CppWrapperCpu,_write_aoti_interface_header,https://github.com/pytorch/pytorch/blob/main/torch/_inductor/codegen/cpp_wrapper_cpu.py#L545,"            with open(                 os.path.join(os.path.dirname(__file__), ""aoti_runtime"", ""interface.cpp"")             ) as f:"
pytorch/pytorch,torch/_inductor/codegen/cpp_wrapper_gpu.py,1207,open,NOT_EXPLICIT,False,None,CppWrapperGpu,_ensure_aoti_stream_helpers_emitted,https://github.com/pytorch/pytorch/blob/main/torch/_inductor/codegen/cpp_wrapper_gpu.py#L1207,"        with open(             os.path.join(os.path.dirname(__file__), ""aoti_runtime"", ""streams.h"")         ) as f:"
pytorch/pytorch,torch/_inductor/codegen/cutlass/cache.py,39,open,NOT_EXPLICIT,False,None,None,get_file_hash,https://github.com/pytorch/pytorch/blob/main/torch/_inductor/codegen/cutlass/cache.py#L39,"        with open(file_path, ""rb"") as f:"
pytorch/pytorch,torch/_inductor/codegen/cutlass/cache.py,94,open,NOT_EXPLICIT,False,None,None,maybe_fetch_ops,https://github.com/pytorch/pytorch/blob/main/torch/_inductor/codegen/cutlass/cache.py#L94,            with open(filepath) as f:
pytorch/pytorch,torch/_inductor/codegen/cutlass/scheduling.py,375,all_bufs.get,NOT_EXPLICIT,False,None,CUTLASSScheduling,_can_fuse_epilogue_impl,https://github.com/pytorch/pytorch/blob/main/torch/_inductor/codegen/cutlass/scheduling.py#L375,            buf = all_bufs.get(read_name)
pytorch/pytorch,torch/_inductor/codegen/rocm/ck_tile_universal_gemm_template.py,77,open,NOT_EXPLICIT,False,None,None,_ck_tile_universal_gemm_v2_api,https://github.com/pytorch/pytorch/blob/main/torch/_inductor/codegen/rocm/ck_tile_universal_gemm_template.py#L77,            with open(header_path) as header_file:
pytorch/pytorch,torch/_inductor/codegen/triton.py,8469,open,NOT_EXPLICIT,False,None,TritonScheduling,load_cache,https://github.com/pytorch/pytorch/blob/main/torch/_inductor/codegen/triton.py#L8469,                    with open(path) as fd:
pytorch/pytorch,torch/_inductor/codegen/triton.py,8641,open,NOT_EXPLICIT,False,None,TritonScheduling,load_cache,https://github.com/pytorch/pytorch/blob/main/torch/_inductor/codegen/triton.py#L8641,                with open(path) as fd:
pytorch/pytorch,torch/_inductor/comms.py,605,group_n_to_bufs_after_swap_dealloc_by_candidate.get,NOT_EXPLICIT,False,None,None,_calculate_potential_peak_memory_reorder,https://github.com/pytorch/pytorch/blob/main/torch/_inductor/comms.py#L605,        bufs = group_n_to_bufs_after_swap_dealloc_by_candidate.get(gn)
pytorch/pytorch,torch/_inductor/compile_fx_ext.py,708,open,NOT_EXPLICIT,False,None,_DebugFileFxCompile,_send_to_child,https://github.com/pytorch/pytorch/blob/main/torch/_inductor/compile_fx_ext.py#L708,"        with open(name, ""wb"") as f:"
pytorch/pytorch,torch/_inductor/compile_fx_ext.py,717,open,NOT_EXPLICIT,False,None,_DebugFileFxCompile,_send_to_child,https://github.com/pytorch/pytorch/blob/main/torch/_inductor/compile_fx_ext.py#L717,"            with open(name, ""wb"") as f:"
pytorch/pytorch,torch/_inductor/compile_fx_ext.py,724,open,NOT_EXPLICIT,False,None,_DebugFileFxCompile,_send_to_child,https://github.com/pytorch/pytorch/blob/main/torch/_inductor/compile_fx_ext.py#L724,"            with open(name, ""rb"") as f:"
pytorch/pytorch,torch/_inductor/compile_worker/subproc_pool.py,230,open,NOT_EXPLICIT,False,None,SubprocPool,__init__,https://github.com/pytorch/pytorch/blob/main/torch/_inductor/compile_worker/subproc_pool.py#L230,"            self.log_file = open(log_path, ""w"")  # noqa:SIM115"
pytorch/pytorch,torch/_inductor/compile_worker/subproc_pool.py,527,open,NOT_EXPLICIT,False,None,SubprocPool,_log_sidecar_death_diagnostics,https://github.com/pytorch/pytorch/blob/main/torch/_inductor/compile_worker/subproc_pool.py#L527,"                with open(self.log_path, errors=""replace"") as f:"
pytorch/pytorch,torch/_inductor/compiler_bisector.py,157,open,NOT_EXPLICIT,False,None,CompilerBisector,write_lines_to_file,https://github.com/pytorch/pytorch/blob/main/torch/_inductor/compiler_bisector.py#L157,"        with open(file_path, ""a"" if append else ""w"") as file:"
pytorch/pytorch,torch/_inductor/compiler_bisector.py,163,open,NOT_EXPLICIT,False,None,CompilerBisector,read_lines_from_file,https://github.com/pytorch/pytorch/blob/main/torch/_inductor/compiler_bisector.py#L163,            with open(file_path) as file:
pytorch/pytorch,torch/_inductor/cpp_builder.py,508,open,NOT_EXPLICIT,False,None,None,batch_convert_cubins_to_obj,https://github.com/pytorch/pytorch/blob/main/torch/_inductor/cpp_builder.py#L508,"    with open(asm_path, ""w"") as f:"
pytorch/pytorch,torch/_inductor/cpp_builder.py,899,open,NOT_EXPLICIT,False,None,BuildOptionsBase,save_flags_to_json,https://github.com/pytorch/pytorch/blob/main/torch/_inductor/cpp_builder.py#L899,"        with open(file, ""w"") as f:"
pytorch/pytorch,torch/_inductor/cpp_builder.py,1867,open,NOT_EXPLICIT,False,None,None,_gen_mingw_import_lib,https://github.com/pytorch/pytorch/blob/main/torch/_inductor/cpp_builder.py#L1867,"    with open(def_path, ""w"") as def_file:"
pytorch/pytorch,torch/_inductor/cpp_builder.py,1931,open,NOT_EXPLICIT,False,None,None,_create_msvc_gs_stubs_lib,https://github.com/pytorch/pytorch/blob/main/torch/_inductor/cpp_builder.py#L1931,"        with open(src_path, ""w"") as f:"
pytorch/pytorch,torch/_inductor/cpp_builder.py,2868,open,NOT_EXPLICIT,False,None,CppBuilder,save_compile_cmd_to_cmake,https://github.com/pytorch/pytorch/blob/main/torch/_inductor/cpp_builder.py#L2868,"        with open(cmake_path, ""w"") as f:"
pytorch/pytorch,torch/_inductor/cpp_builder.py,2874,open,NOT_EXPLICIT,False,None,CppBuilder,save_src_to_cmake,https://github.com/pytorch/pytorch/blob/main/torch/_inductor/cpp_builder.py#L2874,"        with open(cmake_path, ""a"") as f:"
pytorch/pytorch,torch/_inductor/cpp_builder.py,2879,open,NOT_EXPLICIT,False,None,CppBuilder,save_kernel_asm_to_cmake,https://github.com/pytorch/pytorch/blob/main/torch/_inductor/cpp_builder.py#L2879,"        with open(cmake_path, ""a"") as f:"
pytorch/pytorch,torch/_inductor/cpp_builder.py,2912,open,NOT_EXPLICIT,False,None,CppBuilder,save_link_cmd_to_cmake,https://github.com/pytorch/pytorch/blob/main/torch/_inductor/cpp_builder.py#L2912,"        with open(cmake_path, ""a"") as f:"
pytorch/pytorch,torch/_inductor/cpu_vec_isa.py,227,open,NOT_EXPLICIT,False,None,VecISA,check_build,https://github.com/pytorch/pytorch/blob/main/torch/_inductor/cpu_vec_isa.py#L227,"                with open(load_ok_marker, ""w"") as f:"
pytorch/pytorch,torch/_inductor/cpu_vec_isa.py,631,open,NOT_EXPLICIT,False,None,None,valid_vec_isa_list,https://github.com/pytorch/pytorch/blob/main/torch/_inductor/cpu_vec_isa.py#L631,"        with open(""/proc/cpuinfo"") as _cpu_info:"
pytorch/pytorch,torch/_inductor/custom_graph_pass.py,158,open,NOT_EXPLICIT,False,None,None,get_hash_for_files,https://github.com/pytorch/pytorch/blob/main/torch/_inductor/custom_graph_pass.py#L158,"        with open(path, ""rb"") as f:"
pytorch/pytorch,torch/_inductor/debug.py,503,open,NOT_EXPLICIT,False,None,DebugContext,fopen,https://github.com/pytorch/pytorch/blob/main/torch/_inductor/debug.py#L503,"        return open(os.path.join(self._path, filename), write_mode, *args, **kwargs)"
pytorch/pytorch,torch/_inductor/debug.py,515,open,NOT_EXPLICIT,False,None,DebugContext,fopen_context,https://github.com/pytorch/pytorch/blob/main/torch/_inductor/debug.py#L515,"        with open(os.path.join(self._path, filename), write_mode, *args, **kwargs) as f:"
pytorch/pytorch,torch/_inductor/debug.py,1435,open,NOT_EXPLICIT,False,None,None,save_args_for_compile_fx_inner,https://github.com/pytorch/pytorch/blob/main/torch/_inductor/debug.py#L1435,"    with open(path, ""wb"") as f:"
pytorch/pytorch,torch/_inductor/debug.py,1459,open,NOT_EXPLICIT,False,None,None,load_args_and_run_compile_fx_inner,https://github.com/pytorch/pytorch/blob/main/torch/_inductor/debug.py#L1459,"    with open(path, ""rb"") as f:"
pytorch/pytorch,torch/_inductor/exc.py,21,open,NOT_EXPLICIT,False,None,None,_record_missing_op,https://github.com/pytorch/pytorch/blob/main/torch/_inductor/exc.py#L21,"        with open(f""{tempfile.gettempdir()}/missing_ops.txt"", ""a"") as fd:"
pytorch/pytorch,torch/_inductor/fuzzer.py,707,open,NOT_EXPLICIT,False,None,ConfigFuzzer,save_state,https://github.com/pytorch/pytorch/blob/main/torch/_inductor/fuzzer.py#L707,"        with open(filename, ""wb"") as f:"
pytorch/pytorch,torch/_inductor/fuzzer.py,714,open,NOT_EXPLICIT,False,None,ConfigFuzzer,load_state,https://github.com/pytorch/pytorch/blob/main/torch/_inductor/fuzzer.py#L714,"        with open(filename, ""rb"") as f:"
pytorch/pytorch,torch/_inductor/fuzzer.py,1006,open,NOT_EXPLICIT,False,None,None,visualize_results,https://github.com/pytorch/pytorch/blob/main/torch/_inductor/fuzzer.py#L1006,"    with open(filename, ""w"") as file:"
pytorch/pytorch,torch/_inductor/fx_passes/profile_guided_estimation.py,139,open,NOT_EXPLICIT,False,None,ProfileData,load,https://github.com/pytorch/pytorch/blob/main/torch/_inductor/fx_passes/profile_guided_estimation.py#L139,        with open(trace_path) as f:
pytorch/pytorch,torch/_inductor/lowering.py,1796,V.graph.graph_input_storage_offsets.get,NOT_EXPLICIT,False,None,None,as_strided,https://github.com/pytorch/pytorch/blob/main/torch/_inductor/lowering.py#L1796,"            - V.graph.graph_input_storage_offsets.get(storage_data.get_name(), 0)"
pytorch/pytorch,torch/_inductor/metrics.py,179,open,NOT_EXPLICIT,False,None,MetricTable,write_header,https://github.com/pytorch/pytorch/blob/main/torch/_inductor/metrics.py#L179,"        with open(filename, ""w"") as fd:"
pytorch/pytorch,torch/_inductor/metrics.py,199,open,NOT_EXPLICIT,False,None,MetricTable,_write_row,https://github.com/pytorch/pytorch/blob/main/torch/_inductor/metrics.py#L199,"        with open(filename, ""a"") as fd:"
pytorch/pytorch,torch/_inductor/output_code.py,604,open,NOT_EXPLICIT,False,None,CompiledFxGraph,__init__,https://github.com/pytorch/pytorch/blob/main/torch/_inductor/output_code.py#L604,            with open(graph.cache_path) as f:
pytorch/pytorch,torch/_inductor/output_code.py,1133,open,NOT_EXPLICIT,False,None,CompiledAOTI,__post_init__,https://github.com/pytorch/pytorch/blob/main/torch/_inductor/output_code.py#L1133,"                with open(file, ""wb"") as f:"
pytorch/pytorch,torch/_inductor/output_code.py,1150,open,NOT_EXPLICIT,False,None,CompiledAOTI,prepare_for_serialization,https://github.com/pytorch/pytorch/blob/main/torch/_inductor/output_code.py#L1150,"            with open(name, ""rb"") as f:"
pytorch/pytorch,torch/_inductor/package/package.py,38,open,NOT_EXPLICIT,False,None,None,compile_so,https://github.com/pytorch/pytorch/blob/main/torch/_inductor/package/package.py#L38,"    with open(file_name + ""_compile_flags.json"") as f:"
pytorch/pytorch,torch/_inductor/package/package.py,53,open,NOT_EXPLICIT,False,None,None,compile_so,https://github.com/pytorch/pytorch/blob/main/torch/_inductor/package/package.py#L53,"    with open(file_name + ""_linker_flags.json"") as f:"
pytorch/pytorch,torch/_inductor/package/package.py,71,open,NOT_EXPLICIT,False,None,None,compile_so,https://github.com/pytorch/pytorch/blob/main/torch/_inductor/package/package.py#L71,"        with open(serialized_weights_filename, ""rb"") as f_weights:"
pytorch/pytorch,torch/_inductor/package/package.py,74,open,NOT_EXPLICIT,False,None,None,compile_so,https://github.com/pytorch/pytorch/blob/main/torch/_inductor/package/package.py#L74,"        with open(output_so, ""a+b"") as f_so:"
pytorch/pytorch,torch/_inductor/pattern_matcher.py,2165,open,NOT_EXPLICIT,False,None,None,_serialize_pattern,https://github.com/pytorch/pytorch/blob/main/torch/_inductor/pattern_matcher.py#L2165,"    with open(SERIALIZED_PATTERN_PATH / f""{pattern_name}.py"", write_mode) as f:"
pytorch/pytorch,torch/_inductor/profiler.py,400,open,NOT_EXPLICIT,False,None,None,_add_inductor_provenance,https://github.com/pytorch/pytorch/blob/main/torch/_inductor/profiler.py#L400,        with open(path) as f:
pytorch/pytorch,torch/_inductor/profiler.py,429,open,NOT_EXPLICIT,False,None,None,_add_inductor_provenance,https://github.com/pytorch/pytorch/blob/main/torch/_inductor/profiler.py#L429,"            with open(path, ""w"") as f:"
pytorch/pytorch,torch/_inductor/profiler.py,502,open,NOT_EXPLICIT,False,None,None,handler_fn,https://github.com/pytorch/pytorch/blob/main/torch/_inductor/profiler.py#L502,"                with open(fp.name, ""rb"") as fin, gzip.open(path, ""wb"") as fout:"
pytorch/pytorch,torch/_inductor/remote_cache.py,142,open,NOT_EXPLICIT,False,None,LocalCacheBackend,_get,https://github.com/pytorch/pytorch/blob/main/torch/_inductor/remote_cache.py#L142,"            with open(key, ""rb"") as fd:"
pytorch/pytorch,torch/_inductor/rocm_multiarch_utils.py,120,open,NOT_EXPLICIT,False,None,None,_sanitize_llvm_ir_for_rocm,https://github.com/pytorch/pytorch/blob/main/torch/_inductor/rocm_multiarch_utils.py#L120,    with open(llvm_ir_path) as f:
pytorch/pytorch,torch/_inductor/rocm_multiarch_utils.py,131,open,NOT_EXPLICIT,False,None,None,_sanitize_llvm_ir_for_rocm,https://github.com/pytorch/pytorch/blob/main/torch/_inductor/rocm_multiarch_utils.py#L131,"    with open(sanitized_path, ""w"") as f:"
pytorch/pytorch,torch/_inductor/runtime/caching/implementations.py,288,open,NOT_EXPLICIT,False,None,_OnDiskCacheImpl,get,https://github.com/pytorch/pytorch/blob/main/torch/_inductor/runtime/caching/implementations.py#L288,"        with open(fpath, ""rb"") as fp:"
pytorch/pytorch,torch/_inductor/runtime/caching/implementations.py,320,open,NOT_EXPLICIT,False,None,_OnDiskCacheImpl,insert,https://github.com/pytorch/pytorch/blob/main/torch/_inductor/runtime/caching/implementations.py#L320,"            w_fp = open(fpath, ""xb"")  # noqa: SIM115"
pytorch/pytorch,torch/_inductor/runtime/caching/implementations.py,323,open,NOT_EXPLICIT,False,None,_OnDiskCacheImpl,insert,https://github.com/pytorch/pytorch/blob/main/torch/_inductor/runtime/caching/implementations.py#L323,"            with open(fpath, ""rb"") as r_fp:"
pytorch/pytorch,torch/_inductor/runtime/caching/implementations.py,331,open,NOT_EXPLICIT,False,None,_OnDiskCacheImpl,insert,https://github.com/pytorch/pytorch/blob/main/torch/_inductor/runtime/caching/implementations.py#L331,"                w_fp = open(fpath, ""xb"")  # noqa: SIM115"
pytorch/pytorch,torch/_inductor/runtime/caching/interfaces.py,608,open,NOT_EXPLICIT,False,None,Memoizer,_read_dump_from_disk,https://github.com/pytorch/pytorch/blob/main/torch/_inductor/runtime/caching/interfaces.py#L608,            with open(target_path) as f:
pytorch/pytorch,torch/_inductor/runtime/caching/interfaces.py,625,open,NOT_EXPLICIT,False,None,Memoizer,_write_dump_to_disk,https://github.com/pytorch/pytorch/blob/main/torch/_inductor/runtime/caching/interfaces.py#L625,"            with open(self._shared_cache_filepath, ""w"") as f:"
pytorch/pytorch,torch/_inductor/runtime/compile_tasks.py,27,open,NOT_EXPLICIT,False,None,None,_reload_python_module,https://github.com/pytorch/pytorch/blob/main/torch/_inductor/runtime/compile_tasks.py#L27,    with open(path) as f:
pytorch/pytorch,torch/_inductor/runtime/cutedsl_cache.py,149,open,NOT_EXPLICIT,False,None,None,disk_cache_set,https://github.com/pytorch/pytorch/blob/main/torch/_inductor/runtime/cutedsl_cache.py#L149,"        with open(tmp_path, ""rb"") as f:"
pytorch/pytorch,torch/_inductor/runtime/cutedsl_cache.py,151,open,NOT_EXPLICIT,False,None,None,disk_cache_set,https://github.com/pytorch/pytorch/blob/main/torch/_inductor/runtime/cutedsl_cache.py#L151,"        with open(tmp_path, ""wb"") as f:"
pytorch/pytorch,torch/_inductor/runtime/proton_utils.py,29,open,NOT_EXPLICIT,False,None,None,_read_trace,https://github.com/pytorch/pytorch/blob/main/torch/_inductor/runtime/proton_utils.py#L29,        with open(path) as f:
pytorch/pytorch,torch/_inductor/runtime/static_triton_launcher.py,171,open,NOT_EXPLICIT,False,None,StaticallyLaunchedTritonKernel,reload_cubin_from_raw,https://github.com/pytorch/pytorch/blob/main/torch/_inductor/runtime/static_triton_launcher.py#L171,"            with open(filepath, ""wb"") as f:"
pytorch/pytorch,torch/_inductor/runtime/static_triton_launcher.py,187,open,NOT_EXPLICIT,False,None,StaticallyLaunchedTritonKernel,_agnostic_cubin_path,https://github.com/pytorch/pytorch/blob/main/torch/_inductor/runtime/static_triton_launcher.py#L187,"        with open(self.cubin_path, ""wb"") as f:"
pytorch/pytorch,torch/_inductor/runtime/triton_heuristics.py,307,open,NOT_EXPLICIT,False,None,None,_dump_launch_params,https://github.com/pytorch/pytorch/blob/main/torch/_inductor/runtime/triton_heuristics.py#L307,"    with open(f""{abs_path}.launch_params"", ""a"") as f:"
pytorch/pytorch,torch/_inductor/runtime/triton_heuristics.py,3411,open,NOT_EXPLICIT,False,None,None,end_graph,https://github.com/pytorch/pytorch/blob/main/torch/_inductor/runtime/triton_heuristics.py#L3411,"            with open(output_file, ""a"") as file:"
pytorch/pytorch,torch/_inductor/select_algorithm.py,3639,open,NOT_EXPLICIT,False,None,None,append_to_log,https://github.com/pytorch/pytorch/blob/main/torch/_inductor/select_algorithm.py#L3639,            with open(filename) as f:
pytorch/pytorch,torch/_inductor/select_algorithm.py,3646,open,NOT_EXPLICIT,False,None,None,append_to_log,https://github.com/pytorch/pytorch/blob/main/torch/_inductor/select_algorithm.py#L3646,"        with open(filename, ""w"") as f:"
pytorch/pytorch,torch/_inductor/select_algorithm.py,4792,open,NOT_EXPLICIT,False,None,AlgorithmSelectorCache,make_precompile_fn,https://github.com/pytorch/pytorch/blob/main/torch/_inductor/select_algorithm.py#L4792,                    with open(c.bmreq.module_path) as file:
pytorch/pytorch,torch/_inductor/standalone_compile.py,92,open,NOT_EXPLICIT,False,None,CompiledArtifact,load,https://github.com/pytorch/pytorch/blob/main/torch/_inductor/standalone_compile.py#L92,"        with open(path, ""rb"") as file:"
pytorch/pytorch,torch/_inductor/standalone_compile.py,242,open,NOT_EXPLICIT,False,None,CacheCompiledArtifact,save,https://github.com/pytorch/pytorch/blob/main/torch/_inductor/standalone_compile.py#L242,"                            with open(os.path.join(subdir, path), ""rb"") as f:"
pytorch/pytorch,torch/_inductor/standalone_compile.py,302,open,NOT_EXPLICIT,False,None,CacheCompiledArtifact,_prepare_load,https://github.com/pytorch/pytorch/blob/main/torch/_inductor/standalone_compile.py#L302,"                with open(path, ""rb"") as file:"
pytorch/pytorch,torch/_inductor/standalone_compile.py,422,open,NOT_EXPLICIT,False,None,AOTCompiledArtifact,load,https://github.com/pytorch/pytorch/blob/main/torch/_inductor/standalone_compile.py#L422,"        with open(path, ""rb"") as file:"
pytorch/pytorch,torch/_inductor/triton_bundler.py,307,open,NOT_EXPLICIT,False,None,TritonBundler,collect,https://github.com/pytorch/pytorch/blob/main/torch/_inductor/triton_bundler.py#L307,"                            with open(filepath, ""rb"") as file:"
pytorch/pytorch,torch/_inductor/triton_bundler.py,402,open,NOT_EXPLICIT,False,None,TritonBundler,read_and_emit,https://github.com/pytorch/pytorch/blob/main/torch/_inductor/triton_bundler.py#L402,"                    with open(filepath, ""wb"") as file:"
pytorch/pytorch,torch/_inductor/utils.py,4699,open,NOT_EXPLICIT,False,None,None,load_template,https://github.com/pytorch/pytorch/blob/main/torch/_inductor/utils.py#L4699,"        with open(path, encoding=""utf-8"") as f:"
pytorch/pytorch,torch/_library/fake_profile.py,253,open,NOT_EXPLICIT,False,None,None,save_op_profiles,https://github.com/pytorch/pytorch/blob/main/torch/_library/fake_profile.py#L253,"        with open(f, ""w"") as file:"
pytorch/pytorch,torch/_library/fake_profile.py,318,open,NOT_EXPLICIT,False,None,None,load_op_profiles,https://github.com/pytorch/pytorch/blob/main/torch/_library/fake_profile.py#L318,        with open(f) as file:
pytorch/pytorch,torch/_meta_registrations.py,4538,offsets.size,NOT_EXPLICIT,False,None,None,meta_embedding_bag,https://github.com/pytorch/pytorch/blob/main/torch/_meta_registrations.py#L4538,    num_bags = offsets.size(0)
pytorch/pytorch,torch/_meta_registrations.py,4586,offsets.size,NOT_EXPLICIT,False,None,None,meta_embedding_bag,https://github.com/pytorch/pytorch/blob/main/torch/_meta_registrations.py#L4586,        bag_size = indices.new_empty(offsets.size())
pytorch/pytorch,torch/_meta_registrations.py,4619,offsets.size,NOT_EXPLICIT,False,None,None,meta_embedding_bag_forward_only,https://github.com/pytorch/pytorch/blob/main/torch/_meta_registrations.py#L4619,        bag_size = offsets.new_empty(offsets.size())
pytorch/pytorch,torch/_meta_registrations.py,8480,offs.size,NOT_EXPLICIT,False,None,None,_create_grouped_mm_output_tensor,https://github.com/pytorch/pytorch/blob/main/torch/_meta_registrations.py#L8480,"            out_size = [offs.size(0), mat1.size(0), mat2.size(1)]"
pytorch/pytorch,torch/_meta_registrations.py,8483,offs.size,NOT_EXPLICIT,False,None,None,_create_grouped_mm_output_tensor,https://github.com/pytorch/pytorch/blob/main/torch/_meta_registrations.py#L8483,"                offs.size(0) == mat2.size(0), lambda: ""matrix batch sizes have to match"""
pytorch/pytorch,torch/_meta_registrations.py,8489,offs.size,NOT_EXPLICIT,False,None,None,_create_grouped_mm_output_tensor,https://github.com/pytorch/pytorch/blob/main/torch/_meta_registrations.py#L8489,"                offs.size(0) == mat1.size(0), lambda: ""matrix batch sizes have to match"""
pytorch/pytorch,torch/_meta_registrations.py,8770,offs.size,NOT_EXPLICIT,False,None,None,_grouped_mm_fp16_cublaslt_supported,https://github.com/pytorch/pytorch/blob/main/torch/_meta_registrations.py#L8770,        offs.size(0)
pytorch/pytorch,torch/_numpy/testing/utils.py,2404,open,NOT_EXPLICIT,False,None,None,_get_mem_available,https://github.com/pytorch/pytorch/blob/main/torch/_numpy/testing/utils.py#L2404,"        with open(""/proc/meminfo"") as f:"
pytorch/pytorch,torch/_prims/context.py,67,mod_refs.__dict__.get,NOT_EXPLICIT,False,None,None,torch_to_refs_map,https://github.com/pytorch/pytorch/blob/main/torch/_prims/context.py#L67,            r[mod_torch.__dict__.get(s)] = mod_refs.__dict__.get(s)
pytorch/pytorch,torch/_prims/context.py,72,torch._refs.__dict__.get,NOT_EXPLICIT,False,None,None,torch_to_refs_map,https://github.com/pytorch/pytorch/blob/main/torch/_prims/context.py#L72,"            r[getattr(torch.Tensor, s)] = torch._refs.__dict__.get(s)"
pytorch/pytorch,torch/_prims/context.py,77,torch._refs._conversions.__dict__.get,NOT_EXPLICIT,False,None,None,torch_to_refs_map,https://github.com/pytorch/pytorch/blob/main/torch/_prims/context.py#L77,        r[tensor_attr] = torch._refs._conversions.__dict__.get(s)
pytorch/pytorch,torch/_subclasses/fake_impls.py,505,offsets.size,NOT_EXPLICIT,False,None,None,_spdiags,https://github.com/pytorch/pytorch/blob/main/torch/_subclasses/fake_impls.py#L505,    n_offsets = 1 if offsets_dim == 0 else offsets.size(0)
pytorch/pytorch,torch/_utils.py,1405,open,NOT_EXPLICIT,False,None,None,_augment_memory_snapshot_stack_traces,https://github.com/pytorch/pytorch/blob/main/torch/_utils.py#L1405,"        with open(snapshot, ""rb"") as f:"
pytorch/pytorch,torch/_vendor/quack/autotuner.py,595,open,NOT_EXPLICIT,False,None,Autotuner,check_disk_cache,https://github.com/pytorch/pytorch/blob/main/torch/_vendor/quack/autotuner.py#L595,"            with open(path, ""r"") as cached_configs:"
pytorch/pytorch,torch/_vendor/quack/cute_dsl_elf_fix.py,74,open,NOT_EXPLICIT,False,None,None,patched_init,https://github.com/pytorch/pytorch/blob/main/torch/_vendor/quack/cute_dsl_elf_fix.py#L74,"                with open(file_path, ""rb"") as f:"
pytorch/pytorch,torch/_vendor/quack/trace.py,736,open,NOT_EXPLICIT,False,None,TraceSession,write_trace,https://github.com/pytorch/pytorch/blob/main/torch/_vendor/quack/trace.py#L736,"        with open(path, ""w"") as f:"
pytorch/pytorch,torch/_vendor/quack/trace.py,833,open,NOT_EXPLICIT,False,None,TraceSession,_write_summary,https://github.com/pytorch/pytorch/blob/main/torch/_vendor/quack/trace.py#L833,"        with open(summary_path, ""w"") as f:"
pytorch/pytorch,torch/autograd/profiler_util.py,299,open,NOT_EXPLICIT,False,None,EventList,export_chrome_trace,https://github.com/pytorch/pytorch/blob/main/torch/autograd/profiler_util.py#L299,"        with open(path, ""w"") as f:"
pytorch/pytorch,torch/autograd/profiler_util.py,360,open,NOT_EXPLICIT,False,None,EventList,export_stacks,https://github.com/pytorch/pytorch/blob/main/torch/autograd/profiler_util.py#L360,"        with open(path, ""w"") as f:"
pytorch/pytorch,torch/cuda/_annotate_cuda_graph_trace.py,254,open,NOT_EXPLICIT,False,None,None,load_trace,https://github.com/pytorch/pytorch/blob/main/torch/cuda/_annotate_cuda_graph_trace.py#L254,        with open(path) as f:
pytorch/pytorch,torch/cuda/_annotate_cuda_graph_trace.py,263,open,NOT_EXPLICIT,False,None,None,save_trace,https://github.com/pytorch/pytorch/blob/main/torch/cuda/_annotate_cuda_graph_trace.py#L263,"        with open(path, ""w"") as f:"
pytorch/pytorch,torch/cuda/_annotate_cuda_graph_trace.py,327,open,NOT_EXPLICIT,False,None,None,main,https://github.com/pytorch/pytorch/blob/main/torch/cuda/_annotate_cuda_graph_trace.py#L327,"    with open(annotations_pkl, ""rb"") as f:"
pytorch/pytorch,torch/cuda/_memory_viz.py,776,open,NOT_EXPLICIT,False,None,None,_read,https://github.com/pytorch/pytorch/blob/main/torch/cuda/_memory_viz.py#L776,"            with open(name, ""rb"") as f:"
pytorch/pytorch,torch/cuda/_memory_viz.py,783,open,NOT_EXPLICIT,False,None,None,_write,https://github.com/pytorch/pytorch/blob/main/torch/cuda/_memory_viz.py#L783,"        with open(name, ""w"") as f:"
pytorch/pytorch,torch/cuda/graphs.py,1077,open,NOT_EXPLICIT,False,None,None,_hook,https://github.com/pytorch/pytorch/blob/main/torch/cuda/graphs.py#L1077,"        with open(path, ""wb"") as f:"
pytorch/pytorch,torch/cuda/memory.py,1167,open,NOT_EXPLICIT,False,None,None,_dump_snapshot,https://github.com/pytorch/pytorch/blob/main/torch/cuda/memory.py#L1167,"    with open(filename, ""wb"") as f:"
pytorch/pytorch,torch/cuda/memory.py,1269,open,NOT_EXPLICIT,False,None,None,_save_segment_usage,https://github.com/pytorch/pytorch/blob/main/torch/cuda/memory.py#L1269,"    with open(filename, ""w"") as f:"
pytorch/pytorch,torch/cuda/memory.py,1276,open,NOT_EXPLICIT,False,None,None,_save_memory_usage,https://github.com/pytorch/pytorch/blob/main/torch/cuda/memory.py#L1276,"    with open(filename, ""w"") as f:"
pytorch/pytorch,torch/cuda/tunable.py,373,open,NOT_EXPLICIT,False,None,None,tune_gemm_in_file,https://github.com/pytorch/pytorch/blob/main/torch/cuda/tunable.py#L373,    with open(filename) as file:
pytorch/pytorch,torch/cuda/tunable.py,384,open,NOT_EXPLICIT,False,None,None,_gather_unique_untuned_gemm_from_files,https://github.com/pytorch/pytorch/blob/main/torch/cuda/tunable.py#L384,        with open(file_path) as file:
pytorch/pytorch,torch/cuda/tunable.py,433,open,NOT_EXPLICIT,False,None,None,_gather_tunableop_results,https://github.com/pytorch/pytorch/blob/main/torch/cuda/tunable.py#L433,        with open(file_path) as file:
pytorch/pytorch,torch/cuda/tunable.py,446,open,NOT_EXPLICIT,False,None,None,_gather_tunableop_results,https://github.com/pytorch/pytorch/blob/main/torch/cuda/tunable.py#L446,"    with open(output_file, ""w"") as out_file:"
pytorch/pytorch,torch/distributed/__init__.py,113,open,NOT_EXPLICIT,False,None,_DistributedPdb,interaction,https://github.com/pytorch/pytorch/blob/main/torch/distributed/__init__.py#L113,"                    with open(""/dev/stdin"") as sys.stdin:"
pytorch/pytorch,torch/distributed/_shard/sharding_spec/chunk_sharding_spec_ops/embedding_bag.py,428,offsets.size,NOT_EXPLICIT,False,None,None,_handle_row_wise_sharding,https://github.com/pytorch/pytorch/blob/main/torch/distributed/_shard/sharding_spec/chunk_sharding_spec_ops/embedding_bag.py#L428,"                    offsets[1 : offsets.size(0)] - offsets[0:-1],"
pytorch/pytorch,torch/distributed/_shard/sharding_spec/chunk_sharding_spec_ops/embedding_bag.py,474,offsets.size,NOT_EXPLICIT,False,None,None,_all_gather_embedding_bag_input,https://github.com/pytorch/pytorch/blob/main/torch/distributed/_shard/sharding_spec/chunk_sharding_spec_ops/embedding_bag.py#L474,            t[idx].resize_(offsets.size()).to(offsets.dtype) for t in gathered_inputs
pytorch/pytorch,torch/distributed/_tools/memory_tracker.py,217,open,NOT_EXPLICIT,False,None,MemoryTracker,save_stats,https://github.com/pytorch/pytorch/blob/main/torch/distributed/_tools/memory_tracker.py#L217,"        with open(path, ""wb"") as f:"
pytorch/pytorch,torch/distributed/_tools/memory_tracker.py,222,open,NOT_EXPLICIT,False,None,MemoryTracker,load,https://github.com/pytorch/pytorch/blob/main/torch/distributed/_tools/memory_tracker.py#L222,"        with open(path, ""rb"") as f:"
pytorch/pytorch,torch/distributed/checkpoint/_experimental/checkpoint_reader.py,122,open,NOT_EXPLICIT,False,None,CheckpointReader,_partial_read,https://github.com/pytorch/pytorch/blob/main/torch/distributed/checkpoint/_experimental/checkpoint_reader.py#L122,"        with open(file_path, ""rb"") as file:"
pytorch/pytorch,torch/distributed/checkpoint/_fsspec_filesystem.py,47,self.fs.open,NOT_EXPLICIT,False,None,FileSystem,create_stream,https://github.com/pytorch/pytorch/blob/main/torch/distributed/checkpoint/_fsspec_filesystem.py#L47,"        with self.fs.open(path, mode) as stream:"
pytorch/pytorch,torch/distributed/checkpoint/_fsspec_filesystem.py,62,url_to_fs,NOT_EXPLICIT,False,None,FileSystem,init_path,https://github.com/pytorch/pytorch/blob/main/torch/distributed/checkpoint/_fsspec_filesystem.py#L62,"        self.fs, _ = url_to_fs(path, **kwargs)"
pytorch/pytorch,torch/distributed/checkpoint/_fsspec_filesystem.py,66,self.fs.rename,NOT_EXPLICIT,False,None,FileSystem,rename,https://github.com/pytorch/pytorch/blob/main/torch/distributed/checkpoint/_fsspec_filesystem.py#L66,"        self.fs.rename(path, new_path)"
pytorch/pytorch,torch/distributed/checkpoint/_fsspec_filesystem.py,69,self.fs.makedirs,NOT_EXPLICIT,False,None,FileSystem,mkdir,https://github.com/pytorch/pytorch/blob/main/torch/distributed/checkpoint/_fsspec_filesystem.py#L69,"        self.fs.makedirs(path, exist_ok=True)"
pytorch/pytorch,torch/distributed/checkpoint/_fsspec_filesystem.py,77,url_to_fs,NOT_EXPLICIT,False,None,FileSystem,validate_checkpoint_id,https://github.com/pytorch/pytorch/blob/main/torch/distributed/checkpoint/_fsspec_filesystem.py#L77,            url_to_fs(checkpoint_id)
pytorch/pytorch,torch/distributed/checkpoint/_fsspec_filesystem.py,84,self.fs.exists,NOT_EXPLICIT,False,None,FileSystem,exists,https://github.com/pytorch/pytorch/blob/main/torch/distributed/checkpoint/_fsspec_filesystem.py#L84,        return self.fs.exists(path)
pytorch/pytorch,torch/distributed/checkpoint/_fsspec_filesystem.py,87,self.fs.rm,NOT_EXPLICIT,False,None,FileSystem,rm_file,https://github.com/pytorch/pytorch/blob/main/torch/distributed/checkpoint/_fsspec_filesystem.py#L87,        self.fs.rm(path)
pytorch/pytorch,torch/distributed/checkpoint/_fsspec_filesystem.py,92,self.fs.ls,NOT_EXPLICIT,False,None,FileSystem,ls,https://github.com/pytorch/pytorch/blob/main/torch/distributed/checkpoint/_fsspec_filesystem.py#L92,"        return self.fs.ls(path, detail=False)"
pytorch/pytorch,torch/distributed/checkpoint/filesystem.py,653,self.fs.exists,NOT_EXPLICIT,False,None,_FileSystemWriter,_metadata_exists,https://github.com/pytorch/pytorch/blob/main/torch/distributed/checkpoint/filesystem.py#L653,        return self.fs.exists(metadata_path)
pytorch/pytorch,torch/distributed/checkpoint/filesystem.py,656,self.fs.mkdir,NOT_EXPLICIT,False,None,_FileSystemWriter,prepare_local_plan,https://github.com/pytorch/pytorch/blob/main/torch/distributed/checkpoint/filesystem.py#L656,        self.fs.mkdir(self.path)
pytorch/pytorch,torch/distributed/checkpoint/filesystem.py,795,self.fs.exists,NOT_EXPLICIT,False,None,_FileSystemWriter,finish,https://github.com/pytorch/pytorch/blob/main/torch/distributed/checkpoint/filesystem.py#L795,        if self.fs.exists(metadata_path):
pytorch/pytorch,torch/distributed/checkpoint/filesystem.py,796,self.fs.rm_file,NOT_EXPLICIT,False,None,_FileSystemWriter,finish,https://github.com/pytorch/pytorch/blob/main/torch/distributed/checkpoint/filesystem.py#L796,            self.fs.rm_file(metadata_path)
pytorch/pytorch,torch/distributed/checkpoint/filesystem.py,798,self.fs.rename,NOT_EXPLICIT,False,None,_FileSystemWriter,finish,https://github.com/pytorch/pytorch/blob/main/torch/distributed/checkpoint/filesystem.py#L798,"        self.fs.rename(tmp_path, metadata_path)"
pytorch/pytorch,torch/distributed/checkpoint/quantized_hf_storage.py,90,open,NOT_EXPLICIT,False,None,QuantizedHuggingFaceStorageReader,_load_quantization_metadata,https://github.com/pytorch/pytorch/blob/main/torch/distributed/checkpoint/quantized_hf_storage.py#L90,        with open(index_file) as f:
pytorch/pytorch,torch/distributed/checkpoint/staging.py,426,open,NOT_EXPLICIT,False,None,_ReplicationStager,_persist_state_dict,https://github.com/pytorch/pytorch/blob/main/torch/distributed/checkpoint/staging.py#L426,"            with open(temp_path, ""wb"") as f:"
pytorch/pytorch,torch/distributed/elastic/multiprocessing/errors/__init__.py,122,open,NOT_EXPLICIT,False,None,ProcessFailure,__post_init__,https://github.com/pytorch/pytorch/blob/main/torch/distributed/elastic/multiprocessing/errors/__init__.py#L122,                with open(self.error_file) as fp:
pytorch/pytorch,torch/distributed/elastic/multiprocessing/errors/error_handler.py,62,open,NOT_EXPLICIT,False,None,ErrorHandler,_write_error_file,https://github.com/pytorch/pytorch/blob/main/torch/distributed/elastic/multiprocessing/errors/error_handler.py#L62,"            with open(file_path, ""w"") as fp:"
pytorch/pytorch,torch/distributed/elastic/multiprocessing/errors/error_handler.py,87,open,NOT_EXPLICIT,False,None,ErrorHandler,record_exception,https://github.com/pytorch/pytorch/blob/main/torch/distributed/elastic/multiprocessing/errors/error_handler.py#L87,"            with open(file, ""w"") as fp:"
pytorch/pytorch,torch/distributed/elastic/multiprocessing/errors/error_handler.py,127,open,NOT_EXPLICIT,False,None,ErrorHandler,dump_error_file,https://github.com/pytorch/pytorch/blob/main/torch/distributed/elastic/multiprocessing/errors/error_handler.py#L127,        with open(rootcause_error_file) as fp:
pytorch/pytorch,torch/distributed/elastic/multiprocessing/errors/error_handler.py,165,open,NOT_EXPLICIT,False,None,ErrorHandler,_rm,https://github.com/pytorch/pytorch/blob/main/torch/distributed/elastic/multiprocessing/errors/error_handler.py#L165,            with open(my_error_file) as fp:
pytorch/pytorch,torch/distributed/elastic/multiprocessing/redirects.py,132,open,NOT_EXPLICIT,False,None,None,redirect,https://github.com/pytorch/pytorch/blob/main/torch/distributed/elastic/multiprocessing/redirects.py#L132,"        with open(to_file, mode=""w+b"") as dst:"
pytorch/pytorch,torch/distributed/elastic/multiprocessing/redirects.py,153,open,NOT_EXPLICIT,False,None,None,redirect,https://github.com/pytorch/pytorch/blob/main/torch/distributed/elastic/multiprocessing/redirects.py#L153,"                open(dst_fd, mode=""wb"", closefd=False),  # noqa: SIM115"
pytorch/pytorch,torch/distributed/elastic/multiprocessing/redirects.py,220,open,NOT_EXPLICIT,False,None,None,redirect,https://github.com/pytorch/pytorch/blob/main/torch/distributed/elastic/multiprocessing/redirects.py#L220,"        with os.fdopen(os.dup(std_fd)) as orig_std, open(to_file, mode=""w+b"") as dst:"
pytorch/pytorch,torch/distributed/elastic/multiprocessing/subprocess_handler/subprocess_handler.py,46,open,NOT_EXPLICIT,False,None,SubprocessHandler,__init__,https://github.com/pytorch/pytorch/blob/main/torch/distributed/elastic/multiprocessing/subprocess_handler/subprocess_handler.py#L46,"        self._stdout = open(stdout, ""w"") if stdout else None  # noqa: SIM115"
pytorch/pytorch,torch/distributed/elastic/multiprocessing/subprocess_handler/subprocess_handler.py,47,open,NOT_EXPLICIT,False,None,SubprocessHandler,__init__,https://github.com/pytorch/pytorch/blob/main/torch/distributed/elastic/multiprocessing/subprocess_handler/subprocess_handler.py#L47,"        self._stderr = open(stderr, ""w"") if stderr else None  # noqa: SIM115"
pytorch/pytorch,torch/distributed/elastic/multiprocessing/tail_log.py,40,open,NOT_EXPLICIT,False,None,None,tail_logfile,https://github.com/pytorch/pytorch/blob/main/torch/distributed/elastic/multiprocessing/tail_log.py#L40,"    with open(file, errors=""replace"") as fp:"
pytorch/pytorch,torch/distributed/elastic/timer/file_based_local_timer.py,286,open,NOT_EXPLICIT,False,None,FileTimerServer,_watchdog_loop,https://github.com/pytorch/pytorch/blob/main/torch/distributed/elastic/timer/file_based_local_timer.py#L286,            with open(self._file_path) as fd:
pytorch/pytorch,torch/distributed/elastic/utils/process_state.py,32,open,NOT_EXPLICIT,False,None,None,read_proc_state,https://github.com/pytorch/pytorch/blob/main/torch/distributed/elastic/utils/process_state.py#L32,"        with open(f""/proc/{pid}/stat"") as f:"
pytorch/pytorch,torch/distributed/flight_recorder/components/loader.py,36,open,NOT_EXPLICIT,False,None,None,read_dump,https://github.com/pytorch/pytorch/blob/main/torch/distributed/flight_recorder/components/loader.py#L36,"    with open(filename, ""rb"") as infile:"
pytorch/pytorch,torch/distributed/fsdp/_fully_shard/_fsdp_collectives.py,506,"cast(torch.Tensor, fsdp_param._sharded_post_forward_param_data).size",NOT_EXPLICIT,False,None,None,foreach_all_gather_copy_out,https://github.com/pytorch/pytorch/blob/main/torch/distributed/fsdp/_fully_shard/_fsdp_collectives.py#L506,"                    else cast(                         torch.Tensor, fsdp_param._sharded_post_forward_param_data                     ).size()"
pytorch/pytorch,torch/distributed/fsdp/_optim_utils.py,1756,fqn_to_fsdp_param_info.get,NOT_EXPLICIT,False,None,None,_convert_state_with_orig_params,https://github.com/pytorch/pytorch/blob/main/torch/distributed/fsdp/_optim_utils.py#L1756,            fsdp_param_info = fqn_to_fsdp_param_info.get(fqn)
pytorch/pytorch,torch/distributed/pipelining/schedules.py,2119,open,NOT_EXPLICIT,False,None,PipelineScheduleMulti,_dump_csv,https://github.com/pytorch/pytorch/blob/main/torch/distributed/pipelining/schedules.py#L2119,"        with open(filename, ""w"", newline="""") as csvfile:"
pytorch/pytorch,torch/distributed/pipelining/schedules.py,2136,open,NOT_EXPLICIT,False,None,PipelineScheduleMulti,_load_csv,https://github.com/pytorch/pytorch/blob/main/torch/distributed/pipelining/schedules.py#L2136,"        with open(filename, newline="""") as csvfile:"
pytorch/pytorch,torch/distributed/pipelining/schedules.py,2614,open,NOT_EXPLICIT,False,None,_PipelineScheduleRuntime,_load_csv,https://github.com/pytorch/pytorch/blob/main/torch/distributed/pipelining/schedules.py#L2614,"            with open(filename, newline="""") as csvfile:"
pytorch/pytorch,torch/distributed/pipelining/schedules.py,2631,open,NOT_EXPLICIT,False,None,_PipelineScheduleRuntime,_dump_csv,https://github.com/pytorch/pytorch/blob/main/torch/distributed/pipelining/schedules.py#L2631,"            with open(filename, ""w"", newline="""") as csvfile:"
pytorch/pytorch,torch/distributed/pipelining/schedules.py,2640,open,NOT_EXPLICIT,False,None,_PipelineScheduleRuntime,_dump_csv,https://github.com/pytorch/pytorch/blob/main/torch/distributed/pipelining/schedules.py#L2640,"            with open(filename, ""w"", newline="""") as csvfile:"
pytorch/pytorch,torch/distributed/pipelining/schedules.py,4070,open,NOT_EXPLICIT,False,None,None,_dump_chrometrace,https://github.com/pytorch/pytorch/blob/main/torch/distributed/pipelining/schedules.py#L4070,"    with open(filename, ""w"") as f:"
pytorch/pytorch,torch/distributed/tensor/_utils.py,271,shard_dim_to_global_offsets.get,NOT_EXPLICIT,False,None,None,_compute_local_shape_and_global_offset,https://github.com/pytorch/pytorch/blob/main/torch/distributed/tensor/_utils.py#L271,        previous_offsets = shard_dim_to_global_offsets.get(shard_dim)
pytorch/pytorch,torch/distributed/tensor/debug/_comm_mode.py,403,open,NOT_EXPLICIT,False,None,CommDebugMode,generate_json_dump,https://github.com/pytorch/pytorch/blob/main/torch/distributed/tensor/debug/_comm_mode.py#L403,"        with open(file_name, ""w"") as json_file:"
pytorch/pytorch,torch/distributed/tensor/debug/_comm_mode.py,615,open,NOT_EXPLICIT,False,None,CommDebugMode,log_comm_debug_tracing_table_to_file,https://github.com/pytorch/pytorch/blob/main/torch/distributed/tensor/debug/_comm_mode.py#L615,"        with open(file_name, ""w"") as log_file:"
pytorch/pytorch,torch/distributed/tensor/debug/_op_coverage.py,98,open,NOT_EXPLICIT,False,None,None,print_op_coverage_summary,https://github.com/pytorch/pytorch/blob/main/torch/distributed/tensor/debug/_op_coverage.py#L98,"        with open(""op_summary.csv"", ""w"", newline="""") as csv_file:"
pytorch/pytorch,torch/export/_draft_export.py,85,open,NOT_EXPLICIT,False,None,None,get_loc,https://github.com/pytorch/pytorch/blob/main/torch/export/_draft_export.py#L85,        with open(filename) as f:
pytorch/pytorch,torch/export/experimental/__init__.py,447,open,NOT_EXPLICIT,False,None,_ExportPackage,_compiled_and_package,https://github.com/pytorch/pytorch/blob/main/torch/export/experimental/__init__.py#L447,"        with open(Path(base_directory) / ""CMakeLists.txt"", ""w"") as file:"
pytorch/pytorch,torch/export/experimental/__init__.py,453,open,NOT_EXPLICIT,False,None,_ExportPackage,_compiled_and_package,https://github.com/pytorch/pytorch/blob/main/torch/export/experimental/__init__.py#L453,"        with open(Path(base_directory) / ""main.cpp"", ""w"") as file:"
pytorch/pytorch,torch/export/pt2_archive/_package.py,165,open,NOT_EXPLICIT,False,None,PT2ArchiveWriter,write_file,https://github.com/pytorch/pytorch/blob/main/torch/export/pt2_archive/_package.py#L165,"        with open(file_path, ""rb"") as f:"
pytorch/pytorch,torch/fx/passes/splitter_base.py,270,open,NOT_EXPLICIT,False,None,NodeEventTracker,dump,https://github.com/pytorch/pytorch/blob/main/torch/fx/passes/splitter_base.py#L270,"            with open(self.dump_prefix + ALL_SUFFIX, ""w"") as f:"
pytorch/pytorch,torch/fx/passes/splitter_base.py,274,open,NOT_EXPLICIT,False,None,NodeEventTracker,dump_selected_nodes,https://github.com/pytorch/pytorch/blob/main/torch/fx/passes/splitter_base.py#L274,"            with open(self.dump_prefix + NODES_SUFFIX, ""w"") as f:"
pytorch/pytorch,torch/hub.py,361,open,NOT_EXPLICIT,False,None,None,_check_repo_is_trusted,https://github.com/pytorch/pytorch/blob/main/torch/hub.py#L361,    with open(filepath) as file:
pytorch/pytorch,torch/hub.py,390,open,NOT_EXPLICIT,False,None,None,_check_repo_is_trusted,https://github.com/pytorch/pytorch/blob/main/torch/hub.py#L390,"        with open(filepath, ""a"") as file:"
pytorch/pytorch,torch/hub.py,741,open,NOT_EXPLICIT,False,None,None,download_url_to_file,https://github.com/pytorch/pytorch/blob/main/torch/hub.py#L741,"            f = open(tmp_dst, ""w+b"")  # noqa: SIM115"
pytorch/pytorch,torch/jit/_serialization.py,310,open,NOT_EXPLICIT,False,None,None,get_flatbuffer_module_info,https://github.com/pytorch/pytorch/blob/main/torch/jit/_serialization.py#L310,"        with open(path_or_file, ""rb"") as f:"
pytorch/pytorch,torch/multiprocessing/spawn.py,94,open,NOT_EXPLICIT,False,None,None,_wrap,https://github.com/pytorch/pytorch/blob/main/torch/multiprocessing/spawn.py#L94,"        with open(error_file, ""wb"") as fh:"
pytorch/pytorch,torch/multiprocessing/spawn.py,207,open,NOT_EXPLICIT,False,None,ProcessContext,join,https://github.com/pytorch/pytorch/blob/main/torch/multiprocessing/spawn.py#L207,"        with open(self.error_files[error_index], ""rb"") as fh:"
pytorch/pytorch,torch/nested/_internal/sdpa.py,411,offsets.size,NOT_EXPLICIT,False,None,None,_is_safe_to_get_storage_as_tensor,https://github.com/pytorch/pytorch/blob/main/torch/nested/_internal/sdpa.py#L411,    n_tensors = offsets.size(0) - 1
pytorch/pytorch,torch/numa/binding.py,522,open,NOT_EXPLICIT,False,None,None,_get_logical_cpu_indices_sharing_same_physical_core_as,https://github.com/pytorch/pytorch/blob/main/torch/numa/binding.py#L522,    with open(thread_siblings_list_absolute_path) as f:
pytorch/pytorch,torch/numa/binding.py,542,open,NOT_EXPLICIT,False,None,None,_get_logical_cpus_sharing_same_max_level_cache_as,https://github.com/pytorch/pytorch/blob/main/torch/numa/binding.py#L542,        with open(type_absolute_path) as type_file:
pytorch/pytorch,torch/numa/binding.py,547,open,NOT_EXPLICIT,False,None,None,_get_logical_cpus_sharing_same_max_level_cache_as,https://github.com/pytorch/pytorch/blob/main/torch/numa/binding.py#L547,        with open(level_absolute_path) as level_file:
pytorch/pytorch,torch/numa/binding.py,556,open,NOT_EXPLICIT,False,None,None,_get_logical_cpus_sharing_same_max_level_cache_as,https://github.com/pytorch/pytorch/blob/main/torch/numa/binding.py#L556,        with open(shared_cpu_list_absolute_path) as share_cpu_list_file:
pytorch/pytorch,torch/numa/binding.py,582,open,NOT_EXPLICIT,False,None,None,_get_cpu_indices_for_numa_node_MAYBE_NOT_ALLOWED,https://github.com/pytorch/pytorch/blob/main/torch/numa/binding.py#L582,        with open(cpulist_absolute_path) as f:
pytorch/pytorch,torch/numa/binding.py,610,open,NOT_EXPLICIT,False,None,None,_get_numa_node_index_for_device_index,https://github.com/pytorch/pytorch/blob/main/torch/numa/binding.py#L610,    with open(pci_numa_node_absolute_path) as f:
pytorch/pytorch,torch/numa/binding.py,639,open,NOT_EXPLICIT,False,None,None,_get_socket_index_for_cpu,https://github.com/pytorch/pytorch/blob/main/torch/numa/binding.py#L639,        with open(package_id_absolute_path) as f:
pytorch/pytorch,torch/numa/binding.py,712,open,NOT_EXPLICIT,False,None,None,_get_systemwide_numa_node_indices,https://github.com/pytorch/pytorch/blob/main/torch/numa/binding.py#L712,"    with open(""/sys/devices/system/node/possible"") as f:"
pytorch/pytorch,torch/onnx/_internal/exporter/_reporting.py,153,open,NOT_EXPLICIT,False,None,None,create_torch_export_error_report,https://github.com/pytorch/pytorch/blob/main/torch/onnx/_internal/exporter/_reporting.py#L153,"    with open(filename, ""w"", encoding=""utf-8"") as f:"
pytorch/pytorch,torch/onnx/_internal/exporter/_reporting.py,179,open,NOT_EXPLICIT,False,None,None,create_onnx_export_report,https://github.com/pytorch/pytorch/blob/main/torch/onnx/_internal/exporter/_reporting.py#L179,"    with open(filename, ""w"", encoding=""utf-8"") as f:"
pytorch/pytorch,torch/onnx/_internal/torchscript_exporter/onnx_proto_utils.py,107,open,NOT_EXPLICIT,False,None,None,load_test_case,https://github.com/pytorch/pytorch/blob/main/torch/onnx/_internal/torchscript_exporter/onnx_proto_utils.py#L107,"    with open(os.path.join(dir, ""model.onnx""), ""rb"") as f:"
pytorch/pytorch,torch/onnx/_internal/torchscript_exporter/onnx_proto_utils.py,142,open,NOT_EXPLICIT,False,None,None,export_data,https://github.com/pytorch/pytorch/blob/main/torch/onnx/_internal/torchscript_exporter/onnx_proto_utils.py#L142,"    with open(f, ""wb"") as opened_file:"
pytorch/pytorch,torch/package/_directory_reader.py,37,open,NOT_EXPLICIT,False,None,DirectoryReader,get_record,https://github.com/pytorch/pytorch/blob/main/torch/package/_directory_reader.py#L37,"        with open(filename, ""rb"") as f:"
pytorch/pytorch,torch/package/package_exporter.py,1209,open,NOT_EXPLICIT,False,None,None,_read_file,https://github.com/pytorch/pytorch/blob/main/torch/package/package_exporter.py#L1209,"    with open(filename, ""rb"") as f:"
pytorch/pytorch,torch/profiler/_chrome_trace_export.py,107,open,NOT_EXPLICIT,False,None,None,export_chrome_trace,https://github.com/pytorch/pytorch/blob/main/torch/profiler/_chrome_trace_export.py#L107,"    with gzip.open(path, ""wt"") if path.endswith("".gz"") else open(path, ""w"") as f:"
pytorch/pytorch,torch/profiler/_cupti/monitor_trace.py,1172,open,NOT_EXPLICIT,False,None,None,_process_name,https://github.com/pytorch/pytorch/blob/main/torch/profiler/_cupti/monitor_trace.py#L1172,"        with open(""/proc/self/comm"") as f:"
pytorch/pytorch,torch/profiler/_cupti/monitor_trace.py,2342,open,NOT_EXPLICIT,False,None,None,_window_to_pftrace,https://github.com/pytorch/pytorch/blob/main/torch/profiler/_cupti/monitor_trace.py#L2342,"    with open(output_path, ""wb"") as f:"
pytorch/pytorch,torch/profiler/_cupti/monitor_trace.py,2496,open,NOT_EXPLICIT,False,None,None,merge_trace_window_into_chrome_trace,https://github.com/pytorch/pytorch/blob/main/torch/profiler/_cupti/monitor_trace.py#L2496,"        with open(output_path, ""wb"") as f:"
pytorch/pytorch,torch/profiler/_memory_profiler.py,1093,open,NOT_EXPLICIT,False,None,MemoryProfileTimeline,export_memory_timeline,https://github.com/pytorch/pytorch/blob/main/torch/profiler/_memory_profiler.py#L1093,"        with open(path, ""w"") as f:"
pytorch/pytorch,torch/profiler/_memory_profiler.py,1163,open,NOT_EXPLICIT,False,None,MemoryProfileTimeline,export_memory_timeline_raw,https://github.com/pytorch/pytorch/blob/main/torch/profiler/_memory_profiler.py#L1163,"        with open(path, ""w"") as f:"
pytorch/pytorch,torch/profiler/_memory_profiler.py,1233,open,NOT_EXPLICIT,False,None,MemoryProfileTimeline,export_memory_timeline_html,https://github.com/pytorch/pytorch/blob/main/torch/profiler/_memory_profiler.py#L1233,"            with open(path, ""w"", encoding=""utf-8"") as f:"
pytorch/pytorch,torch/profiler/profiler.py,520,open,NOT_EXPLICIT,False,None,_KinetoProfile,export_chrome_trace,https://github.com/pytorch/pytorch/blob/main/torch/profiler/profiler.py#L520,"                with open(fp.name, ""rb"") as fin, gzip.open(path, ""wb"") as fout:"
pytorch/pytorch,torch/profiler/profiler.py,739,open,NOT_EXPLICIT,False,None,_KinetoProfile,export_memory_timeline,https://github.com/pytorch/pytorch/blob/main/torch/profiler/profiler.py#L739,"                with open(fp.name) as fin, gzip.open(path, ""wt"") as fout:"
pytorch/pytorch,torch/profiler/profiler.py,1534,open,NOT_EXPLICIT,False,None,ExecutionTraceObserver,_save_gz_file,https://github.com/pytorch/pytorch/blob/main/torch/profiler/profiler.py#L1534,"            with open(uncompressed_file, ""rb"") as fin:"
pytorch/pytorch,torch/serialization.py,776,open,NOT_EXPLICIT,False,None,_open_file,__init__,https://github.com/pytorch/pytorch/blob/main/torch/serialization.py#L776,"        super().__init__(open(name, mode))  # noqa: SIM115"
pytorch/pytorch,torch/serialization.py,820,open,NOT_EXPLICIT,False,None,_open_zipfile_writer_file,__init__,https://github.com/pytorch/pytorch/blob/main/torch/serialization.py#L820,"            self.file_stream = open(self.name, mode=""wb"")  # noqa: SIM115"
pytorch/pytorch,torch/serialization.py,1711,open,NOT_EXPLICIT,False,None,None,_check_container_source,https://github.com/pytorch/pytorch/blob/main/torch/serialization.py#L1711,"                    with open(file_name, ""a+"") as f:"
pytorch/pytorch,torch/serialization.py,1763,open,NOT_EXPLICIT,False,None,None,legacy_load,https://github.com/pytorch/pytorch/blob/main/torch/serialization.py#L1763,"            with open(os.path.join(tmpdir, ""storages""), ""rb"", 0) as f:"
pytorch/pytorch,torch/serialization.py,1795,open,NOT_EXPLICIT,False,None,None,legacy_load,https://github.com/pytorch/pytorch/blob/main/torch/serialization.py#L1795,"            with open(os.path.join(tmpdir, ""tensors""), ""rb"", 0) as f:"
pytorch/pytorch,torch/sparse/_triton_ops_meta.py,232,open,NOT_EXPLICIT,False,None,None,dump,https://github.com/pytorch/pytorch/blob/main/torch/sparse/_triton_ops_meta.py#L232,    with open(current_file) as f:
pytorch/pytorch,torch/sparse/_triton_ops_meta.py,262,open,NOT_EXPLICIT,False,None,None,dump,https://github.com/pytorch/pytorch/blob/main/torch/sparse/_triton_ops_meta.py#L262,"        with open(current_file, ""w"") as f:"
pytorch/pytorch,torch/testing/_internal/check_kernel_launches.py,115,open,NOT_EXPLICIT,False,None,None,check_file,https://github.com/pytorch/pytorch/blob/main/torch/testing/_internal/check_kernel_launches.py#L115,    with open(filename) as f:
pytorch/pytorch,torch/testing/_internal/common_utils.py,460,open,NOT_EXPLICIT,False,None,None,maybe_load_json,https://github.com/pytorch/pytorch/blob/main/torch/testing/_internal/common_utils.py#L460,        with open(filename) as fp:
pytorch/pytorch,torch/testing/_internal/common_utils.py,1471,open,NOT_EXPLICIT,False,None,None,run_tests,https://github.com/pytorch/pytorch/blob/main/torch/testing/_internal/common_utils.py#L1471,            with open(SLOW_TESTS_FILE) as fp:
pytorch/pytorch,torch/testing/_internal/common_utils.py,1480,open,NOT_EXPLICIT,False,None,None,run_tests,https://github.com/pytorch/pytorch/blob/main/torch/testing/_internal/common_utils.py#L1480,            with open(DISABLED_TESTS_FILE) as fp:
pytorch/pytorch,torch/testing/_internal/common_utils.py,5055,open,NOT_EXPLICIT,False,None,TestCase,accept_output,https://github.com/pytorch/pytorch/blob/main/torch/testing/_internal/common_utils.py#L5055,"            with open(expected_file, 'w') as f:"
pytorch/pytorch,torch/testing/_internal/common_utils.py,5062,open,NOT_EXPLICIT,False,None,TestCase,assertExpected,https://github.com/pytorch/pytorch/blob/main/torch/testing/_internal/common_utils.py#L5062,            with open(expected_file) as f:
pytorch/pytorch,torch/testing/_internal/common_utils.py,5278,open,NOT_EXPLICIT,False,None,None,download_file,https://github.com/pytorch/pytorch/blob/main/torch/testing/_internal/common_utils.py#L5278,"        with request.urlopen(url, timeout=15) as f1, open(path, 'wb' if binary else 'w') as f2:"
pytorch/pytorch,torch/testing/_internal/distributed/distributed_test.py,233,open,NOT_EXPLICIT,False,None,None,get_profiler_nccl_meta,https://github.com/pytorch/pytorch/blob/main/torch/testing/_internal/distributed/distributed_test.py#L233,        with open(trace_file) as f:
pytorch/pytorch,torch/testing/_internal/distributed/distributed_test.py,470,open,NOT_EXPLICIT,False,None,None,_lock,https://github.com/pytorch/pytorch/blob/main/torch/testing/_internal/distributed/distributed_test.py#L470,"    with open(lockfile, ""w"") as lf:"
pytorch/pytorch,torch/testing/_internal/distributed/distributed_test.py,550,open,NOT_EXPLICIT,False,None,Barrier,sync,https://github.com/pytorch/pytorch/blob/main/torch/testing/_internal/distributed/distributed_test.py#L550,"            with open(barrier_file, ""w"") as f:"
pytorch/pytorch,torch/testing/_internal/distributed/distributed_test.py,558,open,NOT_EXPLICIT,False,None,Barrier,sync,https://github.com/pytorch/pytorch/blob/main/torch/testing/_internal/distributed/distributed_test.py#L558,"                    with open(os.path.join(barrier_dir, f_name)) as f:"
pytorch/pytorch,torch/testing/_internal/distributed/distributed_test.py,755,open,NOT_EXPLICIT,False,None,_DistTestBase,test_get_rank,https://github.com/pytorch/pytorch/blob/main/torch/testing/_internal/distributed/distributed_test.py#L755,"            with open(os.path.join(test_dir, pid), ""w"") as f:"
pytorch/pytorch,torch/testing/_internal/distributed/distributed_test.py,762,open,NOT_EXPLICIT,False,None,_DistTestBase,test_get_rank,https://github.com/pytorch/pytorch/blob/main/torch/testing/_internal/distributed/distributed_test.py#L762,"                with open(os.path.join(test_dir, f_name)) as f:"
pytorch/pytorch,torch/testing/_internal/distributed/distributed_test.py,7121,open,NOT_EXPLICIT,False,None,_DistTestBase,_validate_execution_trace_nccl,https://github.com/pytorch/pytorch/blob/main/torch/testing/_internal/distributed/distributed_test.py#L7121,            with open(et_file) as f:
pytorch/pytorch,torch/testing/_internal/distributed/rpc/rpc_test.py,1803,open,NOT_EXPLICIT,False,None,RpcTest,test_profiler_export_trace,https://github.com/pytorch/pytorch/blob/main/torch/testing/_internal/distributed/rpc/rpc_test.py#L1803,            with open(path) as f:
pytorch/pytorch,torch/testing/_internal/jit_utils.py,765,open,NOT_EXPLICIT,False,None,None,_get_py3_code,https://github.com/pytorch/pytorch/blob/main/torch/testing/_internal/jit_utils.py#L765,"        with open(script_path, 'w') as f:"
pytorch/pytorch,torch/testing/_internal/optests/generate_tests.py,365,open,NOT_EXPLICIT,False,None,None,validate_failures_dict_formatting,https://github.com/pytorch/pytorch/blob/main/torch/testing/_internal/optests/generate_tests.py#L365,    with open(failures_dict_path) as fp:
pytorch/pytorch,torch/testing/_internal/optests/generate_tests.py,803,open,NOT_EXPLICIT,False,None,FailuresDict,load,https://github.com/pytorch/pytorch/blob/main/torch/testing/_internal/optests/generate_tests.py#L803,        with open(path) as fp:
pytorch/pytorch,torch/testing/_internal/optests/generate_tests.py,832,open,NOT_EXPLICIT,False,None,FailuresDict,_save,https://github.com/pytorch/pytorch/blob/main/torch/testing/_internal/optests/generate_tests.py#L832,"        with open(self.path, ""w"") as fp:"
pytorch/pytorch,torch/utils/_cpp_embed_headers.py,7,open,NOT_EXPLICIT,False,None,None,read_file,https://github.com/pytorch/pytorch/blob/main/torch/utils/_cpp_embed_headers.py#L7,"    with open(fname, encoding=""utf-8"") as f:"
pytorch/pytorch,torch/utils/_cpp_extension_versioner.py,16,open,NOT_EXPLICIT,False,None,None,hash_source_files,https://github.com/pytorch/pytorch/blob/main/torch/utils/_cpp_extension_versioner.py#L16,"        with open(filename, ""rb"") as file:"
pytorch/pytorch,torch/utils/_debug_mode/_mode.py,850,open,NOT_EXPLICIT,False,None,DebugMode,save_logs,https://github.com/pytorch/pytorch/blob/main/torch/utils/_debug_mode/_mode.py#L850,"            with open(destination, ""w"", encoding=""utf-8"") as f:"
pytorch/pytorch,torch/utils/_debug_mode/_mode.py,869,open,NOT_EXPLICIT,False,None,DebugMode,load_logs,https://github.com/pytorch/pytorch/blob/main/torch/utils/_debug_mode/_mode.py#L869,"            with open(source, encoding=""utf-8"") as f:"
pytorch/pytorch,torch/utils/_get_clean_triton.py,88,open,NOT_EXPLICIT,False,None,None,process_file,https://github.com/pytorch/pytorch/blob/main/torch/utils/_get_clean_triton.py#L88,    with open(input_filename) as file:
pytorch/pytorch,torch/utils/_get_clean_triton.py,138,open,NOT_EXPLICIT,False,None,None,process_file,https://github.com/pytorch/pytorch/blob/main/torch/utils/_get_clean_triton.py#L138,    with open(launch_params_filename) as f:
pytorch/pytorch,torch/utils/_get_clean_triton.py,145,open,NOT_EXPLICIT,False,None,None,process_file,https://github.com/pytorch/pytorch/blob/main/torch/utils/_get_clean_triton.py#L145,"    with open(output_filename, ""w"") as file:"
pytorch/pytorch,torch/utils/_triton.py,269,open,NOT_EXPLICIT,False,None,None,_extern_libs_key,https://github.com/pytorch/pytorch/blob/main/torch/utils/_triton.py#L269,"            with open(path, ""rb"") as f:"
pytorch/pytorch,torch/utils/benchmark/examples/spectral_ops_fuzz_test.py,108,open,NOT_EXPLICIT,False,None,None,global,https://github.com/pytorch/pytorch/blob/main/torch/utils/benchmark/examples/spectral_ops_fuzz_test.py#L108,"        with open(args.output, 'w') as f:"
pytorch/pytorch,torch/utils/benchmark/utils/common.py,332,open,NOT_EXPLICIT,False,None,None,_make_temp_dir,https://github.com/pytorch/pytorch/blob/main/torch/utils/benchmark/utils/common.py#L332,                with open(owner_file) as f:
pytorch/pytorch,torch/utils/benchmark/utils/common.py,356,open,NOT_EXPLICIT,False,None,None,_make_temp_dir,https://github.com/pytorch/pytorch/blob/main/torch/utils/benchmark/utils/common.py#L356,"        with open(os.path.join(path, ""owner.pid""), ""w"") as f:"
pytorch/pytorch,torch/utils/benchmark/utils/cpp_jit.py,141,open,NOT_EXPLICIT,False,None,None,_compile_template,https://github.com/pytorch/pytorch/blob/main/torch/utils/benchmark/utils/cpp_jit.py#L141,"        with open(src_path, ""w"") as f:"
pytorch/pytorch,torch/utils/benchmark/utils/cpp_jit.py,158,open,NOT_EXPLICIT,False,None,None,compile_timeit_template,https://github.com/pytorch/pytorch/blob/main/torch/utils/benchmark/utils/cpp_jit.py#L158,    with open(template_path) as f:
pytorch/pytorch,torch/utils/benchmark/utils/cpp_jit.py,169,open,NOT_EXPLICIT,False,None,None,compile_callgrind_template,https://github.com/pytorch/pytorch/blob/main/torch/utils/benchmark/utils/cpp_jit.py#L169,    with open(template_path) as f:
pytorch/pytorch,torch/utils/benchmark/utils/valgrind_wrapper/timer_interface.py,462,open,NOT_EXPLICIT,False,None,GlobalsBridge,construct,https://github.com/pytorch/pytorch/blob/main/torch/utils/benchmark/utils/valgrind_wrapper/timer_interface.py#L462,"                with open(path, ""wb"") as f:"
pytorch/pytorch,torch/utils/benchmark/utils/valgrind_wrapper/timer_interface.py,476,open,NOT_EXPLICIT,False,None,GlobalsBridge,construct,https://github.com/pytorch/pytorch/blob/main/torch/utils/benchmark/utils/valgrind_wrapper/timer_interface.py#L476,"                with open(path, ""wb"") as f:"
pytorch/pytorch,torch/utils/benchmark/utils/valgrind_wrapper/timer_interface.py,610,open,NOT_EXPLICIT,False,None,_ValgrindWrapper,run,https://github.com/pytorch/pytorch/blob/main/torch/utils/benchmark/utils/valgrind_wrapper/timer_interface.py#L610,"            with open(stdout_stderr_log, ""wb"") as f_stdout_stderr:"
pytorch/pytorch,torch/utils/benchmark/utils/valgrind_wrapper/timer_interface.py,617,open,NOT_EXPLICIT,False,None,_ValgrindWrapper,run,https://github.com/pytorch/pytorch/blob/main/torch/utils/benchmark/utils/valgrind_wrapper/timer_interface.py#L617,                with open(stdout_stderr_log) as f:
pytorch/pytorch,torch/utils/benchmark/utils/valgrind_wrapper/timer_interface.py,629,open,NOT_EXPLICIT,False,None,_ValgrindWrapper,_invoke,https://github.com/pytorch/pytorch/blob/main/torch/utils/benchmark/utils/valgrind_wrapper/timer_interface.py#L629,"                with open(script_file, ""w"") as f:"
pytorch/pytorch,torch/utils/benchmark/utils/valgrind_wrapper/timer_interface.py,670,open,NOT_EXPLICIT,False,None,_ValgrindWrapper,_invoke,https://github.com/pytorch/pytorch/blob/main/torch/utils/benchmark/utils/valgrind_wrapper/timer_interface.py#L670,                    with open(error_log) as f:
pytorch/pytorch,torch/utils/benchmark/utils/valgrind_wrapper/timer_interface.py,744,open,NOT_EXPLICIT,False,None,_ValgrindWrapper,read_results,https://github.com/pytorch/pytorch/blob/main/torch/utils/benchmark/utils/valgrind_wrapper/timer_interface.py#L744,                    with open(fpath) as f:
pytorch/pytorch,torch/utils/cpp_extension.py,503,open,NOT_EXPLICIT,False,None,None,_maybe_write,https://github.com/pytorch/pytorch/blob/main/torch/utils/cpp_extension.py#L503,        with open(filename) as f:
pytorch/pytorch,torch/utils/cpp_extension.py,510,open,NOT_EXPLICIT,False,None,None,_maybe_write,https://github.com/pytorch/pytorch/blob/main/torch/utils/cpp_extension.py#L510,"    with open(filename, 'w') as source_file:"
pytorch/pytorch,torch/utils/cpp_extension.py,2038,open,NOT_EXPLICIT,False,None,None,check_pch_signature_in_file,https://github.com/pytorch/pytorch/blob/main/torch/utils/cpp_extension.py#L2038,        with open(file_path) as file:
pytorch/pytorch,torch/utils/cpp_extension.py,2054,open,NOT_EXPLICIT,False,None,None,write_pch_signature_to_file,https://github.com/pytorch/pytorch/blob/main/torch/utils/cpp_extension.py#L2054,"        with open(file_path, ""w"") as f:"
pytorch/pytorch,torch/utils/data/datapipes/gen_pyi.py,59,open,NOT_EXPLICIT,False,None,None,gen_from_template,https://github.com/pytorch/pytorch/blob/main/torch/utils/data/datapipes/gen_pyi.py#L59,"    with open(template_path, encoding=""utf-8"") as f:"
pytorch/pytorch,torch/utils/data/datapipes/gen_pyi.py,62,open,NOT_EXPLICIT,False,None,None,gen_from_template,https://github.com/pytorch/pytorch/blob/main/torch/utils/data/datapipes/gen_pyi.py#L62,"        with open(output_path, ""w"", encoding=""utf-8"") as f:"
pytorch/pytorch,torch/utils/data/datapipes/gen_pyi.py,114,open,NOT_EXPLICIT,False,None,None,parse_datapipe_file,https://github.com/pytorch/pytorch/blob/main/torch/utils/data/datapipes/gen_pyi.py#L114,"    with open(file_path, encoding=""utf-8"") as f:"
pytorch/pytorch,torch/utils/data/datapipes/utils/common.py,234,open,NOT_EXPLICIT,False,None,None,get_file_binaries_from_pathnames,https://github.com/pytorch/pytorch/blob/main/torch/utils/data/datapipes/utils/common.py#L234,"        yield pathname, StreamWrapper(open(pathname, mode, encoding=encoding))  # noqa:SIM115"
pytorch/pytorch,torch/utils/data/datapipes/utils/decoder.py,263,open,NOT_EXPLICIT,False,None,None,videohandler,https://github.com/pytorch/pytorch/blob/main/torch/utils/data/datapipes/utils/decoder.py#L263,"        with open(fname, ""wb"") as stream:"
pytorch/pytorch,torch/utils/data/datapipes/utils/decoder.py,286,open,NOT_EXPLICIT,False,None,None,audiohandler,https://github.com/pytorch/pytorch/blob/main/torch/utils/data/datapipes/utils/decoder.py#L286,"        with open(fname, ""wb"") as stream:"
pytorch/pytorch,torch/utils/flop_counter.py,415,offsets.size,NOT_EXPLICIT,False,None,None,_offsets_to_lengths,https://github.com/pytorch/pytorch/blob/main/torch/utils/flop_counter.py#L415,    return [max_len] * (offsets.size(0) - 1)
pytorch/pytorch,torch/utils/jit/log_extract.py,14,open,NOT_EXPLICIT,False,None,None,extract_ir,https://github.com/pytorch/pytorch/blob/main/torch/utils/jit/log_extract.py#L14,    with open(filename) as f:
pytorch/pytorch,torch/utils/show_pickle.py,124,open,NOT_EXPLICIT,False,None,None,main,https://github.com/pytorch/pytorch/blob/main/torch/utils/show_pickle.py#L124,"        with open(fname, ""rb"") as handle:"
pytorch/pytorch,torch/utils/tensorboard/_embedding.py,21,fs.join,NOT_EXPLICIT,False,None,None,_gfile_join,https://github.com/pytorch/pytorch/blob/main/torch/utils/tensorboard/_embedding.py#L21,"        return fs.join(a, b)"
pytorch/pytorch,torch/utils/tensorboard/writer.py,920,fs.exists,NOT_EXPLICIT,False,None,SummaryWriter,add_embedding,https://github.com/pytorch/pytorch/blob/main/torch/utils/tensorboard/writer.py#L920,        if fs.exists(save_path):
pytorch/pytorch,torch/utils/tensorboard/writer.py,921,fs.isdir,NOT_EXPLICIT,False,None,SummaryWriter,add_embedding,https://github.com/pytorch/pytorch/blob/main/torch/utils/tensorboard/writer.py#L921,            if fs.isdir(save_path):
pytorch/pytorch,torch/utils/tensorboard/writer.py,930,fs.makedirs,NOT_EXPLICIT,False,None,SummaryWriter,add_embedding,https://github.com/pytorch/pytorch/blob/main/torch/utils/tensorboard/writer.py#L930,            fs.makedirs(save_path)
pytorch/pytorch,torch/xpu/memory.py,388,open,NOT_EXPLICIT,False,None,None,_dump_snapshot,https://github.com/pytorch/pytorch/blob/main/torch/xpu/memory.py#L388,"    with open(filename, ""wb"") as f:"
pytorch/pytorch,torchgen/_autoheuristic/merge_data.py,15,open,NOT_EXPLICIT,False,None,None,merge_txt_files,https://github.com/pytorch/pytorch/blob/main/torchgen/_autoheuristic/merge_data.py#L15,            with open(file_path) as file:
pytorch/pytorch,torchgen/_autoheuristic/merge_data.py,43,open,NOT_EXPLICIT,False,None,None,merge_txt_files,https://github.com/pytorch/pytorch/blob/main/torchgen/_autoheuristic/merge_data.py#L43,"        with open(output_file, ""w"") as outfile:"
pytorch/pytorch,torchgen/_autoheuristic/pad_mm/collect_known_mm_shapes.py,212,open,NOT_EXPLICIT,False,None,None,main,https://github.com/pytorch/pytorch/blob/main/torchgen/_autoheuristic/pad_mm/collect_known_mm_shapes.py#L212,"    with open(output_file, ""w"", newline="""") as csvfile:"
pytorch/pytorch,torchgen/_autoheuristic/pad_mm/evaluate_pad_mm_heuristics.py,121,open,NOT_EXPLICIT,False,None,None,load_shapes_from_csv,https://github.com/pytorch/pytorch/blob/main/torchgen/_autoheuristic/pad_mm/evaluate_pad_mm_heuristics.py#L121,    with open(csv_file) as f:
pytorch/pytorch,torchgen/_autoheuristic/pad_mm/gen_data_pad_mm.py,66,open,NOT_EXPLICIT,False,None,BenchmarkRunnerPadMM,load_shapes_from_csv,https://github.com/pytorch/pytorch/blob/main/torchgen/_autoheuristic/pad_mm/gen_data_pad_mm.py#L66,            with open(csv_file) as f:
pytorch/pytorch,torchgen/_autoheuristic/train_decision.py,272,open,NOT_EXPLICIT,False,None,AHTrainDecisionTree,export_to_dot,https://github.com/pytorch/pytorch/blob/main/torchgen/_autoheuristic/train_decision.py#L272,"        with open(""best_model.dot"", ""w"") as f:"
pytorch/pytorch,torchgen/code_template.py,32,open,NOT_EXPLICIT,False,None,CodeTemplate,from_file,https://github.com/pytorch/pytorch/blob/main/torchgen/code_template.py#L32,        with open(filename) as f:
pytorch/pytorch,torchgen/decompositions/gen_jit_decompositions.py,83,open,NOT_EXPLICIT,False,None,None,write_decomposition_util_file,https://github.com/pytorch/pytorch/blob/main/torchgen/decompositions/gen_jit_decompositions.py#L83,"    with open(os.path.join(path, DECOMPOSITION_UTIL_FILE_NAME), ""wb"") as out_file:"
pytorch/pytorch,torchgen/gen.py,246,open,NOT_EXPLICIT,False,None,None,parse_tags_yaml,https://github.com/pytorch/pytorch/blob/main/torchgen/gen.py#L246,        with open(path) as f:
pytorch/pytorch,torchgen/gen.py,267,open,NOT_EXPLICIT,False,None,None,parse_native_yaml,https://github.com/pytorch/pytorch/blob/main/torchgen/gen.py#L267,            with open(path) as f:
pytorch/pytorch,torchgen/gen_aoti_c_shim.py,764,open,NOT_EXPLICIT,False,None,None,gen_aoti_c_shim_files,https://github.com/pytorch/pytorch/blob/main/torchgen/gen_aoti_c_shim.py#L764,"                with open(                     os.path.join(aoti_fm.install_dir, header_file_name)                 ) as old_file:"
pytorch/pytorch,torchgen/gen_backend_stubs.py,56,open,NOT_EXPLICIT,False,None,None,parse_backend_yaml,https://github.com/pytorch/pytorch/blob/main/torchgen/gen_backend_stubs.py#L56,    with open(backend_yaml_path) as f:
pytorch/pytorch,torchgen/gen_backend_stubs.py,277,open,NOT_EXPLICIT,False,None,None,error_on_missing_kernels,https://github.com/pytorch/pytorch/blob/main/torchgen/gen_backend_stubs.py#L277,        with open(kernel_defn_file_path) as f:
pytorch/pytorch,torchgen/operator_versions/gen_mobile_upgraders.py,367,open,NOT_EXPLICIT,False,None,None,write_cpp,https://github.com/pytorch/pytorch/blob/main/torchgen/operator_versions/gen_mobile_upgraders.py#L367,"    with open(os.path.join(cpp_path, UPGRADER_MOBILE_FILE_NAME), ""wb"") as out_file:"
pytorch/pytorch,torchgen/selective_build/selector.py,174,open,NOT_EXPLICIT,False,None,SelectiveBuilder,from_yaml_path,https://github.com/pytorch/pytorch/blob/main/torchgen/selective_build/selector.py#L174,        with open(config_path) as f:
pytorch/pytorch,torchgen/shape_functions/gen_jit_shape_functions.py,173,open,NOT_EXPLICIT,False,None,None,write_decomposition_util_file,https://github.com/pytorch/pytorch/blob/main/torchgen/shape_functions/gen_jit_shape_functions.py#L173,"    with open(os.path.join(path, SERIALIZED_SHAPE_UTIL_FILE_NAME), ""wb"") as out_file:"
pytorch/pytorch,torchgen/static_runtime/gen_static_runtime_ops.py,109,open,NOT_EXPLICIT,False,None,None,write_cpp,https://github.com/pytorch/pytorch/blob/main/torchgen/static_runtime/gen_static_runtime_ops.py#L109,"    with open(file_path, ""w"") as f:"
pytorch/pytorch,torchgen/static_runtime/gen_static_runtime_ops.py,133,open,NOT_EXPLICIT,False,None,None,write_test_cpp,https://github.com/pytorch/pytorch/blob/main/torchgen/static_runtime/gen_static_runtime_ops.py#L133,"    with open(file_path, ""w"") as f:"
Lightning-AI/pytorch-lightning,.actions/assistant.py,170,open,NOT_EXPLICIT,False,None,None,load_readme_description,https://github.com/Lightning-AI/pytorch-lightning/blob/main/.actions/assistant.py#L170,"    with open(path_readme, encoding=""utf-8"") as fo:"
Lightning-AI/pytorch-lightning,.actions/assistant.py,259,open,NOT_EXPLICIT,False,None,None,_load_aggregate_requirements,https://github.com/Lightning-AI/pytorch-lightning/blob/main/.actions/assistant.py#L259,"    with open(os.path.join(req_dir, ""base.txt""), ""w"") as fp:"
Lightning-AI/pytorch-lightning,.actions/assistant.py,348,open,NOT_EXPLICIT,False,None,None,copy_replace_imports,https://github.com/Lightning-AI/pytorch-lightning/blob/main/.actions/assistant.py#L348,"        with open(fp, encoding=""utf-8"") as fo:"
Lightning-AI/pytorch-lightning,.actions/assistant.py,357,open,NOT_EXPLICIT,False,None,None,copy_replace_imports,https://github.com/Lightning-AI/pytorch-lightning/blob/main/.actions/assistant.py#L357,"        with open(fp_new, ""w"", encoding=""utf-8"") as fo:"
Lightning-AI/pytorch-lightning,.actions/assistant.py,410,open,NOT_EXPLICIT,False,None,AssistantCLI,_replace_min,https://github.com/Lightning-AI/pytorch-lightning/blob/main/.actions/assistant.py#L410,"        with open(fname, encoding=""utf-8"") as fo:"
Lightning-AI/pytorch-lightning,.actions/assistant.py,412,open,NOT_EXPLICIT,False,None,AssistantCLI,_replace_min,https://github.com/Lightning-AI/pytorch-lightning/blob/main/.actions/assistant.py#L412,"        with open(fname, ""w"", encoding=""utf-8"") as fw:"
Lightning-AI/pytorch-lightning,.actions/assistant.py,499,open,NOT_EXPLICIT,False,None,AssistantCLI,_copy_rst,https://github.com/Lightning-AI/pytorch-lightning/blob/main/.actions/assistant.py#L499,"        with open(rst_in, encoding=""utf-8"") as fopen:"
Lightning-AI/pytorch-lightning,.actions/assistant.py,503,open,NOT_EXPLICIT,False,None,AssistantCLI,_copy_rst,https://github.com/Lightning-AI/pytorch-lightning/blob/main/.actions/assistant.py#L503,"        with open(rst_out, ""w"", encoding=""utf-8"") as fopen:"
Lightning-AI/pytorch-lightning,.actions/assistant.py,511,open,NOT_EXPLICIT,False,None,AssistantCLI,convert_version2nightly,https://github.com/Lightning-AI/pytorch-lightning/blob/main/.actions/assistant.py#L511,        with open(ver_file) as fo:
Lightning-AI/pytorch-lightning,.actions/assistant.py,518,open,NOT_EXPLICIT,False,None,AssistantCLI,convert_version2nightly,https://github.com/Lightning-AI/pytorch-lightning/blob/main/.actions/assistant.py#L518,"        with open(ver_file, ""w"") as fo:"
Lightning-AI/pytorch-lightning,docs/source-app/conf.py,350,open,NOT_EXPLICIT,False,None,None,_package_list_from_file,https://github.com/Lightning-AI/pytorch-lightning/blob/main/docs/source-app/conf.py#L350,    with open(file) as fp:
Lightning-AI/pytorch-lightning,docs/source-app/examples/file_server/app.py,64,open,NOT_EXPLICIT,False,None,FileServer,upload_file,https://github.com/Lightning-AI/pytorch-lightning/blob/main/docs/source-app/examples/file_server/app.py#L64,"        with open(self.get_filepath(uploaded_file), ""wb"") as out_file:"
Lightning-AI/pytorch-lightning,docs/source-app/examples/file_server/app.py,94,open,NOT_EXPLICIT,False,None,FileServer,upload_file,https://github.com/Lightning-AI/pytorch-lightning/blob/main/docs/source-app/examples/file_server/app.py#L94,"        with open(self.get_filepath(meta_file), ""w"") as f:"
Lightning-AI/pytorch-lightning,docs/source-app/examples/file_server/app.py,173,open,NOT_EXPLICIT,False,None,TestFileServer,run,https://github.com/Lightning-AI/pytorch-lightning/blob/main/docs/source-app/examples/file_server/app.py#L173,"            with open(""test.txt"", ""w"") as f:"
Lightning-AI/pytorch-lightning,docs/source-app/examples/file_server/app.py,178,open,NOT_EXPLICIT,False,None,TestFileServer,run,https://github.com/Lightning-AI/pytorch-lightning/blob/main/docs/source-app/examples/file_server/app.py#L178,"                files={'file': open(""test.txt"", 'rb')}"
Lightning-AI/pytorch-lightning,docs/source-app/examples/model_server_app/model_server.py,64,open,NOT_EXPLICIT,False,None,MLServer,run,https://github.com/Lightning-AI/pytorch-lightning/blob/main/docs/source-app/examples/model_server_app/model_server.py#L64,"            with open(""settings.json"", ""w"") as f:"
Lightning-AI/pytorch-lightning,docs/source-app/examples/model_server_app/model_server.py,73,open,NOT_EXPLICIT,False,None,MLServer,run,https://github.com/Lightning-AI/pytorch-lightning/blob/main/docs/source-app/examples/model_server_app/model_server.py#L73,"            with open(""model-settings.json"", ""w"") as f:"
Lightning-AI/pytorch-lightning,docs/source-fabric/conf.py,318,open,NOT_EXPLICIT,False,None,None,_package_list_from_file,https://github.com/Lightning-AI/pytorch-lightning/blob/main/docs/source-fabric/conf.py#L318,    with open(file) as fp:
Lightning-AI/pytorch-lightning,docs/source-pytorch/conf.py,538,open,NOT_EXPLICIT,False,None,None,package_list_from_file,https://github.com/Lightning-AI/pytorch-lightning/blob/main/docs/source-pytorch/conf.py#L538,    with open(file) as fp:
Lightning-AI/pytorch-lightning,examples/app/boring/app.py,23,open,NOT_EXPLICIT,False,None,SourceFileWork,run,https://github.com/Lightning-AI/pytorch-lightning/blob/main/examples/app/boring/app.py#L23,"        with open(self.boring_path, ""w"", encoding=""utf-8"") as f:"
Lightning-AI/pytorch-lightning,examples/app/boring/app_dynamic.py,24,open,NOT_EXPLICIT,False,None,SourceFileWork,run,https://github.com/Lightning-AI/pytorch-lightning/blob/main/examples/app/boring/app_dynamic.py#L24,"        with open(self.boring_path, ""w"") as f:"
Lightning-AI/pytorch-lightning,examples/app/boring/scripts/serve.py,21,open,NOT_EXPLICIT,False,None,None,global,https://github.com/Lightning-AI/pytorch-lightning/blob/main/examples/app/boring/scripts/serve.py#L21,        with open(hparams.filepath) as fo:
Lightning-AI/pytorch-lightning,examples/app/drive/app.py,10,open,NOT_EXPLICIT,False,None,Work_1,run,https://github.com/Lightning-AI/pytorch-lightning/blob/main/examples/app/drive/app.py#L10,"        with open(""a.txt"", ""w"") as f:"
Lightning-AI/pytorch-lightning,examples/app/drive/app.py,33,open,NOT_EXPLICIT,False,None,Work_2,run,https://github.com/Lightning-AI/pytorch-lightning/blob/main/examples/app/drive/app.py#L33,"        with open(""a.txt"") as f:"
Lightning-AI/pytorch-lightning,examples/app/hpo/utils.py,35,open,NOT_EXPLICIT,False,None,None,download_data,https://github.com/Lightning-AI/pytorch-lightning/blob/main/examples/app/hpo/utils.py#L35,"        with open(local_filename, ""wb"") as fp:"
Lightning-AI/pytorch-lightning,setup.py,98,open,NOT_EXPLICIT,False,None,None,_set_manifest_path,https://github.com/Lightning-AI/pytorch-lightning/blob/main/setup.py#L98,                with open(pkg_manifest) as fh:
Lightning-AI/pytorch-lightning,setup.py,107,open,NOT_EXPLICIT,False,None,None,_set_manifest_path,https://github.com/Lightning-AI/pytorch-lightning/blob/main/setup.py#L107,"        with open(manifest_path, mode=""w"") as fp:"
Lightning-AI/pytorch-lightning,src/lightning/__setup__.py,80,open,NOT_EXPLICIT,False,None,None,_setup_args,https://github.com/Lightning-AI/pytorch-lightning/blob/main/src/lightning/__setup__.py#L80,"        with open(ui_ver_file, encoding=""utf-8"") as fo:"
Lightning-AI/pytorch-lightning,src/lightning/__version__.py,8,open,NOT_EXPLICIT,False,None,None,global,https://github.com/Lightning-AI/pytorch-lightning/blob/main/src/lightning/__version__.py#L8,"with open(_VERSION_PATH, encoding=""utf-8"") as fo:"
Lightning-AI/pytorch-lightning,src/lightning/app/cli/cmd_init.py,66,open,NOT_EXPLICIT,False,None,None,_make_resource,https://github.com/Lightning-AI/pytorch-lightning/blob/main/src/lightning/app/cli/cmd_init.py#L66,        with open(bad_file) as fo:
Lightning-AI/pytorch-lightning,src/lightning/app/cli/cmd_init.py,68,open,NOT_EXPLICIT,False,None,None,_make_resource,https://github.com/Lightning-AI/pytorch-lightning/blob/main/src/lightning/app/cli/cmd_init.py#L68,"        with open(bad_file, ""w"") as fw:"
Lightning-AI/pytorch-lightning,src/lightning/app/cli/cmd_pl_init.py,132,open,NOT_EXPLICIT,False,None,None,project_file_from_template,https://github.com/Lightning-AI/pytorch-lightning/blob/main/src/lightning/app/cli/cmd_pl_init.py#L132,"    with open(destination_dir / template_name, ""w"") as file:"
Lightning-AI/pytorch-lightning,src/lightning/app/cli/commands/cd.py,59,open,NOT_EXPLICIT,False,None,None,cd,https://github.com/Lightning-AI/pytorch-lightning/blob/main/src/lightning/app/cli/commands/cd.py#L59,"            with open(_CD_FILE, ""w"") as f:"
Lightning-AI/pytorch-lightning,src/lightning/app/cli/commands/cd.py,69,open,NOT_EXPLICIT,False,None,None,cd,https://github.com/Lightning-AI/pytorch-lightning/blob/main/src/lightning/app/cli/commands/cd.py#L69,        with open(_CD_FILE) as f:
Lightning-AI/pytorch-lightning,src/lightning/app/cli/commands/cd.py,103,open,NOT_EXPLICIT,False,None,None,cd,https://github.com/Lightning-AI/pytorch-lightning/blob/main/src/lightning/app/cli/commands/cd.py#L103,"        with open(_CD_FILE, ""w"") as f:"
Lightning-AI/pytorch-lightning,src/lightning/app/cli/commands/cp.py,268,open,NOT_EXPLICIT,False,None,None,_download_file,https://github.com/Lightning-AI/pytorch-lightning/blob/main/src/lightning/app/cli/commands/cp.py#L268,"        with open(path, ""wb"") as fp:"
Lightning-AI/pytorch-lightning,src/lightning/app/cli/commands/ls.py,59,open,NOT_EXPLICIT,False,None,None,ls,https://github.com/Lightning-AI/pytorch-lightning/blob/main/src/lightning/app/cli/commands/ls.py#L59,"            with open(_CD_FILE, ""w"") as f:"
Lightning-AI/pytorch-lightning,src/lightning/app/cli/commands/ls.py,62,open,NOT_EXPLICIT,False,None,None,ls,https://github.com/Lightning-AI/pytorch-lightning/blob/main/src/lightning/app/cli/commands/ls.py#L62,            with open(_CD_FILE) as f:
Lightning-AI/pytorch-lightning,src/lightning/app/cli/commands/pwd.py,46,open,NOT_EXPLICIT,False,None,None,_pwd,https://github.com/Lightning-AI/pytorch-lightning/blob/main/src/lightning/app/cli/commands/pwd.py#L46,"        with open(_CD_FILE, ""w"") as f:"
Lightning-AI/pytorch-lightning,src/lightning/app/cli/commands/pwd.py,49,open,NOT_EXPLICIT,False,None,None,_pwd,https://github.com/Lightning-AI/pytorch-lightning/blob/main/src/lightning/app/cli/commands/pwd.py#L49,        with open(_CD_FILE) as f:
Lightning-AI/pytorch-lightning,src/lightning/app/cli/connect/app.py,74,open,NOT_EXPLICIT,False,None,None,connect_app,https://github.com/Lightning-AI/pytorch-lightning/blob/main/src/lightning/app/cli/connect/app.py#L74,        with open(connected_file) as f:
Lightning-AI/pytorch-lightning,src/lightning/app/cli/connect/app.py,108,open,NOT_EXPLICIT,False,None,None,connect_app,https://github.com/Lightning-AI/pytorch-lightning/blob/main/src/lightning/app/cli/connect/app.py#L108,"            with open(os.path.join(commands_folder, ""openapi.json""), ""w"") as f:"
Lightning-AI/pytorch-lightning,src/lightning/app/cli/connect/app.py,124,open,NOT_EXPLICIT,False,None,None,connect_app,https://github.com/Lightning-AI/pytorch-lightning/blob/main/src/lightning/app/cli/connect/app.py#L124,"                    with open(os.path.join(commands_folder, f""{command_name}.txt""), ""w"") as f:"
Lightning-AI/pytorch-lightning,src/lightning/app/cli/connect/app.py,129,open,NOT_EXPLICIT,False,None,None,connect_app,https://github.com/Lightning-AI/pytorch-lightning/blob/main/src/lightning/app/cli/connect/app.py#L129,"        with open(connected_file, ""w"") as f:"
Lightning-AI/pytorch-lightning,src/lightning/app/cli/connect/app.py,199,open,NOT_EXPLICIT,False,None,None,connect_app,https://github.com/Lightning-AI/pytorch-lightning/blob/main/src/lightning/app/cli/connect/app.py#L199,"                    with open(os.path.join(commands_folder, f""{command_name}.txt""), ""w"") as f:"
Lightning-AI/pytorch-lightning,src/lightning/app/cli/connect/app.py,204,open,NOT_EXPLICIT,False,None,None,connect_app,https://github.com/Lightning-AI/pytorch-lightning/blob/main/src/lightning/app/cli/connect/app.py#L204,"        with open(connected_file, ""w"") as f:"
Lightning-AI/pytorch-lightning,src/lightning/app/cli/connect/app.py,225,open,NOT_EXPLICIT,False,None,None,disconnect_app,https://github.com/Lightning-AI/pytorch-lightning/blob/main/src/lightning/app/cli/connect/app.py#L225,        with open(connected_file) as f:
Lightning-AI/pytorch-lightning,src/lightning/app/cli/connect/app.py,247,open,NOT_EXPLICIT,False,None,None,_read_connected_file,https://github.com/Lightning-AI/pytorch-lightning/blob/main/src/lightning/app/cli/connect/app.py#L247,        with open(connected_file) as f:
Lightning-AI/pytorch-lightning,src/lightning/app/cli/connect/app.py,267,open,NOT_EXPLICIT,False,None,None,_write_commands_metadata,https://github.com/Lightning-AI/pytorch-lightning/blob/main/src/lightning/app/cli/connect/app.py#L267,"    with open(metadata_path, ""w"") as f:"
Lightning-AI/pytorch-lightning,src/lightning/app/cli/connect/app.py,273,open,NOT_EXPLICIT,False,None,None,_get_commands_metadata,https://github.com/Lightning-AI/pytorch-lightning/blob/main/src/lightning/app/cli/connect/app.py#L273,    with open(metadata_path) as f:
Lightning-AI/pytorch-lightning,src/lightning/app/cli/connect/app.py,343,open,NOT_EXPLICIT,False,None,None,_install_missing_requirements,https://github.com/Lightning-AI/pytorch-lightning/blob/main/src/lightning/app/cli/connect/app.py#L343,"                with open(std_out_out, ""wb"") as stdout:"
Lightning-AI/pytorch-lightning,src/lightning/app/cli/pl-app-template/setup.py,11,open,NOT_EXPLICIT,False,None,None,_load_requirements,https://github.com/Lightning-AI/pytorch-lightning/blob/main/src/lightning/app/cli/pl-app-template/setup.py#L11,"    with open(os.path.join(path_dir, file_name)) as file:"
Lightning-AI/pytorch-lightning,src/lightning/app/core/api.py,333,open,NOT_EXPLICIT,False,None,None,upload_file,https://github.com/Lightning-AI/pytorch-lightning/blob/main/src/lightning/app/core/api.py#L333,"        with open(tmp_file, ""wb"") as f:"
Lightning-AI/pytorch-lightning,src/lightning/app/core/api.py,471,open,NOT_EXPLICIT,False,None,None,start_server,https://github.com/Lightning-AI/pytorch-lightning/blob/main/src/lightning/app/core/api.py#L471,        with open(annotations_path) as f:
Lightning-AI/pytorch-lightning,src/lightning/app/core/app.py,626,open,NOT_EXPLICIT,False,None,LightningApp,load_state_dict_from_checkpoint_dir,https://github.com/Lightning-AI/pytorch-lightning/blob/main/src/lightning/app/core/app.py#L626,"        with open(checkpoint_path, ""rb"") as fo:"
Lightning-AI/pytorch-lightning,src/lightning/app/core/app.py,646,open,NOT_EXPLICIT,False,None,LightningApp,_dump_checkpoint,https://github.com/Lightning-AI/pytorch-lightning/blob/main/src/lightning/app/core/app.py#L646,"        with open(checkpoint_path, ""wb"") as f:"
Lightning-AI/pytorch-lightning,src/lightning/app/frontend/just_py/just_py.py,107,open,NOT_EXPLICIT,False,None,JustPyFrontend,start_server,https://github.com/Lightning-AI/pytorch-lightning/blob/main/src/lightning/app/frontend/just_py/just_py.py#L107,"        with open(std_out_out, ""wb"") as stdout:"
Lightning-AI/pytorch-lightning,src/lightning/app/frontend/stream_lit.py,86,open,NOT_EXPLICIT,False,None,StreamlitFrontend,start_server,https://github.com/Lightning-AI/pytorch-lightning/blob/main/src/lightning/app/frontend/stream_lit.py#L86,"        with open(std_err_out, ""wb"") as stderr, open(std_out_out, ""wb"") as stdout:"
Lightning-AI/pytorch-lightning,src/lightning/app/frontend/stream_lit.py,86,open,NOT_EXPLICIT,False,None,StreamlitFrontend,start_server,https://github.com/Lightning-AI/pytorch-lightning/blob/main/src/lightning/app/frontend/stream_lit.py#L86,"        with open(std_err_out, ""wb"") as stderr, open(std_out_out, ""wb"") as stdout:"
Lightning-AI/pytorch-lightning,src/lightning/app/plugin/plugin.py,149,open,NOT_EXPLICIT,False,None,None,_run_plugin,https://github.com/Lightning-AI/pytorch-lightning/blob/main/src/lightning/app/plugin/plugin.py#L149,"            with open(download_path, ""wb"") as f:"
Lightning-AI/pytorch-lightning,src/lightning/app/source_code/hashing.py,48,open,NOT_EXPLICIT,False,None,None,_get_hash,https://github.com/Lightning-AI/pytorch-lightning/blob/main/src/lightning/app/source_code/hashing.py#L48,"        with open(file, ""rb"") as f:"
Lightning-AI/pytorch-lightning,src/lightning/app/source_code/local.py,60,open,NOT_EXPLICIT,False,None,LocalSourceCodeDir,__init__,https://github.com/Lightning-AI/pytorch-lightning/blob/main/src/lightning/app/source_code/local.py#L60,"            with open(path / DOT_IGNORE_FILENAME, ""w"") as f:"
Lightning-AI/pytorch-lightning,src/lightning/app/source_code/tar.py,164,open,NOT_EXPLICIT,False,None,None,_tar_path_python,https://github.com/Lightning-AI/pytorch-lightning/blob/main/src/lightning/app/source_code/tar.py#L164,            with open(source_path) as fo:
Lightning-AI/pytorch-lightning,src/lightning/app/source_code/uploader.py,104,open,NOT_EXPLICIT,False,None,FileUploader,upload,https://github.com/Lightning-AI/pytorch-lightning/blob/main/src/lightning/app/source_code/uploader.py#L104,"            with open(self.source_file, ""rb"") as f:"
Lightning-AI/pytorch-lightning,src/lightning/app/storage/copier.py,131,fs.makedirs,NOT_EXPLICIT,False,None,None,_copy,https://github.com/Lightning-AI/pytorch-lightning/blob/main/src/lightning/app/storage/copier.py#L131,"                fs.makedirs(str(to_path.parent), exist_ok=True)"
Lightning-AI/pytorch-lightning,src/lightning/app/storage/copier.py,133,fs.put,NOT_EXPLICIT,False,None,None,_copy,https://github.com/Lightning-AI/pytorch-lightning/blob/main/src/lightning/app/storage/copier.py#L133,"            fs.put(str(from_path), str(to_path), recursive=False)"
Lightning-AI/pytorch-lightning,src/lightning/app/storage/copier.py,153,fs.makedirs,NOT_EXPLICIT,False,None,None,_copy_files,https://github.com/Lightning-AI/pytorch-lightning/blob/main/src/lightning/app/storage/copier.py#L153,"            fs.makedirs(str(destination_path.parent), exist_ok=True)"
Lightning-AI/pytorch-lightning,src/lightning/app/storage/copier.py,155,fs.put,NOT_EXPLICIT,False,None,None,_copy_files,https://github.com/Lightning-AI/pytorch-lightning/blob/main/src/lightning/app/storage/copier.py#L155,"        fs.put(str(source_path), str(destination_path))"
Lightning-AI/pytorch-lightning,src/lightning/app/storage/drive.py,88,self.fs.makedirs,NOT_EXPLICIT,False,None,Drive,root,https://github.com/Lightning-AI/pytorch-lightning/blob/main/src/lightning/app/storage/drive.py#L88,"            self.fs.makedirs(root_path, exist_ok=True)"
Lightning-AI/pytorch-lightning,src/lightning/app/storage/drive.py,151,self.fs.exists,NOT_EXPLICIT,False,None,Drive,list,https://github.com/Lightning-AI/pytorch-lightning/blob/main/src/lightning/app/storage/drive.py#L151,            if self.fs.exists(p):
Lightning-AI/pytorch-lightning,src/lightning/app/storage/drive.py,152,self.fs.ls,NOT_EXPLICIT,False,None,Drive,list,https://github.com/Lightning-AI/pytorch-lightning/blob/main/src/lightning/app/storage/drive.py#L152,                for f in self.fs.ls(p):
Lightning-AI/pytorch-lightning,src/lightning/app/storage/drive.py,183,self.fs.exists,NOT_EXPLICIT,False,None,Drive,get,https://github.com/Lightning-AI/pytorch-lightning/blob/main/src/lightning/app/storage/drive.py#L183,                while not self.fs.exists(shared_path):
Lightning-AI/pytorch-lightning,src/lightning/app/storage/drive.py,228,self.fs.exists,NOT_EXPLICIT,False,None,Drive,delete,https://github.com/Lightning-AI/pytorch-lightning/blob/main/src/lightning/app/storage/drive.py#L228,        if self.fs.exists(str(shared_path)):
Lightning-AI/pytorch-lightning,src/lightning/app/storage/drive.py,229,self.fs.rm,NOT_EXPLICIT,False,None,Drive,delete,https://github.com/Lightning-AI/pytorch-lightning/blob/main/src/lightning/app/storage/drive.py#L229,            self.fs.rm(str(shared_path))
Lightning-AI/pytorch-lightning,src/lightning/app/storage/drive.py,264,self.fs.exists,NOT_EXPLICIT,False,None,Drive,_collect_component_names,https://github.com/Lightning-AI/pytorch-lightning/blob/main/src/lightning/app/storage/drive.py#L264,        if self.fs.exists(self.drive_root):
Lightning-AI/pytorch-lightning,src/lightning/app/storage/drive.py,268,self.fs.ls,NOT_EXPLICIT,False,None,Drive,_collect_component_names,https://github.com/Lightning-AI/pytorch-lightning/blob/main/src/lightning/app/storage/drive.py#L268,            return [str(p.split(sep)[-1]) for p in self.fs.ls(self.drive_root)]
Lightning-AI/pytorch-lightning,src/lightning/app/storage/drive.py,279,fs.isdir,NOT_EXPLICIT,False,None,Drive,_get,https://github.com/Lightning-AI/pytorch-lightning/blob/main/src/lightning/app/storage/drive.py#L279,        if fs.isdir(src):
Lightning-AI/pytorch-lightning,src/lightning/app/storage/drive.py,282,fs.exists,NOT_EXPLICIT,False,None,Drive,_get,https://github.com/Lightning-AI/pytorch-lightning/blob/main/src/lightning/app/storage/drive.py#L282,                if fs.exists(dst):
Lightning-AI/pytorch-lightning,src/lightning/app/storage/drive.py,284,fs.rm,NOT_EXPLICIT,False,None,Drive,_get,https://github.com/Lightning-AI/pytorch-lightning/blob/main/src/lightning/app/storage/drive.py#L284,"                        fs.rm(str(dst), recursive=True)"
Lightning-AI/pytorch-lightning,src/lightning/app/storage/drive.py,291,fs.get,NOT_EXPLICIT,False,None,Drive,_get,https://github.com/Lightning-AI/pytorch-lightning/blob/main/src/lightning/app/storage/drive.py#L291,"                fs.get(glob, str(dst.absolute()), recursive=False)"
Lightning-AI/pytorch-lightning,src/lightning/app/storage/drive.py,293,fs.get,NOT_EXPLICIT,False,None,Drive,_get,https://github.com/Lightning-AI/pytorch-lightning/blob/main/src/lightning/app/storage/drive.py#L293,"            fs.get(str(src), str(dst.absolute()), recursive=False)"
Lightning-AI/pytorch-lightning,src/lightning/app/storage/drive.py,299,self.fs.exists,NOT_EXPLICIT,False,None,Drive,_find_match,https://github.com/Lightning-AI/pytorch-lightning/blob/main/src/lightning/app/storage/drive.py#L299,            if self.fs.exists(possible_path):
Lightning-AI/pytorch-lightning,src/lightning/app/storage/drive.py,322,self.fs.exists,NOT_EXPLICIT,False,None,Drive,_check_for_allow_duplicates,https://github.com/Lightning-AI/pytorch-lightning/blob/main/src/lightning/app/storage/drive.py#L322,        matches = [self.fs.exists(p) for p in possible_paths]
Lightning-AI/pytorch-lightning,src/lightning/app/storage/filesystem.py,14,fs.isdir,NOT_EXPLICIT,False,None,None,_get_files,https://github.com/Lightning-AI/pytorch-lightning/blob/main/src/lightning/app/storage/filesystem.py#L14,    if fs.isdir(src):
Lightning-AI/pytorch-lightning,src/lightning/app/storage/filesystem.py,17,fs.exists,NOT_EXPLICIT,False,None,None,_get_files,https://github.com/Lightning-AI/pytorch-lightning/blob/main/src/lightning/app/storage/filesystem.py#L17,            if fs.exists(dst):
Lightning-AI/pytorch-lightning,src/lightning/app/storage/filesystem.py,19,fs.rm,NOT_EXPLICIT,False,None,None,_get_files,https://github.com/Lightning-AI/pytorch-lightning/blob/main/src/lightning/app/storage/filesystem.py#L19,"                    fs.rm(str(dst), recursive=True)"
Lightning-AI/pytorch-lightning,src/lightning/app/storage/filesystem.py,26,fs.get,NOT_EXPLICIT,False,None,None,_get_files,https://github.com/Lightning-AI/pytorch-lightning/blob/main/src/lightning/app/storage/filesystem.py#L26,"            fs.get(glob, str(dst), recursive=False)"
Lightning-AI/pytorch-lightning,src/lightning/app/storage/filesystem.py,28,fs.get,NOT_EXPLICIT,False,None,None,_get_files,https://github.com/Lightning-AI/pytorch-lightning/blob/main/src/lightning/app/storage/filesystem.py#L28,"        fs.get(str(src), str(dst), recursive=False)"
Lightning-AI/pytorch-lightning,src/lightning/app/storage/filesystem.py,92,self._fs.exists,NOT_EXPLICIT,False,None,FileSystem,listdir,https://github.com/Lightning-AI/pytorch-lightning/blob/main/src/lightning/app/storage/filesystem.py#L92,        if not self._fs.exists(shared_path):
Lightning-AI/pytorch-lightning,src/lightning/app/storage/filesystem.py,99,self._fs.ls,NOT_EXPLICIT,False,None,FileSystem,listdir,https://github.com/Lightning-AI/pytorch-lightning/blob/main/src/lightning/app/storage/filesystem.py#L99,        paths = self._fs.ls(shared_path)
Lightning-AI/pytorch-lightning,src/lightning/app/storage/filesystem.py,117,self._fs.exists,NOT_EXPLICIT,False,None,FileSystem,walk,https://github.com/Lightning-AI/pytorch-lightning/blob/main/src/lightning/app/storage/filesystem.py#L117,        if not self._fs.exists(shared_path):
Lightning-AI/pytorch-lightning,src/lightning/app/storage/filesystem.py,124,self._fs.ls,NOT_EXPLICIT,False,None,FileSystem,walk,https://github.com/Lightning-AI/pytorch-lightning/blob/main/src/lightning/app/storage/filesystem.py#L124,        paths = self._fs.ls(shared_path)
Lightning-AI/pytorch-lightning,src/lightning/app/storage/filesystem.py,132,self._fs.isdir,NOT_EXPLICIT,False,None,FileSystem,walk,https://github.com/Lightning-AI/pytorch-lightning/blob/main/src/lightning/app/storage/filesystem.py#L132,            if self._fs.isdir(shared_path):
Lightning-AI/pytorch-lightning,src/lightning/app/storage/filesystem.py,146,self._fs.exists,NOT_EXPLICIT,False,None,FileSystem,rm,https://github.com/Lightning-AI/pytorch-lightning/blob/main/src/lightning/app/storage/filesystem.py#L146,        if self._fs.exists(str(delete_path)):
Lightning-AI/pytorch-lightning,src/lightning/app/storage/filesystem.py,147,self._fs.isdir,NOT_EXPLICIT,False,None,FileSystem,rm,https://github.com/Lightning-AI/pytorch-lightning/blob/main/src/lightning/app/storage/filesystem.py#L147,            if self._fs.isdir(str(delete_path)):
Lightning-AI/pytorch-lightning,src/lightning/app/storage/filesystem.py,148,self._fs.rmdir,NOT_EXPLICIT,False,None,FileSystem,rm,https://github.com/Lightning-AI/pytorch-lightning/blob/main/src/lightning/app/storage/filesystem.py#L148,                self._fs.rmdir(str(delete_path))
Lightning-AI/pytorch-lightning,src/lightning/app/storage/filesystem.py,150,self._fs.rm,NOT_EXPLICIT,False,None,FileSystem,rm,https://github.com/Lightning-AI/pytorch-lightning/blob/main/src/lightning/app/storage/filesystem.py#L150,                self._fs.rm(str(delete_path))
Lightning-AI/pytorch-lightning,src/lightning/app/storage/filesystem.py,159,self._fs.isfile,NOT_EXPLICIT,False,None,FileSystem,isfile,https://github.com/Lightning-AI/pytorch-lightning/blob/main/src/lightning/app/storage/filesystem.py#L159,        return self._fs.isfile(path)
Lightning-AI/pytorch-lightning,src/lightning/app/storage/filesystem.py,166,self._fs.isdir,NOT_EXPLICIT,False,None,FileSystem,isdir,https://github.com/Lightning-AI/pytorch-lightning/blob/main/src/lightning/app/storage/filesystem.py#L166,        return self._fs.isdir(path)
Lightning-AI/pytorch-lightning,src/lightning/app/storage/orchestrator.py,122,self.fs.exists,NOT_EXPLICIT,False,None,StorageOrchestrator,run_once,https://github.com/Lightning-AI/pytorch-lightning/blob/main/src/lightning/app/storage/orchestrator.py#L122,                if self.fs.exists(maybe_artifact_path):
Lightning-AI/pytorch-lightning,src/lightning/app/storage/orchestrator.py,134,self.fs.info,NOT_EXPLICIT,False,None,StorageOrchestrator,run_once,https://github.com/Lightning-AI/pytorch-lightning/blob/main/src/lightning/app/storage/orchestrator.py#L134,"                            size=self.fs.info(maybe_artifact_path)[""size""],"
Lightning-AI/pytorch-lightning,src/lightning/app/storage/path.py,223,fs.exists,NOT_EXPLICIT,False,None,Path,get,https://github.com/Lightning-AI/pytorch-lightning/blob/main/src/lightning/app/storage/path.py#L223,"        while not fs.exists(response.path) or fs.info(response.path)[""size""] != response.size:"
Lightning-AI/pytorch-lightning,src/lightning/app/storage/path.py,223,fs.info,NOT_EXPLICIT,False,None,Path,get,https://github.com/Lightning-AI/pytorch-lightning/blob/main/src/lightning/app/storage/path.py#L223,"        while not fs.exists(response.path) or fs.info(response.path)[""size""] != response.size:"
Lightning-AI/pytorch-lightning,src/lightning/app/storage/path.py,231,fs.isdir,NOT_EXPLICIT,False,None,Path,get,https://github.com/Lightning-AI/pytorch-lightning/blob/main/src/lightning/app/storage/path.py#L231,        if fs.isdir(response.path):
Lightning-AI/pytorch-lightning,src/lightning/app/storage/path.py,237,fs.get,NOT_EXPLICIT,False,None,Path,get,https://github.com/Lightning-AI/pytorch-lightning/blob/main/src/lightning/app/storage/path.py#L237,"                fs.get(glob, str(self.absolute()), recursive=False)"
Lightning-AI/pytorch-lightning,src/lightning/app/storage/path.py,240,fs.get,NOT_EXPLICIT,False,None,Path,get,https://github.com/Lightning-AI/pytorch-lightning/blob/main/src/lightning/app/storage/path.py#L240,"            fs.get(str(response.path), str(self.absolute()), recursive=False)"
Lightning-AI/pytorch-lightning,src/lightning/app/storage/path.py,434,LocalFileSystem,NOT_EXPLICIT,False,None,None,_filesystem,https://github.com/Lightning-AI/pytorch-lightning/blob/main/src/lightning/app/storage/path.py#L434,    fs = LocalFileSystem()
Lightning-AI/pytorch-lightning,src/lightning/app/storage/path.py,450,fs.exists,NOT_EXPLICIT,False,None,None,_filesystem,https://github.com/Lightning-AI/pytorch-lightning/blob/main/src/lightning/app/storage/path.py#L450,        if not fs.exists(_shared_storage_path()):
Lightning-AI/pytorch-lightning,src/lightning/app/storage/payload.py,182,fs.exists,NOT_EXPLICIT,False,None,_BasePayload,get,https://github.com/Lightning-AI/pytorch-lightning/blob/main/src/lightning/app/storage/payload.py#L182,"        while not fs.exists(response.path) or fs.info(response.path)[""size""] != response.size:"
Lightning-AI/pytorch-lightning,src/lightning/app/storage/payload.py,182,fs.info,NOT_EXPLICIT,False,None,_BasePayload,get,https://github.com/Lightning-AI/pytorch-lightning/blob/main/src/lightning/app/storage/payload.py#L182,"        while not fs.exists(response.path) or fs.info(response.path)[""size""] != response.size:"
Lightning-AI/pytorch-lightning,src/lightning/app/storage/payload.py,188,fs.get,NOT_EXPLICIT,False,None,_BasePayload,get,https://github.com/Lightning-AI/pytorch-lightning/blob/main/src/lightning/app/storage/payload.py#L188,"        fs.get(str(response.path), str(local_path), recursive=False)"
Lightning-AI/pytorch-lightning,src/lightning/app/storage/payload.py,269,open,NOT_EXPLICIT,False,None,Payload,save,https://github.com/Lightning-AI/pytorch-lightning/blob/main/src/lightning/app/storage/payload.py#L269,"        with open(path, ""wb"") as f:"
Lightning-AI/pytorch-lightning,src/lightning/app/storage/payload.py,273,open,NOT_EXPLICIT,False,None,Payload,load,https://github.com/Lightning-AI/pytorch-lightning/blob/main/src/lightning/app/storage/payload.py#L273,"        with open(path, ""rb"") as f:"
Lightning-AI/pytorch-lightning,src/lightning/app/testing/testing.py,294,open,NOT_EXPLICIT,False,None,None,run_app_in_cloud,https://github.com/Lightning-AI/pytorch-lightning/blob/main/src/lightning/app/testing/testing.py#L294,"        with open(stdout_path, ""w"") as stdout:"
Lightning-AI/pytorch-lightning,src/lightning/app/testing/testing.py,315,open,NOT_EXPLICIT,False,None,None,run_app_in_cloud,https://github.com/Lightning-AI/pytorch-lightning/blob/main/src/lightning/app/testing/testing.py#L315,        with open(stdout_path) as fo:
Lightning-AI/pytorch-lightning,src/lightning/app/testing/testing.py,325,open,NOT_EXPLICIT,False,None,None,run_app_in_cloud,https://github.com/Lightning-AI/pytorch-lightning/blob/main/src/lightning/app/testing/testing.py#L325,            with open(stdout_path) as fo:
Lightning-AI/pytorch-lightning,src/lightning/app/utilities/app_commands.py,52,open,NOT_EXPLICIT,False,None,None,_extract_commands_from_file,https://github.com/Lightning-AI/pytorch-lightning/blob/main/src/lightning/app/utilities/app_commands.py#L52,    with open(file_name) as f:
Lightning-AI/pytorch-lightning,src/lightning/app/utilities/cli_helpers.py,144,open,NOT_EXPLICIT,False,None,_LightningAppOpenAPIRetriever,__init__,https://github.com/Lightning-AI/pytorch-lightning/blob/main/src/lightning/app/utilities/cli_helpers.py#L144,                with open(cache_openapi) as f:
Lightning-AI/pytorch-lightning,src/lightning/app/utilities/commands/base.py,133,open,NOT_EXPLICIT,False,None,None,_download_command,https://github.com/Lightning-AI/pytorch-lightning/blob/main/src/lightning/app/utilities/commands/base.py#L133,"                        with open(target_file, ""wb"") as f:"
Lightning-AI/pytorch-lightning,src/lightning/app/utilities/commands/base.py,204,fs.put,NOT_EXPLICIT,False,None,None,_upload,https://github.com/Lightning-AI/pytorch-lightning/blob/main/src/lightning/app/utilities/commands/base.py#L204,"        fs.put(source_file, remote_url)"
Lightning-AI/pytorch-lightning,src/lightning/app/utilities/load_app.py,155,open,NOT_EXPLICIT,False,None,None,open_python_file,https://github.com/Lightning-AI/pytorch-lightning/blob/main/src/lightning/app/utilities/load_app.py#L155,"    return open(filename, encoding=""utf-8"")  # noqa: SIM115"
Lightning-AI/pytorch-lightning,src/lightning/app/utilities/packaging/app_config.py,40,open,NOT_EXPLICIT,False,None,AppConfig,save_to_file,https://github.com/Lightning-AI/pytorch-lightning/blob/main/src/lightning/app/utilities/packaging/app_config.py#L40,"        with open(path, ""w"") as file:"
Lightning-AI/pytorch-lightning,src/lightning/app/utilities/packaging/app_config.py,50,open,NOT_EXPLICIT,False,None,AppConfig,load_from_file,https://github.com/Lightning-AI/pytorch-lightning/blob/main/src/lightning/app/utilities/packaging/app_config.py#L50,        with open(path) as file:
Lightning-AI/pytorch-lightning,src/lightning/app/utilities/packaging/build_config.py,41,open,NOT_EXPLICIT,False,None,None,load_requirements,https://github.com/Lightning-AI/pytorch-lightning/blob/main/src/lightning/app/utilities/packaging/build_config.py#L41,    with open(path) as file:
Lightning-AI/pytorch-lightning,src/lightning/app/utilities/packaging/build_config.py,191,open,NOT_EXPLICIT,False,None,BuildConfig,_prepare_dockerfile,https://github.com/Lightning-AI/pytorch-lightning/blob/main/src/lightning/app/utilities/packaging/build_config.py#L191,                with open(path) as f:
Lightning-AI/pytorch-lightning,src/lightning/app/utilities/packaging/docker.py,66,open,NOT_EXPLICIT,False,None,DockerRunner,_create_work_container,https://github.com/Lightning-AI/pytorch-lightning/blob/main/src/lightning/app/utilities/packaging/docker.py#L66,"        with open(work_destination_path, ""wb"") as f:"
Lightning-AI/pytorch-lightning,src/lightning/app/utilities/packaging/docker.py,70,open,NOT_EXPLICIT,False,None,DockerRunner,_create_work_container,https://github.com/Lightning-AI/pytorch-lightning/blob/main/src/lightning/app/utilities/packaging/docker.py#L70,        with open(source_path) as f:
Lightning-AI/pytorch-lightning,src/lightning/app/utilities/packaging/docker.py,82,open,NOT_EXPLICIT,False,None,DockerRunner,_create_work_container,https://github.com/Lightning-AI/pytorch-lightning/blob/main/src/lightning/app/utilities/packaging/docker.py#L82,"        with open(destination_path, ""w"") as f:"
Lightning-AI/pytorch-lightning,src/lightning/app/utilities/packaging/lightning_utils.py,68,open,NOT_EXPLICIT,False,None,None,_prepare_wheel,https://github.com/Lightning-AI/pytorch-lightning/blob/main/src/lightning/app/utilities/packaging/lightning_utils.py#L68,"    with open(""log.txt"", ""w"") as logfile:"
Lightning-AI/pytorch-lightning,src/lightning/fabric/loggers/csv_logs.py,179,self._fs.listdir,NOT_EXPLICIT,False,None,CSVLogger,_get_next_version,https://github.com/Lightning-AI/pytorch-lightning/blob/main/src/lightning/fabric/loggers/csv_logs.py#L179,        for d in self._fs.listdir(versions_root):
Lightning-AI/pytorch-lightning,src/lightning/fabric/loggers/csv_logs.py,212,self._fs.makedirs,NOT_EXPLICIT,False,None,_ExperimentWriter,__init__,https://github.com/Lightning-AI/pytorch-lightning/blob/main/src/lightning/fabric/loggers/csv_logs.py#L212,"        self._fs.makedirs(self.log_dir, exist_ok=True)"
Lightning-AI/pytorch-lightning,src/lightning/fabric/loggers/csv_logs.py,235,self._fs.isfile,NOT_EXPLICIT,False,None,_ExperimentWriter,save,https://github.com/Lightning-AI/pytorch-lightning/blob/main/src/lightning/fabric/loggers/csv_logs.py#L235,        file_exists = self._fs.isfile(self.metrics_file_path)
Lightning-AI/pytorch-lightning,src/lightning/fabric/loggers/csv_logs.py,241,self._fs.open,NOT_EXPLICIT,False,None,_ExperimentWriter,save,https://github.com/Lightning-AI/pytorch-lightning/blob/main/src/lightning/fabric/loggers/csv_logs.py#L241,"        with self._fs.open(self.metrics_file_path, mode=(""a"" if file_exists else ""w""), newline="""") as file:"
Lightning-AI/pytorch-lightning,src/lightning/fabric/loggers/csv_logs.py,259,self._fs.open,NOT_EXPLICIT,False,None,_ExperimentWriter,_rewrite_with_new_header,https://github.com/Lightning-AI/pytorch-lightning/blob/main/src/lightning/fabric/loggers/csv_logs.py#L259,"        with self._fs.open(self.metrics_file_path, ""r"", newline="""") as file:"
Lightning-AI/pytorch-lightning,src/lightning/fabric/loggers/csv_logs.py,262,self._fs.open,NOT_EXPLICIT,False,None,_ExperimentWriter,_rewrite_with_new_header,https://github.com/Lightning-AI/pytorch-lightning/blob/main/src/lightning/fabric/loggers/csv_logs.py#L262,"        with self._fs.open(self.metrics_file_path, ""w"", newline="""") as file:"
Lightning-AI/pytorch-lightning,src/lightning/fabric/loggers/csv_logs.py,268,self._fs.exists,NOT_EXPLICIT,False,None,_ExperimentWriter,_check_log_dir_exists,https://github.com/Lightning-AI/pytorch-lightning/blob/main/src/lightning/fabric/loggers/csv_logs.py#L268,        if self._fs.exists(self.log_dir) and self._fs.listdir(self.log_dir):
Lightning-AI/pytorch-lightning,src/lightning/fabric/loggers/csv_logs.py,268,self._fs.listdir,NOT_EXPLICIT,False,None,_ExperimentWriter,_check_log_dir_exists,https://github.com/Lightning-AI/pytorch-lightning/blob/main/src/lightning/fabric/loggers/csv_logs.py#L268,        if self._fs.exists(self.log_dir) and self._fs.listdir(self.log_dir):
Lightning-AI/pytorch-lightning,src/lightning/fabric/loggers/csv_logs.py,273,self._fs.isfile,NOT_EXPLICIT,False,None,_ExperimentWriter,_check_log_dir_exists,https://github.com/Lightning-AI/pytorch-lightning/blob/main/src/lightning/fabric/loggers/csv_logs.py#L273,            if self._fs.isfile(self.metrics_file_path):
Lightning-AI/pytorch-lightning,src/lightning/fabric/loggers/csv_logs.py,274,self._fs.rm_file,NOT_EXPLICIT,False,None,_ExperimentWriter,_check_log_dir_exists,https://github.com/Lightning-AI/pytorch-lightning/blob/main/src/lightning/fabric/loggers/csv_logs.py#L274,                self._fs.rm_file(self.metrics_file_path)
Lightning-AI/pytorch-lightning,src/lightning/fabric/loggers/tensorboard.py,190,self._fs.makedirs,NOT_EXPLICIT,False,None,TensorBoardLogger,experiment,https://github.com/Lightning-AI/pytorch-lightning/blob/main/src/lightning/fabric/loggers/tensorboard.py#L190,"            self._fs.makedirs(self.root_dir, exist_ok=True)"
Lightning-AI/pytorch-lightning,src/lightning/fabric/loggers/tensorboard.py,306,self._fs.listdir,NOT_EXPLICIT,False,None,TensorBoardLogger,_get_next_version,https://github.com/Lightning-AI/pytorch-lightning/blob/main/src/lightning/fabric/loggers/tensorboard.py#L306,            listdir_info = self._fs.listdir(save_dir)
Lightning-AI/pytorch-lightning,src/lightning/fabric/plugins/environments/lsf.py,170,fs.open,NOT_EXPLICIT,False,None,LSFEnvironment,_read_hosts,https://github.com/Lightning-AI/pytorch-lightning/blob/main/src/lightning/fabric/plugins/environments/lsf.py#L170,"        with fs.open(rankfile, ""r"") as f:"
Lightning-AI/pytorch-lightning,src/lightning/fabric/plugins/io/torch_io.py,57,fs.makedirs,NOT_EXPLICIT,False,None,TorchCheckpointIO,save_checkpoint,https://github.com/Lightning-AI/pytorch-lightning/blob/main/src/lightning/fabric/plugins/io/torch_io.py#L57,"        fs.makedirs(os.path.dirname(path), exist_ok=True)"
Lightning-AI/pytorch-lightning,src/lightning/fabric/plugins/io/torch_io.py,80,fs.exists,NOT_EXPLICIT,False,None,TorchCheckpointIO,load_checkpoint,https://github.com/Lightning-AI/pytorch-lightning/blob/main/src/lightning/fabric/plugins/io/torch_io.py#L80,        if not fs.exists(path):
Lightning-AI/pytorch-lightning,src/lightning/fabric/plugins/io/torch_io.py,94,fs.exists,NOT_EXPLICIT,False,None,TorchCheckpointIO,remove_checkpoint,https://github.com/Lightning-AI/pytorch-lightning/blob/main/src/lightning/fabric/plugins/io/torch_io.py#L94,        if fs.exists(path):
Lightning-AI/pytorch-lightning,src/lightning/fabric/plugins/io/torch_io.py,95,fs.rm,NOT_EXPLICIT,False,None,TorchCheckpointIO,remove_checkpoint,https://github.com/Lightning-AI/pytorch-lightning/blob/main/src/lightning/fabric/plugins/io/torch_io.py#L95,"            fs.rm(path, recursive=True)"
Lightning-AI/pytorch-lightning,src/lightning/fabric/plugins/io/xla.py,64,fs.makedirs,NOT_EXPLICIT,False,None,XLACheckpointIO,save_checkpoint,https://github.com/Lightning-AI/pytorch-lightning/blob/main/src/lightning/fabric/plugins/io/xla.py#L64,"        fs.makedirs(os.path.dirname(path), exist_ok=True)"
Lightning-AI/pytorch-lightning,src/lightning/fabric/strategies/deepspeed.py,810,open,NOT_EXPLICIT,False,None,DeepSpeedStrategy,_load_config,https://github.com/Lightning-AI/pytorch-lightning/blob/main/src/lightning/fabric/strategies/deepspeed.py#L810,            with open(config) as f:
Lightning-AI/pytorch-lightning,src/lightning/fabric/strategies/fsdp.py,268,self._fsdp_kwargs.get,NOT_EXPLICIT,False,None,FSDPStrategy,setup_module_and_optimizers,https://github.com/Lightning-AI/pytorch-lightning/blob/main/src/lightning/fabric/strategies/fsdp.py#L268,"        use_orig_params = self._fsdp_kwargs.get(""use_orig_params"")"
Lightning-AI/pytorch-lightning,src/lightning/fabric/strategies/fsdp.py,322,self._fsdp_kwargs.get,NOT_EXPLICIT,False,None,FSDPStrategy,setup_optimizer,https://github.com/Lightning-AI/pytorch-lightning/blob/main/src/lightning/fabric/strategies/fsdp.py#L322,"        if self._fsdp_kwargs.get(""use_orig_params""):"
Lightning-AI/pytorch-lightning,src/lightning/fabric/strategies/xla_fsdp.py,633,self._fsdp_kwargs.copy,NOT_EXPLICIT,False,None,XLAFSDPStrategy,_parse_fsdp_kwargs,https://github.com/Lightning-AI/pytorch-lightning/blob/main/src/lightning/fabric/strategies/xla_fsdp.py#L633,        kwargs = self._fsdp_kwargs.copy()
Lightning-AI/pytorch-lightning,src/lightning/fabric/utilities/cloud_io.py,56,fs.open,NOT_EXPLICIT,False,None,None,_load,https://github.com/Lightning-AI/pytorch-lightning/blob/main/src/lightning/fabric/utilities/cloud_io.py#L56,"    with fs.open(path_or_url, ""rb"") as f:"
Lightning-AI/pytorch-lightning,src/lightning/fabric/utilities/cloud_io.py,61,url_to_fs,NOT_EXPLICIT,False,None,None,get_filesystem,https://github.com/Lightning-AI/pytorch-lightning/blob/main/src/lightning/fabric/utilities/cloud_io.py#L61,"    fs, _ = url_to_fs(str(path), **kwargs)"
Lightning-AI/pytorch-lightning,src/lightning/fabric/utilities/cloud_io.py,79,fsspec.open,NOT_EXPLICIT,False,None,None,_atomic_save,https://github.com/Lightning-AI/pytorch-lightning/blob/main/src/lightning/fabric/utilities/cloud_io.py#L79,"    with fsspec.open(filepath, ""wb"") as f:"
Lightning-AI/pytorch-lightning,src/lightning/fabric/utilities/cloud_io.py,126,fs.isdir,NOT_EXPLICIT,False,None,None,_is_dir,https://github.com/Lightning-AI/pytorch-lightning/blob/main/src/lightning/fabric/utilities/cloud_io.py#L126,            return fs.isdir(path)
Lightning-AI/pytorch-lightning,src/lightning/fabric/utilities/cloud_io.py,130,fs.isfile,NOT_EXPLICIT,False,None,None,_is_dir,https://github.com/Lightning-AI/pytorch-lightning/blob/main/src/lightning/fabric/utilities/cloud_io.py#L130,        return not fs.isfile(path)
Lightning-AI/pytorch-lightning,src/lightning/fabric/utilities/cloud_io.py,132,fs.isdir,NOT_EXPLICIT,False,None,None,_is_dir,https://github.com/Lightning-AI/pytorch-lightning/blob/main/src/lightning/fabric/utilities/cloud_io.py#L132,    return fs.isdir(path)
Lightning-AI/pytorch-lightning,src/lightning/fabric/utilities/cloud_io.py,136,fsspec.utils.get_protocol,NOT_EXPLICIT,False,None,None,_is_local_file_protocol,https://github.com/Lightning-AI/pytorch-lightning/blob/main/src/lightning/fabric/utilities/cloud_io.py#L136,"    return fsspec.utils.get_protocol(str(path)) == ""file"""
Lightning-AI/pytorch-lightning,src/lightning/fabric/utilities/spike.py,126,open,NOT_EXPLICIT,False,None,SpikeDetection,_handle_spike,https://github.com/Lightning-AI/pytorch-lightning/blob/main/src/lightning/fabric/utilities/spike.py#L126,"            with open(self.exclude_batches_path, ""w"") as f:"
Lightning-AI/pytorch-lightning,src/lightning/pytorch/callbacks/model_checkpoint.py,646,self._fs.exists,NOT_EXPLICIT,False,None,ModelCheckpoint,_find_last_checkpoints,https://github.com/Lightning-AI/pytorch-lightning/blob/main/src/lightning/pytorch/callbacks/model_checkpoint.py#L646,        if self._fs.exists(ckpt_path):
Lightning-AI/pytorch-lightning,src/lightning/pytorch/callbacks/model_checkpoint.py,647,self._fs.ls,NOT_EXPLICIT,False,None,ModelCheckpoint,_find_last_checkpoints,https://github.com/Lightning-AI/pytorch-lightning/blob/main/src/lightning/pytorch/callbacks/model_checkpoint.py#L647,"            return {os.path.normpath(p) for p in self._fs.ls(ckpt_path, detail=False) if _is_last(Path(p))}"
Lightning-AI/pytorch-lightning,src/lightning/pytorch/callbacks/model_checkpoint.py,651,self._fs.ls,NOT_EXPLICIT,False,None,ModelCheckpoint,__warn_if_dir_not_empty,https://github.com/Lightning-AI/pytorch-lightning/blob/main/src/lightning/pytorch/callbacks/model_checkpoint.py#L651,"        if self.save_top_k != 0 and _is_dir(self._fs, dirpath, strict=True) and len(self._fs.ls(dirpath)) > 0:"
Lightning-AI/pytorch-lightning,src/lightning/pytorch/callbacks/model_checkpoint.py,767,self._fs.open,NOT_EXPLICIT,False,None,ModelCheckpoint,to_yaml,https://github.com/Lightning-AI/pytorch-lightning/blob/main/src/lightning/pytorch/callbacks/model_checkpoint.py#L767,"        with self._fs.open(filepath, ""w"") as fp:"
Lightning-AI/pytorch-lightning,src/lightning/pytorch/callbacks/model_checkpoint.py,773,self._fs.exists,NOT_EXPLICIT,False,None,ModelCheckpoint,file_exists,https://github.com/Lightning-AI/pytorch-lightning/blob/main/src/lightning/pytorch/callbacks/model_checkpoint.py#L773,        exists = self._fs.exists(filepath)
Lightning-AI/pytorch-lightning,src/lightning/pytorch/cli.py,258,fs.isfile,NOT_EXPLICIT,False,None,SaveConfigCallback,setup,https://github.com/Lightning-AI/pytorch-lightning/blob/main/src/lightning/pytorch/cli.py#L258,                file_exists = fs.isfile(config_path) if trainer.is_global_zero else False
Lightning-AI/pytorch-lightning,src/lightning/pytorch/cli.py,273,fs.makedirs,NOT_EXPLICIT,False,None,SaveConfigCallback,setup,https://github.com/Lightning-AI/pytorch-lightning/blob/main/src/lightning/pytorch/cli.py#L273,"                fs.makedirs(log_dir, exist_ok=True)"
Lightning-AI/pytorch-lightning,src/lightning/pytorch/core/module.py,1480,fs.open,NOT_EXPLICIT,False,None,LightningModule,to_torchscript,https://github.com/Lightning-AI/pytorch-lightning/blob/main/src/lightning/pytorch/core/module.py#L1480,"            with fs.open(file_path, ""wb"") as f:"
Lightning-AI/pytorch-lightning,src/lightning/pytorch/core/saving.py,259,fs.exists,NOT_EXPLICIT,False,None,None,load_hparams_from_tags_csv,https://github.com/Lightning-AI/pytorch-lightning/blob/main/src/lightning/pytorch/core/saving.py#L259,    if not fs.exists(tags_csv):
Lightning-AI/pytorch-lightning,src/lightning/pytorch/core/saving.py,263,fs.open,NOT_EXPLICIT,False,None,None,load_hparams_from_tags_csv,https://github.com/Lightning-AI/pytorch-lightning/blob/main/src/lightning/pytorch/core/saving.py#L263,"    with fs.open(tags_csv, ""r"", newline="""") as fp:"
Lightning-AI/pytorch-lightning,src/lightning/pytorch/core/saving.py,276,fs.open,NOT_EXPLICIT,False,None,None,save_hparams_to_tags_csv,https://github.com/Lightning-AI/pytorch-lightning/blob/main/src/lightning/pytorch/core/saving.py#L276,"    with fs.open(tags_csv, ""w"", newline="""") as fp:"
Lightning-AI/pytorch-lightning,src/lightning/pytorch/core/saving.py,302,fs.exists,NOT_EXPLICIT,False,None,None,load_hparams_from_yaml,https://github.com/Lightning-AI/pytorch-lightning/blob/main/src/lightning/pytorch/core/saving.py#L302,    if not fs.exists(config_yaml):
Lightning-AI/pytorch-lightning,src/lightning/pytorch/core/saving.py,306,fs.open,NOT_EXPLICIT,False,None,None,load_hparams_from_yaml,https://github.com/Lightning-AI/pytorch-lightning/blob/main/src/lightning/pytorch/core/saving.py#L306,"    with fs.open(config_yaml, ""r"") as fp:"
Lightning-AI/pytorch-lightning,src/lightning/pytorch/core/saving.py,346,fs.open,NOT_EXPLICIT,False,None,None,save_hparams_to_yaml,https://github.com/Lightning-AI/pytorch-lightning/blob/main/src/lightning/pytorch/core/saving.py#L346,"        with fs.open(config_yaml, ""w"", encoding=""utf-8"") as fp:"
Lightning-AI/pytorch-lightning,src/lightning/pytorch/core/saving.py,369,fs.open,NOT_EXPLICIT,False,None,None,save_hparams_to_yaml,https://github.com/Lightning-AI/pytorch-lightning/blob/main/src/lightning/pytorch/core/saving.py#L369,"    with fs.open(config_yaml, ""w"", newline="""") as fp:"
Lightning-AI/pytorch-lightning,src/lightning/pytorch/demos/transformer.py,141,open,NOT_EXPLICIT,False,None,WikiText2,download,https://github.com/Lightning-AI/pytorch-lightning/blob/main/src/lightning/pytorch/demos/transformer.py#L141,"        with open(destination, ""w"") as f:"
Lightning-AI/pytorch-lightning,src/lightning/pytorch/demos/transformer.py,165,open,NOT_EXPLICIT,False,None,None,tokenize,https://github.com/Lightning-AI/pytorch-lightning/blob/main/src/lightning/pytorch/demos/transformer.py#L165,"    with open(path, encoding=""utf8"") as f:"
Lightning-AI/pytorch-lightning,src/lightning/pytorch/demos/transformer.py,172,open,NOT_EXPLICIT,False,None,None,tokenize,https://github.com/Lightning-AI/pytorch-lightning/blob/main/src/lightning/pytorch/demos/transformer.py#L172,"    with open(path, encoding=""utf8"") as f:"
Lightning-AI/pytorch-lightning,src/lightning/pytorch/loggers/csv_logs.py,169,self._fs.makedirs,NOT_EXPLICIT,False,None,CSVLogger,experiment,https://github.com/Lightning-AI/pytorch-lightning/blob/main/src/lightning/pytorch/loggers/csv_logs.py#L169,"        self._fs.makedirs(self.root_dir, exist_ok=True)"
Lightning-AI/pytorch-lightning,src/lightning/pytorch/loggers/mlflow.py,365,open,NOT_EXPLICIT,False,None,MLFlowLogger,_scan_and_log_checkpoints,https://github.com/Lightning-AI/pytorch-lightning/blob/main/src/lightning/pytorch/loggers/mlflow.py#L365,"                with open(f""{tmp_dir}/metadata.yaml"", ""w"") as tmp_file_metadata:"
Lightning-AI/pytorch-lightning,src/lightning/pytorch/loggers/mlflow.py,369,open,NOT_EXPLICIT,False,None,MLFlowLogger,_scan_and_log_checkpoints,https://github.com/Lightning-AI/pytorch-lightning/blob/main/src/lightning/pytorch/loggers/mlflow.py#L369,"                with open(f""{tmp_dir}/aliases.txt"", ""w"") as tmp_file_aliases:"
Lightning-AI/pytorch-lightning,src/lightning/pytorch/loggers/neptune.py,519,open,NOT_EXPLICIT,False,None,NeptuneLogger,after_save_checkpoint,https://github.com/Lightning-AI/pytorch-lightning/blob/main/src/lightning/pytorch/loggers/neptune.py#L519,"            with open(checkpoint_callback.last_model_path, ""rb"") as fp:"
Lightning-AI/pytorch-lightning,src/lightning/pytorch/loggers/neptune.py,535,open,NOT_EXPLICIT,False,None,NeptuneLogger,after_save_checkpoint,https://github.com/Lightning-AI/pytorch-lightning/blob/main/src/lightning/pytorch/loggers/neptune.py#L535,"            with open(checkpoint_callback.best_model_path, ""rb"") as fp:"
Lightning-AI/pytorch-lightning,src/lightning/pytorch/loggers/tensorboard.py,220,self._fs.isfile,NOT_EXPLICIT,False,None,TensorBoardLogger,save,https://github.com/Lightning-AI/pytorch-lightning/blob/main/src/lightning/pytorch/loggers/tensorboard.py#L220,"        if _is_dir(self._fs, dir_path) and not self._fs.isfile(hparams_file):"
Lightning-AI/pytorch-lightning,src/lightning/pytorch/loggers/tensorboard.py,246,self._fs.listdir,NOT_EXPLICIT,False,None,TensorBoardLogger,_get_next_version,https://github.com/Lightning-AI/pytorch-lightning/blob/main/src/lightning/pytorch/loggers/tensorboard.py#L246,            listdir_info = self._fs.listdir(root_dir)
Lightning-AI/pytorch-lightning,src/lightning/pytorch/profilers/profiler.py,99,fs.open,NOT_EXPLICIT,False,None,Profiler,_prepare_streams,https://github.com/Lightning-AI/pytorch-lightning/blob/main/src/lightning/pytorch/profilers/profiler.py#L99,"            file = fs.open(filepath, ""a"")"
Lightning-AI/pytorch-lightning,src/lightning/pytorch/strategies/deepspeed.py,795,open,NOT_EXPLICIT,False,None,DeepSpeedStrategy,_load_config,https://github.com/Lightning-AI/pytorch-lightning/blob/main/src/lightning/pytorch/strategies/deepspeed.py#L795,            with open(config) as f:
Lightning-AI/pytorch-lightning,src/lightning/pytorch/trainer/connectors/checkpoint_connector.py,53,url_to_fs,NOT_EXPLICIT,False,None,_CheckpointConnector,_hpc_resume_path,https://github.com/Lightning-AI/pytorch-lightning/blob/main/src/lightning/pytorch/trainer/connectors/checkpoint_connector.py#L53,"        fs, path = url_to_fs(dir_path_hpc)"
Lightning-AI/pytorch-lightning,src/lightning/pytorch/trainer/connectors/checkpoint_connector.py,183,fs.exists,NOT_EXPLICIT,False,None,_CheckpointConnector,_parse_ckpt_path,https://github.com/Lightning-AI/pytorch-lightning/blob/main/src/lightning/pytorch/trainer/connectors/checkpoint_connector.py#L183,"            candidates_ts = {path: fs.modified(path) for path, fs in candidates_fs.items() if fs.exists(path)}"
Lightning-AI/pytorch-lightning,src/lightning/pytorch/trainer/connectors/checkpoint_connector.py,519,url_to_fs,NOT_EXPLICIT,False,None,_CheckpointConnector,__max_ckpt_version_in_folder,https://github.com/Lightning-AI/pytorch-lightning/blob/main/src/lightning/pytorch/trainer/connectors/checkpoint_connector.py#L519,"        fs, uri = url_to_fs(str(dir_path))"
Lightning-AI/pytorch-lightning,src/lightning/pytorch/trainer/connectors/checkpoint_connector.py,520,fs.exists,NOT_EXPLICIT,False,None,_CheckpointConnector,__max_ckpt_version_in_folder,https://github.com/Lightning-AI/pytorch-lightning/blob/main/src/lightning/pytorch/trainer/connectors/checkpoint_connector.py#L520,        if not fs.exists(dir_path):
Lightning-AI/pytorch-lightning,src/lightning/pytorch/trainer/connectors/checkpoint_connector.py,524,fs.listdir,NOT_EXPLICIT,False,None,_CheckpointConnector,__max_ckpt_version_in_folder,https://github.com/Lightning-AI/pytorch-lightning/blob/main/src/lightning/pytorch/trainer/connectors/checkpoint_connector.py#L524,"        files = [os.path.basename(f[""name""]) for f in fs.listdir(uri)]"
Lightning-AI/pytorch-lightning,src/lightning/pytorch/utilities/deepspeed.py,33,open,NOT_EXPLICIT,False,None,None,ds_checkpoint_dir,https://github.com/Lightning-AI/pytorch-lightning/blob/main/src/lightning/pytorch/utilities/deepspeed.py#L33,            with open(latest_path) as fd:
Lightning-AI/pytorch-lightning,src/lightning/store/utils.py,26,open,NOT_EXPLICIT,False,None,None,_upload_file_to_url,https://github.com/Lightning-AI/pytorch-lightning/blob/main/src/lightning/store/utils.py#L26,"        with open(path, ""rb"") as fd, tqdm("
Lightning-AI/pytorch-lightning,src/lightning/store/utils.py,37,open,NOT_EXPLICIT,False,None,None,_upload_file_to_url,https://github.com/Lightning-AI/pytorch-lightning/blob/main/src/lightning/store/utils.py#L37,"        with open(path, ""rb"") as fo:"
Lightning-AI/pytorch-lightning,src/lightning/store/utils.py,55,open,NOT_EXPLICIT,False,None,None,_download_file_from_url,https://github.com/Lightning-AI/pytorch-lightning/blob/main/src/lightning/store/utils.py#L55,"        with open(path, ""wb"") as f:"
Lightning-AI/pytorch-lightning,src/lightning_app/__setup__.py,61,open,NOT_EXPLICIT,False,None,None,_setup_args,https://github.com/Lightning-AI/pytorch-lightning/blob/main/src/lightning_app/__setup__.py#L61,"        with open(ui_ver_file, encoding=""utf-8"") as fo:"
Lightning-AI/pytorch-lightning,src/lightning_app/__version__.py,8,open,NOT_EXPLICIT,False,None,None,global,https://github.com/Lightning-AI/pytorch-lightning/blob/main/src/lightning_app/__version__.py#L8,"with open(_VERSION_PATH, encoding=""utf-8"") as fo:"
Lightning-AI/pytorch-lightning,src/lightning_fabric/__version__.py,8,open,NOT_EXPLICIT,False,None,None,global,https://github.com/Lightning-AI/pytorch-lightning/blob/main/src/lightning_fabric/__version__.py#L8,"with open(_VERSION_PATH, encoding=""utf-8"") as fo:"
Lightning-AI/pytorch-lightning,src/pytorch_lightning/__version__.py,8,open,NOT_EXPLICIT,False,None,None,global,https://github.com/Lightning-AI/pytorch-lightning/blob/main/src/pytorch_lightning/__version__.py#L8,"with open(_VERSION_PATH, encoding=""utf-8"") as fo:"
Lightning-AI/pytorch-lightning,tests/integrations_app/apps/idle_timeout/app.py,17,open,NOT_EXPLICIT,False,None,SourceFileWriterWork,run,https://github.com/Lightning-AI/pytorch-lightning/blob/main/tests/integrations_app/apps/idle_timeout/app.py#L17,"        with open(self.path, ""w"") as f:"
Lightning-AI/pytorch-lightning,tests/integrations_app/apps/idle_timeout/app.py,55,fs.exists,NOT_EXPLICIT,False,None,RootFlow,run,https://github.com/Lightning-AI/pytorch-lightning/blob/main/tests/integrations_app/apps/idle_timeout/app.py#L55,            assert fs.exists(destination_path)
Lightning-AI/pytorch-lightning,tests/tests_app/utilities/testdata/safe_pickle_app.py,17,open,NOT_EXPLICIT,False,None,SelfPicklingWork,run,https://github.com/Lightning-AI/pytorch-lightning/blob/main/tests/tests_app/utilities/testdata/safe_pickle_app.py#L17,"        with open(""work.pkl"", ""wb"") as f:"
Lightning-AI/pytorch-lightning,tests/tests_app/utilities/testdata/safe_pickle_app.py,26,open,NOT_EXPLICIT,False,None,WorkThatLoadsPickledWork,run,https://github.com/Lightning-AI/pytorch-lightning/blob/main/tests/tests_app/utilities/testdata/safe_pickle_app.py#L26,"        with open(""work.pkl"", ""rb"") as f:"
Lightning-AI/pytorch-lightning,tests/tests_app/utilities/testdata/safe_pickle_app.py,48,open,NOT_EXPLICIT,False,None,RootFlow,run,https://github.com/Lightning-AI/pytorch-lightning/blob/main/tests/tests_app/utilities/testdata/safe_pickle_app.py#L48,"        with open(""script_that_loads_pickled_work.py"", ""w"") as f:"
pytorch/torchtitan,.github/scripts/todo_debt_tracker.py,249,open,NOT_EXPLICIT,False,None,None,scan_file_for_todos,https://github.com/pytorch/torchtitan/blob/main/.github/scripts/todo_debt_tracker.py#L249,"        with open(file_path, ""r"", encoding=""utf-8"") as f:"
pytorch/torchtitan,.github/scripts/todo_debt_tracker.py,459,open,NOT_EXPLICIT,False,None,None,main,https://github.com/pytorch/torchtitan/blob/main/.github/scripts/todo_debt_tracker.py#L459,"        with open(summary_path, ""a"") as f:"
pytorch/torchtitan,agent_tooling/numerics_debugging/activation_tracer.py,473,open,NOT_EXPLICIT,False,None,None,dump_captures_to_file,https://github.com/pytorch/torchtitan/blob/main/agent_tooling/numerics_debugging/activation_tracer.py#L473,"    with open(filepath, ""w"") as f:"
pytorch/torchtitan,agent_tooling/numerics_debugging/compare_numerics.py,110,open,NOT_EXPLICIT,False,None,None,parse_log,https://github.com/pytorch/torchtitan/blob/main/agent_tooling/numerics_debugging/compare_numerics.py#L110,    with open(path) as f:
pytorch/torchtitan,agent_tooling/numerics_debugging/compare_numerics.py,609,diffs.get,NOT_EXPLICIT,False,None,None,make_table,https://github.com/pytorch/torchtitan/blob/main/agent_tooling/numerics_debugging/compare_numerics.py#L609,                rd = diffs.get(stat)
pytorch/torchtitan,agent_tooling/numerics_debugging/compare_numerics.py,1121,open,NOT_EXPLICIT,False,None,None,main,https://github.com/pytorch/torchtitan/blob/main/agent_tooling/numerics_debugging/compare_numerics.py#L1121,        with open(args.override) as f:
pytorch/torchtitan,agent_tooling/numerics_debugging/compare_numerics.py,1145,open,NOT_EXPLICIT,False,None,None,main,https://github.com/pytorch/torchtitan/blob/main/agent_tooling/numerics_debugging/compare_numerics.py#L1145,"    with open(args.output, ""w"") as f:"
pytorch/torchtitan,scripts/checkpoint_compat_test.py,76,open,NOT_EXPLICIT,False,None,None,run_cmd,https://github.com/pytorch/torchtitan/blob/main/scripts/checkpoint_compat_test.py#L76,"    with open(logfile, ""w"") as f:"
pytorch/torchtitan,scripts/checkpoint_conversion/numerical_tests_qwen3_5_shard.py,137,open,NOT_EXPLICIT,False,None,None,run_worker,https://github.com/pytorch/torchtitan/blob/main/scripts/checkpoint_conversion/numerical_tests_qwen3_5_shard.py#L137,"        with open(args.output, ""w"") as f:"
pytorch/torchtitan,scripts/checkpoint_conversion/numerical_tests_qwen3_5_shard.py,175,open,NOT_EXPLICIT,False,None,None,main,https://github.com/pytorch/torchtitan/blob/main/scripts/checkpoint_conversion/numerical_tests_qwen3_5_shard.py#L175,            with open(outfile) as f:
pytorch/torchtitan,scripts/loss_compare.py,123,open,NOT_EXPLICIT,False,None,None,run_with_realtime_output,https://github.com/pytorch/torchtitan/blob/main/scripts/loss_compare.py#L123,"    with open(logfile, ""w"") as log_f:"
pytorch/torchtitan,scripts/loss_compare.py,206,open,NOT_EXPLICIT,False,None,None,log_and_save,https://github.com/pytorch/torchtitan/blob/main/scripts/loss_compare.py#L206,"        with open(stats_file, ""a"") as f:"
pytorch/torchtitan,scripts/loss_compare.py,574,open,NOT_EXPLICIT,False,None,None,read_losses_from_file,https://github.com/pytorch/torchtitan/blob/main/scripts/loss_compare.py#L574,"    with open(loss_file, ""r"") as f:"
pytorch/torchtitan,scripts/loss_compare.py,593,open,NOT_EXPLICIT,False,None,None,export_losses_to_file,https://github.com/pytorch/torchtitan/blob/main/scripts/loss_compare.py#L593,"    with open(export_path, ""w"") as f:"
pytorch/torchtitan,tests/assets/cc12m_test/pack_test_dataset.py,35,open,NOT_EXPLICIT,False,None,None,pack_wds_dataset,https://github.com/pytorch/torchtitan/blob/main/tests/assets/cc12m_test/pack_test_dataset.py#L35,"                key = json.loads(open(json_path, ""r"").read())[""key""]"
pytorch/torchtitan,tests/assets/cc12m_test/pack_test_dataset.py,39,open,NOT_EXPLICIT,False,None,None,pack_wds_dataset,https://github.com/pytorch/torchtitan/blob/main/tests/assets/cc12m_test/pack_test_dataset.py#L39,"                with open(img_path, ""rb"") as img_file, open("
pytorch/torchtitan,tests/assets/cc12m_test/pack_test_dataset.py,39,open,NOT_EXPLICIT,False,None,None,pack_wds_dataset,https://github.com/pytorch/torchtitan/blob/main/tests/assets/cc12m_test/pack_test_dataset.py#L39,"                with open(img_path, ""rb"") as img_file, open(                     txt_path, ""r""                 ) as txt_file, open(json_path, ""r"") as json_file:"
pytorch/torchtitan,tests/assets/cc12m_test/pack_test_dataset.py,41,open,NOT_EXPLICIT,False,None,None,pack_wds_dataset,https://github.com/pytorch/torchtitan/blob/main/tests/assets/cc12m_test/pack_test_dataset.py#L41,"                ) as txt_file, open(json_path, ""r"") as json_file:"
pytorch/torchtitan,torchtitan/components/tokenizer.py,157,open,NOT_EXPLICIT,False,None,HuggingFaceTokenizer,__init__,https://github.com/pytorch/torchtitan/blob/main/torchtitan/components/tokenizer.py#L157,                with open(jinja_path) as f:
pytorch/torchtitan,torchtitan/components/tokenizer.py,165,open,NOT_EXPLICIT,False,None,HuggingFaceTokenizer,_load_config,https://github.com/pytorch/torchtitan/blob/main/torchtitan/components/tokenizer.py#L165,"            with open(config_path, ""r"") as f:"
pytorch/torchtitan,torchtitan/components/tokenizer.py,198,open,NOT_EXPLICIT,False,None,HuggingFaceTokenizer,_load_tokenizer_from_path,https://github.com/pytorch/torchtitan/blob/main/torchtitan/components/tokenizer.py#L198,"                with open(vocab_json_path, ""r"") as f:"
pytorch/torchtitan,torchtitan/components/tokenizer.py,204,open,NOT_EXPLICIT,False,None,HuggingFaceTokenizer,_load_tokenizer_from_path,https://github.com/pytorch/torchtitan/blob/main/torchtitan/components/tokenizer.py#L204,"                with open(vocab_txt_path, ""r"") as f:"
pytorch/torchtitan,torchtitan/components/tokenizer.py,219,open,NOT_EXPLICIT,False,None,HuggingFaceTokenizer,_load_tokenizer_from_path,https://github.com/pytorch/torchtitan/blob/main/torchtitan/components/tokenizer.py#L219,"                with open(merges_txt_path, ""r"") as f:"
pytorch/torchtitan,torchtitan/distributed/fsdp.py,226,edp_mesh['efsdp'].size,NOT_EXPLICIT,False,None,None,apply_fsdp_to_decoder,https://github.com/pytorch/torchtitan/blob/main/torchtitan/distributed/fsdp.py#L226,"                efsdp_ep_size = edp_mesh[""efsdp""].size() * ep_degree"
pytorch/torchtitan,torchtitan/distributed/fsdp.py,228,fsdp_config['mesh'].size,NOT_EXPLICIT,False,None,None,apply_fsdp_to_decoder,https://github.com/pytorch/torchtitan/blob/main/torchtitan/distributed/fsdp.py#L228,"                efsdp_ep_size = fsdp_config[""mesh""].size()"
pytorch/torchtitan,torchtitan/experiments/graph_trainer/common_utils.py,456,edp_mesh['efsdp'].size,NOT_EXPLICIT,False,None,None,apply_simple_fsdp,https://github.com/pytorch/torchtitan/blob/main/torchtitan/experiments/graph_trainer/common_utils.py#L456,"            if edp_mesh[""efsdp""].size() * parallel_dims.ep > inner_experts.num_experts:"
pytorch/torchtitan,torchtitan/experiments/graph_trainer/fsdp_passes.py,290,self.fsdp_param_module_order.get,NOT_EXPLICIT,False,None,FSDPParamOrderBucketer,_param_order_key,https://github.com/pytorch/torchtitan/blob/main/torchtitan/experiments/graph_trainer/fsdp_passes.py#L290,"        param_idx = self.fsdp_param_module_order.get(module_fqn, len(self.node_idx))"
pytorch/torchtitan,torchtitan/experiments/graph_trainer/passes.py,187,efsdp_mesh.size,NOT_EXPLICIT,False,None,None,compile_time_passes,https://github.com/pytorch/torchtitan/blob/main/torchtitan/experiments/graph_trainer/passes.py#L187,        efsdp_degree = 1 if efsdp_mesh is None else efsdp_mesh.size()
pytorch/torchtitan,torchtitan/models/flux/inference/infer.py,26,open,NOT_EXPLICIT,False,None,None,inference,https://github.com/pytorch/torchtitan/blob/main/torchtitan/models/flux/inference/infer.py#L26,    original_prompts = open(config.inference.prompts_path).readlines()
pytorch/torchtitan,torchtitan/models/flux/model/state_dict_adapter.py,48,open,NOT_EXPLICIT,False,None,FluxStateDictAdapter,__init__,https://github.com/pytorch/torchtitan/blob/main/torchtitan/models/flux/model/state_dict_adapter.py#L48,"                    with open(mapping_path, ""r"") as f:"
pytorch/torchtitan,torchtitan/observability/structured_logger/gantt_generator.py,84,open,NOT_EXPLICIT,False,None,None,generate_gantt_trace,https://github.com/pytorch/torchtitan/blob/main/torchtitan/observability/structured_logger/gantt_generator.py#L84,"    with open(output_path, ""w"") as f:"
pytorch/torchtitan,torchtitan/observability/structured_logger/gantt_generator.py,228,open,NOT_EXPLICIT,False,None,None,load_all_records,https://github.com/pytorch/torchtitan/blob/main/torchtitan/observability/structured_logger/gantt_generator.py#L228,        with open(path) as f:
pytorch/torchtitan,torchtitan/protocols/state_dict_adapter.py,93,open,NOT_EXPLICIT,False,None,StateDictAdapter,__init__,https://github.com/pytorch/torchtitan/blob/main/torchtitan/protocols/state_dict_adapter.py#L93,"                with open(mapping_path, ""r"") as f:"
pytorch/torchtitan,torchtitan/tools/filesystem.py,40,url_to_fs,NOT_EXPLICIT,False,None,None,_resolve,https://github.com/pytorch/torchtitan/blob/main/torchtitan/tools/filesystem.py#L40,    return url_to_fs(path)
pytorch/torchtitan,torchtitan/tools/filesystem.py,46,fs.exists,NOT_EXPLICIT,False,None,None,exists,https://github.com/pytorch/torchtitan/blob/main/torchtitan/tools/filesystem.py#L46,        return fs.exists(p)
pytorch/torchtitan,torchtitan/tools/filesystem.py,53,fs.isdir,NOT_EXPLICIT,False,None,None,isdir,https://github.com/pytorch/torchtitan/blob/main/torchtitan/tools/filesystem.py#L53,        return fs.isdir(p)
pytorch/torchtitan,torchtitan/tools/filesystem.py,60,fs.isfile,NOT_EXPLICIT,False,None,None,isfile,https://github.com/pytorch/torchtitan/blob/main/torchtitan/tools/filesystem.py#L60,        return fs.isfile(p)
pytorch/torchtitan,torchtitan/tools/filesystem.py,81,fs.ls,NOT_EXPLICIT,False,None,None,listdir,https://github.com/pytorch/torchtitan/blob/main/torchtitan/tools/filesystem.py#L81,"            for entry in fs.ls(p, detail=False)"
pytorch/torchtitan,torchtitan/tools/filesystem.py,94,fs.rm,NOT_EXPLICIT,False,None,None,rmtree,https://github.com/pytorch/torchtitan/blob/main/torchtitan/tools/filesystem.py#L94,"            fs.rm(p, recursive=True)"
pytorch/torchtitan,torchtitan/tools/profiler.py,91,open,NOT_EXPLICIT,False,None,MemoryProfiler,step,https://github.com/pytorch/torchtitan/blob/main/torchtitan/tools/profiler.py#L91,"        with open(output_file, ""wb"") as output:"
pytorch/torchtitan,torchtitan/trainer.py,246,open,NOT_EXPLICIT,False,None,Config,maybe_log,https://github.com/pytorch/torchtitan/blob/main/torchtitan/trainer.py#L246,"                        with open(config_file, ""w"") as f:"
ray-project/ray,.buildkite/copy_files.py,92,open,NOT_EXPLICIT,False,None,None,upload_paths,https://github.com/ray-project/ray/blob/master/.buildkite/copy_files.py#L92,"        of[""file""] = open(path, ""rb"")"
ray-project/ray,bazel/pyzip.py,39,open,NOT_EXPLICIT,False,None,None,zip_dir,https://github.com/ray-project/ray/blob/master/bazel/pyzip.py#L39,"                with open(file_path, ""rb"") as f:"
ray-project/ray,ci/fossa/ray_oss_analysis.py,375,open,NOT_EXPLICIT,False,None,None,_generate_fossa_deps_file,https://github.com/ray-project/ray/blob/master/ci/fossa/ray_oss_analysis.py#L375,"    with open(os.path.join(output_folder, ""fossa_deps.yaml""), ""w"") as file:"
ray-project/ray,ci/fossa/ray_oss_analysis.py,438,open,NOT_EXPLICIT,False,None,None,global,https://github.com/ray-project/ray/blob/master/ci/fossa/ray_oss_analysis.py#L438,"    with open(os.path.join(args.output, ""askalono_results.json""), ""w"") as file:"
ray-project/ray,ci/lint/check_cpp_files_inclusion.py,19,open,NOT_EXPLICIT,False,None,None,check_ray_core_inclusion,https://github.com/ray-project/ray/blob/master/ci/lint/check_cpp_files_inclusion.py#L19,"    with open(fname, ""r"") as file:"
ray-project/ray,ci/lint/clang-tidy-diff.py,95,open,NOT_EXPLICIT,False,None,None,merge_replacement_files,https://github.com/ray-project/ray/blob/master/ci/lint/clang-tidy-diff.py#L95,"        content = yaml.safe_load(open(replacefile, ""r""))"
ray-project/ray,ci/lint/clang-tidy-diff.py,106,open,NOT_EXPLICIT,False,None,None,merge_replacement_files,https://github.com/ray-project/ray/blob/master/ci/lint/clang-tidy-diff.py#L106,"        with open(mergefile, ""w"") as out:"
ray-project/ray,ci/lint/clang-tidy-diff.py,110,open,NOT_EXPLICIT,False,None,None,merge_replacement_files,https://github.com/ray-project/ray/blob/master/ci/lint/clang-tidy-diff.py#L110,"        open(mergefile, ""w"").close()"
ray-project/ray,ci/lint/pytest_checker.py,102,open,NOT_EXPLICIT,False,None,None,main,https://github.com/ray-project/ray/blob/master/ci/lint/pytest_checker.py#L102,"            with open(path, ""r"") as f:"
ray-project/ray,ci/pipeline/determine_tests_to_run.py,212,open,NOT_EXPLICIT,False,None,None,global,https://github.com/ray-project/ray/blob/master/ci/pipeline/determine_tests_to_run.py#L212,        with open(config) as f:
ray-project/ray,ci/ray_ci/automation/docker_tags_lib.py,553,open,NOT_EXPLICIT,False,None,None,_write_to_file,https://github.com/ray-project/ray/blob/master/ci/ray_ci/automation/docker_tags_lib.py#L553,"    with open(file_path, ""w"") as f:"
ray-project/ray,ci/ray_ci/automation/get_contributors.py,90,open,NOT_EXPLICIT,False,None,None,run,https://github.com/ray-project/ray/blob/master/ci/ray_ci/automation/get_contributors.py#L90,"    with open(team_output_file, ""w"") as file:"
ray-project/ray,ci/ray_ci/automation/push_ray_image.py,257,open,NOT_EXPLICIT,False,None,None,_export_pip_freeze,https://github.com/ray-project/ray/blob/master/ci/ray_ci/automation/push_ray_image.py#L257,"        with open(dest, ""wb"") as f:"
ray-project/ray,ci/ray_ci/automation/update_version_lib.py,72,open,NOT_EXPLICIT,False,None,None,replace_version_in_file,https://github.com/ray-project/ray/blob/master/ci/ray_ci/automation/update_version_lib.py#L72,"        with open(abs_file_path, ""r"") as f:"
ray-project/ray,ci/ray_ci/automation/update_version_lib.py,75,open,NOT_EXPLICIT,False,None,None,replace_version_in_file,https://github.com/ray-project/ray/blob/master/ci/ray_ci/automation/update_version_lib.py#L75,"        with open(abs_file_path, ""w"") as f:"
ray-project/ray,ci/ray_ci/doc/autodoc.py,130,open,NOT_EXPLICIT,False,None,Autodoc,_get_autodoc_rsts_in_file,https://github.com/ray-project/ray/blob/master/ci/ray_ci/doc/autodoc.py#L130,"        with open(rst_file, ""r"") as f:"
ray-project/ray,ci/ray_ci/doc/autodoc.py,200,open,NOT_EXPLICIT,False,None,Autodoc,_parse_autodoc_rst,https://github.com/ray-project/ray/blob/master/ci/ray_ci/doc/autodoc.py#L200,"        with open(rst_file, ""r"") as f:"
ray-project/ray,ci/ray_ci/doc/cmd_check_api_param_coverage.py,115,open,NOT_EXPLICIT,False,None,None,_iter_source_files,https://github.com/ray-project/ray/blob/master/ci/ray_ci/doc/cmd_check_api_param_coverage.py#L115,"                with open(abspath, encoding=""utf-8"") as f:"
ray-project/ray,ci/ray_ci/doc/massage_cache.py,19,open,NOT_EXPLICIT,False,None,None,strip_local_dependencies,https://github.com/ray-project/ray/blob/master/ci/ray_ci/doc/massage_cache.py#L19,"    with open(environment_cache_path, ""rb"") as f:"
ray-project/ray,ci/ray_ci/doc/massage_cache.py,29,open,NOT_EXPLICIT,False,None,None,strip_local_dependencies,https://github.com/ray-project/ray/blob/master/ci/ray_ci/doc/massage_cache.py#L29,"    with open(environment_cache_path, ""wb"") as f:"
ray-project/ray,ci/ray_ci/tester.py,486,open,NOT_EXPLICIT,False,None,None,_get_flaky_test_targets,https://github.com/ray-project/ray/blob/master/ci/ray_ci/tester.py#L486,"        with open(yaml_flaky_file, ""rb"") as f:"
ray-project/ray,ci/ray_ci/tester_container.py,199,open,NOT_EXPLICIT,False,None,TesterContainer,get_test_and_results,https://github.com/ray-project/ray/blob/master/ci/ray_ci/tester_container.py#L199,"            with open(file, ""rb"") as f:"
ray-project/ray,ci/raydepsets/cli.py,486,open,NOT_EXPLICIT,False,None,DependencySetManager,read_lock_file,https://github.com/ray-project/ray/blob/master/ci/raydepsets/cli.py#L486,"        with open(file_path, ""r"") as f:"
ray-project/ray,ci/raydepsets/cli.py,580,open,NOT_EXPLICIT,False,None,None,write_lock_file,https://github.com/ray-project/ray/blob/master/ci/raydepsets/cli.py#L580,"    with open(lock_file_path, ""w"") as f:"
ray-project/ray,ci/raydepsets/tests/utils.py,26,open,NOT_EXPLICIT,False,None,None,replace_in_file,https://github.com/ray-project/ray/blob/master/ci/raydepsets/tests/utils.py#L26,"    with open(filepath, ""r"") as f:"
ray-project/ray,ci/raydepsets/tests/utils.py,31,open,NOT_EXPLICIT,False,None,None,replace_in_file,https://github.com/ray-project/ray/blob/master/ci/raydepsets/tests/utils.py#L31,"    with open(filepath, ""w"") as f:"
ray-project/ray,ci/raydepsets/tests/utils.py,36,open,NOT_EXPLICIT,False,None,None,save_packages_to_file,https://github.com/ray-project/ray/blob/master/ci/raydepsets/tests/utils.py#L36,"    with open(filepath, ""w"") as f:"
ray-project/ray,ci/raydepsets/tests/utils.py,42,open,NOT_EXPLICIT,False,None,None,save_file_as,https://github.com/ray-project/ray/blob/master/ci/raydepsets/tests/utils.py#L42,"    with open(input_file, ""rb"") as f:"
ray-project/ray,ci/raydepsets/tests/utils.py,44,open,NOT_EXPLICIT,False,None,None,save_file_as,https://github.com/ray-project/ray/blob/master/ci/raydepsets/tests/utils.py#L44,"    with open(output_file, ""wb"") as f:"
ray-project/ray,ci/raydepsets/tests/utils.py,49,open,NOT_EXPLICIT,False,None,None,append_to_file,https://github.com/ray-project/ray/blob/master/ci/raydepsets/tests/utils.py#L49,"    with open(filepath, ""a"") as f:"
ray-project/ray,ci/raydepsets/tests/utils.py,65,open,NOT_EXPLICIT,False,None,None,write_to_config_file,https://github.com/ray-project/ray/blob/master/ci/raydepsets/tests/utils.py#L65,"    with open(Path(tmpdir) / config_name, ""w"") as f:"
ray-project/ray,ci/raydepsets/workspace.py,123,open,NOT_EXPLICIT,False,None,Workspace,load_config,https://github.com/ray-project/ray/blob/master/ci/raydepsets/workspace.py#L123,"        with open(os.path.join(self.dir, config_path), ""r"") as f:"
ray-project/ray,doc/.claude/skills/ray-soft-wrap/scripts/softwrap.py,419,open,NOT_EXPLICIT,False,None,None,main,https://github.com/ray-project/ray/blob/master/doc/.claude/skills/ray-soft-wrap/scripts/softwrap.py#L419,"        original = open(path, encoding=""utf-8"").read()"
ray-project/ray,doc/.claude/skills/ray-soft-wrap/scripts/softwrap.py,428,open,NOT_EXPLICIT,False,None,None,main,https://github.com/ray-project/ray/blob/master/doc/.claude/skills/ray-soft-wrap/scripts/softwrap.py#L428,"            open(path, ""w"", encoding=""utf-8"").write(new)"
ray-project/ray,doc/.claude/skills/ray-soft-wrap/scripts/verify.py,72,open,NOT_EXPLICIT,False,None,None,get_reference,https://github.com/ray-project/ray/blob/master/doc/.claude/skills/ray-soft-wrap/scripts/verify.py#L72,"        return open(cand, encoding=""utf-8"").read(), None"
ray-project/ray,doc/.claude/skills/ray-soft-wrap/scripts/verify.py,119,open,NOT_EXPLICIT,False,None,None,main,https://github.com/ray-project/ray/blob/master/doc/.claude/skills/ray-soft-wrap/scripts/verify.py#L119,"        work = open(path, encoding=""utf-8"").read()"
ray-project/ray,doc/load_doc_cache.py,69,open,NOT_EXPLICIT,False,None,None,fetch_cache,https://github.com/ray-project/ray/blob/master/doc/load_doc_cache.py#L69,"        with open(target_file_path, ""wb"") as f:"
ray-project/ray,doc/load_doc_cache.py,155,open,NOT_EXPLICIT,False,None,None,main,https://github.com/ray-project/ray/blob/master/doc/load_doc_cache.py#L155,"    with open(         f""{ray_dir}/{PENDING_FILES_PATH}"", ""w""     ) as f:  # Save to file to be used when updating cache environment"
ray-project/ray,doc/source/_ext/api_sidebar.py,131,open,NOT_EXPLICIT,False,None,None,_render_and_write,https://github.com/ray-project/ray/blob/master/doc/source/_ext/api_sidebar.py#L131,"    with open(os.path.join(static_dir, NAV_FILENAME), ""w"", encoding=""utf-8"") as fh:"
ray-project/ray,doc/source/cluster/doc_code/slurm-launch.py,81,open,NOT_EXPLICIT,False,None,None,global,https://github.com/ray-project/ray/blob/master/doc/source/cluster/doc_code/slurm-launch.py#L81,"    with open(template_file, ""r"") as f:"
ray-project/ray,doc/source/cluster/doc_code/slurm-launch.py,98,open,NOT_EXPLICIT,False,None,None,global,https://github.com/ray-project/ray/blob/master/doc/source/cluster/doc_code/slurm-launch.py#L98,"    with open(script_file, ""w"") as f:"
ray-project/ray,doc/source/conf.py,491,open,NOT_EXPLICIT,False,None,None,render_svg_logo,https://github.com/ray-project/ray/blob/master/doc/source/conf.py#L491,"    with open(pathlib.Path(__file__).parent / path, ""r"") as f:"
ray-project/ray,doc/source/custom_directives.py,154,open,NOT_EXPLICIT,False,None,DownloadAndPreprocessEcosystemDocs,save_original_doc,https://github.com/ray-project/ray/blob/master/doc/source/custom_directives.py#L154,"        with open(path, ""r"") as f:"
ray-project/ray,doc/source/custom_directives.py,173,open,NOT_EXPLICIT,False,None,DownloadAndPreprocessEcosystemDocs,write_original_docs,https://github.com/ray-project/ray/blob/master/doc/source/custom_directives.py#L173,"            with open(path, ""w"") as f:"
ray-project/ray,doc/source/custom_directives.py,262,open,NOT_EXPLICIT,False,None,None,parse_navbar_config,https://github.com/ray-project/ray/blob/master/doc/source/custom_directives.py#L262,"        with open(pathlib.Path(__file__).parent / filename, ""r"") as f:"
ray-project/ray,doc/source/custom_directives.py,812,open,NOT_EXPLICIT,False,None,ExampleConfig,__init__,https://github.com/ray-project/ray/blob/master/doc/source/custom_directives.py#L812,"        with open(path, ""r"") as f:"
ray-project/ray,doc/source/custom_directives.py,1467,open,NOT_EXPLICIT,False,None,None,pregenerate_example_rsts,https://github.com/ray-project/ray/blob/master/doc/source/custom_directives.py#L1467,"        with open(config_path.with_suffix("".rst""), ""w"") as f:"
ray-project/ray,doc/source/custom_directives.py,1528,open,NOT_EXPLICIT,False,None,None,generate_versions_json,https://github.com/ray-project/ray/blob/master/doc/source/custom_directives.py#L1528,"    with open(output_path, ""w"") as f:"
ray-project/ray,doc/source/data/doc_code/working-with-llms/omni_audio_example.py,139,open,NOT_EXPLICIT,False,None,None,load_audio_dataset,https://github.com/ray-project/ray/blob/master/doc/source/data/doc_code/working-with-llms/omni_audio_example.py#L139,"            with open(audio_path, ""rb"") as f:"
ray-project/ray,doc/source/llm/doc_code/serve/custom_vllm/custom_vllm_yaml_config_example.py,24,open,NOT_EXPLICIT,False,None,None,global,https://github.com/ray-project/ray/blob/master/doc/source/llm/doc_code/serve/custom_vllm/custom_vllm_yaml_config_example.py#L24,"with open(config_path, ""r"") as f:"
ray-project/ray,doc/source/llm/doc_code/serve/direct_streaming/direct_streaming_yaml_config_example.py,27,open,NOT_EXPLICIT,False,None,None,global,https://github.com/ray-project/ray/blob/master/doc/source/llm/doc_code/serve/direct_streaming/direct_streaming_yaml_config_example.py#L27,"with open(config_path, ""r"") as f:"
ray-project/ray,doc/source/llm/doc_code/serve/qwen/llm_yaml_config_example.py,20,open,NOT_EXPLICIT,False,None,None,global,https://github.com/ray-project/ray/blob/master/doc/source/llm/doc_code/serve/qwen/llm_yaml_config_example.py#L20,"with open(config_path, ""r"") as f:"
ray-project/ray,doc/source/llm/doc_code/serve/transcription/transcription_example.py,82,open,NOT_EXPLICIT,False,None,None,global,https://github.com/ray-project/ray/blob/master/doc/source/llm/doc_code/serve/transcription/transcription_example.py#L82,"with open(""audio.wav"", ""wb"") as f:"
ray-project/ray,doc/source/llm/doc_code/serve/transcription/transcription_example.py,87,open,NOT_EXPLICIT,False,None,None,global,https://github.com/ray-project/ray/blob/master/doc/source/llm/doc_code/serve/transcription/transcription_example.py#L87,"with open(""audio.wav"", ""rb"") as f:"
ray-project/ray,doc/source/preprocess_github_markdown.py,23,open,NOT_EXPLICIT,False,None,None,preprocess_github_markdown_file,https://github.com/ray-project/ray/blob/master/doc/source/preprocess_github_markdown.py#L23,"    with open(source_path, ""r"") as f:"
ray-project/ray,doc/source/preprocess_github_markdown.py,34,open,NOT_EXPLICIT,False,None,None,preprocess_github_markdown_file,https://github.com/ray-project/ray/blob/master/doc/source/preprocess_github_markdown.py#L34,"    with open(dest_path, ""w"") as f:"
ray-project/ray,doc/source/ray-core/doc_code/actor_checkpointing.py,68,open,NOT_EXPLICIT,False,None,ImmortalActor,__init__,https://github.com/ray-project/ray/blob/master/doc/source/ray-core/doc_code/actor_checkpointing.py#L68,"            with open(self.checkpoint_file, ""r"") as f:"
ray-project/ray,doc/source/ray-core/doc_code/actor_checkpointing.py,82,open,NOT_EXPLICIT,False,None,ImmortalActor,update,https://github.com/ray-project/ray/blob/master/doc/source/ray-core/doc_code/actor_checkpointing.py#L82,"        with open(self.checkpoint_file, ""w"") as f:"
ray-project/ray,doc/source/serve/doc_code/aws_neuron_core_inference_serve_stable_diffusion.py,69,open,NOT_EXPLICIT,False,None,None,global,https://github.com/ray-project/ray/blob/master/doc/source/serve/doc_code/aws_neuron_core_inference_serve_stable_diffusion.py#L69,"    with open(""output.png"", ""wb"") as f:"
ray-project/ray,doc/source/serve/doc_code/object_detection.py,65,open,NOT_EXPLICIT,False,None,None,global,https://github.com/ray-project/ray/blob/master/doc/source/serve/doc_code/object_detection.py#L65,"    with open(""output.jpeg"", ""wb"") as f:"
ray-project/ray,doc/source/serve/doc_code/stable_diffusion.py,84,open,NOT_EXPLICIT,False,None,None,global,https://github.com/ray-project/ray/blob/master/doc/source/serve/doc_code/stable_diffusion.py#L84,"    with open(""output.png"", ""wb"") as f:"
ray-project/ray,doc/source/serve/doc_code/tutorial_sklearn.py,47,open,NOT_EXPLICIT,False,None,None,global,https://github.com/ray-project/ray/blob/master/doc/source/serve/doc_code/tutorial_sklearn.py#L47,"with open(MODEL_PATH, ""wb"") as f:"
ray-project/ray,doc/source/serve/doc_code/tutorial_sklearn.py,49,open,NOT_EXPLICIT,False,None,None,global,https://github.com/ray-project/ray/blob/master/doc/source/serve/doc_code/tutorial_sklearn.py#L49,"with open(LABEL_PATH, ""w"") as f:"
ray-project/ray,doc/source/serve/doc_code/tutorial_sklearn.py,58,open,NOT_EXPLICIT,False,None,BoostingModel,__init__,https://github.com/ray-project/ray/blob/master/doc/source/serve/doc_code/tutorial_sklearn.py#L58,"        with open(model_path, ""rb"") as f:"
ray-project/ray,doc/source/serve/doc_code/tutorial_sklearn.py,60,open,NOT_EXPLICIT,False,None,BoostingModel,__init__,https://github.com/ray-project/ray/blob/master/doc/source/serve/doc_code/tutorial_sklearn.py#L60,        with open(label_path) as f:
ray-project/ray,doc/source/serve/tutorials/video-analysis/ci/nb2py.py,12,open,NOT_EXPLICIT,False,None,None,convert_notebook,https://github.com/ray-project/ray/blob/master/doc/source/serve/tutorials/video-analysis/ci/nb2py.py#L12,"    with open(output_path, ""w"") as out:"
ray-project/ray,doc/source/serve/tutorials/video-analysis/client/load_test.py,275,open,NOT_EXPLICIT,False,None,LoadTester,save_results,https://github.com/ray-project/ray/blob/master/doc/source/serve/tutorials/video-analysis/client/load_test.py#L275,"        with open(output_path, ""w"", newline="""") as f:"
ray-project/ray,doc/source/serve/tutorials/video-analysis/scripts/download_stock_videos.py,152,open,NOT_EXPLICIT,False,None,None,download_video,https://github.com/ray-project/ray/blob/master/doc/source/serve/tutorials/video-analysis/scripts/download_stock_videos.py#L152,"            with open(dest_path, ""wb"") as f:"
ray-project/ray,doc/source/serve/tutorials/video-analysis/scripts/download_stock_videos.py,533,open,NOT_EXPLICIT,False,None,None,download_sample_videos,https://github.com/ray-project/ray/blob/master/doc/source/serve/tutorials/video-analysis/scripts/download_stock_videos.py#L533,"    with open(manifest_path, ""w"") as f:"
ray-project/ray,doc/source/templates/03_serving_stable_diffusion/query.py,14,open,NOT_EXPLICIT,False,None,None,global,https://github.com/ray-project/ray/blob/master/doc/source/templates/03_serving_stable_diffusion/query.py#L14,"with open(filename, ""wb"") as f:"
ray-project/ray,doc/source/templates/04_finetuning_llms_with_deepspeed/create_dataset.py,14,open,NOT_EXPLICIT,False,None,None,main,https://github.com/ray-project/ray/blob/master/doc/source/templates/04_finetuning_llms_with_deepspeed/create_dataset.py#L14,"    with open(""data/tokens.json"", ""w"") as f:"
ray-project/ray,doc/source/templates/04_finetuning_llms_with_deepspeed/create_dataset.py,20,open,NOT_EXPLICIT,False,None,None,main,https://github.com/ray-project/ray/blob/master/doc/source/templates/04_finetuning_llms_with_deepspeed/create_dataset.py#L20,"        with open(f""data/{key}.jsonl"", ""w"") as f:"
ray-project/ray,doc/source/templates/04_finetuning_llms_with_deepspeed/create_job_yaml.py,47,open,NOT_EXPLICIT,False,None,None,main,https://github.com/ray-project/ray/blob/master/doc/source/templates/04_finetuning_llms_with_deepspeed/create_job_yaml.py#L47,"        with open(pargs.compute_config, ""r"") as f:"
ray-project/ray,doc/source/templates/04_finetuning_llms_with_deepspeed/create_job_yaml.py,71,open,NOT_EXPLICIT,False,None,None,main,https://github.com/ray-project/ray/blob/master/doc/source/templates/04_finetuning_llms_with_deepspeed/create_job_yaml.py#L71,"    with open(pargs.output_path, ""w"") as f:"
ray-project/ray,doc/source/templates/04_finetuning_llms_with_deepspeed/finetune_hf_llm.py,697,open,NOT_EXPLICIT,False,None,None,main,https://github.com/ray-project/ray/blob/master/doc/source/templates/04_finetuning_llms_with_deepspeed/finetune_hf_llm.py#L697,"        with open(""./lora_configs/lora.json"", ""r"") as json_file:"
ray-project/ray,doc/source/templates/04_finetuning_llms_with_deepspeed/finetune_hf_llm.py,720,open,NOT_EXPLICIT,False,None,None,main,https://github.com/ray-project/ray/blob/master/doc/source/templates/04_finetuning_llms_with_deepspeed/finetune_hf_llm.py#L720,"    with open(args.special_token_path, ""r"") as json_file:"
ray-project/ray,doc/source/templates/04_finetuning_llms_with_deepspeed/utils.py,21,open,NOT_EXPLICIT,False,None,None,get_hash_from_bucket,https://github.com/ray-project/ray/blob/master/doc/source/templates/04_finetuning_llms_with_deepspeed/utils.py#L21,"    with open(os.path.join(""."", ""main""), ""r"") as f:"
ray-project/ray,doc/source/train/examples/transformers/transformer_reinforcement_learning/ci/nb2py.py,13,open,NOT_EXPLICIT,False,None,None,convert_notebook,https://github.com/ray-project/ray/blob/master/doc/source/train/examples/transformers/transformer_reinforcement_learning/ci/nb2py.py#L13,"    with open(output_path, ""w"") as out:"
ray-project/ray,doc/source/tune/doc_code/faq.py,267,open,NOT_EXPLICIT,False,None,None,train_func,https://github.com/ray-project/ray/blob/master/doc/source/tune/doc_code/faq.py#L267,"        print(open(""./read.txt"").read())"
ray-project/ray,doc/source/tune/doc_code/faq.py,275,open,NOT_EXPLICIT,False,None,None,train_func,https://github.com/ray-project/ray/blob/master/doc/source/tune/doc_code/faq.py#L275,"        with open(tune_trial_dir / ""write.txt"", ""w"") as f:"
ray-project/ray,doc/source/tune/doc_code/fault_tolerance.py,17,open,NOT_EXPLICIT,False,None,None,trainable,https://github.com/ray-project/ray/blob/master/doc/source/tune/doc_code/fault_tolerance.py#L17,"            with open(os.path.join(checkpoint_dir, ""checkpoint.json""), ""r"") as f:"
ray-project/ray,doc/source/tune/doc_code/fault_tolerance.py,26,open,NOT_EXPLICIT,False,None,None,trainable,https://github.com/ray-project/ray/blob/master/doc/source/tune/doc_code/fault_tolerance.py#L26,"            with open(os.path.join(temp_checkpoint_dir, ""checkpoint.json""), ""w"") as f:"
ray-project/ray,doc/update_cache_env.py,16,open,NOT_EXPLICIT,False,None,None,list_pending_files,https://github.com/ray-project/ray/blob/master/doc/update_cache_env.py#L16,"    with open(f""{ray_dir}/{PENDING_FILES_PATH}"", ""r"") as f:"
ray-project/ray,doc/update_cache_env.py,32,open,NOT_EXPLICIT,False,None,None,update_environment_pickle,https://github.com/ray-project/ray/blob/master/doc/update_cache_env.py#L32,"    with open(os.path.join(ray_doc_dir, ENVIRONMENT_PICKLE), ""rb+"") as f:"
ray-project/ray,doc/update_cache_env.py,53,open,NOT_EXPLICIT,False,None,None,update_environment_pickle,https://github.com/ray-project/ray/blob/master/doc/update_cache_env.py#L53,"    with open(         os.path.join(ray_doc_dir, ""_build/doctrees/environment.pickle""), ""wb+""     ) as f:"
ray-project/ray,docker/retag-lambda/lambda_function.py,43,open,NOT_EXPLICIT,False,None,None,parse_versions,https://github.com/ray-project/ray/blob/master/docker/retag-lambda/lambda_function.py#L43,    with open(version_file) as f:
ray-project/ray,python/ray/_common/tls_utils.py,94,open,NOT_EXPLICIT,False,None,None,load_certs_from_env,https://github.com/ray-project/ray/blob/master/python/ray/_common/tls_utils.py#L94,"    with open(os.environ[""RAY_TLS_SERVER_CERT""], ""rb"") as f:"
ray-project/ray,python/ray/_common/tls_utils.py,96,open,NOT_EXPLICIT,False,None,None,load_certs_from_env,https://github.com/ray-project/ray/blob/master/python/ray/_common/tls_utils.py#L96,"    with open(os.environ[""RAY_TLS_SERVER_KEY""], ""rb"") as f:"
ray-project/ray,python/ray/_common/tls_utils.py,98,open,NOT_EXPLICIT,False,None,None,load_certs_from_env,https://github.com/ray-project/ray/blob/master/python/ray/_common/tls_utils.py#L98,"    with open(os.environ[""RAY_TLS_CA_CERT""], ""rb"") as f:"
ray-project/ray,python/ray/_common/usage/usage_lib.py,368,open,NOT_EXPLICIT,False,None,None,_usage_stats_enabledness,https://github.com/ray-project/ray/blob/master/python/ray/_common/usage/usage_lib.py#L368,        with open(_usage_stats_config_path()) as f:
ray-project/ray,python/ray/_common/usage/usage_lib.py,489,open,NOT_EXPLICIT,False,None,None,set_usage_stats_enabled_via_config,https://github.com/ray-project/ray/blob/master/python/ray/_common/usage/usage_lib.py#L489,        with open(_usage_stats_config_path()) as f:
ray-project/ray,python/ray/_common/usage/usage_lib.py,505,open,NOT_EXPLICIT,False,None,None,set_usage_stats_enabled_via_config,https://github.com/ray-project/ray/blob/master/python/ray/_common/usage/usage_lib.py#L505,"        with open(_usage_stats_config_path(), ""w"") as f:"
ray-project/ray,python/ray/_common/usage/usage_lib.py,780,open,NOT_EXPLICIT,False,None,None,get_cluster_config_to_report,https://github.com/ray-project/ray/blob/master/python/ray/_common/usage/usage_lib.py#L780,        with open(cluster_config_file_path) as f:
ray-project/ray,python/ray/_common/utils.py,399,open,NOT_EXPLICIT,False,None,None,get_system_memory,https://github.com/ray-project/ray/blob/master/python/ray/_common/utils.py#L399,"        with open(memory_limit_filename, ""r"") as f:"
ray-project/ray,python/ray/_common/utils.py,402,open,NOT_EXPLICIT,False,None,None,get_system_memory,https://github.com/ray-project/ray/blob/master/python/ray/_common/utils.py#L402,"        with open(memory_limit_filename_v2, ""r"") as f:"
ray-project/ray,python/ray/_private/accelerators/tpu.py,601,open,NOT_EXPLICIT,False,None,None,_is_vfio_group_a_tpu,https://github.com/ray-project/ray/blob/master/python/ray/_private/accelerators/tpu.py#L601,"            with open(vendor_path, encoding=""ascii"") as f:"
ray-project/ray,python/ray/_private/authentication/authentication_token_setup.py,43,open,NOT_EXPLICIT,False,None,None,generate_and_save_token,https://github.com/ray-project/ray/blob/master/python/ray/_private/authentication/authentication_token_setup.py#L43,"        with open(token_path, ""w"") as f:"
ray-project/ray,python/ray/_private/external_storage.py,346,open,NOT_EXPLICIT,False,None,FileSystemStorage,spill_objects,https://github.com/ray-project/ray/blob/master/python/ray/_private/external_storage.py#L346,"        with open(url, ""wb"", buffering=self._buffer_size) as f:"
ray-project/ray,python/ray/_private/external_storage.py,361,open,NOT_EXPLICIT,False,None,FileSystemStorage,restore_spilled_objects,https://github.com/ray-project/ray/blob/master/python/ray/_private/external_storage.py#L361,"            with open(base_url, ""rb"") as f:"
ray-project/ray,python/ray/_private/external_storage.py,506,open,NOT_EXPLICIT,False,None,ExternalStorageSmartOpenImpl,spill_objects,https://github.com/ray-project/ray/blob/master/python/ray/_private/external_storage.py#L506,"        with open(             url,             mode=""wb"",             transport_params=self.transport_params,         ) as file_like:"
ray-project/ray,python/ray/_private/external_storage.py,530,open,NOT_EXPLICIT,False,None,ExternalStorageSmartOpenImpl,restore_spilled_objects,https://github.com/ray-project/ray/blob/master/python/ray/_private/external_storage.py#L530,"            with open(base_url, ""rb"", transport_params=self.transport_params) as f:"
ray-project/ray,python/ray/_private/label_utils.py,90,open,NOT_EXPLICIT,False,None,None,parse_node_labels_from_yaml_file,https://github.com/ray-project/ray/blob/master/python/ray/_private/label_utils.py#L90,"    with open(path, ""r"") as file:"
ray-project/ray,python/ray/_private/log_monitor.py,87,open,NOT_EXPLICIT,False,None,LogFileInfo,reopen_if_necessary,https://github.com/ray-project/ray/blob/master/python/ray/_private/log_monitor.py#L87,"                self.file_handle = open(self.filename, ""rb"")"
ray-project/ray,python/ray/_private/log_monitor.py,106,open,NOT_EXPLICIT,False,None,LogFileInfo,reopen_if_necessary,https://github.com/ray-project/ray/blob/master/python/ray/_private/log_monitor.py#L106,"                    reopened_file = open(self.filename, ""rb"")"
ray-project/ray,python/ray/_private/log_monitor.py,342,open,NOT_EXPLICIT,False,None,LogMonitor,open_closed_files,https://github.com/ray-project/ray/blob/master/python/ray/_private/log_monitor.py#L342,"                    f = open(file_info.filename, ""rb"")"
ray-project/ray,python/ray/_private/memory_monitor.py,126,open,NOT_EXPLICIT,False,None,MemoryMonitor,__init__,https://github.com/ray-project/ray/blob/master/python/ray/_private/memory_monitor.py#L126,"            with open(""/sys/fs/cgroup/memory/memory.limit_in_bytes"", ""rb"") as f:"
ray-project/ray,python/ray/_private/metrics_agent.py,835,open,NOT_EXPLICIT,False,None,PrometheusServiceDiscoveryWriter,write,https://github.com/ray-project/ray/blob/master/python/ray/_private/metrics_agent.py#L835,"        with open(temp_file_name, ""w"") as json_file:"
ray-project/ray,python/ray/_private/node.py,512,open,NOT_EXPLICIT,False,None,Node,_check_persisted_rocksdb_session_name,https://github.com/ray-project/ray/blob/master/python/ray/_private/node.py#L512,"            with open(session_name_file, ""rb"") as f:"
ray-project/ray,python/ray/_private/node.py,1017,open,NOT_EXPLICIT,False,None,Node,_init_gcs_client,https://github.com/ray-project/ray/blob/master/python/ray/_private/node.py#L1017,"                with open(os.path.join(self._logs_dir, ""gcs_server.err"")) as err:"
ray-project/ray,python/ray/_private/node.py,1867,open,NOT_EXPLICIT,False,None,Node,_kill_process_impl,https://github.com/ray-project/ray/blob/master/python/ray/_private/node.py#L1867,"                        with open(process_info.stdout_file, ""r"") as f:"
ray-project/ray,python/ray/_private/node.py,1870,open,NOT_EXPLICIT,False,None,Node,_kill_process_impl,https://github.com/ray-project/ray/blob/master/python/ray/_private/node.py#L1870,"                        with open(process_info.stderr_file, ""r"") as f:"
ray-project/ray,python/ray/_private/process_watcher.py,83,open,NOT_EXPLICIT,False,None,None,report_raylet_error_logs,https://github.com/ray-project/ray/blob/master/python/ray/_private/process_watcher.py#L83,"        with open(log_path, ""r"", encoding=""utf-8"") as f:"
ray-project/ray,python/ray/_private/runtime_env/_clonevirtualenv.py,160,open,NOT_EXPLICIT,False,None,None,fixup_script_,https://github.com/ray-project/ray/blob/master/python/ray/_private/runtime_env/_clonevirtualenv.py#L160,"    with open(filename, ""rb"") as f:"
ray-project/ray,python/ray/_private/runtime_env/_clonevirtualenv.py,177,open,NOT_EXPLICIT,False,None,None,rewrite_shebang,https://github.com/ray-project/ray/blob/master/python/ray/_private/runtime_env/_clonevirtualenv.py#L177,"        with open(filename, ""wb"") as f:"
ray-project/ray,python/ray/_private/runtime_env/_clonevirtualenv.py,216,open,NOT_EXPLICIT,False,None,None,fixup_activate,https://github.com/ray-project/ray/blob/master/python/ray/_private/runtime_env/_clonevirtualenv.py#L216,"    with open(filename, ""rb"") as f:"
ray-project/ray,python/ray/_private/runtime_env/_clonevirtualenv.py,220,open,NOT_EXPLICIT,False,None,None,fixup_activate,https://github.com/ray-project/ray/blob/master/python/ray/_private/runtime_env/_clonevirtualenv.py#L220,"    with open(filename, ""wb"") as f:"
ray-project/ray,python/ray/_private/runtime_env/_clonevirtualenv.py,278,open,NOT_EXPLICIT,False,None,None,fixup_pth_file,https://github.com/ray-project/ray/blob/master/python/ray/_private/runtime_env/_clonevirtualenv.py#L278,"    with open(filename, ""r"") as f:"
ray-project/ray,python/ray/_private/runtime_env/_clonevirtualenv.py,293,open,NOT_EXPLICIT,False,None,None,fixup_pth_file,https://github.com/ray-project/ray/blob/master/python/ray/_private/runtime_env/_clonevirtualenv.py#L293,"        with open(filename, ""w"") as f:"
ray-project/ray,python/ray/_private/runtime_env/_clonevirtualenv.py,300,open,NOT_EXPLICIT,False,None,None,fixup_egglink_file,https://github.com/ray-project/ray/blob/master/python/ray/_private/runtime_env/_clonevirtualenv.py#L300,"    with open(filename, ""rb"") as f:"
ray-project/ray,python/ray/_private/runtime_env/_clonevirtualenv.py,304,open,NOT_EXPLICIT,False,None,None,fixup_egglink_file,https://github.com/ray-project/ray/blob/master/python/ray/_private/runtime_env/_clonevirtualenv.py#L304,"        with open(filename, ""wb"") as f:"
ray-project/ray,python/ray/_private/runtime_env/conda.py,106,open,NOT_EXPLICIT,False,None,None,_inject_ray_to_conda_site,https://github.com/ray-project/ray/blob/master/python/ray/_private/runtime_env/conda.py#L106,"    with open(os.path.join(site_packages_path, ""ray_shared.pth""), ""w"") as f:"
ray-project/ray,python/ray/_private/runtime_env/conda.py,369,open,NOT_EXPLICIT,False,None,CondaPlugin,_create,https://github.com/ray-project/ray/blob/master/python/ray/_private/runtime_env/conda.py#L369,"                    with open(conda_yaml_file, ""w"") as file:"
ray-project/ray,python/ray/_private/runtime_env/conda_utils.py,85,open,NOT_EXPLICIT,False,None,None,_get_conda_env_name,https://github.com/ray-project/ray/blob/master/python/ray/_private/runtime_env/conda_utils.py#L85,    conda_env_contents = open(conda_env_path).read()
ray-project/ray,python/ray/_private/runtime_env/dependency_utils.py,18,open,NOT_EXPLICIT,False,None,None,gen_requirements_txt,https://github.com/ray-project/ray/blob/master/python/ray/_private/runtime_env/dependency_utils.py#L18,"    with open(requirements_file, ""w"") as file:"
ray-project/ray,python/ray/_private/runtime_env/dependency_utils.py,59,open,NOT_EXPLICIT,False,None,None,_get_ray_version_and_path,https://github.com/ray-project/ray/blob/master/python/ray/_private/runtime_env/dependency_utils.py#L59,"            with open(ray_version_path, ""rt"") as f:"
ray-project/ray,python/ray/_private/runtime_env/image_uri.py,54,open,NOT_EXPLICIT,False,None,None,_create_impl,https://github.com/ray-project/ray/blob/master/python/ray/_private/runtime_env/image_uri.py#L54,"        with open(result_file, ""r"") as f:"
ray-project/ray,python/ray/_private/runtime_env/packaging.py,1163,open,NOT_EXPLICIT,False,None,None,unzip_package,https://github.com/ray-project/ray/blob/master/python/ray/_private/runtime_env/packaging.py#L1163,"                with zip_ref.open(member) as source, open(member_path, ""wb"") as target:"
ray-project/ray,python/ray/_private/runtime_env/packaging.py,1271,open,NOT_EXPLICIT,False,None,None,untar_package,https://github.com/ray-project/ray/blob/master/python/ray/_private/runtime_env/packaging.py#L1271,"                    open(member_path, ""wb"") as target,"
ray-project/ray,python/ray/_private/runtime_env/pip.py,32,open,NOT_EXPLICIT,False,None,None,_parse_requirements_file,https://github.com/ray-project/ray/blob/master/python/ray/_private/runtime_env/pip.py#L32,"    with open(file_path, ""r"", encoding=""utf-8"") as f:"
ray-project/ray,python/ray/_private/runtime_env/plugin_schema_manager.py,29,open,NOT_EXPLICIT,False,None,RuntimeEnvPluginSchemaManager,_load_schemas,https://github.com/ray-project/ray/blob/master/python/ray/_private/runtime_env/plugin_schema_manager.py#L29,                with open(schema_path) as f:
ray-project/ray,python/ray/_private/runtime_env/protocol.py,266,open,NOT_EXPLICIT,False,None,ProtocolsProvider,open_file,https://github.com/ray-project/ray/blob/master/python/ray/_private/runtime_env/protocol.py#L266,"                return open(uri, mode)"
ray-project/ray,python/ray/_private/runtime_env/protocol.py,289,open,NOT_EXPLICIT,False,None,ProtocolsProvider,download_remote_uri,https://github.com/ray-project/ray/blob/master/python/ray/_private/runtime_env/protocol.py#L289,"            with open(dest_file, ""wb"") as fout:"
ray-project/ray,python/ray/_private/runtime_env/rocprof_sys.py,91,open,NOT_EXPLICIT,False,None,RocProfSysPlugin,_check_rocprof_sys_script,https://github.com/ray-project/ray/blob/master/python/ray/_private/runtime_env/rocprof_sys.py#L91,"        with open(f""{test_folder}/test.py"", ""w"") as f:"
ray-project/ray,python/ray/_private/services.py,1011,open,NOT_EXPLICIT,False,None,None,start_ray_process,https://github.com/ray-project/ray/blob/master/python/ray/_private/services.py#L1011,"        with open(gdb_init_path, ""w"") as gdb_init_file:"
ray-project/ray,python/ray/_private/services.py,1439,open,NOT_EXPLICIT,False,None,None,read_log,https://github.com/ray-project/ray/blob/master/python/ray/_private/services.py#L1439,"                with open(dashboard_log, ""rb"") as f:"
ray-project/ray,python/ray/_private/state.py,669,open,NOT_EXPLICIT,False,None,GlobalState,chrome_tracing_dump,https://github.com/ray-project/ray/blob/master/python/ray/_private/state.py#L669,"            with open(filename, ""w"") as outfile:"
ray-project/ray,python/ray/_private/state.py,764,open,NOT_EXPLICIT,False,None,GlobalState,chrome_tracing_object_transfer_dump,https://github.com/ray-project/ray/blob/master/python/ray/_private/state.py#L764,"            with open(filename, ""w"") as outfile:"
ray-project/ray,python/ray/_private/thirdparty/tabulate/tabulate.py,2674,open,NOT_EXPLICIT,False,None,None,_main,https://github.com/ray-project/ray/blob/master/python/ray/_private/thirdparty/tabulate/tabulate.py#L2674,"    with (sys.stdout if outfile == ""-"" else open(outfile, ""w"")) as out:"
ray-project/ray,python/ray/_private/thirdparty/tabulate/tabulate.py,2690,open,NOT_EXPLICIT,False,None,None,_main,https://github.com/ray-project/ray/blob/master/python/ray/_private/thirdparty/tabulate/tabulate.py#L2690,                with open(f) as fobj:
ray-project/ray,python/ray/_private/utils.py,83,open,NOT_EXPLICIT,False,None,None,write_ray_address,https://github.com/ray-project/ray/blob/master/python/ray/_private/utils.py#L83,"        with open(address_file, ""r"") as f:"
ray-project/ray,python/ray/_private/utils.py,95,open,NOT_EXPLICIT,False,None,None,write_ray_address,https://github.com/ray-project/ray/blob/master/python/ray/_private/utils.py#L95,"    with open(address_file, ""w+"") as f:"
ray-project/ray,python/ray/_private/utils.py,103,open,NOT_EXPLICIT,False,None,None,read_ray_address,https://github.com/ray-project/ray/blob/master/python/ray/_private/utils.py#L103,"    with open(address_file, ""r"") as f:"
ray-project/ray,python/ray/_private/utils.py,358,open,NOT_EXPLICIT,False,None,None,open_log,https://github.com/ray-project/ray/blob/master/python/ray/_private/utils.py#L358,"    stream = open(path, **kwargs)"
ray-project/ray,python/ray/_private/utils.py,384,open,NOT_EXPLICIT,False,None,None,_get_docker_cpus,https://github.com/ray-project/ray/blob/master/python/ray/_private/utils.py#L384,"                open(cpu_quota_file_name, ""r"") as quota_file,"
ray-project/ray,python/ray/_private/utils.py,385,open,NOT_EXPLICIT,False,None,None,_get_docker_cpus,https://github.com/ray-project/ray/blob/master/python/ray/_private/utils.py#L385,"                open(cpu_period_file_name, ""r"") as period_file,"
ray-project/ray,python/ray/_private/utils.py,393,open,NOT_EXPLICIT,False,None,None,_get_docker_cpus,https://github.com/ray-project/ray/blob/master/python/ray/_private/utils.py#L393,            max_file = open(cpu_max_file_name).read()
ray-project/ray,python/ray/_private/utils.py,411,open,NOT_EXPLICIT,False,None,None,_get_docker_cpus,https://github.com/ray-project/ray/blob/master/python/ray/_private/utils.py#L411,            with open(cpuset_file_name) as cpuset_file:
ray-project/ray,python/ray/_private/utils.py,516,open,NOT_EXPLICIT,False,None,None,get_cgroup_used_memory,https://github.com/ray-project/ray/blob/master/python/ray/_private/utils.py#L516,"    with open(memory_stat_filename, ""r"") as f:"
ray-project/ray,python/ray/_private/utils.py,524,open,NOT_EXPLICIT,False,None,None,get_cgroup_used_memory,https://github.com/ray-project/ray/blob/master/python/ray/_private/utils.py#L524,"    with open(memory_usage_filename, ""r"") as f:"
ray-project/ray,python/ray/_private/utils.py,564,open,NOT_EXPLICIT,False,None,None,get_cgroup_mem_stats,https://github.com/ray-project/ray/blob/master/python/ray/_private/utils.py#L564,"            with open(mem_limit_v1_file, ""r"") as f:"
ray-project/ray,python/ray/_private/utils.py,577,open,NOT_EXPLICIT,False,None,None,get_cgroup_mem_stats,https://github.com/ray-project/ray/blob/master/python/ray/_private/utils.py#L577,"            with open(mem_limit_v2_file, ""r"") as f:"
ray-project/ray,python/ray/_private/utils.py,1740,open,NOT_EXPLICIT,False,None,None,get_current_node_cpu_model_name,https://github.com/ray-project/ray/blob/master/python/ray/_private/utils.py#L1740,"        with open(""/proc/cpuinfo"", ""r"") as f:"
ray-project/ray,python/ray/_private/worker.py,2959,object_refs.get,NOT_EXPLICIT,False,None,None,get,https://github.com/ray-project/ray/blob/master/python/ray/_private/worker.py#L2959,            return object_refs.get(timeout=timeout)
ray-project/ray,python/ray/air/integrations/wandb.py,346,open,NOT_EXPLICIT,False,None,None,_set_api_key,https://github.com/ray-project/ray/blob/master/python/ray/air/integrations/wandb.py#L346,"        with open(api_key_file, ""rt"") as fp:"
ray-project/ray,python/ray/air/result.py,173,"Path(fs_path, EXPR_RESULT_FILE).as_posix",NOT_EXPLICIT,False,None,Result,from_path,https://github.com/ray-project/ray/blob/master/python/ray/air/result.py#L173,"        result_json_file = Path(fs_path, EXPR_RESULT_FILE).as_posix()"
ray-project/ray,python/ray/air/result.py,174,"Path(fs_path, EXPR_PROGRESS_FILE).as_posix",NOT_EXPLICIT,False,None,Result,from_path,https://github.com/ray-project/ray/blob/master/python/ray/air/result.py#L174,"        progress_csv_file = Path(fs_path, EXPR_PROGRESS_FILE).as_posix()"
ray-project/ray,python/ray/air/result.py,176,"cls._read_file_as_str(fs, result_json_file).split",NOT_EXPLICIT,False,None,Result,from_path,https://github.com/ray-project/ray/blob/master/python/ray/air/result.py#L176,"            lines = cls._read_file_as_str(fs, result_json_file).split(""\n"")"
ray-project/ray,python/ray/air/result.py,208,"Path(fs_path, checkpoint_dir_name).as_posix",NOT_EXPLICIT,False,None,Result,from_path,https://github.com/ray-project/ray/blob/master/python/ray/air/result.py#L208,"                    path=Path(fs_path, checkpoint_dir_name).as_posix(), filesystem=fs"
ray-project/ray,python/ray/air/result.py,238,"Path(fs_path, EXPR_ERROR_PICKLE_FILE).as_posix",NOT_EXPLICIT,False,None,Result,from_path,https://github.com/ray-project/ray/blob/master/python/ray/air/result.py#L238,"        error_file_path = Path(fs_path, EXPR_ERROR_PICKLE_FILE).as_posix()"
ray-project/ray,python/ray/air/tests/_test_experiment_restore_run.py,45,open,NOT_EXPLICIT,False,None,StatefulCallback,on_experiment_end,https://github.com/ray-project/ray/blob/master/python/ray/air/tests/_test_experiment_restore_run.py#L45,"        with open(CALLBACK_DUMP_FILE, ""w"") as f:"
ray-project/ray,python/ray/air/tests/_test_experiment_restore_run.py,74,open,NOT_EXPLICIT,False,None,StatefulSearcher,save,https://github.com/ray-project/ray/blob/master/python/ray/air/tests/_test_experiment_restore_run.py#L74,"        with open(checkpoint_path, ""w"") as f:"
ray-project/ray,python/ray/air/tests/_test_experiment_restore_run.py,78,open,NOT_EXPLICIT,False,None,StatefulSearcher,restore,https://github.com/ray-project/ray/blob/master/python/ray/air/tests/_test_experiment_restore_run.py#L78,"        with open(checkpoint_path, ""r"") as f:"
ray-project/ray,python/ray/autoscaler/_private/_azure/config.py,89,open,NOT_EXPLICIT,False,None,None,_configure_resource_group,https://github.com/ray-project/ray/blob/master/python/ray/autoscaler/_private/_azure/config.py#L89,"    with open(template_path, ""r"") as template_fp:"
ray-project/ray,python/ray/autoscaler/_private/_azure/config.py,392,open,NOT_EXPLICIT,False,None,None,_configure_key_pair,https://github.com/ray-project/ray/blob/master/python/ray/autoscaler/_private/_azure/config.py#L392,"        with open(public_key_path, ""r"") as f:"
ray-project/ray,python/ray/autoscaler/_private/_azure/config.py,412,open,NOT_EXPLICIT,False,None,None,_configure_key_pair,https://github.com/ray-project/ray/blob/master/python/ray/autoscaler/_private/_azure/config.py#L412,"            with open(public_key_path, ""r"") as f:"
ray-project/ray,python/ray/autoscaler/_private/_azure/config.py,423,open,NOT_EXPLICIT,False,None,None,_configure_key_pair,https://github.com/ray-project/ray/blob/master/python/ray/autoscaler/_private/_azure/config.py#L423,"            with open(                 private_key_path,                 ""w"",                 opener=lambda path, flags: os.open(path, flags, 0o600),             ) as f:"
ray-project/ray,python/ray/autoscaler/_private/_azure/config.py,429,open,NOT_EXPLICIT,False,None,None,_configure_key_pair,https://github.com/ray-project/ray/blob/master/python/ray/autoscaler/_private/_azure/config.py#L429,"            with open(public_key_path, ""w"") as f:"
ray-project/ray,python/ray/autoscaler/_private/_azure/node_provider.py,432,open,NOT_EXPLICIT,False,None,AzureNodeProvider,_create_node,https://github.com/ray-project/ray/blob/master/python/ray/autoscaler/_private/_azure/node_provider.py#L432,"        with open(template_path, ""r"") as template_fp:"
ray-project/ray,python/ray/autoscaler/_private/aliyun/config.py,106,open,NOT_EXPLICIT,False,None,None,_get_or_import_key_pair,https://github.com/ray-project/ray/blob/master/python/ray/autoscaler/_private/aliyun/config.py#L106,"                with open(key_path, ""w+"") as f:"
ray-project/ray,python/ray/autoscaler/_private/aliyun/config.py,113,open,NOT_EXPLICIT,False,None,None,_get_or_import_key_pair,https://github.com/ray-project/ray/blob/master/python/ray/autoscaler/_private/aliyun/config.py#L113,            with open(public_key_file) as f:
ray-project/ray,python/ray/autoscaler/_private/autoscaler.py,230,open,NOT_EXPLICIT,False,None,StandardAutoscaler,read_fn,https://github.com/ray-project/ray/blob/master/python/ray/autoscaler/_private/autoscaler.py#L230,                with open(config_reader) as f:
ray-project/ray,python/ray/autoscaler/_private/aws/cloudwatch/cloudwatch_helper.py,350,open,NOT_EXPLICIT,False,None,CloudwatchHelper,_load_config_file,https://github.com/ray-project/ray/blob/master/python/ray/autoscaler/_private/aws/cloudwatch/cloudwatch_helper.py#L350,        with open(json_config_path) as f:
ray-project/ray,python/ray/autoscaler/_private/aws/config.py,413,open,NOT_EXPLICIT,False,None,None,_configure_key_pair,https://github.com/ray-project/ray/blob/master/python/ray/autoscaler/_private/aws/config.py#L413,"            with open(key_path, ""w"", opener=partial(os.open, mode=0o600)) as f:"
ray-project/ray,python/ray/autoscaler/_private/cluster_dump.py,417,open,NOT_EXPLICIT,False,None,None,create_and_get_archive_from_remote_node,https://github.com/ray-project/ray/blob/master/python/ray/autoscaler/_private/cluster_dump.py#L417,"    with open(tmp, ""wb"") as fp:"
ray-project/ray,python/ray/autoscaler/_private/cluster_dump.py,569,open,NOT_EXPLICIT,False,None,None,get_info_from_ray_cluster_config,https://github.com/ray-project/ray/blob/master/python/ray/autoscaler/_private/cluster_dump.py#L569,    config = yaml.safe_load(open(cluster_config).read())
ray-project/ray,python/ray/autoscaler/_private/commands.py,288,open,NOT_EXPLICIT,False,None,None,create_or_update_cluster,https://github.com/ray-project/ray/blob/master/python/ray/autoscaler/_private/commands.py#L288,        config = yaml.safe_load(open(config_file).read())
ray-project/ray,python/ray/autoscaler/_private/commands.py,376,open,NOT_EXPLICIT,False,None,None,_bootstrap_config,https://github.com/ray-project/ray/blob/master/python/ray/autoscaler/_private/commands.py#L376,        config_cache = json.loads(open(cache_key).read())
ray-project/ray,python/ray/autoscaler/_private/commands.py,454,open,NOT_EXPLICIT,False,None,None,_bootstrap_config,https://github.com/ray-project/ray/blob/master/python/ray/autoscaler/_private/commands.py#L454,"        with open(cache_key, ""w"") as f:"
ray-project/ray,python/ray/autoscaler/_private/commands.py,472,open,NOT_EXPLICIT,False,None,None,teardown_cluster,https://github.com/ray-project/ray/blob/master/python/ray/autoscaler/_private/commands.py#L472,    config = yaml.safe_load(open(config_file).read())
ray-project/ray,python/ray/autoscaler/_private/commands.py,619,open,NOT_EXPLICIT,False,None,None,kill_node,https://github.com/ray-project/ray/blob/master/python/ray/autoscaler/_private/commands.py#L619,    config = yaml.safe_load(open(config_file).read())
ray-project/ray,python/ray/autoscaler/_private/commands.py,1223,open,NOT_EXPLICIT,False,None,None,exec_cluster,https://github.com/ray-project/ray/blob/master/python/ray/autoscaler/_private/commands.py#L1223,    config = yaml.safe_load(open(config_file).read())
ray-project/ray,python/ray/autoscaler/_private/commands.py,1414,open,NOT_EXPLICIT,False,None,None,rsync,https://github.com/ray-project/ray/blob/master/python/ray/autoscaler/_private/commands.py#L1414,    config = yaml.safe_load(open(config_file).read())
ray-project/ray,python/ray/autoscaler/_private/commands.py,1485,open,NOT_EXPLICIT,False,None,None,get_head_node_ip,https://github.com/ray-project/ray/blob/master/python/ray/autoscaler/_private/commands.py#L1485,    config = yaml.safe_load(open(config_file).read())
ray-project/ray,python/ray/autoscaler/_private/commands.py,1509,open,NOT_EXPLICIT,False,None,None,get_worker_node_ips,https://github.com/ray-project/ray/blob/master/python/ray/autoscaler/_private/commands.py#L1509,    config = yaml.safe_load(open(config_file).read())
ray-project/ray,python/ray/autoscaler/_private/commands.py,1641,open,NOT_EXPLICIT,False,None,None,get_local_dump_archive,https://github.com/ray-project/ray/blob/master/python/ray/autoscaler/_private/commands.py#L1641,"        with open(tmp, ""rb"") as fp:"
ray-project/ray,python/ray/autoscaler/_private/fake_multi_node/docker_monitor.py,36,open,NOT_EXPLICIT,False,None,None,_read_yaml,https://github.com/ray-project/ray/blob/master/python/ray/autoscaler/_private/fake_multi_node/docker_monitor.py#L36,"    with open(path, ""rt"") as f:"
ray-project/ray,python/ray/autoscaler/_private/fake_multi_node/docker_monitor.py,143,open,NOT_EXPLICIT,False,None,None,_update_docker_status,https://github.com/ray-project/ray/blob/master/python/ray/autoscaler/_private/fake_multi_node/docker_monitor.py#L143,"    with open(docker_status_path, ""wt"") as f:"
ray-project/ray,python/ray/autoscaler/_private/fake_multi_node/docker_monitor.py,227,open,NOT_EXPLICIT,False,None,None,start_monitor,https://github.com/ray-project/ray/blob/master/python/ray/autoscaler/_private/fake_multi_node/docker_monitor.py#L227,"        with open(docker_status_path, ""wt"") as f:"
ray-project/ray,python/ray/autoscaler/_private/fake_multi_node/node_provider.py,213,open,NOT_EXPLICIT,False,None,None,create_node_spec,https://github.com/ray-project/ray/blob/master/python/ray/autoscaler/_private/fake_multi_node/node_provider.py#L213,"                with open(filename, ""wt"") as f:"
ray-project/ray,python/ray/autoscaler/_private/fake_multi_node/node_provider.py,563,open,NOT_EXPLICIT,False,None,FakeMultiNodeDockerProvider,_load_node_state,https://github.com/ray-project/ray/blob/master/python/ray/autoscaler/_private/fake_multi_node/node_provider.py#L563,"            with open(self._node_state_path, ""rt"") as f:"
ray-project/ray,python/ray/autoscaler/_private/fake_multi_node/node_provider.py,573,open,NOT_EXPLICIT,False,None,FakeMultiNodeDockerProvider,_save_node_state,https://github.com/ray-project/ray/blob/master/python/ray/autoscaler/_private/fake_multi_node/node_provider.py#L573,"        with open(self._node_state_path, ""wt"") as f:"
ray-project/ray,python/ray/autoscaler/_private/fake_multi_node/node_provider.py,587,open,NOT_EXPLICIT,False,None,FakeMultiNodeDockerProvider,_update_docker_compose_config,https://github.com/ray-project/ray/blob/master/python/ray/autoscaler/_private/fake_multi_node/node_provider.py#L587,"        with open(self._docker_compose_config_path, ""wt"") as f:"
ray-project/ray,python/ray/autoscaler/_private/fake_multi_node/node_provider.py,593,open,NOT_EXPLICIT,False,None,FakeMultiNodeDockerProvider,_update_docker_status,https://github.com/ray-project/ray/blob/master/python/ray/autoscaler/_private/fake_multi_node/node_provider.py#L593,"        with open(self._docker_status_path, ""rt"") as f:"
ray-project/ray,python/ray/autoscaler/_private/gcp/config.py,578,open,NOT_EXPLICIT,False,None,None,_configure_key_pair,https://github.com/ray-project/ray/blob/master/python/ray/autoscaler/_private/gcp/config.py#L578,"            with open(                 private_key_path,                 ""w"",                 opener=partial(os.open, mode=0o600),             ) as f:"
ray-project/ray,python/ray/autoscaler/_private/gcp/config.py,585,open,NOT_EXPLICIT,False,None,None,_configure_key_pair,https://github.com/ray-project/ray/blob/master/python/ray/autoscaler/_private/gcp/config.py#L585,"            with open(public_key_path, ""w"") as f:"
ray-project/ray,python/ray/autoscaler/_private/kuberay/node_provider.py,176,open,NOT_EXPLICIT,False,None,None,load_k8s_secrets,https://github.com/ray-project/ray/blob/master/python/ray/autoscaler/_private/kuberay/node_provider.py#L176,"    with open(""/var/run/secrets/kubernetes.io/serviceaccount/token"") as secret:"
ray-project/ray,python/ray/autoscaler/_private/local/node_provider.py,42,open,NOT_EXPLICIT,False,None,ClusterState,__init__,https://github.com/ray-project/ray/blob/master/python/ray/autoscaler/_private/local/node_provider.py#L42,                    workers = json.loads(open(self.save_path).read())
ray-project/ray,python/ray/autoscaler/_private/local/node_provider.py,94,open,NOT_EXPLICIT,False,None,ClusterState,__init__,https://github.com/ray-project/ray/blob/master/python/ray/autoscaler/_private/local/node_provider.py#L94,"                with open(self.save_path, ""w"") as f:"
ray-project/ray,python/ray/autoscaler/_private/local/node_provider.py,103,open,NOT_EXPLICIT,False,None,ClusterState,get,https://github.com/ray-project/ray/blob/master/python/ray/autoscaler/_private/local/node_provider.py#L103,                workers = json.loads(open(self.save_path).read())
ray-project/ray,python/ray/autoscaler/_private/local/node_provider.py,113,open,NOT_EXPLICIT,False,None,ClusterState,put,https://github.com/ray-project/ray/blob/master/python/ray/autoscaler/_private/local/node_provider.py#L113,"                with open(self.save_path, ""w"") as f:"
ray-project/ray,python/ray/autoscaler/_private/local/node_provider.py,138,open,NOT_EXPLICIT,False,None,OnPremCoordinatorState,__init__,https://github.com/ray-project/ray/blob/master/python/ray/autoscaler/_private/local/node_provider.py#L138,                    nodes = json.loads(open(self.save_path).read())
ray-project/ray,python/ray/autoscaler/_private/local/node_provider.py,158,open,NOT_EXPLICIT,False,None,OnPremCoordinatorState,__init__,https://github.com/ray-project/ray/blob/master/python/ray/autoscaler/_private/local/node_provider.py#L158,"                with open(self.save_path, ""w"") as f:"
ray-project/ray,python/ray/autoscaler/_private/providers.py,296,open,NOT_EXPLICIT,False,None,None,_get_default_config,https://github.com/ray-project/ray/blob/master/python/ray/autoscaler/_private/providers.py#L296,    with open(path_to_default) as f:
ray-project/ray,python/ray/autoscaler/_private/subprocess_output_util.py,371,open,NOT_EXPLICIT,False,None,None,run_cmd_redirected,https://github.com/ray-project/ray/blob/master/python/ray/autoscaler/_private/subprocess_output_util.py#L371,"        with open(             tmpfile_path,             mode=""w"",             # line buffering             buffering=1,         ) as tmp:"
ray-project/ray,python/ray/autoscaler/_private/util.py,161,open,NOT_EXPLICIT,False,None,None,validate_config,https://github.com/ray-project/ray/blob/master/python/ray/autoscaler/_private/util.py#L161,    with open(schema_path) as f:
ray-project/ray,python/ray/autoscaler/_private/util.py,455,open,NOT_EXPLICIT,False,None,None,hash_launch_conf,https://github.com/ray-project/ray/blob/master/python/ray/autoscaler/_private/util.py#L455,            with open(os.path.expanduser(auth[key_type])) as key:
ray-project/ray,python/ray/autoscaler/_private/util.py,488,open,NOT_EXPLICIT,False,None,None,add_hash_of_file,https://github.com/ray-project/ray/blob/master/python/ray/autoscaler/_private/util.py#L488,"            with open(fpath, ""rb"") as f:"
ray-project/ray,python/ray/autoscaler/_private/vsphere/cluster_operator_client.py,153,open,NOT_EXPLICIT,False,None,ClusterOperatorClient,_create_tls_secrets,https://github.com/ray-project/ray/blob/master/python/ray/autoscaler/_private/vsphere/cluster_operator_client.py#L153,            with open(cert_path) as f:
ray-project/ray,python/ray/autoscaler/_private/vsphere/cluster_operator_client.py,156,open,NOT_EXPLICIT,False,None,ClusterOperatorClient,_create_tls_secrets,https://github.com/ray-project/ray/blob/master/python/ray/autoscaler/_private/vsphere/cluster_operator_client.py#L156,            with open(key_path) as f:
ray-project/ray,python/ray/autoscaler/_private/vsphere/cluster_operator_client.py,673,open,NOT_EXPLICIT,False,None,ClusterOperatorClient,_create_ssh_secret,https://github.com/ray-project/ray/blob/master/python/ray/autoscaler/_private/vsphere/cluster_operator_client.py#L673,"        with open(private_key_path, ""rb"") as ssh_key:"
ray-project/ray,python/ray/autoscaler/_private/vsphere/config.py,141,open,NOT_EXPLICIT,False,None,None,_create_ssh_keys,https://github.com/ray-project/ray/blob/master/python/ray/autoscaler/_private/vsphere/config.py#L141,"    with open(PRIVATE_KEY_PATH, ""wb"") as pvt_key:"
ray-project/ray,python/ray/autoscaler/_private/vsphere/config.py,146,open,NOT_EXPLICIT,False,None,None,_create_ssh_keys,https://github.com/ray-project/ray/blob/master/python/ray/autoscaler/_private/vsphere/config.py#L146,"    with open(PUBLIC_KEY_PATH, ""wb"") as pub_key:"
ray-project/ray,python/ray/autoscaler/launch_and_verify_cluster.py,173,open,NOT_EXPLICIT,False,None,None,azure_authenticate,https://github.com/ray-project/ray/blob/master/python/ray/autoscaler/launch_and_verify_cluster.py#L173,"    with open(cert_path, ""w"") as f:"
ray-project/ray,python/ray/autoscaler/v2/instance_manager/config.py,471,open,NOT_EXPLICIT,False,None,FileConfigReader,_read,https://github.com/ray-project/ray/blob/master/python/ray/autoscaler/v2/instance_manager/config.py#L471,        with open(self._config_file_path) as f:
ray-project/ray,python/ray/cluster_utils.py,62,open,NOT_EXPLICIT,False,None,AutoscalingCluster,_generate_config,https://github.com/ray-project/ray/blob/master/python/ray/cluster_utils.py#L62,"            open(                 os.path.join(                     os.path.dirname(ray.__file__),                     ""autoscaler/_private/fake_multi_node/example.yaml"",                 )             )"
ray-project/ray,python/ray/cluster_utils.py,92,open,NOT_EXPLICIT,False,None,AutoscalingCluster,start,https://github.com/ray-project/ray/blob/master/python/ray/cluster_utils.py#L92,"        with open(fake_config, ""w"") as f:"
ray-project/ray,python/ray/dashboard/k8s_utils.py,71,open,NOT_EXPLICIT,False,None,None,_cpu_usage,https://github.com/ray-project/ray/blob/master/python/ray/dashboard/k8s_utils.py#L71,        return int(open(CPU_USAGE_PATH).read())
ray-project/ray,python/ray/dashboard/k8s_utils.py,74,open,NOT_EXPLICIT,False,None,None,_cpu_usage,https://github.com/ray-project/ray/blob/master/python/ray/dashboard/k8s_utils.py#L74,        cpu_stat_text = open(CPU_USAGE_PATH_V2).read()
ray-project/ray,python/ray/dashboard/k8s_utils.py,94,open,NOT_EXPLICIT,False,None,None,_system_usage,https://github.com/ray-project/ray/blob/master/python/ray/dashboard/k8s_utils.py#L94,"    cpu_summary_str = open(PROC_STAT_PATH).read().split(""\n"")[0]"
ray-project/ray,python/ray/dashboard/k8s_utils.py,108,open,NOT_EXPLICIT,False,None,None,_host_num_cpus,https://github.com/ray-project/ray/blob/master/python/ray/dashboard/k8s_utils.py#L108,"        proc_stat_lines = open(PROC_STAT_PATH).read().split(""\n"")"
ray-project/ray,python/ray/dashboard/modules/dashboard_sdk.py,63,open,NOT_EXPLICIT,False,None,None,parse_runtime_env_args,https://github.com/ray-project/ray/blob/master/python/ray/dashboard/modules/dashboard_sdk.py#L63,"        with open(runtime_env, ""r"") as f:"
ray-project/ray,python/ray/dashboard/modules/event/event_utils.py,73,open,NOT_EXPLICIT,False,None,None,_read_file,https://github.com/ray-project/ray/blob/master/python/ray/dashboard/modules/event/event_utils.py#L73,"    with open(file, ""rb"", closefd=closefd) as f:"
ray-project/ray,python/ray/dashboard/modules/job/job_log_storage_client.py,22,open,NOT_EXPLICIT,False,None,JobLogStorageClient,get_logs,https://github.com/ray-project/ray/blob/master/python/ray/dashboard/modules/job/job_log_storage_client.py#L22,"            with open(self.get_log_file_path(job_id), ""r"") as f:"
ray-project/ray,python/ray/dashboard/modules/job/job_manager.py,335,open,NOT_EXPLICIT,False,None,JobManager,_monitor_job_internal,https://github.com/ray-project/ray/blob/master/python/ray/dashboard/modules/job/job_manager.py#L335,"                    with open(log_path, ""a"") as log_file:"
ray-project/ray,python/ray/dashboard/modules/job/job_supervisor.py,178,open,NOT_EXPLICIT,False,None,JobSupervisor,_exec_entrypoint,https://github.com/ray-project/ray/blob/master/python/ray/dashboard/modules/job/job_supervisor.py#L178,"        with open(logs_path, ""a"") as logs_file:"
ray-project/ray,python/ray/dashboard/modules/job/utils.py,69,open,NOT_EXPLICIT,False,None,None,file_tail_iterator,https://github.com/ray-project/ray/blob/master/python/ray/dashboard/modules/job/utils.py#L69,"    with open(path, ""r"") as f:"
ray-project/ray,python/ray/dashboard/modules/job/utils.py,332,open,NOT_EXPLICIT,False,None,None,fast_tail_last_n_lines,https://github.com/ray-project/ray/blob/master/python/ray/dashboard/modules/job/utils.py#L332,"    with open(path, ""rb"") as f:"
ray-project/ray,python/ray/dashboard/modules/log/log_agent.py,366,open,NOT_EXPLICIT,False,None,LogAgentV1Grpc,StreamLog,https://github.com/ray-project/ray/blob/master/python/ray/dashboard/modules/log/log_agent.py#L366,"            with open(filepath, ""rb"") as f:"
ray-project/ray,python/ray/dashboard/modules/metrics/grafana_dashboard_factory.py,206,open,NOT_EXPLICIT,False,None,None,_generate_grafana_dashboard,https://github.com/ray-project/ray/blob/master/python/ray/dashboard/modules/metrics/grafana_dashboard_factory.py#L206,"        open(os.path.join(os.path.dirname(__file__), ""dashboards"", base_file_name))"
ray-project/ray,python/ray/dashboard/modules/metrics/install_and_start_prometheus.py,44,open,NOT_EXPLICIT,False,None,None,download_file,https://github.com/ray-project/ray/blob/master/python/ray/dashboard/modules/metrics/install_and_start_prometheus.py#L44,"        with open(filename, ""wb"") as file:"
ray-project/ray,python/ray/dashboard/modules/metrics/metrics_head.py,231,open,NOT_EXPLICIT,False,None,MetricsHead,_create_default_grafana_configs,https://github.com/ray-project/ray/blob/master/python/ray/dashboard/modules/metrics/metrics_head.py#L231,"        with open(             os.path.join(                 self._grafana_config_output_path,                 ""grafana.ini"",             ),             ""w"",         ) as f:"
ray-project/ray,python/ray/dashboard/modules/metrics/metrics_head.py,252,open,NOT_EXPLICIT,False,None,MetricsHead,_create_default_grafana_configs,https://github.com/ray-project/ray/blob/master/python/ray/dashboard/modules/metrics/metrics_head.py#L252,"        with open(             os.path.join(                 dashboard_provisioning_path,                 ""default.yml"",             ),             ""w"",         ) as f:"
ray-project/ray,python/ray/dashboard/modules/metrics/metrics_head.py,290,open,NOT_EXPLICIT,False,None,MetricsHead,_create_default_grafana_configs,https://github.com/ray-project/ray/blob/master/python/ray/dashboard/modules/metrics/metrics_head.py#L290,"        with open(             os.path.join(                 data_sources_path,                 ""default.yml"",             ),             ""w"",         ) as f:"
ray-project/ray,python/ray/dashboard/modules/metrics/metrics_head.py,311,open,NOT_EXPLICIT,False,None,MetricsHead,_create_default_grafana_configs,https://github.com/ray-project/ray/blob/master/python/ray/dashboard/modules/metrics/metrics_head.py#L311,"        with open(             os.path.join(                 self._grafana_dashboard_output_dir,                 ""default_grafana_dashboard.json"",             ),             ""w"",         ) as f:"
ray-project/ray,python/ray/dashboard/modules/metrics/metrics_head.py,323,open,NOT_EXPLICIT,False,None,MetricsHead,_create_default_grafana_configs,https://github.com/ray-project/ray/blob/master/python/ray/dashboard/modules/metrics/metrics_head.py#L323,"        with open(             os.path.join(                 self._grafana_dashboard_output_dir,                 ""serve_grafana_dashboard.json"",             ),             ""w"",         ) as f:"
ray-project/ray,python/ray/dashboard/modules/metrics/metrics_head.py,332,open,NOT_EXPLICIT,False,None,MetricsHead,_create_default_grafana_configs,https://github.com/ray-project/ray/blob/master/python/ray/dashboard/modules/metrics/metrics_head.py#L332,"        with open(             os.path.join(                 self._grafana_dashboard_output_dir,                 ""serve_deployment_grafana_dashboard.json"",             ),             ""w"",         ) as f:"
ray-project/ray,python/ray/dashboard/modules/metrics/metrics_head.py,344,open,NOT_EXPLICIT,False,None,MetricsHead,_create_default_grafana_configs,https://github.com/ray-project/ray/blob/master/python/ray/dashboard/modules/metrics/metrics_head.py#L344,"        with open(             os.path.join(                 self._grafana_dashboard_output_dir,                 ""serve_llm_grafana_dashboard.json"",             ),             ""w"",         ) as f:"
ray-project/ray,python/ray/dashboard/modules/metrics/metrics_head.py,356,open,NOT_EXPLICIT,False,None,MetricsHead,_create_default_grafana_configs,https://github.com/ray-project/ray/blob/master/python/ray/dashboard/modules/metrics/metrics_head.py#L356,"        with open(             os.path.join(                 self._grafana_dashboard_output_dir,                 ""serve_llm_sglang_grafana_dashboard.json"",             ),             ""w"",         ) as f:"
ray-project/ray,python/ray/dashboard/modules/metrics/metrics_head.py,368,open,NOT_EXPLICIT,False,None,MetricsHead,_create_default_grafana_configs,https://github.com/ray-project/ray/blob/master/python/ray/dashboard/modules/metrics/metrics_head.py#L368,"        with open(             os.path.join(                 self._grafana_dashboard_output_dir,                 ""data_grafana_dashboard.json"",             ),             ""w"",         ) as f:"
ray-project/ray,python/ray/dashboard/modules/metrics/metrics_head.py,380,open,NOT_EXPLICIT,False,None,MetricsHead,_create_default_grafana_configs,https://github.com/ray-project/ray/blob/master/python/ray/dashboard/modules/metrics/metrics_head.py#L380,"        with open(             os.path.join(                 self._grafana_dashboard_output_dir,                 ""data_llm_grafana_dashboard.json"",             ),             ""w"",         ) as f:"
ray-project/ray,python/ray/dashboard/modules/metrics/metrics_head.py,392,open,NOT_EXPLICIT,False,None,MetricsHead,_create_default_grafana_configs,https://github.com/ray-project/ray/blob/master/python/ray/dashboard/modules/metrics/metrics_head.py#L392,"        with open(             os.path.join(                 self._grafana_dashboard_output_dir,                 ""train_grafana_dashboard.json"",             ),             ""w"",         ) as f:"
ray-project/ray,python/ray/dashboard/modules/metrics/metrics_head.py,427,open,NOT_EXPLICIT,False,None,MetricsHead,_create_default_prometheus_configs,https://github.com/ray-project/ray/blob/master/python/ray/dashboard/modules/metrics/metrics_head.py#L427,"        with open(prometheus_config_output_path, ""w"") as f:"
ray-project/ray,python/ray/dashboard/modules/reporter/gpu_profile_manager.py,147,open,NOT_EXPLICIT,False,None,GpuProfilingManager,start_monitoring_daemon,https://github.com/ray-project/ray/blob/master/python/ray/dashboard/modules/reporter/gpu_profile_manager.py#L147,"            with open(self._daemon_log_file_path, ""ab"") as log_file:"
ray-project/ray,python/ray/dashboard/modules/reporter/profile_manager.py,201,open,NOT_EXPLICIT,False,None,CpuProfilingManager,cpu_profile,https://github.com/ray-project/ray/blob/master/python/ray/dashboard/modules/reporter/profile_manager.py#L201,"            return True, open(profile_file_path, ""rb"").read()"
ray-project/ray,python/ray/dashboard/modules/reporter/profile_manager.py,276,open,NOT_EXPLICIT,False,None,MemoryProfilingManager,get_profile_result,https://github.com/ray-project/ray/blob/master/python/ray/dashboard/modules/reporter/profile_manager.py#L276,"        return True, open(profile_visualize_path, ""rb"").read()"
ray-project/ray,python/ray/data/_internal/datasource/_lerobot_compat.py,40,"fsspec.open(video_path, **opts).__enter__",NOT_EXPLICIT,False,None,_CredsVideoDecoderCache,get_decoder,https://github.com/ray-project/ray/blob/master/python/ray/data/_internal/datasource/_lerobot_compat.py#L40,"                    file_handle = fsspec.open(video_path, **opts).__enter__()"
ray-project/ray,python/ray/data/_internal/datasource/_lerobot_compat.py,40,fsspec.open,NOT_EXPLICIT,False,None,_CredsVideoDecoderCache,get_decoder,https://github.com/ray-project/ray/blob/master/python/ray/data/_internal/datasource/_lerobot_compat.py#L40,"                    file_handle = fsspec.open(video_path, **opts).__enter__()"
ray-project/ray,python/ray/data/_internal/datasource/bigquery_datasink.py,94,open,NOT_EXPLICIT,False,None,BigQueryDatasink,_write_single_block,https://github.com/ray-project/ray/blob/master/python/ray/data/_internal/datasource/bigquery_datasink.py#L94,"                    with open(fp, ""rb"") as source_file:"
ray-project/ray,python/ray/data/_internal/datasource/databricks_uc_datasource.py,193,open,NOT_EXPLICIT,False,None,DatabricksUCDatasource,read_fn,https://github.com/ray-project/ray/blob/master/python/ray/data/_internal/datasource/databricks_uc_datasource.py#L193,"                    with open(mock_setup_fn_path, ""rb"") as f:"
ray-project/ray,python/ray/data/_internal/datasource/kafka_datasource.py,792,"start_offset.get(topic_name, {}).get",NOT_EXPLICIT,False,None,KafkaDatasource,get_read_tasks,https://github.com/ray-project/ray/blob/master/python/ray/data/_internal/datasource/kafka_datasource.py#L792,"                start_offset.get(topic_name, {}).get(partition_id, ""earliest"")"
ray-project/ray,python/ray/data/_internal/datasource/kafka_datasource.py,792,start_offset.get,NOT_EXPLICIT,False,None,KafkaDatasource,get_read_tasks,https://github.com/ray-project/ray/blob/master/python/ray/data/_internal/datasource/kafka_datasource.py#L792,"                start_offset.get(topic_name, {}).get(partition_id, ""earliest"")"
ray-project/ray,python/ray/data/_internal/datasource/kafka_datasource.py,797,"end_offset.get(topic_name, {}).get",NOT_EXPLICIT,False,None,KafkaDatasource,get_read_tasks,https://github.com/ray-project/ray/blob/master/python/ray/data/_internal/datasource/kafka_datasource.py#L797,"                end_offset.get(topic_name, {}).get(partition_id, ""latest"")"
ray-project/ray,python/ray/data/_internal/datasource/kafka_datasource.py,797,end_offset.get,NOT_EXPLICIT,False,None,KafkaDatasource,get_read_tasks,https://github.com/ray-project/ray/blob/master/python/ray/data/_internal/datasource/kafka_datasource.py#L797,"                end_offset.get(topic_name, {}).get(partition_id, ""latest"")"
ray-project/ray,python/ray/data/_internal/datasource/lerobot_datasource.py,235,fs.open,NOT_EXPLICIT,False,None,None,_build_schema,https://github.com/ray-project/ray/blob/master/python/ray/data/_internal/datasource/lerobot_datasource.py#L235,"    with fs.open(path, ""rb"") as f:"
ray-project/ray,python/ray/data/_internal/datasource/lerobot_datasource.py,412,split_protocol,NOT_EXPLICIT,False,None,None,_resolve_filesystem,https://github.com/ray-project/ray/blob/master/python/ray/data/_internal/datasource/lerobot_datasource.py#L412,"    protocol, rest = split_protocol(root_uri)"
ray-project/ray,python/ray/data/_internal/datasource/lerobot_datasource.py,433,ArrowFSWrapper,NOT_EXPLICIT,False,None,None,_resolve_filesystem,https://github.com/ray-project/ray/blob/master/python/ray/data/_internal/datasource/lerobot_datasource.py#L433,            fs = ArrowFSWrapper(filesystem)
ray-project/ray,python/ray/data/_internal/datasource/lerobot_datasource.py,446,split_protocol,NOT_EXPLICIT,False,None,None,_resolve_filesystem,https://github.com/ray-project/ray/blob/master/python/ray/data/_internal/datasource/lerobot_datasource.py#L446,"        _, fs_root = split_protocol(video_root_uri)"
ray-project/ray,python/ray/data/_internal/datasource/lerobot_datasource.py,451,fsspec.core.url_to_fs,NOT_EXPLICIT,False,None,None,_resolve_filesystem,https://github.com/ray-project/ray/blob/master/python/ray/data/_internal/datasource/lerobot_datasource.py#L451,"        fs, fs_root = fsspec.core.url_to_fs(video_root_uri, **video_storage_options)"
ray-project/ray,python/ray/data/_internal/datasource/lerobot_datasource.py,461,ArrowFSWrapper,NOT_EXPLICIT,False,None,None,_resolve_filesystem,https://github.com/ray-project/ray/blob/master/python/ray/data/_internal/datasource/lerobot_datasource.py#L461,        fs = ArrowFSWrapper(pa_fs)
ray-project/ray,python/ray/data/_internal/datasource/lerobot_datasource.py,477,fs.exists,NOT_EXPLICIT,False,None,None,_load_lerobot_metadata,https://github.com/ray-project/ray/blob/master/python/ray/data/_internal/datasource/lerobot_datasource.py#L477,"    if not fs.exists(f""{fs_root}/meta/info.json""):"
ray-project/ray,python/ray/data/_internal/datasource/lerobot_datasource.py,491,fs.get,NOT_EXPLICIT,False,None,None,_load_lerobot_metadata,https://github.com/ray-project/ray/blob/master/python/ray/data/_internal/datasource/lerobot_datasource.py#L491,"    fs.get(f""{fs_root}/meta"", os.path.join(local_root, ""meta""), recursive=True)"
ray-project/ray,python/ray/data/_internal/datasource/lerobot_datasource.py,813,fs.open,NOT_EXPLICIT,False,None,None,_read_lerobot_segment,https://github.com/ray-project/ray/blob/master/python/ray/data/_internal/datasource/lerobot_datasource.py#L813,"        with fs.open(path, ""rb"") as f:"
ray-project/ray,python/ray/data/_internal/datasource/lerobot_datasource.py,1290,root.fs.open,NOT_EXPLICIT,False,None,None,_decode_image_frames,https://github.com/ray-project/ray/blob/master/python/ray/data/_internal/datasource/lerobot_datasource.py#L1290,"                with root.fs.open(p, ""rb"") as fh:"
ray-project/ray,python/ray/data/_internal/datasource/zarrv2_datasource.py,317,fsspec.filesystem,NOT_EXPLICIT,False,None,ZarrV2Datasource,__init__,https://github.com/ray-project/ray/blob/master/python/ray/data/_internal/datasource/zarrv2_datasource.py#L317,"            self._fs = fsspec.filesystem(""zip"", fo=self.paths[0])"
ray-project/ray,python/ray/data/_internal/datasource/zarrv2_datasource.py,327,ArrowFSWrapper,NOT_EXPLICIT,False,None,ZarrV2Datasource,__init__,https://github.com/ray-project/ray/blob/master/python/ray/data/_internal/datasource/zarrv2_datasource.py#L327,            self._fs = ArrowFSWrapper(pa_fs)
ray-project/ray,python/ray/data/_internal/datasource/zarrv2_datasource.py,337,ArrowFSWrapper,NOT_EXPLICIT,False,None,ZarrV2Datasource,__init__,https://github.com/ray-project/ray/blob/master/python/ray/data/_internal/datasource/zarrv2_datasource.py#L337,                self._fs = ArrowFSWrapper(filesystem)
ray-project/ray,python/ray/data/_internal/datasource/zarrv2_datasource.py,353,split_protocol,NOT_EXPLICIT,False,None,ZarrV2Datasource,__init__,https://github.com/ray-project/ray/blob/master/python/ray/data/_internal/datasource/zarrv2_datasource.py#L353,"                _, store_path = split_protocol(self.paths[0])"
ray-project/ray,python/ray/data/_internal/execution/operators/shuffle_operators/external_shuffle_runtime.py,334,open,NOT_EXPLICIT,False,None,_ShuffleFlightServer,do_action,https://github.com/ray-project/ray/blob/master/python/ray/data/_internal/execution/operators/shuffle_operators/external_shuffle_runtime.py#L334,"                with open(fpath, ""rb"") as f:"
ray-project/ray,python/ray/data/_internal/logging.py,182,open,NOT_EXPLICIT,False,None,None,_load_logging_config,https://github.com/ray-project/ray/blob/master/python/ray/data/_internal/logging.py#L182,        with open(config_path) as file:
ray-project/ray,python/ray/data/_internal/util.py,1455,self._fs.move,NOT_EXPLICIT,False,None,RetryingPyFileSystemHandler,move,https://github.com/ray-project/ray/blob/master/python/ray/data/_internal/util.py#L1455,"            lambda: self._fs.move(src, dest), f""move from {src} to {dest}"""
ray-project/ray,python/ray/data/datasource/path_util.py,39,HTTPFileSystem,NOT_EXPLICIT,False,None,None,_get_fsspec_http_filesystem,https://github.com/ray-project/ray/blob/master/python/ray/data/datasource/path_util.py#L39,    return PyFileSystem(FSSpecHandler(HTTPFileSystem()))
ray-project/ray,python/ray/data/read_api.py,4582,fsspec.implementations.http.HTTPFileSystem,NOT_EXPLICIT,False,None,None,from_huggingface,https://github.com/ray-project/ray/blob/master/python/ray/data/read_api.py#L4582,                http = fsspec.implementations.http.HTTPFileSystem()
ray-project/ray,python/ray/data/tests/util.py,52,open,NOT_EXPLICIT,False,None,None,gen_bin_files,https://github.com/ray-project/ray/blob/master/python/ray/data/tests/util.py#L52,"            with open(path, ""wb"") as fp:"
ray-project/ray,python/ray/experimental/raysort/main.py,174,open,NOT_EXPLICIT,False,None,None,generate_input,https://github.com/ray-project/ray/blob/master/python/ray/experimental/raysort/main.py#L174,"    with open(constants.INPUT_MANIFEST_FILE, ""w"") as fout:"
ray-project/ray,python/ray/experimental/raysort/main.py,187,open,NOT_EXPLICIT,False,None,None,_load_manifest,https://github.com/ray-project/ray/blob/master/python/ray/experimental/raysort/main.py#L187,    with open(path) as fin:
ray-project/ray,python/ray/experimental/raysort/main.py,255,open,NOT_EXPLICIT,False,None,None,_merge_impl,https://github.com/ray-project/ray/blob/master/python/ray/experimental/raysort/main.py#L255,"        with open(pinfo.path, ""wb"") as fout:"
ray-project/ray,python/ray/experimental/raysort/main.py,392,open,NOT_EXPLICIT,False,None,None,sort_main,https://github.com/ray-project/ray/blob/master/python/ray/experimental/raysort/main.py#L392,"        with open(constants.OUTPUT_MANIFEST_FILE, ""w"") as fout:"
ray-project/ray,python/ray/experimental/raysort/main.py,417,open,NOT_EXPLICIT,False,None,None,validate_part,https://github.com/ray-project/ray/blob/master/python/ray/experimental/raysort/main.py#L417,"    with open(sum_path, ""rb"") as fin:"
ray-project/ray,python/ray/experimental/sandbox/_internal/image_utils.py,258,open,NOT_EXPLICIT,False,None,None,extract_tar_layer,https://github.com/ray-project/ray/blob/master/python/ray/experimental/sandbox/_internal/image_utils.py#L258,"                with open(target_path, ""wb"") as f_out:"
ray-project/ray,python/ray/experimental/sandbox/_internal/image_utils.py,310,open,NOT_EXPLICIT,False,None,None,pull_and_extract_container_image,https://github.com/ray-project/ray/blob/master/python/ray/experimental/sandbox/_internal/image_utils.py#L310,"    with open(lock_path, ""w"", encoding=""utf-8"") as f_lock:"
ray-project/ray,python/ray/experimental/sandbox/_internal/image_utils.py,333,open,NOT_EXPLICIT,False,None,None,pull_and_extract_container_image,https://github.com/ray-project/ray/blob/master/python/ray/experimental/sandbox/_internal/image_utils.py#L333,"                    with open(image, ""rb"") as f:"
ray-project/ray,python/ray/experimental/sandbox/_internal/image_utils.py,342,open,NOT_EXPLICIT,False,None,None,pull_and_extract_container_image,https://github.com/ray-project/ray/blob/master/python/ray/experimental/sandbox/_internal/image_utils.py#L342,"                    with open(tar_path, ""rb"") as f:"
ray-project/ray,python/ray/experimental/sandbox/_internal/image_utils.py,422,open,NOT_EXPLICIT,False,None,None,pull_and_extract_container_image,https://github.com/ray-project/ray/blob/master/python/ray/experimental/sandbox/_internal/image_utils.py#L422,"                                with open(                                     os.path.join(tmp_extract_dir, "".image_config.json""),                                     ""wb"",                                 ) as f_cfg:"
ray-project/ray,python/ray/experimental/sandbox/_internal/image_utils.py,468,open,NOT_EXPLICIT,False,None,None,pull_and_extract_container_image,https://github.com/ray-project/ray/blob/master/python/ray/experimental/sandbox/_internal/image_utils.py#L468,"            with open(                 os.path.join(tmp_extract_dir, "".extracted""), ""w"", encoding=""utf-8""             ) as f_mark:"
ray-project/ray,python/ray/experimental/sandbox/backend/gvisor.py,102,open,NOT_EXPLICIT,False,None,GVisorSandboxBackend,create_sandbox,https://github.com/ray-project/ray/blob/master/python/ray/experimental/sandbox/backend/gvisor.py#L102,"        stderr_file = open(stderr_log_path, ""w+"", encoding=""utf-8"")"
ray-project/ray,python/ray/experimental/sandbox/image_manager.py,29,open,NOT_EXPLICIT,False,None,None,get_default_oci_spec,https://github.com/ray-project/ray/blob/master/python/ray/experimental/sandbox/image_manager.py#L29,"        with open(config_path, ""r"", encoding=""utf-8"") as f:"
ray-project/ray,python/ray/experimental/sandbox/image_manager.py,262,open,NOT_EXPLICIT,False,None,ImageManager,get_image_config,https://github.com/ray-project/ray/blob/master/python/ray/experimental/sandbox/image_manager.py#L262,"                with open(config_path, ""r"", encoding=""utf-8"") as f:"
ray-project/ray,python/ray/experimental/sandbox/image_manager.py,442,open,NOT_EXPLICIT,False,None,ImageManager,prepare_oci_bundle,https://github.com/ray-project/ray/blob/master/python/ray/experimental/sandbox/image_manager.py#L442,"        with open(config_json_path, ""w"", encoding=""utf-8"") as f:"
ray-project/ray,python/ray/experimental/sandbox/runtime.py,172,open,NOT_EXPLICIT,False,None,SandboxRuntime,upload_file,https://github.com/ray-project/ray/blob/master/python/ray/experimental/sandbox/runtime.py#L172,"        with open(local_path, ""rb"") as f:"
ray-project/ray,python/ray/experimental/sandbox/runtime.py,190,open,NOT_EXPLICIT,False,None,SandboxRuntime,download_file,https://github.com/ray-project/ray/blob/master/python/ray/experimental/sandbox/runtime.py#L190,"        with open(local_path, ""wb"") as f:"
ray-project/ray,python/ray/llm/_internal/common/base_pydantic.py,30,open,NOT_EXPLICIT,False,None,BaseModelExtended,from_file,https://github.com/ray-project/ray/blob/master/python/ray/llm/_internal/common/base_pydantic.py#L30,"        with open(path, ""r"") as f:"
ray-project/ray,python/ray/llm/_internal/common/utils/cloud_utils.py,184,fs_class.get_file,NOT_EXPLICIT,False,None,CloudFileSystem,get_file,https://github.com/ray-project/ray/blob/master/python/ray/llm/_internal/common/utils/cloud_utils.py#L184,"        return fs_class.get_file(object_uri, decode_as_utf_8)"
ray-project/ray,python/ray/llm/_internal/common/utils/cloud_utils.py,245,fs_class.get_file,NOT_EXPLICIT,False,None,CloudFileSystem,download_model,https://github.com/ray-project/ray/blob/master/python/ray/llm/_internal/common/utils/cloud_utils.py#L245,"            hash_content = fs_class.get_file(hash_uri, decode_as_utf_8=True)"
ray-project/ray,python/ray/llm/_internal/common/utils/cloud_utils.py,263,open,NOT_EXPLICIT,False,None,CloudFileSystem,download_model,https://github.com/ray-project/ray/blob/master/python/ray/llm/_internal/common/utils/cloud_utils.py#L263,"            with open(os.path.join(main_dir, ""main""), ""w"") as f:"
ray-project/ray,python/ray/llm/_internal/common/utils/cloud_utils.py,320,refs_main.exists,NOT_EXPLICIT,False,None,CloudFileSystem,upload_model,https://github.com/ray-project/ray/blob/master/python/ray/llm/_internal/common/utils/cloud_utils.py#L320,            if refs_main.exists():
ray-project/ray,python/ray/llm/_internal/common/utils/cloud_utils.py,322,refs_main.read_text,NOT_EXPLICIT,False,None,CloudFileSystem,upload_model,https://github.com/ray-project/ray/blob/master/python/ray/llm/_internal/common/utils/cloud_utils.py#L322,"                    local_path, ""snapshots"", refs_main.read_text().strip()"
ray-project/ray,python/ray/llm/_internal/common/utils/download_utils.py,93,model_dir_refs_main.exists,NOT_EXPLICIT,False,None,None,get_model_location_on_disk,https://github.com/ray-project/ray/blob/master/python/ray/llm/_internal/common/utils/download_utils.py#L93,        if model_dir_refs_main.exists():
ray-project/ray,python/ray/llm/_internal/common/utils/download_utils.py,98,open,NOT_EXPLICIT,False,None,None,get_model_location_on_disk,https://github.com/ray-project/ray/blob/master/python/ray/llm/_internal/common/utils/download_utils.py#L98,"            with open(model_dir_refs_main, ""r"") as f:"
ray-project/ray,python/ray/llm/_internal/serve/benchmark/reporting.py,152,open,NOT_EXPLICIT,False,None,None,report_results,https://github.com/ray-project/ray/blob/master/python/ray/llm/_internal/serve/benchmark/reporting.py#L152,"        with open(save_path, ""w"") as f:"
ray-project/ray,python/ray/llm/tests/conftest.py,39,open,NOT_EXPLICIT,False,None,None,download_model_from_s3,https://github.com/ray-project/ray/blob/master/python/ray/llm/tests/conftest.py#L39,"            with open(os.path.join(checkpoint_dir, file_name), ""wb"") as fp:"
ray-project/ray,python/ray/llm/tests/serve/conftest.py,191,open,NOT_EXPLICIT,False,None,None,write_yaml_file,https://github.com/ray-project/ray/blob/master/python/ray/llm/tests/serve/conftest.py#L191,"    with open(tmp_file.name, ""w+"") as f:"
ray-project/ray,python/ray/scripts/scripts.py,74,open,NOT_EXPLICIT,False,None,None,_tail_file,https://github.com/ray-project/ray/blob/master/python/ray/scripts/scripts.py#L74,"    with open(path, encoding=""utf-8"", errors=""replace"") as f:"
ray-project/ray,python/ray/scripts/scripts.py,1702,open,NOT_EXPLICIT,False,None,None,up,https://github.com/ray-project/ray/blob/master/python/ray/scripts/scripts.py#L1702,"            with open(file_name, ""wb"") as f:"
ray-project/ray,python/ray/scripts/scripts.py,2859,open,NOT_EXPLICIT,False,None,None,cpp,https://github.com/ray-project/ray/blob/master/python/ray/scripts/scripts.py#L2859,"        with open(os.path.join(out_dir, "".bazelversion""), ""w"") as f:"
ray-project/ray,python/ray/serve/_private/deployment_state.py,721,open,NOT_EXPLICIT,False,None,None,print_verbose_scaling_log,https://github.com/ray-project/ray/blob/master/python/ray/serve/_private/deployment_state.py#L721,        with open(log_path) as f:
ray-project/ray,python/ray/serve/_private/haproxy.py,208,open,NOT_EXPLICIT,False,None,None,_write_if_changed,https://github.com/ray-project/ray/blob/master/python/ray/serve/_private/haproxy.py#L208,        with open(path) as f:
ray-project/ray,python/ray/serve/_private/haproxy.py,213,open,NOT_EXPLICIT,False,None,None,_write_if_changed,https://github.com/ray-project/ray/blob/master/python/ray/serve/_private/haproxy.py#L213,"    with open(path, ""w"") as f:"
ray-project/ray,python/ray/serve/_private/haproxy.py,221,open,NOT_EXPLICIT,False,None,None,_tail_file,https://github.com/ray-project/ray/blob/master/python/ray/serve/_private/haproxy.py#L221,"        with open(path, ""rb"") as f:"
ray-project/ray,python/ray/serve/_private/haproxy.py,922,open,NOT_EXPLICIT,False,None,HAProxyApi,_initialize_directories_and_error_files,https://github.com/ray-project/ray/blob/master/python/ray/serve/_private/haproxy.py#L922,"        with open(error_file_path, ""w"") as ef:"
ray-project/ray,python/ray/serve/_private/haproxy.py,991,open,NOT_EXPLICIT,False,None,HAProxyApi,_is_our_haproxy,https://github.com/ray-project/ray/blob/master/python/ray/serve/_private/haproxy.py#L991,"            with open(f""/proc/{pid}/cmdline"", ""rb"") as f:"
ray-project/ray,python/ray/serve/_private/haproxy.py,1120,open,NOT_EXPLICIT,False,None,HAProxyApi,_start_and_wait_for_haproxy,https://github.com/ray-project/ray/blob/master/python/ray/serve/_private/haproxy.py#L1120,"        with open(stdout_path, ""wb"", buffering=0) as stdout_file, open("
ray-project/ray,python/ray/serve/_private/haproxy.py,1120,open,NOT_EXPLICIT,False,None,HAProxyApi,_start_and_wait_for_haproxy,https://github.com/ray-project/ray/blob/master/python/ray/serve/_private/haproxy.py#L1120,"        with open(stdout_path, ""wb"", buffering=0) as stdout_file, open(             stderr_path, ""wb"", buffering=0         ) as stderr_file:"
ray-project/ray,python/ray/serve/_private/haproxy.py,1154,open,NOT_EXPLICIT,False,None,HAProxyApi,_save_server_state,https://github.com/ray-project/ray/blob/master/python/ray/serve/_private/haproxy.py#L1154,"        with open(self.cfg.server_state_file, ""w"") as f:"
ray-project/ray,python/ray/serve/_private/haproxy.py,1425,open,NOT_EXPLICIT,False,None,HAProxyApi,_generate_config_file_internal,https://github.com/ray-project/ray/blob/master/python/ray/serve/_private/haproxy.py#L1425,"            with open(lock_file_path, ""w"") as lock_f:"
ray-project/ray,python/ray/serve/_private/haproxy.py,1428,open,NOT_EXPLICIT,False,None,HAProxyApi,_generate_config_file_internal,https://github.com/ray-project/ray/blob/master/python/ray/serve/_private/haproxy.py#L1428,"                    with open(self.config_file_path, ""w"") as f:"
ray-project/ray,python/ray/serve/_private/tracing_utils.py,81,open,NOT_EXPLICIT,False,None,None,default_tracing_exporter,https://github.com/ray-project/ray/blob/master/python/ray/serve/_private/tracing_utils.py#L81,"    out_file = open(spans_file, ""a"")"
ray-project/ray,python/ray/serve/scripts.py,229,open,NOT_EXPLICIT,False,None,None,_generate_config_from_file_or_import_path,https://github.com/ray-project/ray/blob/master/python/ray/serve/scripts.py#L229,"        with open(config_path, ""r"") as config_file:"
ray-project/ray,python/ray/serve/scripts.py,482,open,NOT_EXPLICIT,False,None,None,run,https://github.com/ray-project/ray/blob/master/python/ray/serve/scripts.py#L482,"        with open(config_path, ""r"") as config_file:"
ray-project/ray,python/ray/serve/scripts.py,938,open,NOT_EXPLICIT,False,None,None,build,https://github.com/ray-project/ray/blob/master/python/ray/serve/scripts.py#L938,"    with open(output_path, ""w"") if output_path else sys.stdout as f:"
ray-project/ray,python/ray/serve/tests/test_config_files/flaky_build.py,14,open,NOT_EXPLICIT,False,None,None,global,https://github.com/ray-project/ray/blob/master/python/ray/serve/tests/test_config_files/flaky_build.py#L14,"with open(_COUNTER_FILE, ""r"") as f:"
ray-project/ray,python/ray/serve/tests/test_config_files/flaky_build.py,16,open,NOT_EXPLICIT,False,None,None,global,https://github.com/ray-project/ray/blob/master/python/ray/serve/tests/test_config_files/flaky_build.py#L16,"with open(_COUNTER_FILE, ""w"") as f:"
ray-project/ray,python/ray/tests/aws/utils/helpers.py,32,open,NOT_EXPLICIT,False,None,None,load_aws_example_config_file,https://github.com/ray-project/ray/blob/master/python/ray/tests/aws/utils/helpers.py#L32,    return yaml.safe_load(open(config_file_path).read())
ray-project/ray,python/ray/tests/aws/utils/stubs.py,529,open,NOT_EXPLICIT,False,None,None,put_cluster_dashboard_success,https://github.com/ray-project/ray/blob/master/python/ray/tests/aws/utils/stubs.py#L529,    with open(json_config_path) as f:
ray-project/ray,python/ray/tests/aws/utils/stubs.py,554,open,NOT_EXPLICIT,False,None,None,put_cluster_alarms_success,https://github.com/ray-project/ray/blob/master/python/ray/tests/aws/utils/stubs.py#L554,    with open(json_config_path) as f:
ray-project/ray,python/ray/tests/conftest.py,1359,open,NOT_EXPLICIT,False,None,None,append_short_test_summary,https://github.com/ray-project/ray/blob/master/python/ray/tests/conftest.py#L1359,"    with open(summary_file, ""wt"") as fp:"
ray-project/ray,python/ray/tests/kuberay/utils.py,326,open,NOT_EXPLICIT,False,None,None,kubectl_exec_python_script,https://github.com/ray-project/ray/blob/master/python/ray/tests/kuberay/utils.py#L326,    with open(script_path) as script_file:
ray-project/ray,python/ray/tests/ludwig/ludwig_test_utils.py,539,open,NOT_EXPLICIT,False,None,None,to_fwf,https://github.com/ray-project/ray/blob/master/python/ray/tests/ludwig/ludwig_test_utils.py#L539,"        open(fname, ""w"").write(content)"
ray-project/ray,python/ray/tests/nsight_fake/nsys_fake.py,26,open,NOT_EXPLICIT,False,None,None,run,https://github.com/ray-project/ray/blob/master/python/ray/tests/nsight_fake/nsys_fake.py#L26,"        with open(output_filepath, ""w"") as file:"
ray-project/ray,python/ray/train/_checkpoint.py,289,open,NOT_EXPLICIT,False,None,Checkpoint,as_directory,https://github.com/ray-project/ray/blob/master/python/ray/train/_checkpoint.py#L289,"            open(del_lock_path, ""a"").close()"
ray-project/ray,python/ray/train/_internal/storage.py,465,Path(self.storage_fs_path).as_posix,NOT_EXPLICIT,False,None,StorageContext,__init__,https://github.com/ray-project/ray/blob/master/python/ray/train/_internal/storage.py#L465,        self.storage_fs_path = Path(self.storage_fs_path).as_posix()
ray-project/ray,python/ray/train/_internal/storage.py,498,"Path(self.experiment_fs_path, _VALIDATE_STORAGE_MARKER_FILENAME).as_posix",NOT_EXPLICIT,False,None,StorageContext,_create_validation_file,https://github.com/ray-project/ray/blob/master/python/ray/train/_internal/storage.py#L498,"        valid_file = Path(             self.experiment_fs_path, _VALIDATE_STORAGE_MARKER_FILENAME         ).as_posix()"
ray-project/ray,python/ray/train/_internal/storage.py,507,"Path(self.experiment_fs_path, _VALIDATE_STORAGE_MARKER_FILENAME).as_posix",NOT_EXPLICIT,False,None,StorageContext,_check_validation_file,https://github.com/ray-project/ray/blob/master/python/ray/train/_internal/storage.py#L507,"        valid_file = Path(             self.experiment_fs_path, _VALIDATE_STORAGE_MARKER_FILENAME         ).as_posix()"
ray-project/ray,python/ray/train/_internal/storage.py,617,"Path(self.storage_fs_path, self.experiment_dir_name).as_posix",NOT_EXPLICIT,False,None,StorageContext,experiment_fs_path,https://github.com/ray-project/ray/blob/master/python/ray/train/_internal/storage.py#L617,"        return Path(self.storage_fs_path, self.experiment_dir_name).as_posix()"
ray-project/ray,python/ray/train/_internal/storage.py,657,"Path(self.experiment_fs_path, self.trial_dir_name).as_posix",NOT_EXPLICIT,False,None,StorageContext,trial_fs_path,https://github.com/ray-project/ray/blob/master/python/ray/train/_internal/storage.py#L657,"        return Path(self.experiment_fs_path, self.trial_dir_name).as_posix()"
ray-project/ray,python/ray/train/_internal/storage.py,713,"Path(self.trial_fs_path, self.checkpoint_dir_name).as_posix",NOT_EXPLICIT,False,None,StorageContext,checkpoint_fs_path,https://github.com/ray-project/ray/blob/master/python/ray/train/_internal/storage.py#L713,"        return Path(self.trial_fs_path, self.checkpoint_dir_name).as_posix()"
ray-project/ray,python/ray/train/base_trainer.py,380,"Path(fs_path, _TRAINER_PKL).as_posix",NOT_EXPLICIT,False,None,BaseTrainer,restore,https://github.com/ray-project/ray/blob/master/python/ray/train/base_trainer.py#L380,"        trainer_pkl_path = Path(fs_path, _TRAINER_PKL).as_posix()"
ray-project/ray,python/ray/train/base_trainer.py,455,"Path(fs_path, _TRAINER_PKL).as_posix",NOT_EXPLICIT,False,None,BaseTrainer,can_restore,https://github.com/ray-project/ray/blob/master/python/ray/train/base_trainer.py#L455,"        trainer_pkl_path = Path(fs_path, _TRAINER_PKL).as_posix()"
ray-project/ray,python/ray/train/horovod/config.py,59,open,NOT_EXPLICIT,False,None,HorovodConfig,__post_init__,https://github.com/ray-project/ray/blob/master/python/ray/train/horovod/config.py#L59,"            with open(self.ssh_identity_file, ""w"") as f:"
ray-project/ray,python/ray/train/tests/util.py,16,open,NOT_EXPLICIT,False,None,None,create_dict_checkpoint,https://github.com/ray-project/ray/blob/master/python/ray/train/tests/util.py#L16,"        with open(os.path.join(tmpdir, ""data.pkl""), ""wb"") as f:"
ray-project/ray,python/ray/train/tests/util.py,24,open,NOT_EXPLICIT,False,None,None,load_dict_checkpoint,https://github.com/ray-project/ray/blob/master/python/ray/train/tests/util.py#L24,"        with open(os.path.join(checkpoint_dir, ""data.pkl""), ""rb"") as f:"
ray-project/ray,python/ray/train/v2/_internal/execution/storage.py,408,Path(self.storage_fs_path).as_posix,NOT_EXPLICIT,False,None,StorageContext,__init__,https://github.com/ray-project/ray/blob/master/python/ray/train/v2/_internal/execution/storage.py#L408,        self.storage_fs_path = Path(self.storage_fs_path).as_posix()
ray-project/ray,python/ray/train/v2/_internal/execution/storage.py,429,"Path(self.experiment_fs_path, VALIDATE_STORAGE_MARKER_FILENAME).as_posix",NOT_EXPLICIT,False,None,StorageContext,_create_validation_file,https://github.com/ray-project/ray/blob/master/python/ray/train/v2/_internal/execution/storage.py#L429,"        valid_file = Path(             self.experiment_fs_path, VALIDATE_STORAGE_MARKER_FILENAME         ).as_posix()"
ray-project/ray,python/ray/train/v2/_internal/execution/storage.py,438,"Path(self.experiment_fs_path, VALIDATE_STORAGE_MARKER_FILENAME).as_posix",NOT_EXPLICIT,False,None,StorageContext,_check_validation_file,https://github.com/ray-project/ray/blob/master/python/ray/train/v2/_internal/execution/storage.py#L438,"        valid_file = Path(             self.experiment_fs_path, VALIDATE_STORAGE_MARKER_FILENAME         ).as_posix()"
ray-project/ray,python/ray/train/v2/_internal/execution/storage.py,520,"Path(self.storage_fs_path, self.experiment_dir_name).as_posix",NOT_EXPLICIT,False,None,StorageContext,experiment_fs_path,https://github.com/ray-project/ray/blob/master/python/ray/train/v2/_internal/execution/storage.py#L520,"        return Path(self.storage_fs_path, self.experiment_dir_name).as_posix()"
ray-project/ray,python/ray/train/v2/_internal/execution/storage.py,535,"Path(self.experiment_fs_path, CHECKPOINT_MANAGER_SNAPSHOT_FILENAME).as_posix",NOT_EXPLICIT,False,None,StorageContext,checkpoint_manager_snapshot_path,https://github.com/ray-project/ray/blob/master/python/ray/train/v2/_internal/execution/storage.py#L535,"        return Path(             self.experiment_fs_path, CHECKPOINT_MANAGER_SNAPSHOT_FILENAME         ).as_posix()"
ray-project/ray,python/ray/train/v2/_internal/execution/storage.py,573,"Path(self.experiment_fs_path, checkpoint_name).as_posix",NOT_EXPLICIT,False,None,StorageContext,build_checkpoint_path_from_name,https://github.com/ray-project/ray/blob/master/python/ray/train/v2/_internal/execution/storage.py#L573,"        return Path(self.experiment_fs_path, checkpoint_name).as_posix()"
ray-project/ray,python/ray/tune/analysis/experiment_analysis.py,127,experiment_fs_path.parent.as_posix,NOT_EXPLICIT,False,None,ExperimentAnalysis,_load_trials,https://github.com/ray-project/ray/blob/master/python/ray/tune/analysis/experiment_analysis.py#L127,            new_storage.storage_fs_path = experiment_fs_path.parent.as_posix()
ray-project/ray,python/ray/tune/analysis/experiment_analysis.py,142,"Path(trial.storage.trial_fs_path, EXPR_RESULT_FILE).as_posix",NOT_EXPLICIT,False,None,ExperimentAnalysis,_fetch_trial_dataframe,https://github.com/ray-project/ray/blob/master/python/ray/tune/analysis/experiment_analysis.py#L142,"        json_fs_path = Path(trial.storage.trial_fs_path, EXPR_RESULT_FILE).as_posix()"
ray-project/ray,python/ray/tune/analysis/experiment_analysis.py,143,"Path(trial.storage.trial_fs_path, EXPR_PROGRESS_FILE).as_posix",NOT_EXPLICIT,False,None,ExperimentAnalysis,_fetch_trial_dataframe,https://github.com/ray-project/ray/blob/master/python/ray/tune/analysis/experiment_analysis.py#L143,"        csv_fs_path = Path(trial.storage.trial_fs_path, EXPR_PROGRESS_FILE).as_posix()"
ray-project/ray,python/ray/tune/examples/bohb_example.py,43,open,NOT_EXPLICIT,False,None,MyTrainableClass,save_checkpoint,https://github.com/ray-project/ray/blob/master/python/ray/tune/examples/bohb_example.py#L43,"        with open(path, ""w"") as f:"
ray-project/ray,python/ray/tune/examples/bohb_example.py,48,open,NOT_EXPLICIT,False,None,MyTrainableClass,load_checkpoint,https://github.com/ray-project/ray/blob/master/python/ray/tune/examples/bohb_example.py#L48,"        with open(path, ""r"") as f:"
ray-project/ray,python/ray/tune/examples/custom_checkpointing_with_callback.py,134,open,NOT_EXPLICIT,False,None,OptimizationTrainable,save_checkpoint,https://github.com/ray-project/ray/blob/master/python/ray/tune/examples/custom_checkpointing_with_callback.py#L134,"        with open(checkpoint_path, ""w"") as f:"
ray-project/ray,python/ray/tune/examples/custom_checkpointing_with_callback.py,144,open,NOT_EXPLICIT,False,None,OptimizationTrainable,load_checkpoint,https://github.com/ray-project/ray/blob/master/python/ray/tune/examples/custom_checkpointing_with_callback.py#L144,"        with open(checkpoint_path, ""r"") as f:"
ray-project/ray,python/ray/tune/examples/custom_func_checkpointing.py,26,open,NOT_EXPLICIT,False,None,None,train_func,https://github.com/ray-project/ray/blob/master/python/ray/tune/examples/custom_func_checkpointing.py#L26,"            with open(os.path.join(checkpoint_dir, ""checkpoint.json"")) as f:"
ray-project/ray,python/ray/tune/examples/custom_func_checkpointing.py,34,open,NOT_EXPLICIT,False,None,None,train_func,https://github.com/ray-project/ray/blob/master/python/ray/tune/examples/custom_func_checkpointing.py#L34,"            with open(os.path.join(temp_checkpoint_dir, ""checkpoint.json""), ""w"") as f:"
ray-project/ray,python/ray/tune/examples/hyperband_function_example.py,21,open,NOT_EXPLICIT,False,None,None,train_func,https://github.com/ray-project/ray/blob/master/python/ray/tune/examples/hyperband_function_example.py#L21,"            with open(os.path.join(checkpoint_dir, ""checkpoint.json"")) as f:"
ray-project/ray,python/ray/tune/examples/hyperband_function_example.py,33,open,NOT_EXPLICIT,False,None,None,train_func,https://github.com/ray-project/ray/blob/master/python/ray/tune/examples/hyperband_function_example.py#L33,"                with open(                     os.path.join(temp_checkpoint_dir, ""checkpoint.json""), ""w""                 ) as f:"
ray-project/ray,python/ray/tune/examples/pbt_function.py,48,open,NOT_EXPLICIT,False,None,None,pbt_function,https://github.com/ray-project/ray/blob/master/python/ray/tune/examples/pbt_function.py#L48,"            with open(os.path.join(checkpoint_dir, ""checkpoint.json""), ""r"") as f:"
ray-project/ray,python/ray/tune/examples/pbt_function.py,97,open,NOT_EXPLICIT,False,None,None,pbt_function,https://github.com/ray-project/ray/blob/master/python/ray/tune/examples/pbt_function.py#L97,"                with open(os.path.join(tempdir, ""checkpoint.json""), ""w"") as f:"
ray-project/ray,python/ray/tune/execution/experiment_state.py,61,"Path(experiment_fs_path, filename).as_posix",NOT_EXPLICIT,False,None,None,_find_newest_experiment_checkpoint,https://github.com/ray-project/ray/blob/master/python/ray/tune/execution/experiment_state.py#L61,"    return Path(experiment_fs_path, filename).as_posix()"
ray-project/ray,python/ray/tune/execution/experiment_state.py,268,"Path(self._storage.experiment_fs_path, relpath).as_posix",NOT_EXPLICIT,False,None,_ExperimentCheckpointManager,sync_down_experiment_state,https://github.com/ray-project/ray/blob/master/python/ray/tune/execution/experiment_state.py#L268,"            fs_path = Path(self._storage.experiment_fs_path, relpath).as_posix()"
ray-project/ray,python/ray/tune/execution/tune_controller.py,346,open,NOT_EXPLICIT,False,None,TuneController,save_to_dir,https://github.com/ray-project/ray/blob/master/python/ray/tune/execution/tune_controller.py#L346,"        with open(             Path(driver_staging_path, self.experiment_state_file_name),             ""w"",         ) as f:"
ray-project/ray,python/ray/tune/experiment/trial.py,768,"Path(self.storage.trial_fs_path, error_filename).as_posix",NOT_EXPLICIT,False,None,Trial,get_pickled_error,https://github.com/ray-project/ray/blob/master/python/ray/tune/experiment/trial.py#L768,"        pickled_error_fs_path = Path(             self.storage.trial_fs_path, error_filename         ).as_posix()"
ray-project/ray,python/ray/tune/experiment/trial.py,789,"Path(self.storage.trial_fs_path, error_filename).as_posix",NOT_EXPLICIT,False,None,Trial,get_error,https://github.com/ray-project/ray/blob/master/python/ray/tune/experiment/trial.py#L789,"        txt_error_fs_path = Path(self.storage.trial_fs_path, error_filename).as_posix()"
ray-project/ray,python/ray/tune/experiment/trial.py,840,open,NOT_EXPLICIT,False,None,Trial,handle_error,https://github.com/ray-project/ray/blob/master/python/ray/tune/experiment/trial.py#L840,"                with open(self.pickled_error_file, ""wb"") as f:"
ray-project/ray,python/ray/tune/experiment/trial.py,842,open,NOT_EXPLICIT,False,None,Trial,handle_error,https://github.com/ray-project/ray/blob/master/python/ray/tune/experiment/trial.py#L842,"            with open(self.error_file, ""a+"") as f:"
ray-project/ray,python/ray/tune/impl/tuner_internal.py,184,"Path(storage.experiment_fs_path, _TUNER_PKL).as_posix",NOT_EXPLICIT,False,None,TunerInternal,__init__,https://github.com/ray-project/ray/blob/master/python/ray/tune/impl/tuner_internal.py#L184,"            Path(storage.experiment_fs_path, _TUNER_PKL).as_posix()"
ray-project/ray,python/ray/tune/impl/tuner_internal.py,379,"Path(fs_path, _TUNER_PKL).as_posix",NOT_EXPLICIT,False,None,TunerInternal,_restore_from_path_or_uri,https://github.com/ray-project/ray/blob/master/python/ray/tune/impl/tuner_internal.py#L379,"        with fs.open_input_file(Path(fs_path, _TUNER_PKL).as_posix()) as f:"
ray-project/ray,python/ray/tune/logger/logger.py,122,"Path(trial.storage.trial_fs_path, file_name).as_posix",NOT_EXPLICIT,False,None,LoggerCallback,_restore_from_remote,https://github.com/ray-project/ray/blob/master/python/ray/tune/logger/logger.py#L122,"        remote_file = Path(trial.storage.trial_fs_path, file_name).as_posix()"
ray-project/ray,python/ray/tune/schedulers/async_hyperband.py,186,open,NOT_EXPLICIT,False,None,AsyncHyperBandScheduler,save,https://github.com/ray-project/ray/blob/master/python/ray/tune/schedulers/async_hyperband.py#L186,"        with open(checkpoint_path, ""wb"") as outputFile:"
ray-project/ray,python/ray/tune/schedulers/async_hyperband.py,190,open,NOT_EXPLICIT,False,None,AsyncHyperBandScheduler,restore,https://github.com/ray-project/ray/blob/master/python/ray/tune/schedulers/async_hyperband.py#L190,"        with open(checkpoint_path, ""rb"") as inputFile:"
ray-project/ray,python/ray/tune/schedulers/pbt.py,779,open,NOT_EXPLICIT,False,None,PopulationBasedTraining,_log_config_on_step,https://github.com/ray-project/ray/blob/master/python/ray/tune/schedulers/pbt.py#L779,"        with open(             os.path.join(trial.local_experiment_path, ""pbt_global.txt""), ""a+""         ) as f:"
ray-project/ray,python/ray/tune/schedulers/pbt.py,787,open,NOT_EXPLICIT,False,None,PopulationBasedTraining,_log_config_on_step,https://github.com/ray-project/ray/blob/master/python/ray/tune/schedulers/pbt.py#L787,"        with open(trial_path, ""a+"") as f:"
ray-project/ray,python/ray/tune/schedulers/pbt.py,1114,open,NOT_EXPLICIT,False,None,PopulationBasedTrainingReplay,_load_policy,https://github.com/ray-project/ray/blob/master/python/ray/tune/schedulers/pbt.py#L1114,"        with open(policy_file, ""rt"") as fp:"
ray-project/ray,python/ray/tune/schedulers/resource_changing_scheduler.py,802,open,NOT_EXPLICIT,False,None,ResourceChangingScheduler,save,https://github.com/ray-project/ray/blob/master/python/ray/tune/schedulers/resource_changing_scheduler.py#L802,"        with open(checkpoint_path, ""wb"") as outputFile:"
ray-project/ray,python/ray/tune/schedulers/resource_changing_scheduler.py,806,open,NOT_EXPLICIT,False,None,ResourceChangingScheduler,restore,https://github.com/ray-project/ray/blob/master/python/ray/tune/schedulers/resource_changing_scheduler.py#L806,"        with open(checkpoint_path, ""rb"") as inputFile:"
ray-project/ray,python/ray/tune/search/ax/ax_search.py,470,open,NOT_EXPLICIT,False,None,AxSearch,save,https://github.com/ray-project/ray/blob/master/python/ray/tune/search/ax/ax_search.py#L470,"        with open(checkpoint_path, ""wb"") as outputFile:"
ray-project/ray,python/ray/tune/search/ax/ax_search.py,474,open,NOT_EXPLICIT,False,None,AxSearch,restore,https://github.com/ray-project/ray/blob/master/python/ray/tune/search/ax/ax_search.py#L474,"        with open(checkpoint_path, ""rb"") as inputFile:"
ray-project/ray,python/ray/tune/search/bayesopt/bayesopt_search.py,428,open,NOT_EXPLICIT,False,None,BayesOptSearch,save,https://github.com/ray-project/ray/blob/master/python/ray/tune/search/bayesopt/bayesopt_search.py#L428,"        with open(checkpoint_path, ""wb"") as f:"
ray-project/ray,python/ray/tune/search/bayesopt/bayesopt_search.py,433,open,NOT_EXPLICIT,False,None,BayesOptSearch,restore,https://github.com/ray-project/ray/blob/master/python/ray/tune/search/bayesopt/bayesopt_search.py#L433,"        with open(checkpoint_path, ""rb"") as f:"
ray-project/ray,python/ray/tune/search/bohb/bohb_search.py,373,open,NOT_EXPLICIT,False,None,TuneBOHB,save,https://github.com/ray-project/ray/blob/master/python/ray/tune/search/bohb/bohb_search.py#L373,"        with open(checkpoint_path, ""wb"") as outputFile:"
ray-project/ray,python/ray/tune/search/bohb/bohb_search.py,377,open,NOT_EXPLICIT,False,None,TuneBOHB,restore,https://github.com/ray-project/ray/blob/master/python/ray/tune/search/bohb/bohb_search.py#L377,"        with open(checkpoint_path, ""rb"") as inputFile:"
ray-project/ray,python/ray/tune/search/hebo/hebo_search.py,361,open,NOT_EXPLICIT,False,None,HEBOSearch,save,https://github.com/ray-project/ray/blob/master/python/ray/tune/search/hebo/hebo_search.py#L361,"        with open(checkpoint_path, ""wb"") as f:"
ray-project/ray,python/ray/tune/search/hebo/hebo_search.py,366,open,NOT_EXPLICIT,False,None,HEBOSearch,restore,https://github.com/ray-project/ray/blob/master/python/ray/tune/search/hebo/hebo_search.py#L366,"        with open(checkpoint_path, ""rb"") as f:"
ray-project/ray,python/ray/tune/search/nevergrad/nevergrad_search.py,312,open,NOT_EXPLICIT,False,None,NevergradSearch,save,https://github.com/ray-project/ray/blob/master/python/ray/tune/search/nevergrad/nevergrad_search.py#L312,"        with open(checkpoint_path, ""wb"") as outputFile:"
ray-project/ray,python/ray/tune/search/nevergrad/nevergrad_search.py,316,open,NOT_EXPLICIT,False,None,NevergradSearch,restore,https://github.com/ray-project/ray/blob/master/python/ray/tune/search/nevergrad/nevergrad_search.py#L316,"        with open(checkpoint_path, ""rb"") as inputFile:"
ray-project/ray,python/ray/tune/search/optuna/optuna_search.py,635,open,NOT_EXPLICIT,False,None,OptunaSearch,save,https://github.com/ray-project/ray/blob/master/python/ray/tune/search/optuna/optuna_search.py#L635,"        with open(checkpoint_path, ""wb"") as outputFile:"
ray-project/ray,python/ray/tune/search/optuna/optuna_search.py,639,open,NOT_EXPLICIT,False,None,OptunaSearch,restore,https://github.com/ray-project/ray/blob/master/python/ray/tune/search/optuna/optuna_search.py#L639,"        with open(checkpoint_path, ""rb"") as inputFile:"
ray-project/ray,python/ray/tune/search/zoopt/zoopt_search.py,315,open,NOT_EXPLICIT,False,None,ZOOptSearch,save,https://github.com/ray-project/ray/blob/master/python/ray/tune/search/zoopt/zoopt_search.py#L315,"        with open(checkpoint_path, ""wb"") as outputFile:"
ray-project/ray,python/ray/tune/search/zoopt/zoopt_search.py,319,open,NOT_EXPLICIT,False,None,ZOOptSearch,restore,https://github.com/ray-project/ray/blob/master/python/ray/tune/search/zoopt/zoopt_search.py#L319,"        with open(checkpoint_path, ""rb"") as inputFile:"
ray-project/ray,python/ray/tune/trainable/trainable.py,564,open,NOT_EXPLICIT,False,None,Trainable,restore,https://github.com/ray-project/ray/blob/master/python/ray/tune/trainable/trainable.py#L564,"                    with open(dict_checkpoint_file, ""rb"") as f:"
ray-project/ray,python/ray/tune/trainable/trainable.py,683,open,NOT_EXPLICIT,False,None,Trainable,_open_logfiles,https://github.com/ray-project/ray/blob/master/python/ray/tune/trainable/trainable.py#L683,"            self._stdout_fp = open(stdout_path, ""a+"")"
ray-project/ray,python/ray/tune/trainable/trainable.py,690,open,NOT_EXPLICIT,False,None,Trainable,_open_logfiles,https://github.com/ray-project/ray/blob/master/python/ray/tune/trainable/trainable.py#L690,"            self._stderr_fp = open(stderr_path, ""a+"")"
ray-project/ray,python/ray/tune/utils/mock_trainable.py,49,open,NOT_EXPLICIT,False,None,MyTrainableClass,save_checkpoint,https://github.com/ray-project/ray/blob/master/python/ray/tune/utils/mock_trainable.py#L49,"        with open(path, ""w"") as f:"
ray-project/ray,python/ray/tune/utils/mock_trainable.py,54,open,NOT_EXPLICIT,False,None,MyTrainableClass,load_checkpoint,https://github.com/ray-project/ray/blob/master/python/ray/tune/utils/mock_trainable.py#L54,"        with open(path, ""r"") as f:"
ray-project/ray,python/ray/tune/utils/release_test_util.py,69,open,NOT_EXPLICIT,False,None,TestDurableTrainable,save_checkpoint,https://github.com/ray-project/ray/blob/master/python/ray/tune/utils/release_test_util.py#L69,"        with open(checkpoint_file, ""wb"") as fp:"
ray-project/ray,python/ray/tune/utils/release_test_util.py,97,open,NOT_EXPLICIT,False,None,None,function_trainable,https://github.com/ray-project/ray/blob/master/python/ray/tune/utils/release_test_util.py#L97,"                    with open(checkpoint_file, ""wb"") as fp:"
ray-project/ray,python/ray/tune/utils/release_test_util.py,169,open,NOT_EXPLICIT,False,None,None,timed_tune_run,https://github.com/ray-project/ray/blob/master/python/ray/tune/utils/release_test_util.py#L169,"    with open(test_output_json, ""wt"") as f:"
ray-project/ray,python/ray/tune/utils/util.py,425,open,NOT_EXPLICIT,False,None,None,_atomic_save,https://github.com/ray-project/ray/blob/master/python/ray/tune/utils/util.py#L425,"    with open(tmp_search_ckpt_path, ""wb"") as f:"
ray-project/ray,python/ray/tune/utils/util.py,451,open,NOT_EXPLICIT,False,None,None,_load_newest_checkpoint,https://github.com/ray-project/ray/blob/master/python/ray/tune/utils/util.py#L451,"    with open(most_recent_checkpoint, ""rb"") as f:"
ray-project/ray,python/ray/util/client/api.py,357,open,NOT_EXPLICIT,False,None,_ClientAPI,timeline,https://github.com/ray-project/ray/blob/master/python/ray/util/client/api.py#L357,"            with open(filename, ""w"") as outfile:"
ray-project/ray,python/ray/util/client/server/server.py,417,self.object_refs[client_id].get,NOT_EXPLICIT,False,None,RayletServicer,_async_get_object,https://github.com/ray-project/ray/blob/master/python/ray/util/client/server/server.py#L417,"        ref = self.object_refs[client_id].get(rid, None)"
ray-project/ray,python/ray/util/client/server/server.py,488,self.object_refs[client_id].get,NOT_EXPLICIT,False,None,RayletServicer,_get_object,https://github.com/ray-project/ray/blob/master/python/ray/util/client/server/server.py#L488,"            ref = self.object_refs[client_id].get(rid, None)"
ray-project/ray,python/ray/util/client/server/server.py,644,self.actor_refs.get,NOT_EXPLICIT,False,None,RayletServicer,_schedule_method,https://github.com/ray-project/ray/blob/master/python/ray/util/client/server/server.py#L644,        actor_handle = self.actor_refs.get(task.payload_id)
ray-project/ray,python/ray/util/multiprocessing/pool.py,231,self._new_object_refs.put,NOT_EXPLICIT,False,None,ResultThread,add_object_ref,https://github.com/ray-project/ray/blob/master/python/ray/util/multiprocessing/pool.py#L231,        self._new_object_refs.put(object_ref)
ray-project/ray,python/ray/util/multiprocessing/pool.py,247,self._new_object_refs.get,NOT_EXPLICIT,False,None,ResultThread,run,https://github.com/ray-project/ray/blob/master/python/ray/util/multiprocessing/pool.py#L247,                    new_object_ref = self._new_object_refs.get(block=block)
ray-project/ray,python/ray/util/spark/cluster_init.py,374,open,NOT_EXPLICIT,False,None,None,_preallocate_ray_worker_port_range,https://github.com/ray-project/ray/blob/master/python/ray/util/spark/cluster_init.py#L374,"            with open(port_alloc_file, mode=""r"") as fp:"
ray-project/ray,python/ray/util/spark/cluster_init.py,385,open,NOT_EXPLICIT,False,None,None,_preallocate_ray_worker_port_range,https://github.com/ray-project/ray/blob/master/python/ray/util/spark/cluster_init.py#L385,"            with open(port_alloc_file, mode=""w""):"
ray-project/ray,python/ray/util/spark/cluster_init.py,409,open,NOT_EXPLICIT,False,None,None,_preallocate_ray_worker_port_range,https://github.com/ray-project/ray/blob/master/python/ray/util/spark/cluster_init.py#L409,"        with open(port_alloc_file, mode=""w"") as fp:"
ray-project/ray,python/ray/util/spark/cluster_init.py,1764,open,NOT_EXPLICIT,False,None,AutoscalingCluster,_generate_config,https://github.com/ray-project/ray/blob/master/python/ray/util/spark/cluster_init.py#L1764,"            open(                 os.path.join(                     os.path.dirname(ray.__file__),                     ""autoscaler/spark/defaults.yaml"",                 )             )"
ray-project/ray,python/ray/util/spark/cluster_init.py,1818,open,NOT_EXPLICIT,False,None,AutoscalingCluster,start,https://github.com/ray-project/ray/blob/master/python/ray/util/spark/cluster_init.py#L1818,"        with open(autoscale_config, ""w"") as f:"
ray-project/ray,python/ray/util/tracing/setup_local_tmp_tracing.py,22,open,NOT_EXPLICIT,False,None,None,setup_tracing,https://github.com/ray-project/ray/blob/master/python/ray/util/tracing/setup_local_tmp_tracing.py#L22,"                out=open(f""{spans_dir}{os.getpid()}.txt"", ""w""),"
ray-project/ray,python/ray/widgets/render.py,12,open,NOT_EXPLICIT,False,None,Template,__init__,https://github.com/ray-project/ray/blob/master/python/ray/widgets/render.py#L12,"        with open(pathlib.Path(__file__).parent / ""templates"" / file, ""r"") as f:"
ray-project/ray,python/setup.py,62,open,NOT_EXPLICIT,False,None,None,find_version,https://github.com/ray-project/ray/blob/master/python/setup.py#L62,"    with open(os.path.join(ROOT_DIR, *filepath)) as fp:"
ray-project/ray,python/setup.py,513,open,NOT_EXPLICIT,False,None,None,replace_symlinks_with_junctions,https://github.com/ray-project/ray/blob/master/python/setup.py#L513,                with open(path) as inp:
ray-project/ray,python/setup.py,805,open,NOT_EXPLICIT,False,None,None,global,https://github.com/ray-project/ray/blob/master/python/setup.py#L805,"    with open(         os.path.join(ROOT_DIR, os.path.pardir, ""README.rst""), ""r"", encoding=""utf-8""     ) as f:"
ray-project/ray,python/setup.py,810,open,NOT_EXPLICIT,False,None,None,global,https://github.com/ray-project/ray/blob/master/python/setup.py#L810,"    with open(os.path.join(ROOT_DIR, ""LICENSE.txt""), ""r"", encoding=""utf-8"") as f:"
ray-project/ray,release/air_tests/air_benchmarks/workloads/benchmark_util.py,42,open,NOT_EXPLICIT,False,None,None,_write,https://github.com/ray-project/ray/blob/master/release/air_tests/air_benchmarks/workloads/benchmark_util.py#L42,"    with open(path, ""wb"") as f:"
ray-project/ray,release/air_tests/air_benchmarks/workloads/benchmark_util.py,49,open,NOT_EXPLICIT,False,None,None,upload_file_to_all_nodes,https://github.com/ray-project/ray/blob/master/release/air_tests/air_benchmarks/workloads/benchmark_util.py#L49,"    with open(path, ""rb"") as f:"
ray-project/ray,release/air_tests/air_benchmarks/workloads/pytorch_training_e2e.py,142,open,NOT_EXPLICIT,False,None,None,main,https://github.com/ray-project/ray/blob/master/release/air_tests/air_benchmarks/workloads/pytorch_training_e2e.py#L142,"    with open(test_output_json, ""wt"") as f:"
ray-project/ray,release/air_tests/air_benchmarks/workloads/tensorflow_benchmark.py,97,open,NOT_EXPLICIT,False,None,None,train_func,https://github.com/ray-project/ray/blob/master/release/air_tests/air_benchmarks/workloads/tensorflow_benchmark.py#L97,"            with open(VANILLA_RESULT_JSON, ""w"") as f:"
ray-project/ray,release/air_tests/air_benchmarks/workloads/tensorflow_benchmark.py,220,open,NOT_EXPLICIT,False,None,None,train_tf_vanilla,https://github.com/ray-project/ray/blob/master/release/air_tests/air_benchmarks/workloads/tensorflow_benchmark.py#L220,"        with open(VANILLA_RESULT_JSON, ""r"") as f:"
ray-project/ray,release/air_tests/air_benchmarks/workloads/tensorflow_benchmark.py,380,open,NOT_EXPLICIT,False,None,None,run,https://github.com/ray-project/ray/blob/master/release/air_tests/air_benchmarks/workloads/tensorflow_benchmark.py#L380,"    with open(test_output_json, ""wt"") as f:"
ray-project/ray,release/air_tests/air_benchmarks/workloads/torch_benchmark.py,224,open,NOT_EXPLICIT,False,None,None,train_func,https://github.com/ray-project/ray/blob/master/release/air_tests/air_benchmarks/workloads/torch_benchmark.py#L224,"            with open(VANILLA_RESULT_JSON, ""w"") as f:"
ray-project/ray,release/air_tests/air_benchmarks/workloads/torch_benchmark.py,382,open,NOT_EXPLICIT,False,None,None,train_torch_vanilla,https://github.com/ray-project/ray/blob/master/release/air_tests/air_benchmarks/workloads/torch_benchmark.py#L382,"        with open(VANILLA_RESULT_JSON, ""r"") as f:"
ray-project/ray,release/air_tests/air_benchmarks/workloads/torch_benchmark.py,529,open,NOT_EXPLICIT,False,None,None,run,https://github.com/ray-project/ray/blob/master/release/air_tests/air_benchmarks/workloads/torch_benchmark.py#L529,"    with open(test_output_json, ""wt"") as f:"
ray-project/ray,release/air_tests/air_benchmarks/workloads/tune_torch_benchmark.py,223,open,NOT_EXPLICIT,False,None,None,main,https://github.com/ray-project/ray/blob/master/release/air_tests/air_benchmarks/workloads/tune_torch_benchmark.py#L223,"    with open(test_output_json, ""wt"") as f:"
ray-project/ray,release/autoscaling_tests/run.py,75,open,NOT_EXPLICIT,False,None,None,run,https://github.com/ray-project/ray/blob/master/release/autoscaling_tests/run.py#L75,"        with open(os.environ[""TEST_OUTPUT_JSON""], ""w"") as out_file:"
ray-project/ray,release/benchmarks/distributed/many_nodes_tests/actor_test.py,118,open,NOT_EXPLICIT,False,None,None,main,https://github.com/ray-project/ray/blob/master/release/benchmarks/distributed/many_nodes_tests/actor_test.py#L118,"        with open(os.environ[""TEST_OUTPUT_JSON""], ""w"") as out_file:"
ray-project/ray,release/benchmarks/distributed/many_nodes_tests/multi_master_test.py,79,open,NOT_EXPLICIT,False,None,None,main,https://github.com/ray-project/ray/blob/master/release/benchmarks/distributed/many_nodes_tests/multi_master_test.py#L79,"        with open(os.environ[""TEST_OUTPUT_JSON""], ""w"") as out_file:"
ray-project/ray,release/dashboard/mem_check.py,81,open,NOT_EXPLICIT,False,None,None,global,https://github.com/ray-project/ray/blob/master/release/dashboard/mem_check.py#L81,"    with open(os.environ[""TEST_OUTPUT_JSON""], ""w"") as f:"
ray-project/ray,release/golden_notebook_tests/workloads/torch_tune_serve_test.py,299,open,NOT_EXPLICIT,False,None,None,global,https://github.com/ray-project/ray/blob/master/release/golden_notebook_tests/workloads/torch_tune_serve_test.py#L299,"    with open(test_output_json, ""wt"") as f:"
ray-project/ray,release/jobs_tests/workloads/jobs_basic.py,78,open,NOT_EXPLICIT,False,None,None,global,https://github.com/ray-project/ray/blob/master/release/jobs_tests/workloads/jobs_basic.py#L78,"    with open(test_output_json, ""wt"") as f:"
ray-project/ray,release/jobs_tests/workloads/jobs_specify_num_gpus.py,93,open,NOT_EXPLICIT,False,None,None,global,https://github.com/ray-project/ray/blob/master/release/jobs_tests/workloads/jobs_specify_num_gpus.py#L93,"    with open(test_output_json, ""wt"") as f:"
ray-project/ray,release/k8s_tests/run_gcs_ft_on_k8s.py,342,open,NOT_EXPLICIT,False,None,None,get_stats,https://github.com/ray-project/ray/blob/master/release/k8s_tests/run_gcs_ft_on_k8s.py#L342,"    with open(""stats_history.csv"") as f:"
ray-project/ray,release/k8s_tests/run_gcs_ft_on_k8s.py,415,open,NOT_EXPLICIT,False,None,None,main,https://github.com/ray-project/ray/blob/master/release/k8s_tests/run_gcs_ft_on_k8s.py#L415,"        with open(test_output_json_path, ""wt"") as f:"
ray-project/ray,release/llm_tests/benchmark/load_test.py,512,open,NOT_EXPLICIT,False,None,None,_load_curl_like_data,https://github.com/ray-project/ray/blob/master/release/llm_tests/benchmark/load_test.py#L512,"                with open(text[1:], ""r"") as f:"
ray-project/ray,release/llm_tests/benchmark/load_test.py,515,open,NOT_EXPLICIT,False,None,None,_load_curl_like_data,https://github.com/ray-project/ray/blob/master/release/llm_tests/benchmark/load_test.py#L515,"                with open(text[1:], ""r"") as f:"
ray-project/ray,release/llm_tests/benchmark/load_test.py,1054,open,NOT_EXPLICIT,False,None,None,collect_metrics,https://github.com/ray-project/ray/blob/master/release/llm_tests/benchmark/load_test.py#L1054,"        with open(environment.parsed_options.summary_file, ""a"") as f:"
ray-project/ray,release/llm_tests/serve/benchmark/common.py,22,open,NOT_EXPLICIT,False,None,None,get_llm_config,https://github.com/ray-project/ray/blob/master/release/llm_tests/serve/benchmark/common.py#L22,"    with open(serve_config_file, ""r"") as f:"
ray-project/ray,release/llm_tests/serve/benchmark/common.py,31,open,NOT_EXPLICIT,False,None,None,get_llm_config,https://github.com/ray-project/ray/blob/master/release/llm_tests/serve/benchmark/common.py#L31,"    with open(config, ""r"") as f:"
ray-project/ray,release/llm_tests/serve/benchmark/common.py,46,open,NOT_EXPLICIT,False,None,None,read_yaml,https://github.com/ray-project/ray/blob/master/release/llm_tests/serve/benchmark/common.py#L46,"    with open(file_path, ""r"") as f:"
ray-project/ray,release/llm_tests/serve/benchmark/load_test.py,512,open,NOT_EXPLICIT,False,None,None,_load_curl_like_data,https://github.com/ray-project/ray/blob/master/release/llm_tests/serve/benchmark/load_test.py#L512,"                with open(text[1:], ""r"") as f:"
ray-project/ray,release/llm_tests/serve/benchmark/load_test.py,515,open,NOT_EXPLICIT,False,None,None,_load_curl_like_data,https://github.com/ray-project/ray/blob/master/release/llm_tests/serve/benchmark/load_test.py#L515,"                with open(text[1:], ""r"") as f:"
ray-project/ray,release/llm_tests/serve/benchmark/load_test.py,1054,open,NOT_EXPLICIT,False,None,None,collect_metrics,https://github.com/ray-project/ray/blob/master/release/llm_tests/serve/benchmark/load_test.py#L1054,"        with open(environment.parsed_options.summary_file, ""a"") as f:"
ray-project/ray,release/llm_tests/serve/probes/config.py,13,open,NOT_EXPLICIT,False,None,None,load_from_file,https://github.com/ray-project/ray/blob/master/release/llm_tests/serve/probes/config.py#L13,    with open(file) as f:
ray-project/ray,release/microbenchmark/experimental/compiled_graph_gpu_microbenchmark.py,460,open,NOT_EXPLICIT,False,None,None,global,https://github.com/ray-project/ray/blob/master/release/microbenchmark/experimental/compiled_graph_gpu_microbenchmark.py#L460,"    with open(test_output_json, ""wt"") as f:"
ray-project/ray,release/microbenchmark/experimental/rdt_single_node_microbenchmark.py,268,open,NOT_EXPLICIT,False,None,None,global,https://github.com/ray-project/ray/blob/master/release/microbenchmark/experimental/rdt_single_node_microbenchmark.py#L268,"    with open(os.environ[""TEST_OUTPUT_JSON""], ""w"") as out_file:"
ray-project/ray,release/microbenchmark/run_microbenchmark.py,48,open,NOT_EXPLICIT,False,None,None,global,https://github.com/ray-project/ray/blob/master/release/microbenchmark/run_microbenchmark.py#L48,"    with open(test_output_json, ""wt"") as f:"
ray-project/ray,release/ml_user_tests/horovod/horovod_user_test.py,34,open,NOT_EXPLICIT,False,None,None,global,https://github.com/ray-project/ray/blob/master/release/ml_user_tests/horovod/horovod_user_test.py#L34,"    with open(test_output_json, ""wt"") as f:"
ray-project/ray,release/ml_user_tests/train/train_tensorflow_mnist_test.py,31,open,NOT_EXPLICIT,False,None,None,global,https://github.com/ray-project/ray/blob/master/release/ml_user_tests/train/train_tensorflow_mnist_test.py#L31,"    with open(test_output_json, ""wt"") as f:"
ray-project/ray,release/ml_user_tests/train/train_torch_linear_test.py,30,open,NOT_EXPLICIT,False,None,None,global,https://github.com/ray-project/ray/blob/master/release/ml_user_tests/train/train_torch_linear_test.py#L30,"    with open(test_output_json, ""wt"") as f:"
ray-project/ray,release/nightly_tests/dask_on_ray/dask_on_ray_sort.py,41,open,NOT_EXPLICIT,False,None,None,generate_s3_file,https://github.com/ray-project/ray/blob/master/release/nightly_tests/dask_on_ray/dask_on_ray_sort.py#L41,"        with open(filename, ""rb"") as f:"
ray-project/ray,release/nightly_tests/dask_on_ray/dask_on_ray_sort.py,243,open,NOT_EXPLICIT,False,None,None,global,https://github.com/ray-project/ray/blob/master/release/nightly_tests/dask_on_ray/dask_on_ray_sort.py#L243,"    with open(os.environ[""TEST_OUTPUT_JSON""], ""w"") as f:"
ray-project/ray,release/nightly_tests/dask_on_ray/dask_on_ray_sort.py,249,open,NOT_EXPLICIT,False,None,None,global,https://github.com/ray-project/ray/blob/master/release/nightly_tests/dask_on_ray/dask_on_ray_sort.py#L249,"    with open(""output.csv"", ""a+"") as csvfile:"
ray-project/ray,release/nightly_tests/dataset/benchmark.py,280,open,NOT_EXPLICIT,False,None,Benchmark,write_result,https://github.com/ray-project/ray/blob/master/release/nightly_tests/dataset/benchmark.py#L280,"        with open(test_output_json, ""w"") as f:"
ray-project/ray,release/nightly_tests/dataset/profiling/analysis/analyze_pyspy_profile.py,44,open,NOT_EXPLICIT,False,None,None,load_profile,https://github.com/ray-project/ray/blob/master/release/nightly_tests/dataset/profiling/analysis/analyze_pyspy_profile.py#L44,"    with open(path, encoding=""utf-8"", errors=""replace"") as f:"
ray-project/ray,release/nightly_tests/dataset/profiling/analysis/analyze_pyspy_profile.py,478,open,NOT_EXPLICIT,False,None,None,main,https://github.com/ray-project/ray/blob/master/release/nightly_tests/dataset/profiling/analysis/analyze_pyspy_profile.py#L478,                with open(args.categories) as f:
ray-project/ray,release/nightly_tests/dataset/profiling/analysis/collapsed_to_speedscope.py,36,open,NOT_EXPLICIT,False,None,None,parse_collapsed,https://github.com/ray-project/ray/blob/master/release/nightly_tests/dataset/profiling/analysis/collapsed_to_speedscope.py#L36,    with open(path) as f:
ray-project/ray,release/nightly_tests/dataset/profiling/analysis/collapsed_to_speedscope.py,177,open,NOT_EXPLICIT,False,None,None,main,https://github.com/ray-project/ray/blob/master/release/nightly_tests/dataset/profiling/analysis/collapsed_to_speedscope.py#L177,"    with open(output, ""w"") as f:"
ray-project/ray,release/nightly_tests/dataset/profiling/gpu_monitor.py,38,open,NOT_EXPLICIT,False,None,_NvidiaSmiActor,__init__,https://github.com/ray-project/ray/blob/master/release/nightly_tests/dataset/profiling/gpu_monitor.py#L38,"            stdout=open(outfile, ""w""),"
ray-project/ray,release/nightly_tests/dataset/profiling/metrics.py,250,open,NOT_EXPLICIT,False,None,None,parse_object_store_state,https://github.com/ray-project/ray/blob/master/release/nightly_tests/dataset/profiling/metrics.py#L250,    with open(obj_path) as f:
ray-project/ray,release/nightly_tests/dataset/profiling/metrics.py,304,open,NOT_EXPLICIT,False,None,None,parse_object_store_state,https://github.com/ray-project/ray/blob/master/release/nightly_tests/dataset/profiling/metrics.py#L304,        with open(actor_path) as f:
ray-project/ray,release/nightly_tests/dataset/profiling/metrics.py,373,open,NOT_EXPLICIT,False,None,None,parse_plasma_stats,https://github.com/ray-project/ray/blob/master/release/nightly_tests/dataset/profiling/metrics.py#L373,    with open(plasma_path) as f:
ray-project/ray,release/nightly_tests/dataset/profiling/metrics.py,473,open,NOT_EXPLICIT,False,None,None,_parse_gpu_file,https://github.com/ray-project/ray/blob/master/release/nightly_tests/dataset/profiling/metrics.py#L473,        with open(filepath) as f:
ray-project/ray,release/nightly_tests/dataset/profiling/net_monitor.py,21,open,NOT_EXPLICIT,False,None,None,_start_net_monitor,https://github.com/ray-project/ray/blob/master/release/nightly_tests/dataset/profiling/net_monitor.py#L21,"    with open(path, ""w"", newline="""") as f:"
ray-project/ray,release/nightly_tests/dataset/profiling/object_store.py,82,open,NOT_EXPLICIT,False,None,None,_loop,https://github.com/ray-project/ray/blob/master/release/nightly_tests/dataset/profiling/object_store.py#L82,"    obj_f = open(csv_path, ""w"", newline="""")"
ray-project/ray,release/nightly_tests/dataset/profiling/object_store.py,87,open,NOT_EXPLICIT,False,None,None,_loop,https://github.com/ray-project/ray/blob/master/release/nightly_tests/dataset/profiling/object_store.py#L87,"    actor_f = open(actors_path, ""w"", newline="""")"
ray-project/ray,release/nightly_tests/dataset/profiling/object_store.py,92,open,NOT_EXPLICIT,False,None,None,_loop,https://github.com/ray-project/ray/blob/master/release/nightly_tests/dataset/profiling/object_store.py#L92,"    plasma_f = open(plasma_path, ""w"", newline="""")"
ray-project/ray,release/nightly_tests/dataset/profiling/perf.py,104,open,NOT_EXPLICIT,False,None,None,start_profiling,https://github.com/ray-project/ray/blob/master/release/nightly_tests/dataset/profiling/perf.py#L104,"    log_file = open(log_path, ""w"")"
ray-project/ray,release/nightly_tests/dataset/profiling/perf.py,232,open,NOT_EXPLICIT,False,None,None,generate_collapsed_stacks,https://github.com/ray-project/ray/blob/master/release/nightly_tests/dataset/profiling/perf.py#L232,"            with open(collapsed_path, ""w"") as out:"
ray-project/ray,release/nightly_tests/dataset/profiling/pyspy.py,87,open,NOT_EXPLICIT,False,None,None,start,https://github.com/ray-project/ray/blob/master/release/nightly_tests/dataset/profiling/pyspy.py#L87,"    _log_file = open(log_path, ""w"")"
ray-project/ray,release/nightly_tests/dataset/profiling/pyspy.py,253,open,NOT_EXPLICIT,False,None,None,_attach_worker_pyspy,https://github.com/ray-project/ray/blob/master/release/nightly_tests/dataset/profiling/pyspy.py#L253,"    log_file = open(log_path, ""w"")"
ray-project/ray,release/nightly_tests/placement_group_tests/long_running_performance_test.py,148,open,NOT_EXPLICIT,False,None,None,main,https://github.com/ray-project/ray/blob/master/release/nightly_tests/placement_group_tests/long_running_performance_test.py#L148,"        with open(os.environ[""TEST_OUTPUT_JSON""], ""w"") as out_file:"
ray-project/ray,release/nightly_tests/placement_group_tests/pg_run.py,64,open,NOT_EXPLICIT,False,None,None,main,https://github.com/ray-project/ray/blob/master/release/nightly_tests/placement_group_tests/pg_run.py#L64,"        with open(os.environ[""TEST_OUTPUT_JSON""], ""w"") as out_file:"
ray-project/ray,release/nightly_tests/placement_group_tests/placement_group_performance_test.py,169,open,NOT_EXPLICIT,False,None,None,global,https://github.com/ray-project/ray/blob/master/release/nightly_tests/placement_group_tests/placement_group_performance_test.py#L169,"        with open(os.environ[""TEST_OUTPUT_JSON""], ""w"") as out_file:"
ray-project/ray,release/nightly_tests/shuffle/shuffle_test.py,39,open,NOT_EXPLICIT,False,None,None,global,https://github.com/ray-project/ray/blob/master/release/nightly_tests/shuffle/shuffle_test.py#L39,"    with open(os.environ[""TEST_OUTPUT_JSON""], ""w"") as f:"
ray-project/ray,release/ray_release/buildkite/concurrency.py,80,open,NOT_EXPLICIT,False,None,None,load_instance_types,https://github.com/ray-project/ray/blob/master/release/ray_release/buildkite/concurrency.py#L80,"    with open(path, ""rt"") as fp:"
ray-project/ray,release/ray_release/byod/build_context.py,132,open,NOT_EXPLICIT,False,None,None,fill_build_context_dir,https://github.com/ray-project/ray/blob/master/release/ray_release/byod/build_context.py#L132,"        with open(os.path.join(context_dir, ""install_python_deps.sh""), ""w"") as f:"
ray-project/ray,release/ray_release/byod/build_context.py,147,open,NOT_EXPLICIT,False,None,None,fill_build_context_dir,https://github.com/ray-project/ray/blob/master/release/ray_release/byod/build_context.py#L147,"    with open(dockerfile_path, ""w"") as f:"
ray-project/ray,release/ray_release/byod/build_context.py,152,open,NOT_EXPLICIT,False,None,None,_sha256_file,https://github.com/ray-project/ray/blob/master/release/ray_release/byod/build_context.py#L152,"    with open(path, ""rb"") as f:"
ray-project/ray,release/ray_release/cloud_util.py,39,open,NOT_EXPLICIT,False,None,None,get_azure_credential,https://github.com/ray-project/ray/blob/master/release/ray_release/cloud_util.py#L39,"            with open(certificate_path, ""w"") as f:"
ray-project/ray,release/ray_release/cloud_util.py,74,open,NOT_EXPLICIT,False,None,None,_upload_file_to_azure,https://github.com/ray-project/ray/blob/master/release/ray_release/cloud_util.py#L74,"        with open(local_file_path, ""rb"") as f:"
ray-project/ray,release/ray_release/command_runner/_anyscale_job_wrapper.py,197,open,NOT_EXPLICIT,False,None,None,run_bash_command,https://github.com/ray-project/ray/blob/master/release/ray_release/command_runner/_anyscale_job_wrapper.py#L197,"    with open(workload_path, ""w"") as fp:"
ray-project/ray,release/ray_release/command_runner/_anyscale_job_wrapper.py,290,open,NOT_EXPLICIT,False,None,None,_load_metrics_for_check,https://github.com/ray-project/ray/blob/master/release/ray_release/command_runner/_anyscale_job_wrapper.py#L290,"        with open(metrics_path, ""r"") as f:"
ray-project/ray,release/ray_release/command_runner/_anyscale_job_wrapper.py,609,open,NOT_EXPLICIT,False,None,None,main,https://github.com/ray-project/ray/blob/master/release/ray_release/command_runner/_anyscale_job_wrapper.py#L609,"    with open(output_json_file, ""w"") as fp:"
ray-project/ray,release/ray_release/command_runner/_prometheus_metrics.py,267,open,NOT_EXPLICIT,False,None,None,save_prometheus_metrics,https://github.com/ray-project/ray/blob/master/release/ray_release/command_runner/_prometheus_metrics.py#L267,"        with open(path, ""w"") as metrics_output_file:"
ray-project/ray,release/ray_release/command_runner/anyscale_job_runner.py,360,open,NOT_EXPLICIT,False,None,AnyscaleJobRunner,_fetch_json,https://github.com/ray-project/ray/blob/master/release/ray_release/command_runner/anyscale_job_runner.py#L360,"            with open(tmpfile, ""rt"") as f:"
ray-project/ray,release/ray_release/config.py,105,open,NOT_EXPLICIT,False,None,None,read_and_validate_release_test_collection,https://github.com/ray-project/ray/blob/master/release/ray_release/config.py#L105,"        with open(path, ""rt"") as fp:"
ray-project/ray,release/ray_release/config.py,244,open,NOT_EXPLICIT,False,None,None,load_schema_file,https://github.com/ray-project/ray/blob/master/release/ray_release/config.py#L244,"    with open(path, ""rt"") as fp:"
ray-project/ray,release/ray_release/configs/global_config.py,52,open,NOT_EXPLICIT,False,None,None,_init_global_config,https://github.com/ray-project/ray/blob/master/release/ray_release/configs/global_config.py#L52,"    config_content = yaml.safe_load(open(config_file, ""rt""))"
ray-project/ray,release/ray_release/custom_byod_build_init_helper.py,137,open,NOT_EXPLICIT,False,None,None,create_custom_build_yaml,https://github.com/ray-project/ray/blob/master/release/ray_release/custom_byod_build_init_helper.py#L137,"    with open(destination_file, ""w"") as f:"
ray-project/ray,release/ray_release/custom_byod_build_init_helper.py,157,open,NOT_EXPLICIT,False,None,None,build_short_gpu_map,https://github.com/ray-project/ray/blob/master/release/ray_release/custom_byod_build_init_helper.py#L157,    with open(ray_images_path) as f:
ray-project/ray,release/ray_release/env.py,19,open,NOT_EXPLICIT,False,None,None,load_environment,https://github.com/ray-project/ray/blob/master/release/ray_release/env.py#L19,"    with open(env_file, ""r"") as f:"
ray-project/ray,release/ray_release/file_manager/job_file_manager.py,82,open,NOT_EXPLICIT,False,None,JobFileManager,download_from_cloud,https://github.com/ray-project/ray/blob/master/release/ray_release/file_manager/job_file_manager.py#L82,"            with open(target, ""wb"") as f:"
ray-project/ray,release/ray_release/reporter/artifacts.py,30,open,NOT_EXPLICIT,False,None,ArtifactsReporter,report_result,https://github.com/ray-project/ray/blob/master/release/ray_release/reporter/artifacts.py#L30,"        with open(test_config_file, ""wt"") as fp:"
ray-project/ray,release/ray_release/reporter/artifacts.py,36,open,NOT_EXPLICIT,False,None,ArtifactsReporter,report_result,https://github.com/ray-project/ray/blob/master/release/ray_release/reporter/artifacts.py#L36,"        with open(result_file, ""wt"") as fp:"
ray-project/ray,release/ray_release/scripts/custom_image_build_and_test_init.py,294,open,NOT_EXPLICIT,False,None,None,main,https://github.com/ray-project/ray/blob/master/release/ray_release/scripts/custom_image_build_and_test_init.py#L294,"        with open(os.path.join(PIPELINE_ARTIFACT_PATH, ""pipeline.json""), ""wt"") as fp:"
ray-project/ray,release/ray_release/scripts/custom_image_build_and_test_init.py,308,open,NOT_EXPLICIT,False,None,None,main,https://github.com/ray-project/ray/blob/master/release/ray_release/scripts/custom_image_build_and_test_init.py#L308,"            with open(chunk_path, ""wt"") as fp:"
ray-project/ray,release/ray_release/scripts/custom_image_build_and_test_init.py,319,open,NOT_EXPLICIT,False,None,None,main,https://github.com/ray-project/ray/blob/master/release/ray_release/scripts/custom_image_build_and_test_init.py#L319,"            with open(                 os.path.join(_bazel_workspace_dir, rayci_select_output_file),                 ""wt"",             ) as fp:"
ray-project/ray,release/ray_release/scripts/custom_image_build_and_test_init.py,335,open,NOT_EXPLICIT,False,None,None,main,https://github.com/ray-project/ray/blob/master/release/ray_release/scripts/custom_image_build_and_test_init.py#L335,"        with open(os.path.join(PIPELINE_ARTIFACT_PATH, ""settings.json""), ""wt"") as fp:"
ray-project/ray,release/ray_release/template.py,56,open,NOT_EXPLICIT,False,None,None,_load_and_render_yaml_template,https://github.com/ray-project/ray/blob/master/release/ray_release/template.py#L56,"    with open(template_path, ""rt"") as f:"
ray-project/ray,release/ray_release/tests/_test_catch_args.py,7,open,NOT_EXPLICIT,False,None,None,main,https://github.com/ray-project/ray/blob/master/release/ray_release/tests/_test_catch_args.py#L7,"    with open(argv_file, ""wt"") as fp:"
ray-project/ray,release/ray_release/tests/_test_run_release_test_sh.py,21,open,NOT_EXPLICIT,False,None,None,main,https://github.com/ray-project/ray/blob/master/release/ray_release/tests/_test_run_release_test_sh.py#L21,"        with open(state_file, ""rt"") as fp:"
ray-project/ray,release/ray_release/tests/_test_run_release_test_sh.py,26,open,NOT_EXPLICIT,False,None,None,main,https://github.com/ray-project/ray/blob/master/release/ray_release/tests/_test_run_release_test_sh.py#L26,"    with open(state_file, ""wt"") as fp:"
ray-project/ray,release/release_logs/fetch_release_logs.py,187,open,NOT_EXPLICIT,False,None,None,write_results,https://github.com/ray-project/ray/blob/master/release/release_logs/fetch_release_logs.py#L187,"        with open(path, ""w"") as fp:"
ray-project/ray,release/runtime_env_tests/workloads/rte_ray_client.py,89,open,NOT_EXPLICIT,False,None,None,global,https://github.com/ray-project/ray/blob/master/release/runtime_env_tests/workloads/rte_ray_client.py#L89,"    with open(test_output_json, ""wt"") as f:"
ray-project/ray,release/serve_tests/workloads/locust_utils.py,126,open,NOT_EXPLICIT,False,None,LocustProcess,run,https://github.com/ray-project/ray/blob/master/release/serve_tests/workloads/locust_utils.py#L126,"            with open(results_file.name, ""r"") as f:"
ray-project/ray,release/serve_tests/workloads/plot_controller_benchmark.py,40,open,NOT_EXPLICIT,False,None,None,load_benchmark_json,https://github.com/ray-project/ray/blob/master/release/serve_tests/workloads/plot_controller_benchmark.py#L40,    with open(path) as f:
ray-project/ray,release/serve_tests/workloads/plot_router_benchmark.py,35,open,NOT_EXPLICIT,False,None,None,load_results,https://github.com/ray-project/ray/blob/master/release/serve_tests/workloads/plot_router_benchmark.py#L35,    with open(path) as f:
ray-project/ray,release/serve_tests/workloads/resnet_50.py,32,open,NOT_EXPLICIT,False,None,Model,__init__,https://github.com/ray-project/ray/blob/master/release/serve_tests/workloads/resnet_50.py#L32,"        with open(""imagenet_classes.txt"", ""r"") as f:"
ray-project/ray,release/serve_tests/workloads/serve_resnet_benchmark.py,101,open,NOT_EXPLICIT,False,None,DataDownloader,__init__,https://github.com/ray-project/ray/blob/master/release/serve_tests/workloads/serve_resnet_benchmark.py#L101,"            with open(success_file, ""w"") as _:"
ray-project/ray,release/serve_tests/workloads/serve_test_utils.py,369,open,NOT_EXPLICIT,False,None,None,save_test_results,https://github.com/ray-project/ray/blob/master/release/serve_tests/workloads/serve_test_utils.py#L369,"    with open(results_file_path, ""wt"") as f:"
ray-project/ray,release/train_tests/benchmark/collect.py,158,open,NOT_EXPLICIT,False,None,None,_load,https://github.com/ray-project/ray/blob/master/release/train_tests/benchmark/collect.py#L158,            with open(path) as f:
ray-project/ray,release/train_tests/benchmark/core/experiment_config.py,221,open,NOT_EXPLICIT,False,None,None,load_experiment,https://github.com/ray-project/ray/blob/master/release/train_tests/benchmark/core/experiment_config.py#L221,"    with open(path, ""r"") as f:"
ray-project/ray,release/train_tests/benchmark/core/launchers/ray_launcher.py,41,open,NOT_EXPLICIT,False,None,None,train_fn_per_worker,https://github.com/ray-project/ray/blob/master/release/train_tests/benchmark/core/launchers/ray_launcher.py#L41,"        with open(metrics_path, ""w"") as f:"
ray-project/ray,release/train_tests/benchmark/core/launchers/ray_launcher.py,79,open,NOT_EXPLICIT,False,None,None,run_with_ray,https://github.com/ray-project/ray/blob/master/release/train_tests/benchmark/core/launchers/ray_launcher.py#L79,"        with open(metrics_path, ""r"") as f:"
ray-project/ray,release/train_tests/benchmark/core/runner.py,54,open,NOT_EXPLICIT,False,None,None,write_results,https://github.com/ray-project/ray/blob/master/release/train_tests/benchmark/core/runner.py#L54,"    with open(path, ""w"") as f:"
ray-project/ray,release/train_tests/benchmark/elastic_training/elastic_e2e.py,77,open,NOT_EXPLICIT,False,None,None,main,https://github.com/ray-project/ray/blob/master/release/train_tests/benchmark/elastic_training/elastic_e2e.py#L77,"    with open(METRICS_OUTPUT_PATH, ""r"") as f:"
ray-project/ray,release/train_tests/benchmark/recsys/criteo.py,291,open,NOT_EXPLICIT,False,None,None,global,https://github.com/ray-project/ray/blob/master/release/train_tests/benchmark/recsys/criteo.py#L291,"        with open(json_filepath, ""w"") as f:"
ray-project/ray,release/train_tests/benchmark/runner.py,274,open,NOT_EXPLICIT,False,None,TrainLoopRunner,_load_checkpoint,https://github.com/ray-project/ray/blob/master/release/train_tests/benchmark/runner.py#L274,"        with open(os.path.join(local_dir, ""metrics.json""), ""r"") as f:"
ray-project/ray,release/train_tests/benchmark/runner.py,304,open,NOT_EXPLICIT,False,None,TrainLoopRunner,_save_checkpoint,https://github.com/ray-project/ray/blob/master/release/train_tests/benchmark/runner.py#L304,"            with open(os.path.join(local_dir, ""metrics.json""), ""w"") as f:"
ray-project/ray,release/train_tests/benchmark/train_benchmark.py,41,open,NOT_EXPLICIT,False,None,None,train_fn_per_worker,https://github.com/ray-project/ray/blob/master/release/train_tests/benchmark/train_benchmark.py#L41,"        with open(METRICS_OUTPUT_PATH, ""w"") as f:"
ray-project/ray,release/train_tests/benchmark/train_benchmark.py,107,open,NOT_EXPLICIT,False,None,None,main,https://github.com/ray-project/ray/blob/master/release/train_tests/benchmark/train_benchmark.py#L107,"    with open(METRICS_OUTPUT_PATH, ""r"") as f:"
ray-project/ray,release/train_tests/elastic_training/torch_elastic_e2e.py,349,open,NOT_EXPLICIT,False,None,None,run,https://github.com/ray-project/ray/blob/master/release/train_tests/elastic_training/torch_elastic_e2e.py#L349,"    with open(LOG_FILE, ""r"") as f:"
ray-project/ray,release/train_tests/horovod/train_horovod_multi_node_test.py,36,open,NOT_EXPLICIT,False,None,None,global,https://github.com/ray-project/ray/blob/master/release/train_tests/horovod/train_horovod_multi_node_test.py#L36,"    with open(os.environ[""TEST_OUTPUT_JSON""], ""w"") as f:"
ray-project/ray,release/train_tests/local_mode/torch_local_mode_launcher.py,24,open,NOT_EXPLICIT,False,None,None,_write,https://github.com/ray-project/ray/blob/master/release/train_tests/local_mode/torch_local_mode_launcher.py#L24,"    with open(path, ""wb"") as f:"
ray-project/ray,release/train_tests/local_mode/torch_local_mode_launcher.py,73,open,NOT_EXPLICIT,False,None,None,torch_run_launch_on_nodes,https://github.com/ray-project/ray/blob/master/release/train_tests/local_mode/torch_local_mode_launcher.py#L73,"    with open(absolute_path, ""rb"") as f:"
ray-project/ray,release/train_tests/xgboost_lightgbm/train_batch_inference_benchmark.py,211,open,NOT_EXPLICIT,False,None,None,main,https://github.com/ray-project/ray/blob/master/release/train_tests/xgboost_lightgbm/train_batch_inference_benchmark.py#L211,"    with open(test_output_json, ""wt"") as f:"
ray-project/ray,release/tune_tests/cloud_tests/workloads/long_running_cloud_storage.py,30,open,NOT_EXPLICIT,False,None,ProgressCallback,on_step_end,https://github.com/ray-project/ray/blob/master/release/tune_tests/cloud_tests/workloads/long_running_cloud_storage.py#L30,"            with open(test_output_json_tmp, ""wt"") as f:"
ray-project/ray,release/tune_tests/cloud_tests/workloads/long_running_cloud_storage.py,59,open,NOT_EXPLICIT,False,None,None,function_trainable,https://github.com/ray-project/ray/blob/master/release/tune_tests/cloud_tests/workloads/long_running_cloud_storage.py#L59,"                    with open(checkpoint_file, ""wb"") as fp:"
ray-project/ray,release/tune_tests/frequent_pausing/script.py,34,open,NOT_EXPLICIT,False,None,None,func,https://github.com/ray-project/ray/blob/master/release/tune_tests/frequent_pausing/script.py#L34,"            with open(os.path.join(checkpoint_dir, ""ckpt.pkl""), ""rb"") as f:"
ray-project/ray,release/tune_tests/frequent_pausing/script.py,42,open,NOT_EXPLICIT,False,None,None,func,https://github.com/ray-project/ray/blob/master/release/tune_tests/frequent_pausing/script.py#L42,"            with open(os.path.join(tmpdir, ""ckpt.pkl""), ""wb"") as f:"
ray-project/ray,rllib/algorithms/algorithm.py,3141,open,NOT_EXPLICIT,False,None,Algorithm,save_checkpoint,https://github.com/ray-project/ray/blob/master/rllib/algorithms/algorithm.py#L3141,"            with open(state_file, ""wb"") as f:"
ray-project/ray,rllib/algorithms/algorithm.py,3145,open,NOT_EXPLICIT,False,None,Algorithm,save_checkpoint,https://github.com/ray-project/ray/blob/master/rllib/algorithms/algorithm.py#L3145,"            with open(checkpoint_dir / ""rllib_checkpoint.json"", ""w"") as f:"
ray-project/ray,rllib/algorithms/algorithm.py,4349,open,NOT_EXPLICIT,False,None,Algorithm,_checkpoint_info_to_algorithm_state,https://github.com/ray-project/ray/blob/master/rllib/algorithms/algorithm.py#L4349,"        with open(checkpoint_info[""state_file""], ""rb"") as f:"
ray-project/ray,rllib/algorithms/algorithm.py,4430,open,NOT_EXPLICIT,False,None,Algorithm,_checkpoint_info_to_algorithm_state,https://github.com/ray-project/ray/blob/master/rllib/algorithms/algorithm.py#L4430,"                with open(policy_state_file, ""rb"") as f:"
ray-project/ray,rllib/algorithms/mock.py,65,open,NOT_EXPLICIT,False,None,_MockTrainer,save_checkpoint,https://github.com/ray-project/ray/blob/master/rllib/algorithms/mock.py#L65,"        with open(path, ""wb"") as f:"
ray-project/ray,rllib/algorithms/mock.py,71,open,NOT_EXPLICIT,False,None,_MockTrainer,load_checkpoint,https://github.com/ray-project/ray/blob/master/rllib/algorithms/mock.py#L71,"        with open(path, ""rb"") as f:"
ray-project/ray,rllib/algorithms/tests/run_regression_tests.py,118,open,NOT_EXPLICIT,False,None,None,_load_experiments_from_file,https://github.com/ray-project/ray/blob/master/rllib/algorithms/tests/run_regression_tests.py#L118,        with open(config_file) as f:
ray-project/ray,rllib/examples/envs/classes/multi_agent/footsies/game/footsies_binary.py,196,open,NOT_EXPLICIT,False,None,FootsiesBinary,_download_game_binary,https://github.com/ray-project/ray/blob/master/rllib/examples/envs/classes/multi_agent/footsies/game/footsies_binary.py#L196,"                        with open(self.full_download_path, ""wb"") as f:"
ray-project/ray,rllib/examples/envs/classes/multi_agent/footsies/test/footsies_suppress_unity_logs.py,66,open,NOT_EXPLICIT,False,None,None,capture_stdout_stderr,https://github.com/ray-project/ray/blob/master/rllib/examples/envs/classes/multi_agent/footsies/test/footsies_suppress_unity_logs.py#L66,"        log_file = open(log_path, ""w"", buffering=1)"
ray-project/ray,rllib/examples/envs/classes/multi_agent/footsies/test/footsies_suppress_unity_logs.py,98,open,NOT_EXPLICIT,False,None,TestFootsies,test_default_supress_output_mode,https://github.com/ray-project/ray/blob/master/rllib/examples/envs/classes/multi_agent/footsies/test/footsies_suppress_unity_logs.py#L98,"        with open(log_path, ""r"") as f:"
ray-project/ray,rllib/examples/envs/classes/multi_agent/footsies/test/footsies_suppress_unity_logs.py,120,open,NOT_EXPLICIT,False,None,TestFootsies,test_enable_output_mode,https://github.com/ray-project/ray/blob/master/rllib/examples/envs/classes/multi_agent/footsies/test/footsies_suppress_unity_logs.py#L120,"        with open(log_path, ""r"") as f:"
ray-project/ray,rllib/offline/json_writer.py,106,open,NOT_EXPLICIT,False,None,JsonWriter,_get_file,https://github.com/ray-project/ray/blob/master/rllib/offline/json_writer.py#L106,"                self.cur_file = open(path, ""w"")"
ray-project/ray,rllib/offline/offline_data.py,69,gcsfs.GCSFileSystem,NOT_EXPLICIT,False,None,OfflineData,__init__,https://github.com/ray-project/ray/blob/master/rllib/offline/offline_data.py#L69,            self.filesystem_object = gcsfs.GCSFileSystem(**self.filesystem_kwargs)
ray-project/ray,rllib/offline/offline_env_runner.py,86,gcsfs.GCSFileSystem,NOT_EXPLICIT,False,None,OfflineSingleAgentEnvRunner,__init__,https://github.com/ray-project/ray/blob/master/rllib/offline/offline_env_runner.py#L86,            self.filesystem_object = gcsfs.GCSFileSystem(**self.filesystem_kwargs)
ray-project/ray,rllib/policy/policy.py,314,open,NOT_EXPLICIT,False,None,Policy,from_checkpoint,https://github.com/ray-project/ray/blob/master/rllib/policy/policy.py#L314,"                with open(checkpoint_info[""state_file""], ""rb"") as f:"
ray-project/ray,rllib/policy/policy.py,341,open,NOT_EXPLICIT,False,None,Policy,from_checkpoint,https://github.com/ray-project/ray/blob/master/rllib/policy/policy.py#L341,"                        with open(policy_checkpoint_info[""state_file""], ""rb"") as f:"
ray-project/ray,rllib/policy/policy.py,352,open,NOT_EXPLICIT,False,None,Policy,from_checkpoint,https://github.com/ray-project/ray/blob/master/rllib/policy/policy.py#L352,"            with open(checkpoint_info[""state_file""], ""rb"") as f:"
ray-project/ray,rllib/policy/policy.py,1126,open,NOT_EXPLICIT,False,None,Policy,export_checkpoint,https://github.com/ray-project/ray/blob/master/rllib/policy/policy.py#L1126,"            with open(os.path.join(export_dir, state_file), ""w+b"") as f:"
ray-project/ray,rllib/policy/policy.py,1138,open,NOT_EXPLICIT,False,None,Policy,export_checkpoint,https://github.com/ray-project/ray/blob/master/rllib/policy/policy.py#L1138,"            with open(os.path.join(export_dir, state_file), ""w+b"") as f:"
ray-project/ray,rllib/policy/policy.py,1142,open,NOT_EXPLICIT,False,None,Policy,export_checkpoint,https://github.com/ray-project/ray/blob/master/rllib/policy/policy.py#L1142,"        with open(os.path.join(export_dir, ""rllib_checkpoint.json""), ""w"") as f:"
ray-project/ray,rllib/utils/checkpoints.py,976,open,NOT_EXPLICIT,False,None,None,convert_to_msgpack_checkpoint,https://github.com/ray-project/ray/blob/master/rllib/utils/checkpoints.py#L976,"    with open(state_file, ""wb"") as f:"
ray-project/ray,rllib/utils/checkpoints.py,980,open,NOT_EXPLICIT,False,None,None,convert_to_msgpack_checkpoint,https://github.com/ray-project/ray/blob/master/rllib/utils/checkpoints.py#L980,"    with open(os.path.join(msgpack_checkpoint_dir, ""rllib_checkpoint.json""), ""w"") as f:"
ray-project/ray,rllib/utils/from_config.py,233,open,NOT_EXPLICIT,False,None,None,from_file,https://github.com/ray-project/ray/blob/master/rllib/utils/from_config.py#L233,"    with open(path, ""rt"") as fp:"
ray-project/ray,rllib/utils/policy.py,124,open,NOT_EXPLICIT,False,None,None,parse_policy_specs_from_checkpoint,https://github.com/ray-project/ray/blob/master/rllib/utils/policy.py#L124,"    with open(path, ""rb"") as f:"
ray-project/ray,rllib/utils/tf_run_builder.py,100,open,NOT_EXPLICIT,False,None,None,_run_timeline,https://github.com/ray-project/ray/blob/master/rllib/utils/tf_run_builder.py#L100,"        trace_file = open(outf, ""w"")"
apache/arrow,c_glib/tool/generate-version-header.py,51,open,NOT_EXPLICIT,False,None,None,main,https://github.com/apache/arrow/blob/main/c_glib/tool/generate-version-header.py#L51,"    with open(args.input, ""r"", encoding=""utf-8"") as input_file, \"
apache/arrow,c_glib/tool/generate-version-header.py,52,open,NOT_EXPLICIT,False,None,None,main,https://github.com/apache/arrow/blob/main/c_glib/tool/generate-version-header.py#L52,"            open(args.output, ""w"", encoding=""utf-8"") as output_file:"
apache/arrow,cpp/src/arrow/acero/hash_join_graphs.py,79,open,NOT_EXPLICIT,False,None,None,organize_tests,https://github.com/apache/arrow/blob/main/cpp/src/arrow/acero/hash_join_graphs.py#L79,    with open(filename) as f:
apache/arrow,dev/archery/archery/benchmark/runner.py,122,open,NOT_EXPLICIT,False,None,StaticBenchmarkRunner,from_json,https://github.com/apache/arrow/blob/main/dev/archery/archery/benchmark/runner.py#L122,            with open(path_or_str) as f:
apache/arrow,dev/archery/archery/cli.py,504,open,NOT_EXPLICIT,False,None,None,benchmark_run,https://github.com/apache/arrow/blob/main/dev/archery/archery/cli.py#L504,"            with open(results_path, ""w"") as f:"
apache/arrow,dev/archery/archery/cli.py,510,open,NOT_EXPLICIT,False,None,None,benchmark_run,https://github.com/apache/arrow/blob/main/dev/archery/archery/cli.py#L510,"            with open(metadata_path, ""w"") as f:"
apache/arrow,dev/archery/archery/crossbow/core.py,850,open,NOT_EXPLICIT,False,None,Target,from_repo,https://github.com/apache/arrow/blob/main/dev/archery/archery/crossbow/core.py#L850,"            with open(f""{repo.path}/r/DESCRIPTION"") as description_file:"
apache/arrow,dev/archery/archery/crossbow/reports.py,271,open,NOT_EXPLICIT,False,None,ReportUtils,write_csv,https://github.com/apache/arrow/blob/main/dev/archery/archery/crossbow/reports.py#L271,"        with open(f'{report.job.branch}.csv', 'w') as csvfile:"
apache/arrow,dev/archery/archery/integration/datagen.py,1467,open,NOT_EXPLICIT,False,None,File,write,https://github.com/apache/arrow/blob/main/dev/archery/archery/integration/datagen.py#L1467,"        with open(path, 'wb') as f:"
apache/arrow,dev/archery/archery/integration/datagen.py,2078,open,NOT_EXPLICIT,False,None,None,generate_gold_files,https://github.com/apache/arrow/blob/main/dev/archery/archery/integration/datagen.py#L2078,"        with open(json_path, 'rb') as f_in:"
apache/arrow,dev/archery/archery/integration/runner.py,181,open,NOT_EXPLICIT,False,None,IntegrationRunner,_gold_tests,https://github.com/apache/arrow/blob/main/dev/archery/archery/integration/runner.py#L181,"                with open(out_path, ""wb"") as out:"
apache/arrow,dev/archery/archery/utils/cache.py,77,open,NOT_EXPLICIT,False,None,Cache,download,https://github.com/apache/arrow/blob/main/dev/archery/archery/utils/cache.py#L77,"            with open(path, ""wb"") as path_fd:"
apache/arrow,dev/archery/archery/utils/cmake.py,199,open,NOT_EXPLICIT,False,None,CMakeBuild,from_path,https://github.com/apache/arrow/blob/main/dev/archery/archery/utils/cmake.py#L199,"        with open(cmake_cache_path, ""r"") as cmake_cache:"
apache/arrow,dev/archery/archery/utils/source.py,127,open,NOT_EXPLICIT,False,None,ArrowSources,archive,https://github.com/apache/arrow/blob/main/dev/archery/archery/utils/source.py#L127,"            with open(tar_path, ""wb"") as tar:"
apache/arrow,dev/archery/archery/utils/source.py,134,open,NOT_EXPLICIT,False,None,ArrowSources,archive,https://github.com/apache/arrow/blob/main/dev/archery/archery/utils/source.py#L134,"            with open(tar_path, ""rb"") as tar:"
apache/arrow,dev/archery/archery/utils/source.py,140,open,NOT_EXPLICIT,False,None,ArrowSources,archive,https://github.com/apache/arrow/blob/main/dev/archery/archery/utils/source.py#L140,"        with open(path, ""wb"") as archive_fd:"
apache/arrow,dev/release/check-rat-report.py,33,open,NOT_EXPLICIT,False,None,None,global,https://github.com/apache/arrow/blob/main/dev/release/check-rat-report.py#L33,"globs = [line.strip() for line in open(exclude_globs_filename, ""r"")]"
apache/arrow,dev/release/utils-update-docs-versions.py,45,open,NOT_EXPLICIT,False,None,None,global,https://github.com/apache/arrow/blob/main/dev/release/utils-update-docs-versions.py#L45,    with open(main_versions_path) as json_file:
apache/arrow,dev/release/utils-update-docs-versions.py,73,open,NOT_EXPLICIT,False,None,None,global,https://github.com/apache/arrow/blob/main/dev/release/utils-update-docs-versions.py#L73,"        with open(main_versions_path, 'w') as json_file:"
apache/arrow,dev/release/utils-update-docs-versions.py,80,open,NOT_EXPLICIT,False,None,None,global,https://github.com/apache/arrow/blob/main/dev/release/utils-update-docs-versions.py#L80,with open(r_versions_path) as json_file:
apache/arrow,dev/release/utils-update-docs-versions.py,106,open,NOT_EXPLICIT,False,None,None,global,https://github.com/apache/arrow/blob/main/dev/release/utils-update-docs-versions.py#L106,"with open(r_versions_path, 'w') as json_file:"
apache/arrow,dev/release/utils-update-docs-versions.py,111,open,NOT_EXPLICIT,False,None,None,global,https://github.com/apache/arrow/blob/main/dev/release/utils-update-docs-versions.py#L111,with open(r_versions_path) as json_file:
apache/arrow,dev/release/utils-update-docs-versions.py,115,open,NOT_EXPLICIT,False,None,None,global,https://github.com/apache/arrow/blob/main/dev/release/utils-update-docs-versions.py#L115,"with open(r_html_path, 'w') as html_file:"
apache/arrow,python/examples/flight/client.py,168,open,NOT_EXPLICIT,False,None,None,main,https://github.com/apache/arrow/blob/main/python/examples/flight/client.py#L168,"            with open(args.tls_roots, ""rb"") as root_certs:"
apache/arrow,python/examples/flight/client.py,171,open,NOT_EXPLICIT,False,None,None,main,https://github.com/apache/arrow/blob/main/python/examples/flight/client.py#L171,"        with open(args.mtls[0], ""rb"") as cert_file:"
apache/arrow,python/examples/flight/client.py,173,open,NOT_EXPLICIT,False,None,None,main,https://github.com/apache/arrow/blob/main/python/examples/flight/client.py#L173,"        with open(args.mtls[1], ""rb"") as key_file:"
apache/arrow,python/examples/flight/server.py,137,open,NOT_EXPLICIT,False,None,None,main,https://github.com/apache/arrow/blob/main/python/examples/flight/server.py#L137,"        with open(args.tls[0], ""rb"") as cert_file:"
apache/arrow,python/examples/flight/server.py,139,open,NOT_EXPLICIT,False,None,None,main,https://github.com/apache/arrow/blob/main/python/examples/flight/server.py#L139,"        with open(args.tls[1], ""rb"") as key_file:"
apache/arrow,python/pyarrow/fs.py,319,self.fs.info,NOT_EXPLICIT,False,None,FSSpecHandler,get_file_info,https://github.com/apache/arrow/blob/main/python/pyarrow/fs.py#L319,                info = self.fs.info(path)
apache/arrow,python/pyarrow/fs.py,327,self.fs.isdir,NOT_EXPLICIT,False,None,FSSpecHandler,get_file_info_selector,https://github.com/apache/arrow/blob/main/python/pyarrow/fs.py#L327,        if not self.fs.isdir(selector.base_dir):
apache/arrow,python/pyarrow/fs.py,328,self.fs.exists,NOT_EXPLICIT,False,None,FSSpecHandler,get_file_info_selector,https://github.com/apache/arrow/blob/main/python/pyarrow/fs.py#L328,            if self.fs.exists(selector.base_dir):
apache/arrow,python/pyarrow/fs.py,342,self.fs.find,NOT_EXPLICIT,False,None,FSSpecHandler,get_file_info_selector,https://github.com/apache/arrow/blob/main/python/pyarrow/fs.py#L342,"        selected_files = self.fs.find(             selector.base_dir, maxdepth=maxdepth, withdirs=True, detail=True         )"
apache/arrow,python/pyarrow/fs.py,358,self.fs.mkdir,NOT_EXPLICIT,False,None,FSSpecHandler,create_dir,https://github.com/apache/arrow/blob/main/python/pyarrow/fs.py#L358,"            self.fs.mkdir(path, create_parents=recursive)"
apache/arrow,python/pyarrow/fs.py,363,self.fs.rm,NOT_EXPLICIT,False,None,FSSpecHandler,delete_dir,https://github.com/apache/arrow/blob/main/python/pyarrow/fs.py#L363,"        self.fs.rm(path, recursive=True)"
apache/arrow,python/pyarrow/fs.py,367,self.fs.listdir,NOT_EXPLICIT,False,None,FSSpecHandler,_delete_dir_contents,https://github.com/apache/arrow/blob/main/python/pyarrow/fs.py#L367,"            subpaths = self.fs.listdir(path, detail=False)"
apache/arrow,python/pyarrow/fs.py,373,self.fs.isdir,NOT_EXPLICIT,False,None,FSSpecHandler,_delete_dir_contents,https://github.com/apache/arrow/blob/main/python/pyarrow/fs.py#L373,            if self.fs.isdir(subpath):
apache/arrow,python/pyarrow/fs.py,374,self.fs.rm,NOT_EXPLICIT,False,None,FSSpecHandler,_delete_dir_contents,https://github.com/apache/arrow/blob/main/python/pyarrow/fs.py#L374,"                self.fs.rm(subpath, recursive=True)"
apache/arrow,python/pyarrow/fs.py,375,self.fs.isfile,NOT_EXPLICIT,False,None,FSSpecHandler,_delete_dir_contents,https://github.com/apache/arrow/blob/main/python/pyarrow/fs.py#L375,            elif self.fs.isfile(subpath):
apache/arrow,python/pyarrow/fs.py,376,self.fs.rm,NOT_EXPLICIT,False,None,FSSpecHandler,_delete_dir_contents,https://github.com/apache/arrow/blob/main/python/pyarrow/fs.py#L376,                self.fs.rm(subpath)
apache/arrow,python/pyarrow/fs.py,390,self.fs.exists,NOT_EXPLICIT,False,None,FSSpecHandler,delete_file,https://github.com/apache/arrow/blob/main/python/pyarrow/fs.py#L390,        if not self.fs.exists(path):
apache/arrow,python/pyarrow/fs.py,392,self.fs.rm,NOT_EXPLICIT,False,None,FSSpecHandler,delete_file,https://github.com/apache/arrow/blob/main/python/pyarrow/fs.py#L392,        self.fs.rm(path)
apache/arrow,python/pyarrow/fs.py,395,self.fs.mv,NOT_EXPLICIT,False,None,FSSpecHandler,move,https://github.com/apache/arrow/blob/main/python/pyarrow/fs.py#L395,"        self.fs.mv(src, dest, recursive=True)"
apache/arrow,python/pyarrow/fs.py,400,self.fs.copy,NOT_EXPLICIT,False,None,FSSpecHandler,copy_file,https://github.com/apache/arrow/blob/main/python/pyarrow/fs.py#L400,"        self.fs.copy(src, dest)"
apache/arrow,python/pyarrow/fs.py,407,self.fs.isfile,NOT_EXPLICIT,False,None,FSSpecHandler,open_input_stream,https://github.com/apache/arrow/blob/main/python/pyarrow/fs.py#L407,        if not self.fs.isfile(path):
apache/arrow,python/pyarrow/fs.py,410,self.fs.open,NOT_EXPLICIT,False,None,FSSpecHandler,open_input_stream,https://github.com/apache/arrow/blob/main/python/pyarrow/fs.py#L410,"        return PythonFile(self.fs.open(path, mode=""rb""), mode=""r"")"
apache/arrow,python/pyarrow/fs.py,415,self.fs.isfile,NOT_EXPLICIT,False,None,FSSpecHandler,open_input_file,https://github.com/apache/arrow/blob/main/python/pyarrow/fs.py#L415,        if not self.fs.isfile(path):
apache/arrow,python/pyarrow/fs.py,418,self.fs.open,NOT_EXPLICIT,False,None,FSSpecHandler,open_input_file,https://github.com/apache/arrow/blob/main/python/pyarrow/fs.py#L418,"        return PythonFile(self.fs.open(path, mode=""rb""), mode=""r"")"
apache/arrow,python/pyarrow/fs.py,423,self.fs.open,NOT_EXPLICIT,False,None,FSSpecHandler,open_output_stream,https://github.com/apache/arrow/blob/main/python/pyarrow/fs.py#L423,"        return PythonFile(self.fs.open(path, mode=""wb""), mode=""w"")"
apache/arrow,python/pyarrow/fs.py,428,self.fs.open,NOT_EXPLICIT,False,None,FSSpecHandler,open_append_stream,https://github.com/apache/arrow/blob/main/python/pyarrow/fs.py#L428,"        return PythonFile(self.fs.open(path, mode=""ab""), mode=""w"")"
apache/arrow,python/pyarrow/tests/parquet/conftest.py,84,fs.mkdir,NOT_EXPLICIT,False,None,None,s3_example_s3fs,https://github.com/apache/arrow/blob/main/python/pyarrow/tests/parquet/conftest.py#L84,    fs.mkdir(test_path)
apache/arrow,python/pyarrow/tests/parquet/conftest.py,87,fs.rm,NOT_EXPLICIT,False,None,None,s3_example_s3fs,https://github.com/apache/arrow/blob/main/python/pyarrow/tests/parquet/conftest.py#L87,"        fs.rm(test_path, recursive=True)"
apache/arrow,python/pyarrow/tests/parquet/encryption.py,113,open,NOT_EXPLICIT,False,None,None,verify_file_encrypted,https://github.com/apache/arrow/blob/main/python/pyarrow/tests/parquet/encryption.py#L113,"    with open(path, ""rb"") as file:"
apache/arrow,python/pyarrow/tests/read_record_batch.py,24,open,NOT_EXPLICIT,False,None,None,global,https://github.com/apache/arrow/blob/main/python/pyarrow/tests/read_record_batch.py#L24,"with open(sys.argv[1], 'rb') as f:"
apache/arrow,python/pyarrow/tests/util.py,296,self._fs.move,NOT_EXPLICIT,False,None,ProxyHandler,move,https://github.com/apache/arrow/blob/main/python/pyarrow/tests/util.py#L296,"        return self._fs.move(src, dest)"
apache/arrow,python/pyarrow/tests/util.py,407,open,NOT_EXPLICIT,False,None,None,_configure_s3_limited_user,https://github.com/apache/arrow/blob/main/python/pyarrow/tests/util.py#L407,"        with open(policy_path, mode='w') as policy_file:"
apache/arrow,python/pyarrow/util.py,237,open,NOT_EXPLICIT,False,None,None,_download_urllib,https://github.com/apache/arrow/blob/main/python/pyarrow/util.py#L237,"        with open(out_path, 'wb') as f:"
apache/arrow,python/pyarrow/util.py,244,open,NOT_EXPLICIT,False,None,None,_download_requests,https://github.com/apache/arrow/blob/main/python/pyarrow/util.py#L244,"        with open(out_path, 'wb') as f:"
