Target,File Path,Line,Target Name,Is Descoped (Zero-Copy Ready),Consumer Category,Consumer Name,Descoping Rationale,Enclosing Class,Enclosing Function,File URL
GitHub:pytorch/pytorch (main),.ci/lumen_cli/cli/lib/core/vllm/lib.py,137,resp.read,True,JSON_LOADS,json.loads,Direct in-place consumer 'json.loads' (safe zero-copy candidate),,_load_disabled_vllm_tests_from_github,https://github.com/pytorch/pytorch/blob/main/.ci/lumen_cli/cli/lib/core/vllm/lib.py#L137
GitHub:pytorch/pytorch (main),.ci/pytorch/print_sccache_log.py,7,f.readlines,True,DESCUPED_LOCAL_VARIABLE,lines,Local transient variable 'lines' (ownership discarded at function exit),,,https://github.com/pytorch/pytorch/blob/main/.ci/pytorch/print_sccache_log.py#L7
GitHub:pytorch/pytorch (main),.ci/pytorch/smoke_test/check_wheel_tags.py,36,zf.read,True,CHAINED_TRANSFORMATION,decode,Immediately transformed in-place via .decode(),,_extract_wheel_tags,https://github.com/pytorch/pytorch/blob/main/.ci/pytorch/smoke_test/check_wheel_tags.py#L36
GitHub:pytorch/pytorch (main),.ci/pytorch/windows/_common.py,95,response.read,True,LOCAL_TRANSIENT,local,Local scope execution without explicit escape detected,,download,https://github.com/pytorch/pytorch/blob/main/.ci/pytorch/windows/_common.py#L95
GitHub:pytorch/pytorch (main),.spin/cmds.py,32,file.read,True,LOCAL_TRANSIENT,local,Local scope execution without explicit escape detected,,file_digest,https://github.com/pytorch/pytorch/blob/main/.spin/cmds.py#L32
GitHub:pytorch/pytorch (main),.spin/cmds.py,52,f.readlines,True,DESCUPED_LOCAL_VARIABLE,lines,Local transient variable 'lines' (ownership discarded at function exit),,_read_hashes,https://github.com/pytorch/pytorch/blob/main/.spin/cmds.py#L52
GitHub:pytorch/pytorch (main),aten/src/ATen/native/transformers/hip/flash_attn/ck/fav_v3/generate_aiter_embedded_hsa.py,83,f.read,True,DESCUPED_LOCAL_VARIABLE,data,Local transient variable 'data' (ownership discarded at function exit),,generate_embedded_hsa_header,https://github.com/pytorch/pytorch/blob/main/aten/src/ATen/native/transformers/hip/flash_attn/ck/fav_v3/generate_aiter_embedded_hsa.py#L83
GitHub:pytorch/pytorch (main),functorch/dim/magic_trace.py,35,p.stderr.readline,True,DESCUPED_LOCAL_VARIABLE,x,Local transient variable 'x' (ownership discarded at function exit),,magic_trace,https://github.com/pytorch/pytorch/blob/main/functorch/dim/magic_trace.py#L35
GitHub:pytorch/pytorch (main),functorch/dim/magic_trace.py,45,p.stderr.read,True,DIRECT_CALL_ARGUMENT,print,Passed directly to consumer function 'print',,magic_trace,https://github.com/pytorch/pytorch/blob/main/functorch/dim/magic_trace.py#L45
GitHub:pytorch/pytorch (main),functorch/op_analysis/gen_data.py,28,f.read,True,DIRECT_CALL_ARGUMENT,yaml.load,Passed directly to consumer function 'yaml.load',,gen_data,https://github.com/pytorch/pytorch/blob/main/functorch/op_analysis/gen_data.py#L28
GitHub:pytorch/pytorch (main),tools/amd_build/build_amd.py,195,sources.readlines,True,DESCUPED_LOCAL_VARIABLE,lines,Local transient variable 'lines' (ownership discarded at function exit),,,https://github.com/pytorch/pytorch/blob/main/tools/amd_build/build_amd.py#L195
GitHub:pytorch/pytorch (main),tools/amd_build/build_amd.py,275,sources.readlines,True,DESCUPED_LOCAL_VARIABLE,lines,Local transient variable 'lines' (ownership discarded at function exit),,,https://github.com/pytorch/pytorch/blob/main/tools/amd_build/build_amd.py#L275
GitHub:pytorch/pytorch (main),tools/amd_build/build_amd.py,307,src.readlines,True,DESCUPED_LOCAL_VARIABLE,src_lines,Local transient variable 'src_lines' (ownership discarded at function exit),,,https://github.com/pytorch/pytorch/blob/main/tools/amd_build/build_amd.py#L307
GitHub:pytorch/pytorch (main),tools/amd_build/build_amd.py,311,dst.readlines,True,DESCUPED_LOCAL_VARIABLE,dst_lines,Local transient variable 'dst_lines' (ownership discarded at function exit),,,https://github.com/pytorch/pytorch/blob/main/tools/amd_build/build_amd.py#L311
GitHub:pytorch/pytorch (main),tools/code_analyzer/gen_oplist.py,149,model_list_file.read,True,CHAINED_TRANSFORMATION,split,Immediately transformed in-place via .split(),,main,https://github.com/pytorch/pytorch/blob/main/tools/code_analyzer/gen_oplist.py#L149
GitHub:pytorch/pytorch (main),tools/code_coverage/package/tool/summarize_jsons.py,97,f.readlines,True,DESCUPED_LOCAL_VARIABLE,lines,Local transient variable 'lines' (ownership discarded at function exit),,get_json_obj,https://github.com/pytorch/pytorch/blob/main/tools/code_coverage/package/tool/summarize_jsons.py#L97
GitHub:pytorch/pytorch (main),tools/create_worktree.py,61,config.read,True,STANDALONE_DRAIN,expr,Result discarded immediately after execution,,parse_gitmodules,https://github.com/pytorch/pytorch/blob/main/tools/create_worktree.py#L61
GitHub:pytorch/pytorch (main),tools/download_mnist.py,76,zipped_file.read,True,DIRECT_CALL_ARGUMENT,unzipped_file.write,Passed directly to consumer function 'unzipped_file.write',,unzip,https://github.com/pytorch/pytorch/blob/main/tools/download_mnist.py#L76
GitHub:pytorch/pytorch (main),tools/dynamo/gb_id_mapping.py,81,f.read,True,DESCUPED_LOCAL_VARIABLE,hints_source,Local transient variable 'hints_source' (ownership discarded at function exit),,expand_hints,https://github.com/pytorch/pytorch/blob/main/tools/dynamo/gb_id_mapping.py#L81
GitHub:pytorch/pytorch (main),tools/dynamo/gb_id_mapping.py,251,f.read,True,DESCUPED_LOCAL_VARIABLE,source,Local transient variable 'source' (ownership discarded at function exit),,find_unimplemented_calls,https://github.com/pytorch/pytorch/blob/main/tools/dynamo/gb_id_mapping.py#L251
GitHub:pytorch/pytorch (main),tools/experimental/torchfuzz/runner.py,65,f.read,True,DIRECT_CALL_ARGUMENT,print,Passed directly to consumer function 'print',ProgramRunner,run_program,https://github.com/pytorch/pytorch/blob/main/tools/experimental/torchfuzz/runner.py#L65
GitHub:pytorch/pytorch (main),tools/gen_cupti_stubs.py,179,header.read_bytes,True,HASHLIB_HASH,hashlib.sha256,Direct in-place consumer 'hashlib.sha256' (safe zero-copy candidate),,render,https://github.com/pytorch/pytorch/blob/main/tools/gen_cupti_stubs.py#L179
GitHub:pytorch/pytorch (main),tools/gen_vulkan_spv.py,431,input_file.read,True,DESCUPED_LOCAL_VARIABLE,input_text,Local transient variable 'input_text' (ownership discarded at function exit),SPVGenerator,generateSPV,https://github.com/pytorch/pytorch/blob/main/tools/gen_vulkan_spv.py#L431
GitHub:pytorch/pytorch (main),tools/gen_vulkan_spv.py,626,fr.read,True,DIRECT_CALL_ARGUMENT,array.array,Passed directly to consumer function 'array.array',,generateSpvBinStr,https://github.com/pytorch/pytorch/blob/main/tools/gen_vulkan_spv.py#L626
GitHub:pytorch/pytorch (main),tools/github/github_utils.py,23,x.read,True,LOCAL_TRANSIENT,local,Local scope execution without explicit escape detected,,gh_fetch_url_and_headers,https://github.com/pytorch/pytorch/blob/main/tools/github/github_utils.py#L23
GitHub:pytorch/pytorch (main),tools/github/github_utils.py,54,x.read,True,LOCAL_TRANSIENT,local,Local scope execution without explicit escape detected,,gh_fetch_url,https://github.com/pytorch/pytorch/blob/main/tools/github/github_utils.py#L54
GitHub:pytorch/pytorch (main),tools/linter/adapters/_stable_shim_utils.py,588,f.read,True,CHAINED_TRANSFORMATION,strip,Immediately transformed in-place via .strip(),,get_current_version,https://github.com/pytorch/pytorch/blob/main/tools/linter/adapters/_stable_shim_utils.py#L588
GitHub:pytorch/pytorch (main),tools/linter/adapters/clangformat_linter.py,101,f.read,False,ESCAPING_LOCAL_VAR,original,Variable 'original' returned from function,,check_file,https://github.com/pytorch/pytorch/blob/main/tools/linter/adapters/clangformat_linter.py#L101
GitHub:pytorch/pytorch (main),tools/linter/adapters/cmake_minimum_required_linter.py,173,f.readlines,True,DESCUPED_LOCAL_VARIABLE,lines,Local transient variable 'lines' (ownership discarded at function exit),,check_requirements,https://github.com/pytorch/pytorch/blob/main/tools/linter/adapters/cmake_minimum_required_linter.py#L173
GitHub:pytorch/pytorch (main),tools/linter/adapters/gha_linter.py,56,f.read,True,DESCUPED_LOCAL_VARIABLE,contents,Local transient variable 'contents' (ownership discarded at function exit),,,https://github.com/pytorch/pytorch/blob/main/tools/linter/adapters/gha_linter.py#L56
GitHub:pytorch/pytorch (main),tools/linter/adapters/grep_linter.py,212,f.read,True,DESCUPED_LOCAL_VARIABLE,original,Local transient variable 'original' (ownership discarded at function exit),,lint_file,https://github.com/pytorch/pytorch/blob/main/tools/linter/adapters/grep_linter.py#L212
GitHub:pytorch/pytorch (main),tools/linter/adapters/nativefunctions_linter.py,67,f.read,True,DESCUPED_LOCAL_VARIABLE,contents,Local transient variable 'contents' (ownership discarded at function exit),,,https://github.com/pytorch/pytorch/blob/main/tools/linter/adapters/nativefunctions_linter.py#L67
GitHub:pytorch/pytorch (main),tools/linter/adapters/newlines_linter.py,73,f.readlines,True,DESCUPED_LOCAL_VARIABLE,lines,Local transient variable 'lines' (ownership discarded at function exit),,check_file,https://github.com/pytorch/pytorch/blob/main/tools/linter/adapters/newlines_linter.py#L73
GitHub:pytorch/pytorch (main),tools/linter/adapters/no_merge_conflict_csv_linter.py,34,f.read,True,CHAINED_TRANSFORMATION,decode,Immediately transformed in-place via .decode(),,check_file,https://github.com/pytorch/pytorch/blob/main/tools/linter/adapters/no_merge_conflict_csv_linter.py#L34
GitHub:pytorch/pytorch (main),tools/linter/adapters/no_merge_conflict_csv_linter.py,37,f.readlines,True,DESCUPED_LOCAL_VARIABLE,lines,Local transient variable 'lines' (ownership discarded at function exit),,check_file,https://github.com/pytorch/pytorch/blob/main/tools/linter/adapters/no_merge_conflict_csv_linter.py#L37
GitHub:pytorch/pytorch (main),tools/linter/adapters/no_workflows_on_fork.py,129,f.readlines,True,DESCUPED_LOCAL_VARIABLE,lines,Local transient variable 'lines' (ownership discarded at function exit),,check_file,https://github.com/pytorch/pytorch/blob/main/tools/linter/adapters/no_workflows_on_fork.py#L129
GitHub:pytorch/pytorch (main),tools/linter/adapters/raw_throw_linter.py,482,f.read,False,ESCAPING_LOCAL_VAR,text,Variable 'text' returned from function,,check_file,https://github.com/pytorch/pytorch/blob/main/tools/linter/adapters/raw_throw_linter.py#L482
GitHub:pytorch/pytorch (main),tools/linter/adapters/ruff_linter.py,308,f.read,False,ESCAPING_LOCAL_VAR,original,Variable 'original' returned from function,,check_file_for_fixes,https://github.com/pytorch/pytorch/blob/main/tools/linter/adapters/ruff_linter.py#L308
GitHub:pytorch/pytorch (main),tools/linter/adapters/scoped_library_linter.py,80,f.read,True,DESCUPED_LOCAL_VARIABLE,content,Local transient variable 'content' (ownership discarded at function exit),,check_file,https://github.com/pytorch/pytorch/blob/main/tools/linter/adapters/scoped_library_linter.py#L80
GitHub:pytorch/pytorch (main),tools/linter/adapters/stable_shim_usage_linter.py,79,f.readlines,True,DESCUPED_LOCAL_VARIABLE,lines,Local transient variable 'lines' (ownership discarded at function exit),,get_shim_functions,https://github.com/pytorch/pytorch/blob/main/tools/linter/adapters/stable_shim_usage_linter.py#L79
GitHub:pytorch/pytorch (main),tools/linter/adapters/stable_shim_usage_linter.py,154,f.readlines,True,DESCUPED_LOCAL_VARIABLE,lines,Local transient variable 'lines' (ownership discarded at function exit),,check_file,https://github.com/pytorch/pytorch/blob/main/tools/linter/adapters/stable_shim_usage_linter.py#L154
GitHub:pytorch/pytorch (main),tools/linter/adapters/stable_shim_version_linter.py,123,f.readlines,True,DESCUPED_LOCAL_VARIABLE,lines,Local transient variable 'lines' (ownership discarded at function exit),,check_file,https://github.com/pytorch/pytorch/blob/main/tools/linter/adapters/stable_shim_version_linter.py#L123
GitHub:pytorch/pytorch (main),tools/linter/adapters/unspecified_backend_linter.py,72,f.read,True,DESCUPED_LOCAL_VARIABLE,source,Local transient variable 'source' (ownership discarded at function exit),,check_file,https://github.com/pytorch/pytorch/blob/main/tools/linter/adapters/unspecified_backend_linter.py#L72
GitHub:pytorch/pytorch (main),tools/linter/adapters/workflow_consistency_linter.py,80,f.readlines,True,DESCUPED_LOCAL_VARIABLE,lines,Local transient variable 'lines' (ownership discarded at function exit),,print_lint_message,https://github.com/pytorch/pytorch/blob/main/tools/linter/adapters/workflow_consistency_linter.py#L80
GitHub:pytorch/pytorch (main),tools/native_aot/export.py,120,f.read,True,HASHLIB_HASH,hashlib.sha256,Direct in-place consumer 'hashlib.sha256' (safe zero-copy candidate),,_file_hash,https://github.com/pytorch/pytorch/blob/main/tools/native_aot/export.py#L120
GitHub:pytorch/pytorch (main),tools/optional_submodules.py,12,f.read,True,CHAINED_TRANSFORMATION,strip,Immediately transformed in-place via .strip(),,_read_file,https://github.com/pytorch/pytorch/blob/main/tools/optional_submodules.py#L12
GitHub:pytorch/pytorch (main),tools/packaging/build_wheel.py,56,f.read,True,DESCUPED_LOCAL_VARIABLE,content,Local transient variable 'content' (ownership discarded at function exit),,get_supported_python_versions,https://github.com/pytorch/pytorch/blob/main/tools/packaging/build_wheel.py#L56
GitHub:pytorch/pytorch (main),tools/setup_helpers/gen_version_header.py,50,f.read,True,CHAINED_TRANSFORMATION,strip,Immediately transformed in-place via .strip(),,main,https://github.com/pytorch/pytorch/blob/main/tools/setup_helpers/gen_version_header.py#L50
GitHub:pytorch/pytorch (main),tools/setup_helpers/generate_linker_script.py,11,f.readlines,True,DESCUPED_LOCAL_VARIABLE,prioritized_text,Local transient variable 'prioritized_text' (ownership discarded at function exit),,gen_linker_script,https://github.com/pytorch/pytorch/blob/main/tools/setup_helpers/generate_linker_script.py#L11
GitHub:pytorch/pytorch (main),tools/stats/import_test_stats.py,72,urlopen.read,True,CHAINED_TRANSFORMATION,decode,Immediately transformed in-place via .decode(),,fetch_and_cache,https://github.com/pytorch/pytorch/blob/main/tools/stats/import_test_stats.py#L72
GitHub:pytorch/pytorch (main),tools/stats/upload_external_contrib_stats.py,35,x.read,True,LOCAL_TRANSIENT,local,Local scope execution without explicit escape detected,,_fetch_url,https://github.com/pytorch/pytorch/blob/main/tools/stats/upload_external_contrib_stats.py#L35
GitHub:pytorch/pytorch (main),tools/stats/upload_stats_lib.py,114,read,True,DIRECT_CALL_ARGUMENT,f.write,Passed directly to consumer function 'f.write',,download_s3_artifacts,https://github.com/pytorch/pytorch/blob/main/tools/stats/upload_stats_lib.py#L114
GitHub:pytorch/pytorch (main),tools/stats/upload_stats_lib.py,181,read,True,DESCUPED_LOCAL_VARIABLE,body,Local transient variable 'body' (ownership discarded at function exit),,read_from_s3,https://github.com/pytorch/pytorch/blob/main/tools/stats/upload_stats_lib.py#L181
GitHub:pytorch/pytorch (main),tools/stats/upload_utilization_stats/upload_utilization_stats.py,401,f.read,False,ESCAPING_RETURN,return,Directly returned from function (caller assumes ownership),,read_file,https://github.com/pytorch/pytorch/blob/main/tools/stats/upload_utilization_stats/upload_utilization_stats.py#L401
GitHub:pytorch/pytorch (main),tools/stats/upload_utilization_stats/upload_utilization_stats.py,407,f.read,False,ESCAPING_RETURN,return,Directly returned from function (caller assumes ownership),,read_file,https://github.com/pytorch/pytorch/blob/main/tools/stats/upload_utilization_stats/upload_utilization_stats.py#L407
GitHub:pytorch/pytorch (main),tools/stats/upload_utilization_stats/upload_utilization_stats.py,421,zip_file.read,True,CHAINED_TRANSFORMATION,decode,Immediately transformed in-place via .decode(),,unzip_file,https://github.com/pytorch/pytorch/blob/main/tools/stats/upload_utilization_stats/upload_utilization_stats.py#L421
GitHub:pytorch/pytorch (main),tools/substitute.py,15,f.read,True,DESCUPED_LOCAL_VARIABLE,contents,Local transient variable 'contents' (ownership discarded at function exit),,main,https://github.com/pytorch/pytorch/blob/main/tools/substitute.py#L15
GitHub:pytorch/pytorch (main),tools/update_masked_docs.py,22,_f.read,True,DESCUPED_LOCAL_VARIABLE,current_content,Local transient variable 'current_content' (ownership discarded at function exit),,main,https://github.com/pytorch/pytorch/blob/main/tools/update_masked_docs.py#L22
GitHub:pytorch/pytorch (main),torch/__init__.py,433,f.read,True,DESCUPED_LOCAL_VARIABLE,_maps,Local transient variable '_maps' (ownership discarded at function exit),,_load_global_deps,https://github.com/pytorch/pytorch/blob/main/torch/__init__.py#L433
GitHub:pytorch/pytorch (main),torch/_decomp/decompositions.py,559,torch.cat,False,ESCAPING_RETURN,return,Directly returned from function (caller assumes ownership),,glu_backward,https://github.com/pytorch/pytorch/blob/main/torch/_decomp/decompositions.py#L559
GitHub:pytorch/pytorch (main),torch/_decomp/decompositions.py,735,torch.cat,True,DESCUPED_LOCAL_VARIABLE,x1_,Local transient variable 'x1_' (ownership discarded at function exit),,_euclidean_dist,https://github.com/pytorch/pytorch/blob/main/torch/_decomp/decompositions.py#L735
GitHub:pytorch/pytorch (main),torch/_decomp/decompositions.py,736,torch.cat,True,DESCUPED_LOCAL_VARIABLE,x2_,Local transient variable 'x2_' (ownership discarded at function exit),,_euclidean_dist,https://github.com/pytorch/pytorch/blob/main/torch/_decomp/decompositions.py#L736
GitHub:pytorch/pytorch (main),torch/_decomp/decompositions.py,1334,torch.cat,False,ESCAPING_LOCAL_VAR,x,Variable 'x' returned from function,,_softmax_unbacked_safe_amax,https://github.com/pytorch/pytorch/blob/main/torch/_decomp/decompositions.py#L1334
GitHub:pytorch/pytorch (main),torch/_decomp/decompositions.py,1511,torch.cat,False,ESCAPING_RETURN,return,Directly returned from function (caller assumes ownership),,_chunk_cat,https://github.com/pytorch/pytorch/blob/main/torch/_decomp/decompositions.py#L1511
GitHub:pytorch/pytorch (main),torch/_decomp/decompositions.py,1513,torch.cat,True,STANDALONE_DRAIN,expr,Result discarded immediately after execution,,_chunk_cat,https://github.com/pytorch/pytorch/blob/main/torch/_decomp/decompositions.py#L1513
GitHub:pytorch/pytorch (main),torch/_decomp/decompositions.py,3909,torch.cat,False,ESCAPING_LOCAL_VAR,out,Variable 'out' returned from function,,one_layer_rnn_data,https://github.com/pytorch/pytorch/blob/main/torch/_decomp/decompositions.py#L3909
GitHub:pytorch/pytorch (main),torch/_decomp/decompositions.py,3910,torch.cat,True,LOCAL_TRANSIENT,local,Local scope execution without explicit escape detected,,one_layer_rnn_data,https://github.com/pytorch/pytorch/blob/main/torch/_decomp/decompositions.py#L3910
GitHub:pytorch/pytorch (main),torch/_decomp/decompositions.py,3946,torch.cat,False,ESCAPING_LOCAL_VAR,out,Variable 'out' returned from function,,one_layer_rnn,https://github.com/pytorch/pytorch/blob/main/torch/_decomp/decompositions.py#L3946
GitHub:pytorch/pytorch (main),torch/_decomp/decompositions.py,4031,torch.cat,False,ESCAPING_LOCAL_VAR,input,Variable 'input' returned from function,,_rnn_helper,https://github.com/pytorch/pytorch/blob/main/torch/_decomp/decompositions.py#L4031
GitHub:pytorch/pytorch (main),torch/_decomp/decompositions.py,4210,torch.cat,False,ESCAPING_LOCAL_VAR,out,Variable 'out' returned from function,,one_layer_lstm,https://github.com/pytorch/pytorch/blob/main/torch/_decomp/decompositions.py#L4210
GitHub:pytorch/pytorch (main),torch/_decomp/decompositions.py,4273,torch.cat,True,LOCAL_TRANSIENT,local,Local scope execution without explicit escape detected,,one_layer_lstm_data,https://github.com/pytorch/pytorch/blob/main/torch/_decomp/decompositions.py#L4273
GitHub:pytorch/pytorch (main),torch/_decomp/decompositions.py,4273,torch.cat,True,LOCAL_TRANSIENT,local,Local scope execution without explicit escape detected,,one_layer_lstm_data,https://github.com/pytorch/pytorch/blob/main/torch/_decomp/decompositions.py#L4273
GitHub:pytorch/pytorch (main),torch/_decomp/decompositions.py,4275,torch.cat,False,ESCAPING_LOCAL_VAR,out,Variable 'out' returned from function,,one_layer_lstm_data,https://github.com/pytorch/pytorch/blob/main/torch/_decomp/decompositions.py#L4275
GitHub:pytorch/pytorch (main),torch/_decomp/decompositions.py,6022,torch.cat,True,DESCUPED_LOCAL_VARIABLE,all_elements,Local transient variable 'all_elements' (ownership discarded at function exit),,isin_sorting,https://github.com/pytorch/pytorch/blob/main/torch/_decomp/decompositions.py#L6022
GitHub:pytorch/pytorch (main),torch/_dynamo/package.py,1128,self.read,False,ESCAPING_LOCAL_VAR,precompile_entry,Variable 'precompile_entry' returned from function,DynamoStore,load_cache_entry,https://github.com/pytorch/pytorch/blob/main/torch/_dynamo/package.py#L1128
GitHub:pytorch/pytorch (main),torch/_dynamo/package.py,1238,f.read,True,DESCUPED_LOCAL_VARIABLE,pickled_content,Local transient variable 'pickled_content' (ownership discarded at function exit),DiskDynamoStore,read,https://github.com/pytorch/pytorch/blob/main/torch/_dynamo/package.py#L1238
GitHub:pytorch/pytorch (main),torch/_dynamo/pgo.py,122,file.read,True,DESCUPED_LOCAL_VARIABLE,content,Local transient variable 'content' (ownership discarded at function exit),,_hash_containing_file,https://github.com/pytorch/pytorch/blob/main/torch/_dynamo/pgo.py#L122
GitHub:pytorch/pytorch (main),torch/_dynamo/pgo.py,826,f.read,True,DESCUPED_LOCAL_VARIABLE,content,Local transient variable 'content' (ownership discarded at function exit),,get_local_code_state,https://github.com/pytorch/pytorch/blob/main/torch/_dynamo/pgo.py#L826
GitHub:pytorch/pytorch (main),torch/_dynamo/repro/after_aot.py,1016,stdout.read,True,CHAINED_TRANSFORMATION,decode,Immediately transformed in-place via .decode(),,isolate_fails,https://github.com/pytorch/pytorch/blob/main/torch/_dynamo/repro/after_aot.py#L1016
GitHub:pytorch/pytorch (main),torch/_dynamo/repro/after_aot.py,1020,stderr.read,True,CHAINED_TRANSFORMATION,decode,Immediately transformed in-place via .decode(),,isolate_fails,https://github.com/pytorch/pytorch/blob/main/torch/_dynamo/repro/after_aot.py#L1020
GitHub:pytorch/pytorch (main),torch/_functorch/eager_transforms.py,715,torch.cat,True,DIRECT_CALL_ARGUMENT,flat_results.append,Passed directly to consumer function 'flat_results.append',,compute_jacobian_stacked,https://github.com/pytorch/pytorch/blob/main/torch/_functorch/eager_transforms.py#L715
GitHub:pytorch/pytorch (main),torch/_functorch/vmap.py,406,torch.cat,True,DIRECT_CALL_ARGUMENT,flat_output.append,Passed directly to consumer function 'flat_output.append',,_concat_chunked_outputs,https://github.com/pytorch/pytorch/blob/main/torch/_functorch/vmap.py#L406
GitHub:pytorch/pytorch (main),torch/_higher_order_ops/associative_scan.py,383,torch.cat,True,LOCAL_TRANSIENT,local,Local scope execution without explicit escape detected,,_scan,https://github.com/pytorch/pytorch/blob/main/torch/_higher_order_ops/associative_scan.py#L383
GitHub:pytorch/pytorch (main),torch/_higher_order_ops/while_loop.py,880,torch.cat,True,LOCAL_TRANSIENT,local,Local scope execution without explicit escape detected,WhileLoopAutogradOp,backward,https://github.com/pytorch/pytorch/blob/main/torch/_higher_order_ops/while_loop.py#L880
GitHub:pytorch/pytorch (main),torch/_inductor/autoheuristic/autoheuristic_utils.py,118,file.readline,True,CHAINED_TRANSFORMATION,strip,Immediately transformed in-place via .strip(),,get_metadata_str_from_log,https://github.com/pytorch/pytorch/blob/main/torch/_inductor/autoheuristic/autoheuristic_utils.py#L118
GitHub:pytorch/pytorch (main),torch/_inductor/cache.py,345,fp.read,True,LOCAL_TRANSIENT,local,Local scope execution without explicit escape detected,OnDiskCache,get,https://github.com/pytorch/pytorch/blob/main/torch/_inductor/cache.py#L345
GitHub:pytorch/pytorch (main),torch/_inductor/cache.py,346,fp.read,True,DESCUPED_LOCAL_VARIABLE,value_bytes,Local transient variable 'value_bytes' (ownership discarded at function exit),OnDiskCache,get,https://github.com/pytorch/pytorch/blob/main/torch/_inductor/cache.py#L346
GitHub:pytorch/pytorch (main),torch/_inductor/codecache.py,977,f.read,True,DIRECT_CALL_ARGUMENT,hasher.update,Passed directly to consumer function 'hasher.update',,build_code_hash,https://github.com/pytorch/pytorch/blob/main/torch/_inductor/codecache.py#L977
GitHub:pytorch/pytorch (main),torch/_inductor/codecache.py,1008,f.read,True,DIRECT_CALL_ARGUMENT,hasher.update,Passed directly to consumer function 'hasher.update',,get_code_hash,https://github.com/pytorch/pytorch/blob/main/torch/_inductor/codecache.py#L1008
GitHub:pytorch/pytorch (main),torch/_inductor/codecache.py,1857,f.read,True,DESCUPED_LOCAL_VARIABLE,content,Local transient variable 'content' (ownership discarded at function exit),GuardedCache,iterate_over_candidates,https://github.com/pytorch/pytorch/blob/main/torch/_inductor/codecache.py#L1857
GitHub:pytorch/pytorch (main),torch/_inductor/codecache.py,2727,f.read,True,DESCUPED_LOCAL_VARIABLE,header_code,Local transient variable 'header_code' (ownership discarded at function exit),AotCodeCompiler,compile,https://github.com/pytorch/pytorch/blob/main/torch/_inductor/codecache.py#L2727
GitHub:pytorch/pytorch (main),torch/_inductor/codecache.py,2980,f.read,True,DESCUPED_LOCAL_VARIABLE,hdr,Local transient variable 'hdr' (ownership discarded at function exit),AotCodeCompiler,_compile_consts,https://github.com/pytorch/pytorch/blob/main/torch/_inductor/codecache.py#L2980
GitHub:pytorch/pytorch (main),torch/_inductor/codecache.py,4910,resource_file.read,True,LOCAL_TRANSIENT,local,Local scope execution without explicit escape detected,,cutlass_key,https://github.com/pytorch/pytorch/blob/main/torch/_inductor/codecache.py#L4910
GitHub:pytorch/pytorch (main),torch/_inductor/codecache.py,5150,fh.read,True,DESCUPED_LOCAL_VARIABLE,error_json,Local transient variable 'error_json' (ownership discarded at function exit),CUTLASSCodeCache,compile,https://github.com/pytorch/pytorch/blob/main/torch/_inductor/codecache.py#L5150
GitHub:pytorch/pytorch (main),torch/_inductor/codegen/cpp_wrapper_cpu.py,548,f.read,True,DIRECT_CALL_ARGUMENT,self.header.splice_aot,Passed directly to consumer function 'self.header.splice_aot',CppWrapperCpu,_write_aoti_interface_header,https://github.com/pytorch/pytorch/blob/main/torch/_inductor/codegen/cpp_wrapper_cpu.py#L548
GitHub:pytorch/pytorch (main),torch/_inductor/codegen/cpp_wrapper_gpu.py,1210,f.read,True,DIRECT_CALL_ARGUMENT,maybe_hipify_code_wrapper,Passed directly to consumer function 'maybe_hipify_code_wrapper',CppWrapperGpu,_ensure_aoti_stream_helpers_emitted,https://github.com/pytorch/pytorch/blob/main/torch/_inductor/codegen/cpp_wrapper_gpu.py#L1210
GitHub:pytorch/pytorch (main),torch/_inductor/codegen/cutedsl/_inline_asm.py,31,Path.read_bytes,True,HASHLIB_HASH,hashlib.sha256,Direct in-place consumer 'hashlib.sha256' (safe zero-copy candidate),,inline_asm_cache_key,https://github.com/pytorch/pytorch/blob/main/torch/_inductor/codegen/cutedsl/_inline_asm.py#L31
GitHub:pytorch/pytorch (main),torch/_inductor/codegen/cutlass/cache.py,40,f.read,True,HASHLIB_HASH,hashlib.sha256,Direct in-place consumer 'hashlib.sha256' (safe zero-copy candidate),,get_file_hash,https://github.com/pytorch/pytorch/blob/main/torch/_inductor/codegen/cutlass/cache.py#L40
GitHub:pytorch/pytorch (main),torch/_inductor/codegen/multi_kernel.py,357,fd.read,True,DIRECT_CALL_ARGUMENT,int,Passed directly to consumer function 'int',MultiKernelCall,load_cache,https://github.com/pytorch/pytorch/blob/main/torch/_inductor/codegen/multi_kernel.py#L357
GitHub:pytorch/pytorch (main),torch/_inductor/codegen/rocm/ck_tile_universal_gemm_template.py,78,header_file.read,True,DIRECT_CALL_ARGUMENT,_header_has_v2_universal_gemm_pipeline,Passed directly to consumer function '_header_has_v2_universal_gemm_pipeline',,_ck_tile_universal_gemm_v2_api,https://github.com/pytorch/pytorch/blob/main/torch/_inductor/codegen/rocm/ck_tile_universal_gemm_template.py#L78
GitHub:pytorch/pytorch (main),torch/_inductor/codegen/triton.py,8471,fd.read,True,DIRECT_CALL_ARGUMENT,float,Passed directly to consumer function 'float',TritonScheduling,load_cache,https://github.com/pytorch/pytorch/blob/main/torch/_inductor/codegen/triton.py#L8471
GitHub:pytorch/pytorch (main),torch/_inductor/codegen/triton.py,8643,fd.read,True,CHAINED_TRANSFORMATION,split,Immediately transformed in-place via .split(),TritonScheduling,load_cache,https://github.com/pytorch/pytorch/blob/main/torch/_inductor/codegen/triton.py#L8643
GitHub:pytorch/pytorch (main),torch/_inductor/compile_fx_ext.py,725,f.read,True,DIRECT_CALL_ARGUMENT,_WireProtocolPickledOutput,Passed directly to consumer function '_WireProtocolPickledOutput',_DebugFileFxCompile,_send_to_child,https://github.com/pytorch/pytorch/blob/main/torch/_inductor/compile_fx_ext.py#L725
GitHub:pytorch/pytorch (main),torch/_inductor/compile_worker/subproc_pool.py,117,read_pipe.read,True,DIRECT_CALL_ARGUMENT,_unpack_msg,Passed directly to consumer function '_unpack_msg',,_recv_msg,https://github.com/pytorch/pytorch/blob/main/torch/_inductor/compile_worker/subproc_pool.py#L117
GitHub:pytorch/pytorch (main),torch/_inductor/compile_worker/subproc_pool.py,118,read_pipe.read,True,LOCAL_TRANSIENT,local,Local scope execution without explicit escape detected,,_recv_msg,https://github.com/pytorch/pytorch/blob/main/torch/_inductor/compile_worker/subproc_pool.py#L118
GitHub:pytorch/pytorch (main),torch/_inductor/compile_worker/subproc_pool.py,528,f.readlines,True,LOCAL_TRANSIENT,local,Local scope execution without explicit escape detected,SubprocPool,_log_sidecar_death_diagnostics,https://github.com/pytorch/pytorch/blob/main/torch/_inductor/compile_worker/subproc_pool.py#L528
GitHub:pytorch/pytorch (main),torch/_inductor/compiler_bisector.py,164,file.readlines,False,ESCAPING_RETURN,return,Directly returned from function (caller assumes ownership),CompilerBisector,read_lines_from_file,https://github.com/pytorch/pytorch/blob/main/torch/_inductor/compiler_bisector.py#L164
GitHub:pytorch/pytorch (main),torch/_inductor/cpu_vec_isa.py,633,_cpu_info.readline,True,DESCUPED_LOCAL_VARIABLE,line,Local transient variable 'line' (ownership discarded at function exit),,valid_vec_isa_list,https://github.com/pytorch/pytorch/blob/main/torch/_inductor/cpu_vec_isa.py#L633
GitHub:pytorch/pytorch (main),torch/_inductor/custom_graph_pass.py,159,f.read,True,DIRECT_CALL_ARGUMENT,hasher.update,Passed directly to consumer function 'hasher.update',,get_hash_for_files,https://github.com/pytorch/pytorch/blob/main/torch/_inductor/custom_graph_pass.py#L159
GitHub:pytorch/pytorch (main),torch/_inductor/fx_passes/bucketing.py,783,torch.cat,True,LOCAL_TRANSIENT,local,Local scope execution without explicit escape detected,,_pre_bucket_reduce_scatter,https://github.com/pytorch/pytorch/blob/main/torch/_inductor/fx_passes/bucketing.py#L783
GitHub:pytorch/pytorch (main),torch/_inductor/fx_passes/bucketing.py,836,torch.cat,True,LOCAL_TRANSIENT,local,Local scope execution without explicit escape detected,,reduce_scatter_merge_fn_to_trace,https://github.com/pytorch/pytorch/blob/main/torch/_inductor/fx_passes/bucketing.py#L836
GitHub:pytorch/pytorch (main),torch/_inductor/fx_passes/bucketing.py,879,torch.cat,True,DESCUPED_LOCAL_VARIABLE,new_ar_in,Local transient variable 'new_ar_in' (ownership discarded at function exit),,all_reduce_merge_fn_to_trace,https://github.com/pytorch/pytorch/blob/main/torch/_inductor/fx_passes/bucketing.py#L879
GitHub:pytorch/pytorch (main),torch/_inductor/fx_passes/bucketing.py,1072,torch.cat,True,DIRECT_CALL_ARGUMENT,new_ag_in.copy_,Passed directly to consumer function 'new_ag_in.copy_',,all_gather_merge_fn_to_trace,https://github.com/pytorch/pytorch/blob/main/torch/_inductor/fx_passes/bucketing.py#L1072
GitHub:pytorch/pytorch (main),torch/_inductor/fx_passes/bucketing.py,1113,torch.cat,True,DESCUPED_LOCAL_VARIABLE,new_ag_in,Local transient variable 'new_ag_in' (ownership discarded at function exit),,all_gather_merge_fn_to_trace_functional,https://github.com/pytorch/pytorch/blob/main/torch/_inductor/fx_passes/bucketing.py#L1113
GitHub:pytorch/pytorch (main),torch/_inductor/fx_passes/freezing_patterns.py,200,torch.cat,True,DESCUPED_LOCAL_VARIABLE,cat_w,Local transient variable 'cat_w' (ownership discarded at function exit),,int8_woq_fusion_replacement,https://github.com/pytorch/pytorch/blob/main/torch/_inductor/fx_passes/freezing_patterns.py#L200
GitHub:pytorch/pytorch (main),torch/_inductor/fx_passes/freezing_patterns.py,201,torch.cat,True,DESCUPED_LOCAL_VARIABLE,cat_s,Local transient variable 'cat_s' (ownership discarded at function exit),,int8_woq_fusion_replacement,https://github.com/pytorch/pytorch/blob/main/torch/_inductor/fx_passes/freezing_patterns.py#L201
GitHub:pytorch/pytorch (main),torch/_inductor/fx_passes/freezing_patterns.py,225,torch.cat,True,DESCUPED_LOCAL_VARIABLE,cat_t,Local transient variable 'cat_t' (ownership discarded at function exit),,matmul_replacement,https://github.com/pytorch/pytorch/blob/main/torch/_inductor/fx_passes/freezing_patterns.py#L225
GitHub:pytorch/pytorch (main),torch/_inductor/fx_passes/freezing_patterns.py,248,torch.cat,True,DESCUPED_LOCAL_VARIABLE,cat_t,Local transient variable 'cat_t' (ownership discarded at function exit),,matmul_replacement_two,https://github.com/pytorch/pytorch/blob/main/torch/_inductor/fx_passes/freezing_patterns.py#L248
GitHub:pytorch/pytorch (main),torch/_inductor/fx_passes/freezing_patterns.py,275,torch.cat,False,ESCAPING_LOCAL_VAR,cat_w,Variable 'cat_w' returned from function,,addmm_fuse_replacement_second,https://github.com/pytorch/pytorch/blob/main/torch/_inductor/fx_passes/freezing_patterns.py#L275
GitHub:pytorch/pytorch (main),torch/_inductor/fx_passes/freezing_patterns.py,276,torch.cat,False,ESCAPING_LOCAL_VAR,cat_b,Variable 'cat_b' returned from function,,addmm_fuse_replacement_second,https://github.com/pytorch/pytorch/blob/main/torch/_inductor/fx_passes/freezing_patterns.py#L276
GitHub:pytorch/pytorch (main),torch/_inductor/fx_passes/group_batch_fusion.py,149,aten.cat,True,LOCAL_TRANSIENT,local,Local scope execution without explicit escape detected,,decompose_stack,https://github.com/pytorch/pytorch/blob/main/torch/_inductor/fx_passes/group_batch_fusion.py#L149
GitHub:pytorch/pytorch (main),torch/_inductor/fx_passes/group_batch_fusion.py,517,torch.cat,True,DESCUPED_LOCAL_VARIABLE,_,Local transient variable '_' (ownership discarded at function exit),BatchLinearLHSFusion,match,https://github.com/pytorch/pytorch/blob/main/torch/_inductor/fx_passes/group_batch_fusion.py#L517
GitHub:pytorch/pytorch (main),torch/_inductor/fx_passes/group_batch_fusion.py,558,torch.cat,True,LOCAL_TRANSIENT,local,Local scope execution without explicit escape detected,BatchLinearLHSFusion,fuse,https://github.com/pytorch/pytorch/blob/main/torch/_inductor/fx_passes/group_batch_fusion.py#L558
GitHub:pytorch/pytorch (main),torch/_inductor/fx_passes/group_batch_fusion.py,569,torch.cat,True,LOCAL_TRANSIENT,local,Local scope execution without explicit escape detected,BatchLinearLHSFusion,fuse,https://github.com/pytorch/pytorch/blob/main/torch/_inductor/fx_passes/group_batch_fusion.py#L569
GitHub:pytorch/pytorch (main),torch/_inductor/fx_passes/pad_mm.py,194,torch.cat,False,ESCAPING_RETURN,return,Directly returned from function (caller assumes ownership),,pad_dim,https://github.com/pytorch/pytorch/blob/main/torch/_inductor/fx_passes/pad_mm.py#L194
GitHub:pytorch/pytorch (main),torch/_inductor/fx_passes/quantization.py,1488,torch.cat,True,DESCUPED_LOCAL_VARIABLE,concat_unpacked_wgt,Local transient variable 'concat_unpacked_wgt' (ownership discarded at function exit),,concat_wgt,https://github.com/pytorch/pytorch/blob/main/torch/_inductor/fx_passes/quantization.py#L1488
GitHub:pytorch/pytorch (main),torch/_inductor/fx_passes/quantization.py,1492,torch.cat,True,LOCAL_TRANSIENT,local,Local scope execution without explicit escape detected,,concat_wgt,https://github.com/pytorch/pytorch/blob/main/torch/_inductor/fx_passes/quantization.py#L1492
GitHub:pytorch/pytorch (main),torch/_inductor/fx_passes/split_cat.py,1110,torch.cat,True,LOCAL_TRANSIENT,local,Local scope execution without explicit escape detected,SplitCatSimplifier,replace_cat,https://github.com/pytorch/pytorch/blob/main/torch/_inductor/fx_passes/split_cat.py#L1110
GitHub:pytorch/pytorch (main),torch/_inductor/fx_passes/split_cat.py,2208,torch.cat,True,LOCAL_TRANSIENT,local,Local scope execution without explicit escape detected,,update_args_from_unbind_getitem,https://github.com/pytorch/pytorch/blob/main/torch/_inductor/fx_passes/split_cat.py#L2208
GitHub:pytorch/pytorch (main),torch/_inductor/fx_passes/split_cat.py,2223,torch.cat,True,LOCAL_TRANSIENT,local,Local scope execution without explicit escape detected,,update_args_from_unbind_getitem,https://github.com/pytorch/pytorch/blob/main/torch/_inductor/fx_passes/split_cat.py#L2223
GitHub:pytorch/pytorch (main),torch/_inductor/fx_passes/split_cat.py,2493,torch.cat,True,LOCAL_TRANSIENT,local,Local scope execution without explicit escape detected,,unbind_cat_to_view,https://github.com/pytorch/pytorch/blob/main/torch/_inductor/fx_passes/split_cat.py#L2493
GitHub:pytorch/pytorch (main),torch/_inductor/fx_passes/split_cat.py,2662,torch.cat,True,LOCAL_TRANSIENT,local,Local scope execution without explicit escape detected,,split_stack_to_cats,https://github.com/pytorch/pytorch/blob/main/torch/_inductor/fx_passes/split_cat.py#L2662
GitHub:pytorch/pytorch (main),torch/_inductor/fx_passes/split_cat.py,2736,torch.cat,True,LOCAL_TRANSIENT,local,Local scope execution without explicit escape detected,,unbind_stack_to_slices,https://github.com/pytorch/pytorch/blob/main/torch/_inductor/fx_passes/split_cat.py#L2736
GitHub:pytorch/pytorch (main),torch/_inductor/lowering.py,5600,cat,False,ESCAPING_RETURN,return,Directly returned from function (caller assumes ownership),,_pad_as_cat,https://github.com/pytorch/pytorch/blob/main/torch/_inductor/lowering.py#L5600
GitHub:pytorch/pytorch (main),torch/_inductor/output_code.py,605,f.read,False,ESCAPING_ATTRIBUTE,self.source_code,Assigned to persistent attribute 'self.source_code' (persists across calls),CompiledFxGraph,__init__,https://github.com/pytorch/pytorch/blob/main/torch/_inductor/output_code.py#L605
GitHub:pytorch/pytorch (main),torch/_inductor/output_code.py,1151,f.read,True,LOCAL_TRANSIENT,local,Local scope execution without explicit escape detected,CompiledAOTI,prepare_for_serialization,https://github.com/pytorch/pytorch/blob/main/torch/_inductor/output_code.py#L1151
GitHub:pytorch/pytorch (main),torch/_inductor/package/package.py,72,f_weights.read,True,DESCUPED_LOCAL_VARIABLE,serialized_weights,Local transient variable 'serialized_weights' (ownership discarded at function exit),,compile_so,https://github.com/pytorch/pytorch/blob/main/torch/_inductor/package/package.py#L72
GitHub:pytorch/pytorch (main),torch/_inductor/package/package.py,130,path.read,True,DIRECT_CALL_ARGUMENT,f.write,Passed directly to consumer function 'f.write',,load_package,https://github.com/pytorch/pytorch/blob/main/torch/_inductor/package/package.py#L130
GitHub:pytorch/pytorch (main),torch/_inductor/remote_cache.py,143,fd.read,False,ESCAPING_RETURN,return,Directly returned from function (caller assumes ownership),LocalCacheBackend,_get,https://github.com/pytorch/pytorch/blob/main/torch/_inductor/remote_cache.py#L143
GitHub:pytorch/pytorch (main),torch/_inductor/rocm_multiarch_utils.py,121,f.read,True,DESCUPED_LOCAL_VARIABLE,content,Local transient variable 'content' (ownership discarded at function exit),,_sanitize_llvm_ir_for_rocm,https://github.com/pytorch/pytorch/blob/main/torch/_inductor/rocm_multiarch_utils.py#L121
GitHub:pytorch/pytorch (main),torch/_inductor/runtime/caching/implementations.py,240,fp.read,True,LOCAL_TRANSIENT,local,Local scope execution without explicit escape detected,_OnDiskCacheImpl,_version_header_matches,https://github.com/pytorch/pytorch/blob/main/torch/_inductor/runtime/caching/implementations.py#L240
GitHub:pytorch/pytorch (main),torch/_inductor/runtime/caching/implementations.py,290,fp.read,False,ESCAPING_LOCAL_VAR,pickled_value,Variable 'pickled_value' returned from function,_OnDiskCacheImpl,get,https://github.com/pytorch/pytorch/blob/main/torch/_inductor/runtime/caching/implementations.py#L290
GitHub:pytorch/pytorch (main),torch/_inductor/runtime/compile_tasks.py,29,f.read,True,DIRECT_CALL_ARGUMENT,compile,Passed directly to consumer function 'compile',,_reload_python_module,https://github.com/pytorch/pytorch/blob/main/torch/_inductor/runtime/compile_tasks.py#L29
GitHub:pytorch/pytorch (main),torch/_inductor/runtime/cutedsl_cache.py,107,obj_path.read_bytes,True,DESCUPED_LOCAL_VARIABLE,raw,Local transient variable 'raw' (ownership discarded at function exit),,disk_cache_get,https://github.com/pytorch/pytorch/blob/main/torch/_inductor/runtime/cutedsl_cache.py#L107
GitHub:pytorch/pytorch (main),torch/_inductor/runtime/cutedsl_cache.py,150,f.read,True,DIRECT_CALL_ARGUMENT,_fix_elf_dup_text_flags,Passed directly to consumer function '_fix_elf_dup_text_flags',,disk_cache_set,https://github.com/pytorch/pytorch/blob/main/torch/_inductor/runtime/cutedsl_cache.py#L150
GitHub:pytorch/pytorch (main),torch/_inductor/select_algorithm.py,4793,file.read,True,DESCUPED_LOCAL_VARIABLE,source_code,Local transient variable 'source_code' (ownership discarded at function exit),AlgorithmSelectorCache,make_precompile_fn,https://github.com/pytorch/pytorch/blob/main/torch/_inductor/select_algorithm.py#L4793
GitHub:pytorch/pytorch (main),torch/_inductor/standalone_compile.py,97,file.read,True,DESCUPED_LOCAL_VARIABLE,result_bytes,Local transient variable 'result_bytes' (ownership discarded at function exit),CompiledArtifact,load,https://github.com/pytorch/pytorch/blob/main/torch/_inductor/standalone_compile.py#L97
GitHub:pytorch/pytorch (main),torch/_inductor/standalone_compile.py,99,reader.read_bytes,True,DESCUPED_LOCAL_VARIABLE,header,Local transient variable 'header' (ownership discarded at function exit),CompiledArtifact,load,https://github.com/pytorch/pytorch/blob/main/torch/_inductor/standalone_compile.py#L99
GitHub:pytorch/pytorch (main),torch/_inductor/standalone_compile.py,101,reader.read_bytes,True,LOCAL_TRANSIENT,local,Local scope execution without explicit escape detected,CompiledArtifact,load,https://github.com/pytorch/pytorch/blob/main/torch/_inductor/standalone_compile.py#L101
GitHub:pytorch/pytorch (main),torch/_inductor/standalone_compile.py,103,reader.read_bytes,False,ESCAPING_LOCAL_VAR,artifact,Variable 'artifact' returned from function,CompiledArtifact,load,https://github.com/pytorch/pytorch/blob/main/torch/_inductor/standalone_compile.py#L103
GitHub:pytorch/pytorch (main),torch/_inductor/standalone_compile.py,109,reader.read_bytes,True,LOCAL_TRANSIENT,local,Local scope execution without explicit escape detected,CompiledArtifact,load,https://github.com/pytorch/pytorch/blob/main/torch/_inductor/standalone_compile.py#L109
GitHub:pytorch/pytorch (main),torch/_inductor/standalone_compile.py,112,reader.read_bytes,True,DESCUPED_LOCAL_VARIABLE,artifact_bytes,Local transient variable 'artifact_bytes' (ownership discarded at function exit),CompiledArtifact,load,https://github.com/pytorch/pytorch/blob/main/torch/_inductor/standalone_compile.py#L112
GitHub:pytorch/pytorch (main),torch/_inductor/standalone_compile.py,303,file.read,True,DESCUPED_LOCAL_VARIABLE,artifacts,Local transient variable 'artifacts' (ownership discarded at function exit),CacheCompiledArtifact,_prepare_load,https://github.com/pytorch/pytorch/blob/main/torch/_inductor/standalone_compile.py#L303
GitHub:pytorch/pytorch (main),torch/_inductor/standalone_compile.py,309,reader.read_bytes,True,LOCAL_TRANSIENT,local,Local scope execution without explicit escape detected,CacheCompiledArtifact,_prepare_load,https://github.com/pytorch/pytorch/blob/main/torch/_inductor/standalone_compile.py#L309
GitHub:pytorch/pytorch (main),torch/_inductor/standalone_compile.py,312,reader.read_bytes,True,DESCUPED_LOCAL_VARIABLE,artifact_bytes,Local transient variable 'artifact_bytes' (ownership discarded at function exit),CacheCompiledArtifact,_prepare_load,https://github.com/pytorch/pytorch/blob/main/torch/_inductor/standalone_compile.py#L312
GitHub:pytorch/pytorch (main),torch/_inductor/standalone_compile.py,427,file.read,True,DESCUPED_LOCAL_VARIABLE,result_bytes,Local transient variable 'result_bytes' (ownership discarded at function exit),AOTCompiledArtifact,load,https://github.com/pytorch/pytorch/blob/main/torch/_inductor/standalone_compile.py#L427
GitHub:pytorch/pytorch (main),torch/_inductor/standalone_compile.py,429,reader.read_bytes,True,DESCUPED_LOCAL_VARIABLE,header,Local transient variable 'header' (ownership discarded at function exit),AOTCompiledArtifact,load,https://github.com/pytorch/pytorch/blob/main/torch/_inductor/standalone_compile.py#L429
GitHub:pytorch/pytorch (main),torch/_inductor/standalone_compile.py,432,reader.read_bytes,True,LOCAL_TRANSIENT,local,Local scope execution without explicit escape detected,AOTCompiledArtifact,load,https://github.com/pytorch/pytorch/blob/main/torch/_inductor/standalone_compile.py#L432
GitHub:pytorch/pytorch (main),torch/_inductor/standalone_compile.py,434,reader.read_bytes,False,ESCAPING_LOCAL_VAR,artifact,Variable 'artifact' returned from function,AOTCompiledArtifact,load,https://github.com/pytorch/pytorch/blob/main/torch/_inductor/standalone_compile.py#L434
GitHub:pytorch/pytorch (main),torch/_inductor/triton_bundler.py,308,file.read,True,DESCUPED_LOCAL_VARIABLE,payload,Local transient variable 'payload' (ownership discarded at function exit),TritonBundler,collect,https://github.com/pytorch/pytorch/blob/main/torch/_inductor/triton_bundler.py#L308
GitHub:pytorch/pytorch (main),torch/_inductor/utils.py,4700,f.read,False,ESCAPING_RETURN,return,Directly returned from function (caller assumes ownership),,load_template,https://github.com/pytorch/pytorch/blob/main/torch/_inductor/utils.py#L4700
GitHub:pytorch/pytorch (main),torch/_library/fake_profile.py,319,file.read,False,ESCAPING_LOCAL_VAR,yaml_str,Variable 'yaml_str' returned from function,,load_op_profiles,https://github.com/pytorch/pytorch/blob/main/torch/_library/fake_profile.py#L319
GitHub:pytorch/pytorch (main),torch/_library/fake_profile.py,322,f.read,True,CHAINED_TRANSFORMATION,decode,Immediately transformed in-place via .decode(),,load_op_profiles,https://github.com/pytorch/pytorch/blob/main/torch/_library/fake_profile.py#L322
GitHub:pytorch/pytorch (main),torch/_native/ops/foreach_mm/impl.py,149,torch.cat,True,DESCUPED_LOCAL_VARIABLE,A_cat,Local transient variable 'A_cat' (ownership discarded at function exit),,_foreach_mm_impl_stack,https://github.com/pytorch/pytorch/blob/main/torch/_native/ops/foreach_mm/impl.py#L149
GitHub:pytorch/pytorch (main),torch/_numpy/_funcs_impl.py,111,torch.cat,False,ESCAPING_RETURN,return,Directly returned from function (caller assumes ownership),,_concatenate,https://github.com/pytorch/pytorch/blob/main/torch/_numpy/_funcs_impl.py#L111
GitHub:pytorch/pytorch (main),torch/_numpy/_funcs_impl.py,1998,torch.cat,True,LOCAL_TRANSIENT,local,Local scope execution without explicit escape detected,,histogramdd,https://github.com/pytorch/pytorch/blob/main/torch/_numpy/_funcs_impl.py#L1998
GitHub:pytorch/pytorch (main),torch/_prims/__init__.py,1896,torch.cat,False,ESCAPING_RETURN,return,Directly returned from function (caller assumes ownership),,_cat_aten,https://github.com/pytorch/pytorch/blob/main/torch/_prims/__init__.py#L1896
GitHub:pytorch/pytorch (main),torch/_prims_common/__init__.py,2244,torch.cat,True,DESCUPED_LOCAL_VARIABLE,new_state,Local transient variable 'new_state' (ownership discarded at function exit),CUDARngStateHelper,set_torch_state_tensor,https://github.com/pytorch/pytorch/blob/main/torch/_prims_common/__init__.py#L2244
GitHub:pytorch/pytorch (main),torch/_refs/__init__.py,3028,prims.cat,True,LOCAL_TRANSIENT,local,Local scope execution without explicit escape detected,,cat,https://github.com/pytorch/pytorch/blob/main/torch/_refs/__init__.py#L3028
GitHub:pytorch/pytorch (main),torch/_refs/__init__.py,3037,cat,False,ESCAPING_RETURN,return,Directly returned from function (caller assumes ownership),,column_stack,https://github.com/pytorch/pytorch/blob/main/torch/_refs/__init__.py#L3037
GitHub:pytorch/pytorch (main),torch/_refs/__init__.py,3129,torch.cat,False,ESCAPING_LOCAL_VAR,result,Variable 'result' returned from function,,constant_pad_nd,https://github.com/pytorch/pytorch/blob/main/torch/_refs/__init__.py#L3129
GitHub:pytorch/pytorch (main),torch/_refs/__init__.py,3156,cat,False,ESCAPING_RETURN,return,Directly returned from function (caller assumes ownership),,dstack,https://github.com/pytorch/pytorch/blob/main/torch/_refs/__init__.py#L3156
GitHub:pytorch/pytorch (main),torch/_refs/__init__.py,4360,torch.cat,False,ESCAPING_LOCAL_VAR,out,Variable 'out' returned from function,,stack,https://github.com/pytorch/pytorch/blob/main/torch/_refs/__init__.py#L4360
GitHub:pytorch/pytorch (main),torch/_refs/__init__.py,4364,torch.cat,False,ESCAPING_RETURN,return,Directly returned from function (caller assumes ownership),,stack,https://github.com/pytorch/pytorch/blob/main/torch/_refs/__init__.py#L4364
GitHub:pytorch/pytorch (main),torch/_refs/__init__.py,4395,cat,False,ESCAPING_RETURN,return,Directly returned from function (caller assumes ownership),,hstack,https://github.com/pytorch/pytorch/blob/main/torch/_refs/__init__.py#L4395
GitHub:pytorch/pytorch (main),torch/_refs/__init__.py,4396,cat,False,ESCAPING_RETURN,return,Directly returned from function (caller assumes ownership),,hstack,https://github.com/pytorch/pytorch/blob/main/torch/_refs/__init__.py#L4396
GitHub:pytorch/pytorch (main),torch/_refs/__init__.py,4404,cat,False,ESCAPING_RETURN,return,Directly returned from function (caller assumes ownership),,vstack,https://github.com/pytorch/pytorch/blob/main/torch/_refs/__init__.py#L4404
GitHub:pytorch/pytorch (main),torch/_refs/__init__.py,4905,torch.cat,False,ESCAPING_LOCAL_VAR,t,Variable 't' returned from function,,diag_embed,https://github.com/pytorch/pytorch/blob/main/torch/_refs/__init__.py#L4905
GitHub:pytorch/pytorch (main),torch/_refs/__init__.py,4960,torch.cat,True,LOCAL_TRANSIENT,local,Local scope execution without explicit escape detected,,_block_diag_iterable,https://github.com/pytorch/pytorch/blob/main/torch/_refs/__init__.py#L4960
GitHub:pytorch/pytorch (main),torch/_refs/__init__.py,4963,torch.cat,False,ESCAPING_RETURN,return,Directly returned from function (caller assumes ownership),,_block_diag_iterable,https://github.com/pytorch/pytorch/blob/main/torch/_refs/__init__.py#L4963
GitHub:pytorch/pytorch (main),torch/_refs/__init__.py,6452,torch.cat,True,LOCAL_TRANSIENT,local,Local scope execution without explicit escape detected,,tril_indices,https://github.com/pytorch/pytorch/blob/main/torch/_refs/__init__.py#L6452
GitHub:pytorch/pytorch (main),torch/_refs/__init__.py,6452,torch.cat,True,LOCAL_TRANSIENT,local,Local scope execution without explicit escape detected,,tril_indices,https://github.com/pytorch/pytorch/blob/main/torch/_refs/__init__.py#L6452
GitHub:pytorch/pytorch (main),torch/_refs/__init__.py,6516,torch.cat,True,LOCAL_TRANSIENT,local,Local scope execution without explicit escape detected,,triu_indices,https://github.com/pytorch/pytorch/blob/main/torch/_refs/__init__.py#L6516
GitHub:pytorch/pytorch (main),torch/_refs/__init__.py,6516,torch.cat,True,LOCAL_TRANSIENT,local,Local scope execution without explicit escape detected,,triu_indices,https://github.com/pytorch/pytorch/blob/main/torch/_refs/__init__.py#L6516
GitHub:pytorch/pytorch (main),torch/_subclasses/complex_tensor/_ops/aten.py,634,torch.cat,False,ESCAPING_LOCAL_VAR,ret_r,Variable 'ret_r' returned from function,,cat_impl,https://github.com/pytorch/pytorch/blob/main/torch/_subclasses/complex_tensor/_ops/aten.py#L634
GitHub:pytorch/pytorch (main),torch/_subclasses/complex_tensor/_ops/aten.py,635,torch.cat,False,ESCAPING_LOCAL_VAR,ret_i,Variable 'ret_i' returned from function,,cat_impl,https://github.com/pytorch/pytorch/blob/main/torch/_subclasses/complex_tensor/_ops/aten.py#L635
GitHub:pytorch/pytorch (main),torch/_tensor_str.py,393,torch.cat,False,ESCAPING_RETURN,return,Directly returned from function (caller assumes ownership),,get_summarized_data,https://github.com/pytorch/pytorch/blob/main/torch/_tensor_str.py#L393
GitHub:pytorch/pytorch (main),torch/_utils.py,1194,torch.cat,False,ESCAPING_RETURN,return,Directly returned from function (caller assumes ownership),,_chunk_or_narrow_cat,https://github.com/pytorch/pytorch/blob/main/torch/_utils.py#L1194
GitHub:pytorch/pytorch (main),torch/_utils.py,1195,torch.cat,False,ESCAPING_RETURN,return,Directly returned from function (caller assumes ownership),,_chunk_or_narrow_cat,https://github.com/pytorch/pytorch/blob/main/torch/_utils.py#L1195
GitHub:pytorch/pytorch (main),torch/_vendor/quack/_compile_worker.py,128,stream.read,True,DESCUPED_LOCAL_VARIABLE,header,Local transient variable 'header' (ownership discarded at function exit),,_recv,https://github.com/pytorch/pytorch/blob/main/torch/_vendor/quack/_compile_worker.py#L128
GitHub:pytorch/pytorch (main),torch/_vendor/quack/_compile_worker.py,134,stream.read,False,ESCAPING_LOCAL_VAR,data,Variable 'data' returned from function,,_recv,https://github.com/pytorch/pytorch/blob/main/torch/_vendor/quack/_compile_worker.py#L134
GitHub:pytorch/pytorch (main),torch/_vendor/quack/autotuner.py,266,stream.read,True,DESCUPED_LOCAL_VARIABLE,header,Local transient variable 'header' (ownership discarded at function exit),,_recv_from_worker,https://github.com/pytorch/pytorch/blob/main/torch/_vendor/quack/autotuner.py#L266
GitHub:pytorch/pytorch (main),torch/_vendor/quack/autotuner.py,272,stream.read,False,ESCAPING_LOCAL_VAR,body,Variable 'body' returned from function,,_recv_from_worker,https://github.com/pytorch/pytorch/blob/main/torch/_vendor/quack/autotuner.py#L272
GitHub:pytorch/pytorch (main),torch/_vendor/quack/blockscaled_gemm_utils.py,562,torch.cat,True,LOCAL_TRANSIENT,local,Local scope execution without explicit escape detected,,create_blockscaled_varlen_k_operands,https://github.com/pytorch/pytorch/blob/main/torch/_vendor/quack/blockscaled_gemm_utils.py#L562
GitHub:pytorch/pytorch (main),torch/_vendor/quack/blockscaled_gemm_utils.py,563,torch.cat,True,LOCAL_TRANSIENT,local,Local scope execution without explicit escape detected,,create_blockscaled_varlen_k_operands,https://github.com/pytorch/pytorch/blob/main/torch/_vendor/quack/blockscaled_gemm_utils.py#L563
GitHub:pytorch/pytorch (main),torch/_vendor/quack/cache/jit.py,63,src.read_bytes,True,DESCUPED_LOCAL_VARIABLE,content,Local transient variable 'content' (ownership discarded at function exit),,_hash_source_dir,https://github.com/pytorch/pytorch/blob/main/torch/_vendor/quack/cache/jit.py#L63
GitHub:pytorch/pytorch (main),torch/_vendor/quack/cute_dsl_elf_fix.py,75,f.read,True,DESCUPED_LOCAL_VARIABLE,object_file_content,Local transient variable 'object_file_content' (ownership discarded at function exit),,patched_init,https://github.com/pytorch/pytorch/blob/main/torch/_vendor/quack/cute_dsl_elf_fix.py#L75
GitHub:pytorch/pytorch (main),torch/_weights_only_unpickler.py,231,readline,True,LOCAL_TRANSIENT,local,Local scope execution without explicit escape detected,,_read_global_instruction,https://github.com/pytorch/pytorch/blob/main/torch/_weights_only_unpickler.py#L231
GitHub:pytorch/pytorch (main),torch/_weights_only_unpickler.py,232,readline,True,LOCAL_TRANSIENT,local,Local scope execution without explicit escape detected,,_read_global_instruction,https://github.com/pytorch/pytorch/blob/main/torch/_weights_only_unpickler.py#L232
GitHub:pytorch/pytorch (main),torch/_weights_only_unpickler.py,277,read,True,DESCUPED_LOCAL_VARIABLE,key,Local transient variable 'key' (ownership discarded at function exit),,get_globals_in_pkl,https://github.com/pytorch/pytorch/blob/main/torch/_weights_only_unpickler.py#L277
GitHub:pytorch/pytorch (main),torch/_weights_only_unpickler.py,288,read,True,STANDALONE_DRAIN,expr,Result discarded immediately after execution,,get_globals_in_pkl,https://github.com/pytorch/pytorch/blob/main/torch/_weights_only_unpickler.py#L288
GitHub:pytorch/pytorch (main),torch/_weights_only_unpickler.py,291,read,True,DIRECT_CALL_ARGUMENT,unpack,Passed directly to consumer function 'unpack',,get_globals_in_pkl,https://github.com/pytorch/pytorch/blob/main/torch/_weights_only_unpickler.py#L291
GitHub:pytorch/pytorch (main),torch/_weights_only_unpickler.py,294,read,True,STANDALONE_DRAIN,expr,Result discarded immediately after execution,,get_globals_in_pkl,https://github.com/pytorch/pytorch/blob/main/torch/_weights_only_unpickler.py#L294
GitHub:pytorch/pytorch (main),torch/_weights_only_unpickler.py,296,read,True,LOCAL_TRANSIENT,local,Local scope execution without explicit escape detected,,get_globals_in_pkl,https://github.com/pytorch/pytorch/blob/main/torch/_weights_only_unpickler.py#L296
GitHub:pytorch/pytorch (main),torch/_weights_only_unpickler.py,297,read,True,STANDALONE_DRAIN,expr,Result discarded immediately after execution,,get_globals_in_pkl,https://github.com/pytorch/pytorch/blob/main/torch/_weights_only_unpickler.py#L297
GitHub:pytorch/pytorch (main),torch/_weights_only_unpickler.py,300,read,True,LOCAL_TRANSIENT,local,Local scope execution without explicit escape detected,,get_globals_in_pkl,https://github.com/pytorch/pytorch/blob/main/torch/_weights_only_unpickler.py#L300
GitHub:pytorch/pytorch (main),torch/_weights_only_unpickler.py,325,read,True,DESCUPED_LOCAL_VARIABLE,key,Local transient variable 'key' (ownership discarded at function exit),Unpickler,load,https://github.com/pytorch/pytorch/blob/main/torch/_weights_only_unpickler.py#L325
GitHub:pytorch/pytorch (main),torch/_weights_only_unpickler.py,501,read,True,DIRECT_CALL_ARGUMENT,unpack,Passed directly to consumer function 'unpack',Unpickler,load,https://github.com/pytorch/pytorch/blob/main/torch/_weights_only_unpickler.py#L501
GitHub:pytorch/pytorch (main),torch/_weights_only_unpickler.py,503,self.read,True,LOCAL_TRANSIENT,local,Local scope execution without explicit escape detected,Unpickler,load,https://github.com/pytorch/pytorch/blob/main/torch/_weights_only_unpickler.py#L503
GitHub:pytorch/pytorch (main),torch/_weights_only_unpickler.py,505,read,True,DIRECT_CALL_ARGUMENT,unpack,Passed directly to consumer function 'unpack',Unpickler,load,https://github.com/pytorch/pytorch/blob/main/torch/_weights_only_unpickler.py#L505
GitHub:pytorch/pytorch (main),torch/_weights_only_unpickler.py,507,self.read,True,DIRECT_CALL_ARGUMENT,unpack,Passed directly to consumer function 'unpack',Unpickler,load,https://github.com/pytorch/pytorch/blob/main/torch/_weights_only_unpickler.py#L507
GitHub:pytorch/pytorch (main),torch/_weights_only_unpickler.py,509,read,True,DIRECT_CALL_ARGUMENT,unpack,Passed directly to consumer function 'unpack',Unpickler,load,https://github.com/pytorch/pytorch/blob/main/torch/_weights_only_unpickler.py#L509
GitHub:pytorch/pytorch (main),torch/_weights_only_unpickler.py,512,read,True,DIRECT_CALL_ARGUMENT,str,Passed directly to consumer function 'str',Unpickler,load,https://github.com/pytorch/pytorch/blob/main/torch/_weights_only_unpickler.py#L512
GitHub:pytorch/pytorch (main),torch/_weights_only_unpickler.py,515,read,True,LOCAL_TRANSIENT,local,Local scope execution without explicit escape detected,Unpickler,load,https://github.com/pytorch/pytorch/blob/main/torch/_weights_only_unpickler.py#L515
GitHub:pytorch/pytorch (main),torch/_weights_only_unpickler.py,516,read,True,DESCUPED_LOCAL_VARIABLE,strdata,Local transient variable 'strdata' (ownership discarded at function exit),Unpickler,load,https://github.com/pytorch/pytorch/blob/main/torch/_weights_only_unpickler.py#L516
GitHub:pytorch/pytorch (main),torch/_weights_only_unpickler.py,537,read,True,LOCAL_TRANSIENT,local,Local scope execution without explicit escape detected,Unpickler,load,https://github.com/pytorch/pytorch/blob/main/torch/_weights_only_unpickler.py#L537
GitHub:pytorch/pytorch (main),torch/_weights_only_unpickler.py,537,read,True,DIRECT_CALL_ARGUMENT,unpack,Passed directly to consumer function 'unpack',Unpickler,load,https://github.com/pytorch/pytorch/blob/main/torch/_weights_only_unpickler.py#L537
GitHub:pytorch/pytorch (main),torch/_weights_only_unpickler.py,540,read,True,LOCAL_TRANSIENT,local,Local scope execution without explicit escape detected,Unpickler,load,https://github.com/pytorch/pytorch/blob/main/torch/_weights_only_unpickler.py#L540
GitHub:pytorch/pytorch (main),torch/_weights_only_unpickler.py,540,read,True,DIRECT_CALL_ARGUMENT,unpack,Passed directly to consumer function 'unpack',Unpickler,load,https://github.com/pytorch/pytorch/blob/main/torch/_weights_only_unpickler.py#L540
GitHub:pytorch/pytorch (main),torch/_weights_only_unpickler.py,545,read,True,LOCAL_TRANSIENT,local,Local scope execution without explicit escape detected,Unpickler,load,https://github.com/pytorch/pytorch/blob/main/torch/_weights_only_unpickler.py#L545
GitHub:pytorch/pytorch (main),torch/_weights_only_unpickler.py,546,read,True,DESCUPED_LOCAL_VARIABLE,data,Local transient variable 'data' (ownership discarded at function exit),Unpickler,load,https://github.com/pytorch/pytorch/blob/main/torch/_weights_only_unpickler.py#L546
GitHub:pytorch/pytorch (main),torch/_weights_only_unpickler.py,550,read,True,LOCAL_TRANSIENT,local,Local scope execution without explicit escape detected,Unpickler,load,https://github.com/pytorch/pytorch/blob/main/torch/_weights_only_unpickler.py#L550
GitHub:pytorch/pytorch (main),torch/ao/nn/quantizable/modules/activation.py,464,torch.cat,True,DESCUPED_LOCAL_VARIABLE,k,Local transient variable 'k' (ownership discarded at function exit),MultiheadAttention,_forward_impl,https://github.com/pytorch/pytorch/blob/main/torch/ao/nn/quantizable/modules/activation.py#L464
GitHub:pytorch/pytorch (main),torch/ao/nn/quantizable/modules/activation.py,465,torch.cat,True,DESCUPED_LOCAL_VARIABLE,v,Local transient variable 'v' (ownership discarded at function exit),MultiheadAttention,_forward_impl,https://github.com/pytorch/pytorch/blob/main/torch/ao/nn/quantizable/modules/activation.py#L465
GitHub:pytorch/pytorch (main),torch/ao/nn/quantizable/modules/activation.py,538,torch.cat,True,DESCUPED_LOCAL_VARIABLE,k,Local transient variable 'k' (ownership discarded at function exit),MultiheadAttention,_forward_impl,https://github.com/pytorch/pytorch/blob/main/torch/ao/nn/quantizable/modules/activation.py#L538
GitHub:pytorch/pytorch (main),torch/ao/nn/quantizable/modules/activation.py,550,torch.cat,True,DESCUPED_LOCAL_VARIABLE,v,Local transient variable 'v' (ownership discarded at function exit),MultiheadAttention,_forward_impl,https://github.com/pytorch/pytorch/blob/main/torch/ao/nn/quantizable/modules/activation.py#L550
GitHub:pytorch/pytorch (main),torch/ao/nn/quantizable/modules/rnn.py,339,torch.cat,False,ESCAPING_LOCAL_VAR,result,Variable 'result' returned from function,_LSTMLayer,forward,https://github.com/pytorch/pytorch/blob/main/torch/ao/nn/quantizable/modules/rnn.py#L339
GitHub:pytorch/pytorch (main),torch/ao/nn/quantized/modules/functional_modules.py,81,torch.cat,False,ESCAPING_LOCAL_VAR,r,Variable 'r' returned from function,FloatFunctional,cat,https://github.com/pytorch/pytorch/blob/main/torch/ao/nn/quantized/modules/functional_modules.py#L81
GitHub:pytorch/pytorch (main),torch/ao/nn/quantized/modules/functional_modules.py,147,torch.cat,False,ESCAPING_LOCAL_VAR,r,Variable 'r' returned from function,FXFloatFunctional,cat,https://github.com/pytorch/pytorch/blob/main/torch/ao/nn/quantized/modules/functional_modules.py#L147
GitHub:pytorch/pytorch (main),torch/ao/nn/quantized/modules/functional_modules.py,270,ops.quantized.cat,False,ESCAPING_LOCAL_VAR,r,Variable 'r' returned from function,QFunctional,cat,https://github.com/pytorch/pytorch/blob/main/torch/ao/nn/quantized/modules/functional_modules.py#L270
GitHub:pytorch/pytorch (main),torch/ao/ns/_numeric_suite.py,326,self.orig_module.cat,False,ESCAPING_LOCAL_VAR,output,Variable 'output' returned from function,Shadow,cat,https://github.com/pytorch/pytorch/blob/main/torch/ao/ns/_numeric_suite.py#L326
GitHub:pytorch/pytorch (main),torch/ao/ns/_numeric_suite.py,328,self.shadow_module.cat,True,DESCUPED_LOCAL_VARIABLE,shadow_output,Local transient variable 'shadow_output' (ownership discarded at function exit),Shadow,cat,https://github.com/pytorch/pytorch/blob/main/torch/ao/ns/_numeric_suite.py#L328
GitHub:pytorch/pytorch (main),torch/ao/pruning/_experimental/pruner/prune_functions.py,430,torch.cat,True,DESCUPED_LOCAL_VARIABLE,new_weight,Local transient variable 'new_weight' (ownership discarded at function exit),,prune_lstm_output_layernorm_linear,https://github.com/pytorch/pytorch/blob/main/torch/ao/pruning/_experimental/pruner/prune_functions.py#L430
GitHub:pytorch/pytorch (main),torch/ao/quantization/experimental/observer.py,81,torch.cat,True,DESCUPED_LOCAL_VARIABLE,p_curr,Local transient variable 'p_curr' (ownership discarded at function exit),APoTObserver,_calculate_qparams,https://github.com/pytorch/pytorch/blob/main/torch/ao/quantization/experimental/observer.py#L81
GitHub:pytorch/pytorch (main),torch/ao/quantization/experimental/observer.py,84,torch.cat,True,DESCUPED_LOCAL_VARIABLE,p_curr,Local transient variable 'p_curr' (ownership discarded at function exit),APoTObserver,_calculate_qparams,https://github.com/pytorch/pytorch/blob/main/torch/ao/quantization/experimental/observer.py#L84
GitHub:pytorch/pytorch (main),torch/compiler/__init__.py,1012,file.read,False,ESCAPING_LOCAL_VAR,data,Variable 'data' returned from function,,load_compiled_function,https://github.com/pytorch/pytorch/blob/main/torch/compiler/__init__.py#L1012
GitHub:pytorch/pytorch (main),torch/compiler/_cache.py,39,reader.read_bytes,False,ESCAPING_LOCAL_VAR,content,Variable 'content' returned from function,CacheArtifact,deserialize,https://github.com/pytorch/pytorch/blob/main/torch/compiler/_cache.py#L39
GitHub:pytorch/pytorch (main),torch/cuda/_memory_viz.py,130,p.stdout.read,False,ESCAPING_LOCAL_VAR,result,Variable 'result' returned from function,,format_flamegraph,https://github.com/pytorch/pytorch/blob/main/torch/cuda/_memory_viz.py#L130
GitHub:pytorch/pytorch (main),torch/distributed/_functional_collectives.py,480,torch.cat,True,LOCAL_TRANSIENT,local,Local scope execution without explicit escape detected,,reduce_scatter_single_coalesced,https://github.com/pytorch/pytorch/blob/main/torch/distributed/_functional_collectives.py#L480
GitHub:pytorch/pytorch (main),torch/distributed/_functional_collectives.py,1873,torch.cat,True,DIRECT_CALL_ARGUMENT,reduce_scatter_single,Passed directly to consumer function 'reduce_scatter_single',,reduce_scatter_inplace,https://github.com/pytorch/pytorch/blob/main/torch/distributed/_functional_collectives.py#L1873
GitHub:pytorch/pytorch (main),torch/distributed/_local_tensor/_c10d.py,152,torch.cat,True,DESCUPED_LOCAL_VARIABLE,gathered_tensor,Local transient variable 'gathered_tensor' (ownership discarded at function exit),,_local_functional_all_gather_into_tensor,https://github.com/pytorch/pytorch/blob/main/torch/distributed/_local_tensor/_c10d.py#L152
GitHub:pytorch/pytorch (main),torch/distributed/_local_tensor/_c10d.py,237,torch.cat,True,DESCUPED_LOCAL_VARIABLE,gathered_tensor,Local transient variable 'gathered_tensor' (ownership discarded at function exit),,_local_functional_shard_dim_alltoall,https://github.com/pytorch/pytorch/blob/main/torch/distributed/_local_tensor/_c10d.py#L237
GitHub:pytorch/pytorch (main),torch/distributed/_local_tensor/_c10d.py,307,torch.cat,True,LOCAL_TRANSIENT,local,Local scope execution without explicit escape detected,,_local_functional_all_to_all_single,https://github.com/pytorch/pytorch/blob/main/torch/distributed/_local_tensor/_c10d.py#L307
GitHub:pytorch/pytorch (main),torch/distributed/_local_tensor/_c10d.py,569,torch.cat,True,DESCUPED_LOCAL_VARIABLE,gathered_tensor,Local transient variable 'gathered_tensor' (ownership discarded at function exit),,_local_allgather_base_,https://github.com/pytorch/pytorch/blob/main/torch/distributed/_local_tensor/_c10d.py#L569
GitHub:pytorch/pytorch (main),torch/distributed/_local_tensor/_c10d.py,722,torch.cat,True,DESCUPED_LOCAL_VARIABLE,concatenated,Local transient variable 'concatenated' (ownership discarded at function exit),,_local_allgather_into_tensor_coalesced_,https://github.com/pytorch/pytorch/blob/main/torch/distributed/_local_tensor/_c10d.py#L722
GitHub:pytorch/pytorch (main),torch/distributed/_serialization.py,58,f.read,True,DESCUPED_LOCAL_VARIABLE,data,Local transient variable 'data' (ownership discarded at function exit),_PseudoZipFile,read_from,https://github.com/pytorch/pytorch/blob/main/torch/distributed/_serialization.py#L58
GitHub:pytorch/pytorch (main),torch/distributed/_shard/sharded_tensor/reshard.py,241,torch.cat,True,DESCUPED_LOCAL_VARIABLE,local_tensor,Local transient variable 'local_tensor' (ownership discarded at function exit),,reshard_local_shard,https://github.com/pytorch/pytorch/blob/main/torch/distributed/_shard/sharded_tensor/reshard.py#L241
GitHub:pytorch/pytorch (main),torch/distributed/_shard/sharding_spec/chunk_sharding_spec_ops/_common.py,185,torch.cat,True,DESCUPED_LOCAL_VARIABLE,combined_results,Local transient variable 'combined_results' (ownership discarded at function exit),,_result_distribute_with_col_rearrange,https://github.com/pytorch/pytorch/blob/main/torch/distributed/_shard/sharding_spec/chunk_sharding_spec_ops/_common.py#L185
GitHub:pytorch/pytorch (main),torch/distributed/_shard/sharding_spec/chunk_sharding_spec_ops/_common.py,255,torch.cat,True,DIRECT_CALL_ARGUMENT,torch.unique,Passed directly to consumer function 'torch.unique',,_handle_max_norm_col_wise,https://github.com/pytorch/pytorch/blob/main/torch/distributed/_shard/sharding_spec/chunk_sharding_spec_ops/_common.py#L255
GitHub:pytorch/pytorch (main),torch/distributed/_shard/sharding_spec/chunk_sharding_spec_ops/embedding.py,282,torch.cat,True,DIRECT_CALL_ARGUMENT,torch.nn.functional.embedding,Passed directly to consumer function 'torch.nn.functional.embedding',,_handle_row_wise_sharding,https://github.com/pytorch/pytorch/blob/main/torch/distributed/_shard/sharding_spec/chunk_sharding_spec_ops/embedding.py#L282
GitHub:pytorch/pytorch (main),torch/distributed/_shard/sharding_spec/chunk_sharding_spec_ops/embedding_bag.py,365,torch.cat,True,DESCUPED_LOCAL_VARIABLE,gather_inp,Local transient variable 'gather_inp' (ownership discarded at function exit),,_handle_row_wise_sharding,https://github.com/pytorch/pytorch/blob/main/torch/distributed/_shard/sharding_spec/chunk_sharding_spec_ops/embedding_bag.py#L365
GitHub:pytorch/pytorch (main),torch/distributed/_shard/sharding_spec/chunk_sharding_spec_ops/embedding_bag.py,367,torch.cat,True,DESCUPED_LOCAL_VARIABLE,per_sample_weights,Local transient variable 'per_sample_weights' (ownership discarded at function exit),,_handle_row_wise_sharding,https://github.com/pytorch/pytorch/blob/main/torch/distributed/_shard/sharding_spec/chunk_sharding_spec_ops/embedding_bag.py#L367
GitHub:pytorch/pytorch (main),torch/distributed/_shard/sharding_spec/chunk_sharding_spec_ops/embedding_bag.py,370,torch.cat,True,DESCUPED_LOCAL_VARIABLE,offsets_list,Local transient variable 'offsets_list' (ownership discarded at function exit),,_handle_row_wise_sharding,https://github.com/pytorch/pytorch/blob/main/torch/distributed/_shard/sharding_spec/chunk_sharding_spec_ops/embedding_bag.py#L370
GitHub:pytorch/pytorch (main),torch/distributed/_shard/sharding_spec/chunk_sharding_spec_ops/embedding_bag.py,398,torch.cat,True,DIRECT_CALL_ARGUMENT,torch.nn.functional.embedding_bag,Passed directly to consumer function 'torch.nn.functional.embedding_bag',,_handle_row_wise_sharding,https://github.com/pytorch/pytorch/blob/main/torch/distributed/_shard/sharding_spec/chunk_sharding_spec_ops/embedding_bag.py#L398
GitHub:pytorch/pytorch (main),torch/distributed/_shard/sharding_spec/chunk_sharding_spec_ops/embedding_bag.py,426,torch.cat,False,ESCAPING_LOCAL_VAR,split_sizes,Variable 'split_sizes' returned from function,,_handle_row_wise_sharding,https://github.com/pytorch/pytorch/blob/main/torch/distributed/_shard/sharding_spec/chunk_sharding_spec_ops/embedding_bag.py#L426
GitHub:pytorch/pytorch (main),torch/distributed/_symmetric_memory/__init__.py,913,torch.cat,True,DESCUPED_LOCAL_VARIABLE,A_split_cat_out_flat,Local transient variable 'A_split_cat_out_flat' (ownership discarded at function exit),,_fused_all_gather_matmul_last_gather_dim_impl,https://github.com/pytorch/pytorch/blob/main/torch/distributed/_symmetric_memory/__init__.py#L913
GitHub:pytorch/pytorch (main),torch/distributed/_symmetric_memory/__init__.py,935,torch.cat,False,ESCAPING_LOCAL_VAR,A_mm,Variable 'A_mm' returned from function,,_fused_all_gather_matmul_fallback,https://github.com/pytorch/pytorch/blob/main/torch/distributed/_symmetric_memory/__init__.py#L935
GitHub:pytorch/pytorch (main),torch/distributed/algorithms/ddp_comm_hooks/powerSGD_hook.py,470,torch.cat,True,LOCAL_TRANSIENT,local,Local scope execution without explicit escape detected,,powerSGD_hook,https://github.com/pytorch/pytorch/blob/main/torch/distributed/algorithms/ddp_comm_hooks/powerSGD_hook.py#L470
GitHub:pytorch/pytorch (main),torch/distributed/algorithms/model_averaging/utils.py,39,torch.cat,True,DESCUPED_LOCAL_VARIABLE,flat_params,Local transient variable 'flat_params' (ownership discarded at function exit),,average_parameters,https://github.com/pytorch/pytorch/blob/main/torch/distributed/algorithms/model_averaging/utils.py#L39
GitHub:pytorch/pytorch (main),torch/distributed/checkpoint/_consolidate_hf_safetensors.py,223,f.read,False,ESCAPING_RETURN,return,Directly returned from function (caller assumes ownership),,_read_tensor_data,https://github.com/pytorch/pytorch/blob/main/torch/distributed/checkpoint/_consolidate_hf_safetensors.py#L223
GitHub:pytorch/pytorch (main),torch/distributed/checkpoint/_experimental/checkpoint_reader.py,153,file.read,True,DESCUPED_LOCAL_VARIABLE,buffer,Local transient variable 'buffer' (ownership discarded at function exit),CheckpointReader,load_tensor,https://github.com/pytorch/pytorch/blob/main/torch/distributed/checkpoint/_experimental/checkpoint_reader.py#L153
GitHub:pytorch/pytorch (main),torch/distributed/checkpoint/_experimental/checkpointer.py,177,self._reader.read,True,LOCAL_TRANSIENT,local,Local scope execution without explicit escape detected,SyncCheckpointer,load,https://github.com/pytorch/pytorch/blob/main/torch/distributed/checkpoint/_experimental/checkpointer.py#L177
GitHub:pytorch/pytorch (main),torch/distributed/checkpoint/_experimental/checkpointer.py,322,self._reader.read,True,LOCAL_TRANSIENT,local,Local scope execution without explicit escape detected,AsyncCheckpointer,load,https://github.com/pytorch/pytorch/blob/main/torch/distributed/checkpoint/_experimental/checkpointer.py#L322
GitHub:pytorch/pytorch (main),torch/distributed/checkpoint/_extension.py,169,self.input.read,True,DESCUPED_LOCAL_VARIABLE,indata,Local transient variable 'indata' (ownership discarded at function exit),Reader,readinto,https://github.com/pytorch/pytorch/blob/main/torch/distributed/checkpoint/_extension.py#L169
GitHub:pytorch/pytorch (main),torch/distributed/checkpoint/_hf_utils.py,85,file_bytes.read,True,DESCUPED_LOCAL_VARIABLE,header_len_bytes,Local transient variable 'header_len_bytes' (ownership discarded at function exit),,_get_safetensors_file_metadata,https://github.com/pytorch/pytorch/blob/main/torch/distributed/checkpoint/_hf_utils.py#L85
GitHub:pytorch/pytorch (main),torch/distributed/checkpoint/_hf_utils.py,87,file_bytes.read,True,DESCUPED_LOCAL_VARIABLE,header_json,Local transient variable 'header_json' (ownership discarded at function exit),,_get_safetensors_file_metadata,https://github.com/pytorch/pytorch/blob/main/torch/distributed/checkpoint/_hf_utils.py#L87
GitHub:pytorch/pytorch (main),torch/distributed/checkpoint/filesystem.py,893,transform_from.read,True,BYTESIO_STREAM,io.BytesIO,Direct in-place consumer 'io.BytesIO' (safe zero-copy candidate),FileSystemReader,read_data,https://github.com/pytorch/pytorch/blob/main/torch/distributed/checkpoint/filesystem.py#L893
GitHub:pytorch/pytorch (main),torch/distributed/checkpoint/filesystem.py,902,transform_from.read,True,BYTESIO_STREAM,io.BytesIO,Direct in-place consumer 'io.BytesIO' (safe zero-copy candidate),FileSystemReader,read_data,https://github.com/pytorch/pytorch/blob/main/torch/distributed/checkpoint/filesystem.py#L902
GitHub:pytorch/pytorch (main),torch/distributed/checkpoint/utils.py,421,self.base_stream.readinto,False,ESCAPING_RETURN,return,Directly returned from function (caller assumes ownership),_ReaderView,readinto,https://github.com/pytorch/pytorch/blob/main/torch/distributed/checkpoint/utils.py#L421
GitHub:pytorch/pytorch (main),torch/distributed/checkpoint/utils.py,427,self.base_stream.read,False,ESCAPING_RETURN,return,Directly returned from function (caller assumes ownership),_ReaderView,read,https://github.com/pytorch/pytorch/blob/main/torch/distributed/checkpoint/utils.py#L427
GitHub:pytorch/pytorch (main),torch/distributed/debug/_handlers.py,19,pathlib.Path.read_bytes,True,DIRECT_CALL_ARGUMENT,resp.set_content,Passed directly to consumer function 'resp.set_content',,_torch_profile,https://github.com/pytorch/pytorch/blob/main/torch/distributed/debug/_handlers.py#L19
GitHub:pytorch/pytorch (main),torch/distributed/distributed_c10d.py,4632,torch.cat,True,DESCUPED_LOCAL_VARIABLE,object_sizes_tensor,Local transient variable 'object_sizes_tensor' (ownership discarded at function exit),,send_object_list,https://github.com/pytorch/pytorch/blob/main/torch/distributed/distributed_c10d.py#L4632
GitHub:pytorch/pytorch (main),torch/distributed/distributed_c10d.py,4648,torch.cat,True,DESCUPED_LOCAL_VARIABLE,object_tensor,Local transient variable 'object_tensor' (ownership discarded at function exit),,send_object_list,https://github.com/pytorch/pytorch/blob/main/torch/distributed/distributed_c10d.py#L4648
GitHub:pytorch/pytorch (main),torch/distributed/distributed_c10d.py,4912,torch.cat,True,DESCUPED_LOCAL_VARIABLE,object_sizes_tensor,Local transient variable 'object_sizes_tensor' (ownership discarded at function exit),,broadcast_object_list,https://github.com/pytorch/pytorch/blob/main/torch/distributed/distributed_c10d.py#L4912
GitHub:pytorch/pytorch (main),torch/distributed/distributed_c10d.py,4930,torch.cat,True,DESCUPED_LOCAL_VARIABLE,object_tensor,Local transient variable 'object_tensor' (ownership discarded at function exit),,broadcast_object_list,https://github.com/pytorch/pytorch/blob/main/torch/distributed/distributed_c10d.py#L4930
GitHub:pytorch/pytorch (main),torch/distributed/elastic/multiprocessing/tail_log.py,42,fp.readline,True,DESCUPED_LOCAL_VARIABLE,line,Local transient variable 'line' (ownership discarded at function exit),,tail_logfile,https://github.com/pytorch/pytorch/blob/main/torch/distributed/elastic/multiprocessing/tail_log.py#L42
GitHub:pytorch/pytorch (main),torch/distributed/elastic/rendezvous/etcd_rendezvous_backend.py,78,self._client.read,False,ESCAPING_LOCAL_VAR,result,Variable 'result' returned from function,EtcdRendezvousBackend,get_state,https://github.com/pytorch/pytorch/blob/main/torch/distributed/elastic/rendezvous/etcd_rendezvous_backend.py#L78
GitHub:pytorch/pytorch (main),torch/distributed/elastic/timer/file_based_local_timer.py,379,fd.readline,True,DESCUPED_LOCAL_VARIABLE,json_request,Local transient variable 'json_request' (ownership discarded at function exit),FileTimerServer,_get_requests,https://github.com/pytorch/pytorch/blob/main/torch/distributed/elastic/timer/file_based_local_timer.py#L379
GitHub:pytorch/pytorch (main),torch/distributed/elastic/utils/process_state.py,33,f.read,True,DESCUPED_LOCAL_VARIABLE,data,Local transient variable 'data' (ownership discarded at function exit),,read_proc_state,https://github.com/pytorch/pytorch/blob/main/torch/distributed/elastic/utils/process_state.py#L33
GitHub:pytorch/pytorch (main),torch/distributed/fsdp/_flat_param.py,893,torch.cat,False,ESCAPING_RETURN,return,Directly returned from function (caller assumes ownership),FlatParamHandle,flatten_tensors,https://github.com/pytorch/pytorch/blob/main/torch/distributed/fsdp/_flat_param.py#L893
GitHub:pytorch/pytorch (main),torch/distributed/fsdp/_fully_shard/_fsdp_collectives.py,518,torch.cat,True,STANDALONE_DRAIN,expr,Result discarded immediately after execution,,foreach_all_gather_copy_out,https://github.com/pytorch/pytorch/blob/main/torch/distributed/fsdp/_fully_shard/_fsdp_collectives.py#L518
GitHub:pytorch/pytorch (main),torch/distributed/fsdp/_fully_shard/_fsdp_collectives.py,590,torch.cat,True,LOCAL_TRANSIENT,local,Local scope execution without explicit escape detected,,foreach_reduce,https://github.com/pytorch/pytorch/blob/main/torch/distributed/fsdp/_fully_shard/_fsdp_collectives.py#L590
GitHub:pytorch/pytorch (main),torch/distributed/fsdp/_optim_utils.py,1639,torch.cat,True,DESCUPED_LOCAL_VARIABLE,local_shard,Local transient variable 'local_shard' (ownership discarded at function exit),,_allgather_orig_param_states,https://github.com/pytorch/pytorch/blob/main/torch/distributed/fsdp/_optim_utils.py#L1639
GitHub:pytorch/pytorch (main),torch/distributed/pipelining/microbatch.py,622,torch.cat,True,DESCUPED_LOCAL_VARIABLE,local_cat,Local transient variable 'local_cat' (ownership discarded at function exit),,merge_chunks,https://github.com/pytorch/pytorch/blob/main/torch/distributed/pipelining/microbatch.py#L622
GitHub:pytorch/pytorch (main),torch/distributed/pipelining/microbatch.py,643,torch.cat,True,DIRECT_CALL_ARGUMENT,args_flattened.append,Passed directly to consumer function 'args_flattened.append',,merge_chunks,https://github.com/pytorch/pytorch/blob/main/torch/distributed/pipelining/microbatch.py#L643
GitHub:pytorch/pytorch (main),torch/distributed/tensor/_collective_utils.py,75,torch.cat,True,DESCUPED_LOCAL_VARIABLE,cat_tensor,Local transient variable 'cat_tensor' (ownership discarded at function exit),,_shard_dim_alltoall_meta,https://github.com/pytorch/pytorch/blob/main/torch/distributed/tensor/_collective_utils.py#L75
GitHub:pytorch/pytorch (main),torch/distributed/tensor/_collective_utils.py,262,torch.cat,False,ESCAPING_RETURN,return,Directly returned from function (caller assumes ownership),,pad_tensor,https://github.com/pytorch/pytorch/blob/main/torch/distributed/tensor/_collective_utils.py#L262
GitHub:pytorch/pytorch (main),torch/distributed/tensor/_shards_wrapper.py,125,torch.cat,True,LOCAL_TRANSIENT,local,Local scope execution without explicit escape detected,LocalShardsWrapper,handle_all_gather_into_tensor,https://github.com/pytorch/pytorch/blob/main/torch/distributed/tensor/_shards_wrapper.py#L125
GitHub:pytorch/pytorch (main),torch/distributed/tensor/_tp_conv.py,62,torch.cat,False,ESCAPING_LOCAL_VAR,in_tensor,Variable 'in_tensor' returned from function,,_ring_send_recv_construct,https://github.com/pytorch/pytorch/blob/main/torch/distributed/tensor/_tp_conv.py#L62
GitHub:pytorch/pytorch (main),torch/distributed/tensor/_tp_conv.py,64,torch.cat,False,ESCAPING_LOCAL_VAR,in_tensor,Variable 'in_tensor' returned from function,,_ring_send_recv_construct,https://github.com/pytorch/pytorch/blob/main/torch/distributed/tensor/_tp_conv.py#L64
GitHub:pytorch/pytorch (main),torch/distributed/tensor/_tp_conv.py,66,torch.cat,False,ESCAPING_LOCAL_VAR,in_tensor,Variable 'in_tensor' returned from function,,_ring_send_recv_construct,https://github.com/pytorch/pytorch/blob/main/torch/distributed/tensor/_tp_conv.py#L66
GitHub:pytorch/pytorch (main),torch/distributed/tensor/experimental/_context_parallel/_attention.py,136,torch.cat,False,ESCAPING_RETURN,return,Directly returned from function (caller assumes ownership),,_partial_update,https://github.com/pytorch/pytorch/blob/main/torch/distributed/tensor/experimental/_context_parallel/_attention.py#L136
GitHub:pytorch/pytorch (main),torch/distributed/tensor/experimental/_context_parallel/_attention.py,438,torch.cat,True,DESCUPED_LOCAL_VARIABLE,next_kv,Local transient variable 'next_kv' (ownership discarded at function exit),,_templated_ring_attention,https://github.com/pytorch/pytorch/blob/main/torch/distributed/tensor/experimental/_context_parallel/_attention.py#L438
GitHub:pytorch/pytorch (main),torch/distributed/tensor/experimental/_context_parallel/_attention.py,536,torch.cat,True,DESCUPED_LOCAL_VARIABLE,next_kv,Local transient variable 'next_kv' (ownership discarded at function exit),,_templated_ring_attention_backward,https://github.com/pytorch/pytorch/blob/main/torch/distributed/tensor/experimental/_context_parallel/_attention.py#L536
GitHub:pytorch/pytorch (main),torch/distributed/tensor/experimental/_context_parallel/_attention.py,635,torch.cat,True,DESCUPED_LOCAL_VARIABLE,next_grad_kv,Local transient variable 'next_grad_kv' (ownership discarded at function exit),,_templated_ring_attention_backward,https://github.com/pytorch/pytorch/blob/main/torch/distributed/tensor/experimental/_context_parallel/_attention.py#L635
GitHub:pytorch/pytorch (main),torch/distributed/tensor/experimental/_context_parallel/_load_balancer.py,293,torch.cat,True,LOCAL_TRANSIENT,local,Local scope execution without explicit escape detected,_PerDocumentHeadTailLoadBalancer,_generate_indices_for_batch,https://github.com/pytorch/pytorch/blob/main/torch/distributed/tensor/experimental/_context_parallel/_load_balancer.py#L293
GitHub:pytorch/pytorch (main),torch/distributed/tensor/placement_types.py,505,torch.cat,False,ESCAPING_LOCAL_VAR,tensor,Variable 'tensor' returned from function,Shard,_reduce_shard_tensor,https://github.com/pytorch/pytorch/blob/main/torch/distributed/tensor/placement_types.py#L505
GitHub:pytorch/pytorch (main),torch/distributed/tensor/placement_types.py,1061,torch.cat,True,DESCUPED_LOCAL_VARIABLE,shard,Local transient variable 'shard' (ownership discarded at function exit),_StridedShard,_split_tensor,https://github.com/pytorch/pytorch/blob/main/torch/distributed/tensor/placement_types.py#L1061
GitHub:pytorch/pytorch (main),torch/distributed/tensor/placement_types.py,1271,torch.cat,True,DESCUPED_LOCAL_VARIABLE,permutation,Local transient variable 'permutation' (ownership discarded at function exit),_StridedShard,_to_replicate_tensor,https://github.com/pytorch/pytorch/blob/main/torch/distributed/tensor/placement_types.py#L1271
GitHub:pytorch/pytorch (main),torch/distributed/tensor/placement_types.py,1274,torch.cat,True,DESCUPED_LOCAL_VARIABLE,select_positions,Local transient variable 'select_positions' (ownership discarded at function exit),_StridedShard,_to_replicate_tensor,https://github.com/pytorch/pytorch/blob/main/torch/distributed/tensor/placement_types.py#L1274
GitHub:pytorch/pytorch (main),torch/distributed/tensor/placement_types.py,1625,torch.cat,True,DESCUPED_LOCAL_VARIABLE,permutation,Local transient variable 'permutation' (ownership discarded at function exit),_StridedShard,_unpad_for_new_shard_dim,https://github.com/pytorch/pytorch/blob/main/torch/distributed/tensor/placement_types.py#L1625
GitHub:pytorch/pytorch (main),torch/distributed/tensor/placement_types.py,1626,torch.cat,True,DESCUPED_LOCAL_VARIABLE,select_positions,Local transient variable 'select_positions' (ownership discarded at function exit),_StridedShard,_unpad_for_new_shard_dim,https://github.com/pytorch/pytorch/blob/main/torch/distributed/tensor/placement_types.py#L1626
GitHub:pytorch/pytorch (main),torch/distributions/constraints.py,693,torch.cat,False,ESCAPING_RETURN,return,Directly returned from function (caller assumes ownership),_Cat,check,https://github.com/pytorch/pytorch/blob/main/torch/distributions/constraints.py#L693
GitHub:pytorch/pytorch (main),torch/distributions/lkj_cholesky.py,87,torch.cat,True,DESCUPED_LOCAL_VARIABLE,offset,Local transient variable 'offset' (ownership discarded at function exit),LKJCholesky,__init__,https://github.com/pytorch/pytorch/blob/main/torch/distributions/lkj_cholesky.py#L87
GitHub:pytorch/pytorch (main),torch/distributions/transforms.py,1143,torch.cat,False,ESCAPING_RETURN,return,Directly returned from function (caller assumes ownership),CatTransform,_call,https://github.com/pytorch/pytorch/blob/main/torch/distributions/transforms.py#L1143
GitHub:pytorch/pytorch (main),torch/distributions/transforms.py,1160,torch.cat,False,ESCAPING_RETURN,return,Directly returned from function (caller assumes ownership),CatTransform,_inverse,https://github.com/pytorch/pytorch/blob/main/torch/distributions/transforms.py#L1160
GitHub:pytorch/pytorch (main),torch/distributions/transforms.py,1195,torch.cat,False,ESCAPING_RETURN,return,Directly returned from function (caller assumes ownership),CatTransform,log_abs_det_jacobian,https://github.com/pytorch/pytorch/blob/main/torch/distributions/transforms.py#L1195
GitHub:pytorch/pytorch (main),torch/distributions/transforms.py,1206,constraints.cat,False,ESCAPING_RETURN,return,Directly returned from function (caller assumes ownership),CatTransform,domain,https://github.com/pytorch/pytorch/blob/main/torch/distributions/transforms.py#L1206
GitHub:pytorch/pytorch (main),torch/distributions/transforms.py,1213,constraints.cat,False,ESCAPING_RETURN,return,Directly returned from function (caller assumes ownership),CatTransform,codomain,https://github.com/pytorch/pytorch/blob/main/torch/distributions/transforms.py#L1213
GitHub:pytorch/pytorch (main),torch/export/__init__.py,426,zipf.read,True,CHAINED_TRANSFORMATION,decode,Immediately transformed in-place via .decode(),,load,https://github.com/pytorch/pytorch/blob/main/torch/export/__init__.py#L426
GitHub:pytorch/pytorch (main),torch/export/__init__.py,451,zipf.read,True,DESCUPED_LOCAL_VARIABLE,file_content,Local transient variable 'file_content' (ownership discarded at function exit),,load,https://github.com/pytorch/pytorch/blob/main/torch/export/__init__.py#L451
GitHub:pytorch/pytorch (main),torch/export/pt2_archive/_package.py,87,zip_reader.read,True,LOCAL_TRANSIENT,local,Local scope execution without explicit escape detected,,is_pt2_package,https://github.com/pytorch/pytorch/blob/main/torch/export/pt2_archive/_package.py#L87
GitHub:pytorch/pytorch (main),torch/export/pt2_archive/_package.py,166,f.read,True,DESCUPED_LOCAL_VARIABLE,file_bytes,Local transient variable 'file_bytes' (ownership discarded at function exit),PT2ArchiveWriter,write_file,https://github.com/pytorch/pytorch/blob/main/torch/export/pt2_archive/_package.py#L166
GitHub:pytorch/pytorch (main),torch/export/pt2_archive/_package.py,226,self.read_bytes,False,ESCAPING_LOCAL_VAR,data,Variable 'data' returned from function,PT2ArchiveReader,read_string,https://github.com/pytorch/pytorch/blob/main/torch/export/pt2_archive/_package.py#L226
GitHub:pytorch/pytorch (main),torch/export/pt2_archive/_package.py,875,archive_reader.read_bytes,False,ESCAPING_RETURN,return,Directly returned from function (caller assumes ownership),,_load_state_dict,https://github.com/pytorch/pytorch/blob/main/torch/export/pt2_archive/_package.py#L875
GitHub:pytorch/pytorch (main),torch/export/pt2_archive/_package.py,890,archive_reader.read_bytes,True,DESCUPED_LOCAL_VARIABLE,weight_bytes,Local transient variable 'weight_bytes' (ownership discarded at function exit),,_load_state_dict,https://github.com/pytorch/pytorch/blob/main/torch/export/pt2_archive/_package.py#L890
GitHub:pytorch/pytorch (main),torch/export/pt2_archive/_package.py,931,archive_reader.read_bytes,False,ESCAPING_RETURN,return,Directly returned from function (caller assumes ownership),,_load_constants,https://github.com/pytorch/pytorch/blob/main/torch/export/pt2_archive/_package.py#L931
GitHub:pytorch/pytorch (main),torch/export/pt2_archive/_package.py,948,archive_reader.read_bytes,True,DESCUPED_LOCAL_VARIABLE,constant_bytes,Local transient variable 'constant_bytes' (ownership discarded at function exit),,_load_constants,https://github.com/pytorch/pytorch/blob/main/torch/export/pt2_archive/_package.py#L948
GitHub:pytorch/pytorch (main),torch/export/pt2_archive/_package.py,971,archive_reader.read_bytes,True,DESCUPED_LOCAL_VARIABLE,constant_bytes,Local transient variable 'constant_bytes' (ownership discarded at function exit),,_load_constants,https://github.com/pytorch/pytorch/blob/main/torch/export/pt2_archive/_package.py#L971
GitHub:pytorch/pytorch (main),torch/export/pt2_archive/_package.py,977,archive_reader.read_bytes,True,DESCUPED_LOCAL_VARIABLE,constant_bytes,Local transient variable 'constant_bytes' (ownership discarded at function exit),,_load_constants,https://github.com/pytorch/pytorch/blob/main/torch/export/pt2_archive/_package.py#L977
GitHub:pytorch/pytorch (main),torch/export/pt2_archive/_package.py,1006,archive_reader.read_bytes,True,DESCUPED_LOCAL_VARIABLE,serialized_sample_inputs,Local transient variable 'serialized_sample_inputs' (ownership discarded at function exit),,_load_exported_programs,https://github.com/pytorch/pytorch/blob/main/torch/export/pt2_archive/_package.py#L1006
GitHub:pytorch/pytorch (main),torch/export/pt2_archive/_package.py,1010,archive_reader.read_bytes,True,DESCUPED_LOCAL_VARIABLE,exported_program_bytes,Local transient variable 'exported_program_bytes' (ownership discarded at function exit),,_load_exported_programs,https://github.com/pytorch/pytorch/blob/main/torch/export/pt2_archive/_package.py#L1010
GitHub:pytorch/pytorch (main),torch/export/pt2_archive/_package.py,1171,archive_reader.read_bytes,True,DESCUPED_LOCAL_VARIABLE,weight_bytes,Local transient variable 'weight_bytes' (ownership discarded at function exit),,load_pt2,https://github.com/pytorch/pytorch/blob/main/torch/export/pt2_archive/_package.py#L1171
GitHub:pytorch/pytorch (main),torch/export/pt2_archive/_package.py,1180,f.read,True,DIRECT_CALL_ARGUMENT,tf.write,Passed directly to consumer function 'tf.write',,load_pt2,https://github.com/pytorch/pytorch/blob/main/torch/export/pt2_archive/_package.py#L1180
GitHub:pytorch/pytorch (main),torch/export/unflatten.py,1356,self.ivals.read,False,ESCAPING_RETURN,return,Directly returned from function (caller assumes ownership),_ModuleFrame,remap_input,https://github.com/pytorch/pytorch/blob/main/torch/export/unflatten.py#L1356
GitHub:pytorch/pytorch (main),torch/hub.py,231,r.read,True,CHAINED_TRANSFORMATION,decode,Immediately transformed in-place via .decode(),,_read_url,https://github.com/pytorch/pytorch/blob/main/torch/hub.py#L231
GitHub:pytorch/pytorch (main),torch/hub.py,768,u.read,True,DESCUPED_LOCAL_VARIABLE,buffer,Local transient variable 'buffer' (ownership discarded at function exit),,download_url_to_file,https://github.com/pytorch/pytorch/blob/main/torch/hub.py#L768
GitHub:pytorch/pytorch (main),torch/jit/_serialization.py,203,f.read,True,DIRECT_CALL_ARGUMENT,torch._C.import_ir_module_from_buffer,Passed directly to consumer function 'torch._C.import_ir_module_from_buffer',,load,https://github.com/pytorch/pytorch/blob/main/torch/jit/_serialization.py#L203
GitHub:pytorch/pytorch (main),torch/jit/_serialization.py,236,f.read,True,DIRECT_CALL_ARGUMENT,torch._C._load_jit_module_from_bytes,Passed directly to consumer function 'torch._C._load_jit_module_from_bytes',,jit_module_from_flatbuffer,https://github.com/pytorch/pytorch/blob/main/torch/jit/_serialization.py#L236
GitHub:pytorch/pytorch (main),torch/jit/_serialization.py,311,f.read,False,ESCAPING_LOCAL_VAR,all_bytes,Variable 'all_bytes' returned from function,,get_flatbuffer_module_info,https://github.com/pytorch/pytorch/blob/main/torch/jit/_serialization.py#L311
GitHub:pytorch/pytorch (main),torch/jit/_serialization.py,313,path_or_file.read,False,ESCAPING_LOCAL_VAR,all_bytes,Variable 'all_bytes' returned from function,,get_flatbuffer_module_info,https://github.com/pytorch/pytorch/blob/main/torch/jit/_serialization.py#L313
GitHub:pytorch/pytorch (main),torch/jit/_shape_functions.py,652,cat,False,ESCAPING_RETURN,return,Directly returned from function (caller assumes ownership),,stack,https://github.com/pytorch/pytorch/blob/main/torch/jit/_shape_functions.py#L652
GitHub:pytorch/pytorch (main),torch/jit/mobile/__init__.py,50,f.read,True,DIRECT_CALL_ARGUMENT,torch._C._load_for_lite_interpreter_from_buffer,Passed directly to consumer function 'torch._C._load_for_lite_interpreter_from_buffer',,_load_for_lite_interpreter,https://github.com/pytorch/pytorch/blob/main/torch/jit/mobile/__init__.py#L50
GitHub:pytorch/pytorch (main),torch/jit/mobile/__init__.py,109,f_input.read,True,DIRECT_CALL_ARGUMENT,torch._C._get_model_bytecode_version_from_buffer,Passed directly to consumer function 'torch._C._get_model_bytecode_version_from_buffer',,_get_model_bytecode_version,https://github.com/pytorch/pytorch/blob/main/torch/jit/mobile/__init__.py#L109
GitHub:pytorch/pytorch (main),torch/jit/mobile/__init__.py,141,f_input.read,True,DIRECT_CALL_ARGUMENT,torch._C._get_mobile_model_contained_types_from_buffer,Passed directly to consumer function 'torch._C._get_mobile_model_contained_types_from_buffer',,_get_mobile_model_contained_types,https://github.com/pytorch/pytorch/blob/main/torch/jit/mobile/__init__.py#L141
GitHub:pytorch/pytorch (main),torch/jit/mobile/__init__.py,171,f_input.read,True,DIRECT_CALL_ARGUMENT,torch._C._backport_for_mobile_from_buffer,Passed directly to consumer function 'torch._C._backport_for_mobile_from_buffer',,_backport_for_mobile,https://github.com/pytorch/pytorch/blob/main/torch/jit/mobile/__init__.py#L171
GitHub:pytorch/pytorch (main),torch/jit/mobile/__init__.py,195,f_input.read,True,DIRECT_CALL_ARGUMENT,torch._C._backport_for_mobile_from_buffer_to_buffer,Passed directly to consumer function 'torch._C._backport_for_mobile_from_buffer_to_buffer',,_backport_for_mobile_to_buffer,https://github.com/pytorch/pytorch/blob/main/torch/jit/mobile/__init__.py#L195
GitHub:pytorch/pytorch (main),torch/jit/mobile/__init__.py,238,f_input.read,True,DIRECT_CALL_ARGUMENT,torch._C._get_model_ops_and_info,Passed directly to consumer function 'torch._C._get_model_ops_and_info',,_get_model_ops_and_info,https://github.com/pytorch/pytorch/blob/main/torch/jit/mobile/__init__.py#L238
GitHub:pytorch/pytorch (main),torch/masked/_ops.py,574,torch.cat,True,LOCAL_TRANSIENT,local,Local scope execution without explicit escape detected,,intersection,https://github.com/pytorch/pytorch/blob/main/torch/masked/_ops.py#L574
GitHub:pytorch/pytorch (main),torch/masked/_ops.py,578,torch.cat,True,LOCAL_TRANSIENT,local,Local scope execution without explicit escape detected,,minus,https://github.com/pytorch/pytorch/blob/main/torch/masked/_ops.py#L578
GitHub:pytorch/pytorch (main),torch/masked/_ops.py,622,torch.cat,True,DESCUPED_LOCAL_VARIABLE,where_indices,Local transient variable 'where_indices' (ownership discarded at function exit),,_sparse_coo_where,https://github.com/pytorch/pytorch/blob/main/torch/masked/_ops.py#L622
GitHub:pytorch/pytorch (main),torch/masked/_ops.py,623,torch.cat,True,DESCUPED_LOCAL_VARIABLE,where_values,Local transient variable 'where_values' (ownership discarded at function exit),,_sparse_coo_where,https://github.com/pytorch/pytorch/blob/main/torch/masked/_ops.py#L623
GitHub:pytorch/pytorch (main),torch/masked/_ops.py,807,torch.cat,False,ESCAPING_LOCAL_VAR,new_crow_indices,Variable 'new_crow_indices' returned from function,,_sparse_csr_segment_reduction_helper,https://github.com/pytorch/pytorch/blob/main/torch/masked/_ops.py#L807
GitHub:pytorch/pytorch (main),torch/nested/_internal/nested_tensor.py,573,torch.cat,True,DESCUPED_LOCAL_VARIABLE,values,Local transient variable 'values' (ownership discarded at function exit),,jagged_from_list,https://github.com/pytorch/pytorch/blob/main/torch/nested/_internal/nested_tensor.py#L573
GitHub:pytorch/pytorch (main),torch/nested/_internal/nested_tensor.py,586,torch.cat,False,ESCAPING_LOCAL_VAR,offsets,Variable 'offsets' returned from function,,jagged_from_list,https://github.com/pytorch/pytorch/blob/main/torch/nested/_internal/nested_tensor.py#L586
GitHub:pytorch/pytorch (main),torch/nested/_internal/nested_tensor.py,634,torch.cat,False,ESCAPING_LOCAL_VAR,offsets,Variable 'offsets' returned from function,,jagged_from_tensor_and_lengths,https://github.com/pytorch/pytorch/blob/main/torch/nested/_internal/nested_tensor.py#L634
GitHub:pytorch/pytorch (main),torch/nn/functional.py,6968,torch.cat,True,DESCUPED_LOCAL_VARIABLE,k,Local transient variable 'k' (ownership discarded at function exit),,multi_head_attention_forward,https://github.com/pytorch/pytorch/blob/main/torch/nn/functional.py#L6968
GitHub:pytorch/pytorch (main),torch/nn/functional.py,6969,torch.cat,True,DESCUPED_LOCAL_VARIABLE,v,Local transient variable 'v' (ownership discarded at function exit),,multi_head_attention_forward,https://github.com/pytorch/pytorch/blob/main/torch/nn/functional.py#L6969
GitHub:pytorch/pytorch (main),torch/nn/functional.py,7019,torch.cat,True,DESCUPED_LOCAL_VARIABLE,k,Local transient variable 'k' (ownership discarded at function exit),,multi_head_attention_forward,https://github.com/pytorch/pytorch/blob/main/torch/nn/functional.py#L7019
GitHub:pytorch/pytorch (main),torch/nn/functional.py,7024,torch.cat,True,DESCUPED_LOCAL_VARIABLE,v,Local transient variable 'v' (ownership discarded at function exit),,multi_head_attention_forward,https://github.com/pytorch/pytorch/blob/main/torch/nn/functional.py#L7024
GitHub:pytorch/pytorch (main),torch/nn/modules/_functions.py,49,torch.cat,True,DESCUPED_LOCAL_VARIABLE,combined,Local transient variable 'combined' (ownership discarded at function exit),SyncBatchNorm,forward,https://github.com/pytorch/pytorch/blob/main/torch/nn/modules/_functions.py#L49
GitHub:pytorch/pytorch (main),torch/nn/modules/_functions.py,159,torch.cat,True,DESCUPED_LOCAL_VARIABLE,combined,Local transient variable 'combined' (ownership discarded at function exit),SyncBatchNorm,backward,https://github.com/pytorch/pytorch/blob/main/torch/nn/modules/_functions.py#L159
GitHub:pytorch/pytorch (main),torch/nn/utils/convert_parameters.py,25,torch.cat,False,ESCAPING_RETURN,return,Directly returned from function (caller assumes ownership),,parameters_to_vector,https://github.com/pytorch/pytorch/blob/main/torch/nn/utils/convert_parameters.py#L25
GitHub:pytorch/pytorch (main),torch/nn/utils/parametrizations.py,85,torch.cat,True,DESCUPED_LOCAL_VARIABLE,X,Local transient variable 'X' (ownership discarded at function exit),_Orthogonal,forward,https://github.com/pytorch/pytorch/blob/main/torch/nn/utils/parametrizations.py#L85
GitHub:pytorch/pytorch (main),torch/nn/utils/parametrizations.py,180,torch.cat,False,ESCAPING_LOCAL_VAR,Q,Variable 'Q' stored into attribute 'self.base',_Orthogonal,right_inverse,https://github.com/pytorch/pytorch/blob/main/torch/nn/utils/parametrizations.py#L180
GitHub:pytorch/pytorch (main),torch/numa/binding.py,523,f.read,True,DIRECT_CALL_ARGUMENT,_get_set_of_int_from_ranges_str,Passed directly to consumer function '_get_set_of_int_from_ranges_str',,_get_logical_cpu_indices_sharing_same_physical_core_as,https://github.com/pytorch/pytorch/blob/main/torch/numa/binding.py#L523
GitHub:pytorch/pytorch (main),torch/numa/binding.py,543,type_file.read,True,CHAINED_TRANSFORMATION,strip,Immediately transformed in-place via .strip(),,_get_logical_cpus_sharing_same_max_level_cache_as,https://github.com/pytorch/pytorch/blob/main/torch/numa/binding.py#L543
GitHub:pytorch/pytorch (main),torch/numa/binding.py,548,level_file.read,True,DIRECT_CALL_ARGUMENT,int,Passed directly to consumer function 'int',,_get_logical_cpus_sharing_same_max_level_cache_as,https://github.com/pytorch/pytorch/blob/main/torch/numa/binding.py#L548
GitHub:pytorch/pytorch (main),torch/numa/binding.py,558,share_cpu_list_file.read,True,DIRECT_CALL_ARGUMENT,_get_set_of_int_from_ranges_str,Passed directly to consumer function '_get_set_of_int_from_ranges_str',,_get_logical_cpus_sharing_same_max_level_cache_as,https://github.com/pytorch/pytorch/blob/main/torch/numa/binding.py#L558
GitHub:pytorch/pytorch (main),torch/numa/binding.py,583,f.read,False,ESCAPING_LOCAL_VAR,cpu_range_str,Variable 'cpu_range_str' returned from function,,_get_cpu_indices_for_numa_node_MAYBE_NOT_ALLOWED,https://github.com/pytorch/pytorch/blob/main/torch/numa/binding.py#L583
GitHub:pytorch/pytorch (main),torch/numa/binding.py,614,f.read,True,CHAINED_TRANSFORMATION,strip,Immediately transformed in-place via .strip(),,_get_numa_node_index_for_device_index,https://github.com/pytorch/pytorch/blob/main/torch/numa/binding.py#L614
GitHub:pytorch/pytorch (main),torch/numa/binding.py,640,f.read,True,CHAINED_TRANSFORMATION,strip,Immediately transformed in-place via .strip(),,_get_socket_index_for_cpu,https://github.com/pytorch/pytorch/blob/main/torch/numa/binding.py#L640
GitHub:pytorch/pytorch (main),torch/numa/binding.py,713,f.read,False,ESCAPING_LOCAL_VAR,possible_nodes_str,Variable 'possible_nodes_str' returned from function,,_get_systemwide_numa_node_indices,https://github.com/pytorch/pytorch/blob/main/torch/numa/binding.py#L713
GitHub:pytorch/pytorch (main),torch/onnx/_internal/torchscript_exporter/onnx_proto_utils.py,108,f.read,False,ESCAPING_LOCAL_VAR,model_bytes,Variable 'model_bytes' returned from function,,load_test_case,https://github.com/pytorch/pytorch/blob/main/torch/onnx/_internal/torchscript_exporter/onnx_proto_utils.py#L108
GitHub:pytorch/pytorch (main),torch/onnx/_internal/torchscript_exporter/symbolic_opset11.py,527,opset9.cat,False,ESCAPING_RETURN,return,Directly returned from function (caller assumes ownership),,cat,https://github.com/pytorch/pytorch/blob/main/torch/onnx/_internal/torchscript_exporter/symbolic_opset11.py#L527
GitHub:pytorch/pytorch (main),torch/onnx/ops/_impl.py,200,torch.cat,True,DESCUPED_LOCAL_VARIABLE,x_rotate_concat,Local transient variable 'x_rotate_concat' (ownership discarded at function exit),,rotary_embedding_23,https://github.com/pytorch/pytorch/blob/main/torch/onnx/ops/_impl.py#L200
GitHub:pytorch/pytorch (main),torch/onnx/ops/_impl.py,203,torch.cat,True,DESCUPED_LOCAL_VARIABLE,x_rotate,Local transient variable 'x_rotate' (ownership discarded at function exit),,rotary_embedding_23,https://github.com/pytorch/pytorch/blob/main/torch/onnx/ops/_impl.py#L203
GitHub:pytorch/pytorch (main),torch/onnx/ops/_impl.py,204,torch.cat,False,ESCAPING_LOCAL_VAR,output,Variable 'output' returned from function,,rotary_embedding_23,https://github.com/pytorch/pytorch/blob/main/torch/onnx/ops/_impl.py#L204
GitHub:pytorch/pytorch (main),torch/onnx/ops/_impl.py,411,torch.cat,True,LOCAL_TRANSIENT,local,Local scope execution without explicit escape detected,,attention_23,https://github.com/pytorch/pytorch/blob/main/torch/onnx/ops/_impl.py#L411
GitHub:pytorch/pytorch (main),torch/onnx/ops/_impl.py,416,torch.cat,True,LOCAL_TRANSIENT,local,Local scope execution without explicit escape detected,,attention_23,https://github.com/pytorch/pytorch/blob/main/torch/onnx/ops/_impl.py#L416
GitHub:pytorch/pytorch (main),torch/optim/adamax.py,286,torch.cat,True,DESCUPED_LOCAL_VARIABLE,norm_buf,Local transient variable 'norm_buf' (ownership discarded at function exit),,_single_tensor_adamax,https://github.com/pytorch/pytorch/blob/main/torch/optim/adamax.py#L286
GitHub:pytorch/pytorch (main),torch/optim/lbfgs.py,269,torch.cat,False,ESCAPING_LOCAL_VAR,flat_grad,Variable 'flat_grad' returned from function,LBFGS,_gather_flat_grad,https://github.com/pytorch/pytorch/blob/main/torch/optim/lbfgs.py#L269
GitHub:pytorch/pytorch (main),torch/package/_directory_reader.py,38,f.read,False,ESCAPING_RETURN,return,Directly returned from function (caller assumes ownership),DirectoryReader,get_record,https://github.com/pytorch/pytorch/blob/main/torch/package/_directory_reader.py#L38
GitHub:pytorch/pytorch (main),torch/package/package_exporter.py,1210,f.read,False,ESCAPING_LOCAL_VAR,b,Variable 'b' returned from function,,_read_file,https://github.com/pytorch/pytorch/blob/main/torch/package/package_exporter.py#L1210
GitHub:pytorch/pytorch (main),torch/profiler/_cupti/monitor_trace.py,1173,f.read,True,CHAINED_TRANSFORMATION,strip,Immediately transformed in-place via .strip(),,_process_name,https://github.com/pytorch/pytorch/blob/main/torch/profiler/_cupti/monitor_trace.py#L1173
GitHub:pytorch/pytorch (main),torch/profiler/_cupti/monitor_trace.py,2358,f.read,True,DESCUPED_LOCAL_VARIABLE,raw,Local transient variable 'raw' (ownership discarded at function exit),,merge_trace_window_into_chrome_trace,https://github.com/pytorch/pytorch/blob/main/torch/profiler/_cupti/monitor_trace.py#L2358
GitHub:pytorch/pytorch (main),torch/profiler/_memory_profiler.py,1223,tmpfile.read,True,DIRECT_CALL_ARGUMENT,b64encode,Passed directly to consumer function 'b64encode',MemoryProfileTimeline,export_memory_timeline_html,https://github.com/pytorch/pytorch/blob/main/torch/profiler/_memory_profiler.py#L1223
GitHub:pytorch/pytorch (main),torch/quasirandom.py,111,torch.cat,False,ESCAPING_LOCAL_VAR,result,Variable 'result' returned from function,SobolEngine,draw,https://github.com/pytorch/pytorch/blob/main/torch/quasirandom.py#L111
GitHub:pytorch/pytorch (main),torch/serialization.py,439,f.read,False,ESCAPING_LOCAL_VAR,read_bytes,Variable 'read_bytes' returned from function,,_is_zipfile,https://github.com/pytorch/pytorch/blob/main/torch/serialization.py#L439
GitHub:pytorch/pytorch (main),torch/serialization.py,1716,f.read,True,LOCAL_TRANSIENT,local,Local scope execution without explicit escape detected,,_check_container_source,https://github.com/pytorch/pytorch/blob/main/torch/serialization.py#L1716
GitHub:pytorch/pytorch (main),torch/serialization.py,1801,f.read,True,STRUCT_UNPACK,struct.unpack,Direct in-place consumer 'struct.unpack' (safe zero-copy candidate),,legacy_load,https://github.com/pytorch/pytorch/blob/main/torch/serialization.py#L1801
GitHub:pytorch/pytorch (main),torch/serialization.py,1803,f.read,True,STANDALONE_DRAIN,expr,Result discarded immediately after execution,,legacy_load,https://github.com/pytorch/pytorch/blob/main/torch/serialization.py#L1803
GitHub:pytorch/pytorch (main),torch/serialization.py,1804,f.read,True,STRUCT_UNPACK,struct.unpack,Direct in-place consumer 'struct.unpack' (safe zero-copy candidate),,legacy_load,https://github.com/pytorch/pytorch/blob/main/torch/serialization.py#L1804
GitHub:pytorch/pytorch (main),torch/serialization.py,1805,f.read,True,STRUCT_UNPACK,struct.unpack,Direct in-place consumer 'struct.unpack' (safe zero-copy candidate),,legacy_load,https://github.com/pytorch/pytorch/blob/main/torch/serialization.py#L1805
GitHub:pytorch/pytorch (main),torch/serialization.py,1806,f.read,True,STRUCT_UNPACK,struct.unpack,Direct in-place consumer 'struct.unpack' (safe zero-copy candidate),,legacy_load,https://github.com/pytorch/pytorch/blob/main/torch/serialization.py#L1806
GitHub:pytorch/pytorch (main),torch/sparse/_triton_ops.py,964,torch.cat,False,ESCAPING_LOCAL_VAR,q_offsets,Variable 'q_offsets' returned from function,,_bsr_scatter_mm_indices_data,https://github.com/pytorch/pytorch/blob/main/torch/sparse/_triton_ops.py#L964
GitHub:pytorch/pytorch (main),torch/sparse/_triton_ops.py,993,torch.cat,False,ESCAPING_LOCAL_VAR,q_offsets,Variable 'q_offsets' returned from function,,_bsr_scatter_mm_indices_data,https://github.com/pytorch/pytorch/blob/main/torch/sparse/_triton_ops.py#L993
GitHub:pytorch/pytorch (main),torch/sparse/_triton_ops.py,998,torch.cat,False,ESCAPING_LOCAL_VAR,c_indices,Variable 'c_indices' returned from function,,_bsr_scatter_mm_indices_data,https://github.com/pytorch/pytorch/blob/main/torch/sparse/_triton_ops.py#L998
GitHub:pytorch/pytorch (main),torch/sparse/_triton_ops.py,1007,torch.cat,False,ESCAPING_LOCAL_VAR,p_offsets,Variable 'p_offsets' returned from function,,_bsr_scatter_mm_indices_data,https://github.com/pytorch/pytorch/blob/main/torch/sparse/_triton_ops.py#L1007
GitHub:pytorch/pytorch (main),torch/sparse/_triton_ops_meta.py,233,f.read,True,DESCUPED_LOCAL_VARIABLE,current_content,Local transient variable 'current_content' (ownership discarded at function exit),,dump,https://github.com/pytorch/pytorch/blob/main/torch/sparse/_triton_ops_meta.py#L233
GitHub:pytorch/pytorch (main),torch/utils/_appending_byte_serializer.py,77,self.read_bytes,True,DIRECT_CALL_ARGUMENT,base64.b64decode,Passed directly to consumer function 'base64.b64decode',BytesReader,read_str,https://github.com/pytorch/pytorch/blob/main/torch/utils/_appending_byte_serializer.py#L77
GitHub:pytorch/pytorch (main),torch/utils/_cpp_embed_headers.py,8,f.readlines,False,ESCAPING_RETURN,return,Directly returned from function (caller assumes ownership),,read_file,https://github.com/pytorch/pytorch/blob/main/torch/utils/_cpp_embed_headers.py#L8
GitHub:pytorch/pytorch (main),torch/utils/_cpp_extension_versioner.py,17,file.read,True,DIRECT_CALL_ARGUMENT,update_hash,Passed directly to consumer function 'update_hash',,hash_source_files,https://github.com/pytorch/pytorch/blob/main/torch/utils/_cpp_extension_versioner.py#L17
GitHub:pytorch/pytorch (main),torch/utils/_get_clean_triton.py,89,file.read,True,DESCUPED_LOCAL_VARIABLE,source_code,Local transient variable 'source_code' (ownership discarded at function exit),,process_file,https://github.com/pytorch/pytorch/blob/main/torch/utils/_get_clean_triton.py#L89
GitHub:pytorch/pytorch (main),torch/utils/_get_clean_triton.py,139,f.readlines,True,DESCUPED_LOCAL_VARIABLE,launch_params_meta,Local transient variable 'launch_params_meta' (ownership discarded at function exit),,process_file,https://github.com/pytorch/pytorch/blob/main/torch/utils/_get_clean_triton.py#L139
GitHub:pytorch/pytorch (main),torch/utils/_triton.py,286,f.read,True,HASHLIB_HASH,hashlib.sha256,Direct in-place consumer 'hashlib.sha256' (safe zero-copy candidate),,_extern_libs_key,https://github.com/pytorch/pytorch/blob/main/torch/utils/_triton.py#L286
GitHub:pytorch/pytorch (main),torch/utils/cpp_extension.py,504,f.read,True,DESCUPED_LOCAL_VARIABLE,content,Local transient variable 'content' (ownership discarded at function exit),,_maybe_write,https://github.com/pytorch/pytorch/blob/main/torch/utils/cpp_extension.py#L504
GitHub:pytorch/pytorch (main),torch/utils/cpp_extension.py,2040,file.read,False,ESCAPING_LOCAL_VAR,content,Variable 'content' returned from function,,check_pch_signature_in_file,https://github.com/pytorch/pytorch/blob/main/torch/utils/cpp_extension.py#L2040
GitHub:pytorch/pytorch (main),torch/utils/data/datapipes/gen_pyi.py,60,f.read,True,DESCUPED_LOCAL_VARIABLE,content,Local transient variable 'content' (ownership discarded at function exit),,gen_from_template,https://github.com/pytorch/pytorch/blob/main/torch/utils/data/datapipes/gen_pyi.py#L60
GitHub:pytorch/pytorch (main),torch/utils/data/datapipes/iter/streamreader.py,41,stream.read,True,DESCUPED_LOCAL_VARIABLE,d,Local transient variable 'd' (ownership discarded at function exit),StreamReaderIterDataPipe,__iter__,https://github.com/pytorch/pytorch/blob/main/torch/utils/data/datapipes/iter/streamreader.py#L41
GitHub:pytorch/pytorch (main),torch/utils/hipify/hipify_python.py,840,fin.readline,True,LOCAL_TRANSIENT,local,Local scope execution without explicit escape detected,,preprocessor,https://github.com/pytorch/pytorch/blob/main/torch/utils/hipify/hipify_python.py#L840
GitHub:pytorch/pytorch (main),torch/utils/hipify/hipify_python.py,846,fin.read,True,DESCUPED_LOCAL_VARIABLE,output_source,Local transient variable 'output_source' (ownership discarded at function exit),,preprocessor,https://github.com/pytorch/pytorch/blob/main/torch/utils/hipify/hipify_python.py#L846
GitHub:pytorch/pytorch (main),torch/utils/hipify/hipify_python.py,983,fout_old.read,True,LOCAL_TRANSIENT,local,Local scope execution without explicit escape detected,,preprocessor,https://github.com/pytorch/pytorch/blob/main/torch/utils/hipify/hipify_python.py#L983
GitHub:pytorch/pytorch (main),torch/utils/hipify/hipify_python.py,1007,f.read,True,DESCUPED_LOCAL_VARIABLE,contents,Local transient variable 'contents' (ownership discarded at function exit),,file_specific_replacement,https://github.com/pytorch/pytorch/blob/main/torch/utils/hipify/hipify_python.py#L1007
GitHub:pytorch/pytorch (main),torch/utils/hipify/hipify_python.py,1019,f.read,True,DESCUPED_LOCAL_VARIABLE,contents,Local transient variable 'contents' (ownership discarded at function exit),,file_add_header,https://github.com/pytorch/pytorch/blob/main/torch/utils/hipify/hipify_python.py#L1019
GitHub:pytorch/pytorch (main),torch/utils/jit/log_extract.py,15,f.read,True,CHAINED_TRANSFORMATION,split,Immediately transformed in-place via .split(),,extract_ir,https://github.com/pytorch/pytorch/blob/main/torch/utils/jit/log_extract.py#L15
GitHub:pytorch/pytorch (main),torch/utils/model_dump/__init__.py,257,zf.read,True,CHAINED_TRANSFORMATION,decode,Immediately transformed in-place via .decode(),,get_model_info,https://github.com/pytorch/pytorch/blob/main/torch/utils/model_dump/__init__.py#L257
GitHub:pytorch/pytorch (main),torch/utils/model_dump/__init__.py,286,handle.read,True,DESCUPED_LOCAL_VARIABLE,raw_code,Local transient variable 'raw_code' (ownership discarded at function exit),,get_model_info,https://github.com/pytorch/pytorch/blob/main/torch/utils/model_dump/__init__.py#L286
GitHub:pytorch/pytorch (main),torch/utils/model_dump/__init__.py,288,handle.read,True,DESCUPED_LOCAL_VARIABLE,raw_debug,Local transient variable 'raw_debug' (ownership discarded at function exit),,get_model_info,https://github.com/pytorch/pytorch/blob/main/torch/utils/model_dump/__init__.py#L288
GitHub:pytorch/pytorch (main),torch/utils/show_pickle.py,86,self.read,True,STRUCT_UNPACK,struct.unpack,Direct in-place consumer 'struct.unpack' (safe zero-copy candidate),DumpUnpickler,load_binunicode,https://github.com/pytorch/pytorch/blob/main/torch/utils/show_pickle.py#L86
GitHub:pytorch/pytorch (main),torch/utils/show_pickle.py,89,self.read,True,DESCUPED_LOCAL_VARIABLE,str_bytes,Local transient variable 'str_bytes' (ownership discarded at function exit),DumpUnpickler,load_binunicode,https://github.com/pytorch/pytorch/blob/main/torch/utils/show_pickle.py#L89
GitHub:pytorch/pytorch (main),torch/utils/tensorboard/summary.py,685,f.read,False,ESCAPING_LOCAL_VAR,tensor_string,Variable 'tensor_string' returned from function,,make_video,https://github.com/pytorch/pytorch/blob/main/torch/utils/tensorboard/summary.py#L685
GitHub:pytorch/pytorch (main),torchgen/_autoheuristic/merge_data.py,16,file.readlines,True,DESCUPED_LOCAL_VARIABLE,lines,Local transient variable 'lines' (ownership discarded at function exit),,merge_txt_files,https://github.com/pytorch/pytorch/blob/main/torchgen/_autoheuristic/merge_data.py#L16
GitHub:pytorch/pytorch (main),torchgen/code_template.py,33,f.read,True,DIRECT_CALL_ARGUMENT,CodeTemplate,Passed directly to consumer function 'CodeTemplate',CodeTemplate,from_file,https://github.com/pytorch/pytorch/blob/main/torchgen/code_template.py#L33
GitHub:pytorch/pytorch (main),torchgen/gen_aoti_c_shim.py,767,old_file.read,True,DESCUPED_LOCAL_VARIABLE,old_header,Local transient variable 'old_header' (ownership discarded at function exit),,gen_aoti_c_shim_files,https://github.com/pytorch/pytorch/blob/main/torchgen/gen_aoti_c_shim.py#L767
GitHub:pytorch/pytorch (main),torchgen/gen_backend_stubs.py,278,f.read,True,DESCUPED_LOCAL_VARIABLE,backend_defns,Local transient variable 'backend_defns' (ownership discarded at function exit),,error_on_missing_kernels,https://github.com/pytorch/pytorch/blob/main/torchgen/gen_backend_stubs.py#L278
GitHub:pytorch/pytorch (main),torchgen/gen_lazy_tensor.py,128,f.read,True,DESCUPED_LOCAL_VARIABLE,shape_infr_decls,Local transient variable 'shape_infr_decls' (ownership discarded at function exit),,validate_shape_inference_header,https://github.com/pytorch/pytorch/blob/main/torchgen/gen_lazy_tensor.py#L128
GitHub:pandas-dev/pandas (main),generate_pxi.py,9,f.read,True,DESCUPED_LOCAL_VARIABLE,tmpl,Local transient variable 'tmpl' (ownership discarded at function exit),,process_tempita,https://github.com/pandas-dev/pandas/blob/main/generate_pxi.py#L9
GitHub:pandas-dev/pandas (main),pandas/compat/_cpu.py,19,fh.read,True,CHAINED_TRANSFORMATION,strip,Immediately transformed in-place via .strip(),,_read_sysfs_int,https://github.com/pandas-dev/pandas/blob/main/pandas/compat/_cpu.py#L19
GitHub:pandas-dev/pandas (main),pandas/compat/_cpu.py,31,fh.read,True,CHAINED_TRANSFORMATION,strip,Immediately transformed in-place via .strip(),,_read_sysfs_str,https://github.com/pandas-dev/pandas/blob/main/pandas/compat/_cpu.py#L31
GitHub:pandas-dev/pandas (main),pandas/io/clipboard/__init__.py,307,fd.read,False,ESCAPING_LOCAL_VAR,content,Variable 'content' returned from function,,paste_dev_clipboard,https://github.com/pandas-dev/pandas/blob/main/pandas/io/clipboard/__init__.py#L307
GitHub:pandas-dev/pandas (main),pandas/io/common.py,411,req.read,True,BYTESIO_STREAM,BytesIO,Direct in-place consumer 'BytesIO' (safe zero-copy candidate),,_get_filepath_or_buffer,https://github.com/pandas-dev/pandas/blob/main/pandas/io/common.py#L411
GitHub:pandas-dev/pandas (main),pandas/io/common.py,859,handle.buffer.read,True,BYTESIO_STREAM,BytesIO,Direct in-place consumer 'BytesIO' (safe zero-copy candidate),,get_handle,https://github.com/pandas-dev/pandas/blob/main/pandas/io/common.py#L859
GitHub:pandas-dev/pandas (main),pandas/io/common.py,1172,self.buffer.read,True,LOCAL_TRANSIENT,local,Local scope execution without explicit escape detected,_BytesIOWrapper,read,https://github.com/pandas-dev/pandas/blob/main/pandas/io/common.py#L1172
GitHub:pandas-dev/pandas (main),pandas/io/excel/_base.py,972,parser.read,True,LOCAL_TRANSIENT,local,Local scope execution without explicit escape detected,BaseExcelReader,_parse_sheet,https://github.com/pandas-dev/pandas/blob/main/pandas/io/excel/_base.py#L972
GitHub:pandas-dev/pandas (main),pandas/io/excel/_base.py,1518,stream.read,True,DESCUPED_LOCAL_VARIABLE,buf,Local transient variable 'buf' (ownership discarded at function exit),,inspect_excel_format,https://github.com/pandas-dev/pandas/blob/main/pandas/io/excel/_base.py#L1518
GitHub:pandas-dev/pandas (main),pandas/io/excel/_xlrd.py,79,filepath_or_buffer.read,False,ESCAPING_LOCAL_VAR,data,Variable 'data' returned from function,XlrdReader,load_workbook,https://github.com/pandas-dev/pandas/blob/main/pandas/io/excel/_xlrd.py#L79
GitHub:pandas-dev/pandas (main),pandas/io/html.py,137,handles.handle.read,False,ESCAPING_RETURN,return,Directly returned from function (caller assumes ownership),,_read,https://github.com/pandas-dev/pandas/blob/main/pandas/io/html.py#L137
GitHub:pandas-dev/pandas (main),pandas/io/html.py,872,tp.read,False,ESCAPING_RETURN,return,Directly returned from function (caller assumes ownership),,_data_to_frame,https://github.com/pandas-dev/pandas/blob/main/pandas/io/html.py#L872
GitHub:pandas-dev/pandas (main),pandas/io/json/_json.py,1017,json_reader.read,False,ESCAPING_RETURN,return,Directly returned from function (caller assumes ownership),,read_json,https://github.com/pandas-dev/pandas/blob/main/pandas/io/json/_json.py#L1017
GitHub:pandas-dev/pandas (main),pandas/io/json/_json.py,1194,data.read,False,ESCAPING_ATTRIBUTE,self.data,Assigned to persistent attribute 'self.data' (persists across calls),JsonReader,__init__,https://github.com/pandas-dev/pandas/blob/main/pandas/io/json/_json.py#L1194
GitHub:pandas-dev/pandas (main),pandas/io/parquet.py,734,impl.read,False,ESCAPING_RETURN,return,Directly returned from function (caller assumes ownership),,read_parquet,https://github.com/pandas-dev/pandas/blob/main/pandas/io/parquet.py#L734
GitHub:pandas-dev/pandas (main),pandas/io/parsers/c_parser_wrapper.py,275,self._reader.read,True,DESCUPED_LOCAL_VARIABLE,data,Local transient variable 'data' (ownership discarded at function exit),CParserWrapper,read,https://github.com/pandas-dev/pandas/blob/main/pandas/io/parsers/c_parser_wrapper.py#L275
GitHub:pandas-dev/pandas (main),pandas/io/parsers/python_parser.py,225,f.readline,True,DESCUPED_LOCAL_VARIABLE,line,Local transient variable 'line' (ownership discarded at function exit),PythonParser,_make_reader,https://github.com/pandas-dev/pandas/blob/main/pandas/io/parsers/python_parser.py#L225
GitHub:pandas-dev/pandas (main),pandas/io/parsers/python_parser.py,232,f.readline,True,DESCUPED_LOCAL_VARIABLE,line,Local transient variable 'line' (ownership discarded at function exit),PythonParser,_make_reader,https://github.com/pandas-dev/pandas/blob/main/pandas/io/parsers/python_parser.py#L232
GitHub:pandas-dev/pandas (main),pandas/io/parsers/python_parser.py,236,f.readline,True,DESCUPED_LOCAL_VARIABLE,line,Local transient variable 'line' (ownership discarded at function exit),PythonParser,_make_reader,https://github.com/pandas-dev/pandas/blob/main/pandas/io/parsers/python_parser.py#L236
GitHub:pandas-dev/pandas (main),pandas/io/parsers/python_parser.py,259,f.readline,True,DESCUPED_LOCAL_VARIABLE,line,Local transient variable 'line' (ownership discarded at function exit),PythonParser,_read,https://github.com/pandas-dev/pandas/blob/main/pandas/io/parsers/python_parser.py#L259
GitHub:pandas-dev/pandas (main),pandas/io/parsers/python_parser.py,362,self.read,False,ESCAPING_RETURN,return,Directly returned from function (caller assumes ownership),PythonParser,get_chunk,https://github.com/pandas-dev/pandas/blob/main/pandas/io/parsers/python_parser.py#L362
GitHub:pandas-dev/pandas (main),pandas/io/parsers/readers.py,377,parser.read,False,ESCAPING_RETURN,return,Directly returned from function (caller assumes ownership),,_read,https://github.com/pandas-dev/pandas/blob/main/pandas/io/parsers/readers.py#L377
GitHub:pandas-dev/pandas (main),pandas/io/parsers/readers.py,612,fd.read,True,DESCUPED_LOCAL_VARIABLE,preamble,Local transient variable 'preamble' (ownership discarded at function exit),,_can_parallelize_csv,https://github.com/pandas-dev/pandas/blob/main/pandas/io/parsers/readers.py#L612
GitHub:pandas-dev/pandas (main),pandas/io/parsers/readers.py,640,fd.readline,True,LOCAL_TRANSIENT,local,Local scope execution without explicit escape detected,,_find_data_start_offset,https://github.com/pandas-dev/pandas/blob/main/pandas/io/parsers/readers.py#L640
GitHub:pandas-dev/pandas (main),pandas/io/parsers/readers.py,672,fd.readline,True,STANDALONE_DRAIN,expr,Result discarded immediately after execution,,_find_chunk_byte_offsets,https://github.com/pandas-dev/pandas/blob/main/pandas/io/parsers/readers.py#L672
GitHub:pandas-dev/pandas (main),pandas/io/parsers/readers.py,776,fh.readline,True,STANDALONE_DRAIN,expr,Result discarded immediately after execution,,_read_csv_chunks,https://github.com/pandas-dev/pandas/blob/main/pandas/io/parsers/readers.py#L776
GitHub:pandas-dev/pandas (main),pandas/io/parsers/readers.py,777,fh.readline,True,DESCUPED_LOCAL_VARIABLE,line,Local transient variable 'line' (ownership discarded at function exit),,_read_csv_chunks,https://github.com/pandas-dev/pandas/blob/main/pandas/io/parsers/readers.py#L777
GitHub:pandas-dev/pandas (main),pandas/io/parsers/readers.py,810,fd.read,True,DESCUPED_LOCAL_VARIABLE,preamble,Local transient variable 'preamble' (ownership discarded at function exit),,_read_csv_chunks,https://github.com/pandas-dev/pandas/blob/main/pandas/io/parsers/readers.py#L810
GitHub:pandas-dev/pandas (main),pandas/io/parsers/readers.py,811,fd.readline,True,DESCUPED_LOCAL_VARIABLE,first_line,Local transient variable 'first_line' (ownership discarded at function exit),,_read_csv_chunks,https://github.com/pandas-dev/pandas/blob/main/pandas/io/parsers/readers.py#L811
GitHub:pandas-dev/pandas (main),pandas/io/parsers/readers.py,850,name_reader.read,True,DIRECT_CALL_ARGUMENT,len,Passed directly to consumer function 'len',,_read_csv_chunks,https://github.com/pandas-dev/pandas/blob/main/pandas/io/parsers/readers.py#L850
GitHub:pandas-dev/pandas (main),pandas/io/parsers/readers.py,878,raw_reader.read,True,LOCAL_TRANSIENT,local,Local scope execution without explicit escape detected,,_read_csv_chunks,https://github.com/pandas-dev/pandas/blob/main/pandas/io/parsers/readers.py#L878
GitHub:pandas-dev/pandas (main),pandas/io/parsers/readers.py,937,reader._engine.read,True,LOCAL_TRANSIENT,local,Local scope execution without explicit escape detected,,_worker,https://github.com/pandas-dev/pandas/blob/main/pandas/io/parsers/readers.py#L937
GitHub:pandas-dev/pandas (main),pandas/io/parsers/readers.py,2907,self._engine.read,False,ESCAPING_LOCAL_VAR,df,Variable 'df' returned from function,TextFileReader,read,https://github.com/pandas-dev/pandas/blob/main/pandas/io/parsers/readers.py#L2907
GitHub:pandas-dev/pandas (main),pandas/io/parsers/readers.py,2919,self._engine.read,True,LOCAL_TRANSIENT,local,Local scope execution without explicit escape detected,TextFileReader,read,https://github.com/pandas-dev/pandas/blob/main/pandas/io/parsers/readers.py#L2919
GitHub:pandas-dev/pandas (main),pandas/io/parsers/readers.py,3018,self.read,False,ESCAPING_RETURN,return,Directly returned from function (caller assumes ownership),TextFileReader,get_chunk,https://github.com/pandas-dev/pandas/blob/main/pandas/io/parsers/readers.py#L3018
GitHub:pandas-dev/pandas (main),pandas/io/pytables.py,1028,s.read,False,ESCAPING_RETURN,return,Directly returned from function (caller assumes ownership),HDFStore,func,https://github.com/pandas-dev/pandas/blob/main/pandas/io/pytables.py#L1028
GitHub:pandas-dev/pandas (main),pandas/io/pytables.py,1306,t.read,True,LOCAL_TRANSIENT,local,Local scope execution without explicit escape detected,HDFStore,func,https://github.com/pandas-dev/pandas/blob/main/pandas/io/pytables.py#L1306
GitHub:pandas-dev/pandas (main),pandas/io/pytables.py,2411,s.read,False,ESCAPING_RETURN,return,Directly returned from function (caller assumes ownership),HDFStore,_read_group,https://github.com/pandas-dev/pandas/blob/main/pandas/io/pytables.py#L2411
GitHub:pandas-dev/pandas (main),pandas/io/pytables.py,5727,super.read,False,ESCAPING_LOCAL_VAR,s,Variable 's' returned from function,AppendableSeriesTable,read,https://github.com/pandas-dev/pandas/blob/main/pandas/io/pytables.py#L5727
GitHub:pandas-dev/pandas (main),pandas/io/pytables.py,5856,super.read,False,ESCAPING_LOCAL_VAR,df,Variable 'df' returned from function,AppendableMultiFrameTable,read,https://github.com/pandas-dev/pandas/blob/main/pandas/io/pytables.py#L5856
GitHub:pandas-dev/pandas (main),pandas/io/pytables.py,6582,self.table.table.read,False,ESCAPING_RETURN,return,Directly returned from function (caller assumes ownership),Selection,select,https://github.com/pandas-dev/pandas/blob/main/pandas/io/pytables.py#L6582
GitHub:pandas-dev/pandas (main),pandas/io/sas/sas7bdat.py,401,self._path_or_buf.read,False,ESCAPING_ATTRIBUTE,self._cached_page,Assigned to persistent attribute 'self._cached_page' (persists across calls),SAS7BDATReader,_get_properties,https://github.com/pandas-dev/pandas/blob/main/pandas/io/sas/sas7bdat.py#L401
GitHub:pandas-dev/pandas (main),pandas/io/sas/sas7bdat.py,460,self._path_or_buf.read,True,DESCUPED_LOCAL_VARIABLE,buf,Local transient variable 'buf' (ownership discarded at function exit),SAS7BDATReader,_get_properties,https://github.com/pandas-dev/pandas/blob/main/pandas/io/sas/sas7bdat.py#L460
GitHub:pandas-dev/pandas (main),pandas/io/sas/sas7bdat.py,482,self.read,False,ESCAPING_LOCAL_VAR,da,Variable 'da' returned from function,SAS7BDATReader,__next__,https://github.com/pandas-dev/pandas/blob/main/pandas/io/sas/sas7bdat.py#L482
GitHub:pandas-dev/pandas (main),pandas/io/sas/sas7bdat.py,534,self._path_or_buf.read,False,ESCAPING_ATTRIBUTE,self._cached_page,Assigned to persistent attribute 'self._cached_page' (persists across calls),SAS7BDATReader,_parse_metadata,https://github.com/pandas-dev/pandas/blob/main/pandas/io/sas/sas7bdat.py#L534
GitHub:pandas-dev/pandas (main),pandas/io/sas/sas7bdat.py,837,p.read,True,STANDALONE_DRAIN,expr,Result discarded immediately after execution,SAS7BDATReader,read,https://github.com/pandas-dev/pandas/blob/main/pandas/io/sas/sas7bdat.py#L837
GitHub:pandas-dev/pandas (main),pandas/io/sas/sas7bdat.py,913,self._path_or_buf.read,False,ESCAPING_ATTRIBUTE,self._cached_page,Assigned to persistent attribute 'self._cached_page' (persists across calls),SAS7BDATReader,_read_page_data,https://github.com/pandas-dev/pandas/blob/main/pandas/io/sas/sas7bdat.py#L913
GitHub:pandas-dev/pandas (main),pandas/io/sas/sas_xport.py,285,self.filepath_or_buffer.read,True,CHAINED_TRANSFORMATION,decode,Immediately transformed in-place via .decode(),XportReader,_get_row,https://github.com/pandas-dev/pandas/blob/main/pandas/io/sas/sas_xport.py#L285
GitHub:pandas-dev/pandas (main),pandas/io/sas/sas_xport.py,346,self.filepath_or_buffer.read,True,DESCUPED_LOCAL_VARIABLE,fielddata,Local transient variable 'fielddata' (ownership discarded at function exit),XportReader,_read_header,https://github.com/pandas-dev/pandas/blob/main/pandas/io/sas/sas_xport.py#L346
GitHub:pandas-dev/pandas (main),pandas/io/sas/sas_xport.py,411,self.read,False,ESCAPING_RETURN,return,Directly returned from function (caller assumes ownership),XportReader,__next__,https://github.com/pandas-dev/pandas/blob/main/pandas/io/sas/sas_xport.py#L411
GitHub:pandas-dev/pandas (main),pandas/io/sas/sas_xport.py,436,self.filepath_or_buffer.read,True,DESCUPED_LOCAL_VARIABLE,last_card_bytes,Local transient variable 'last_card_bytes' (ownership discarded at function exit),XportReader,_record_count,https://github.com/pandas-dev/pandas/blob/main/pandas/io/sas/sas_xport.py#L436
GitHub:pandas-dev/pandas (main),pandas/io/sas/sas_xport.py,466,self.read,False,ESCAPING_RETURN,return,Directly returned from function (caller assumes ownership),XportReader,get_chunk,https://github.com/pandas-dev/pandas/blob/main/pandas/io/sas/sas_xport.py#L466
GitHub:pandas-dev/pandas (main),pandas/io/sas/sas_xport.py,500,self.filepath_or_buffer.read,True,DESCUPED_LOCAL_VARIABLE,raw,Local transient variable 'raw' (ownership discarded at function exit),XportReader,read,https://github.com/pandas-dev/pandas/blob/main/pandas/io/sas/sas_xport.py#L500
GitHub:pandas-dev/pandas (main),pandas/io/sas/sasreader.py,214,reader.read,False,ESCAPING_RETURN,return,Directly returned from function (caller assumes ownership),,read_sas,https://github.com/pandas-dev/pandas/blob/main/pandas/io/sas/sasreader.py#L214
GitHub:pandas-dev/pandas (main),pandas/io/sql.py,1796,table.read,False,ESCAPING_RETURN,return,Directly returned from function (caller assumes ownership),SQLDatabase,read_table,https://github.com/pandas-dev/pandas/blob/main/pandas/io/sql.py#L1796
GitHub:pandas-dev/pandas (main),pandas/io/stata.py,1133,handles.handle.read,True,BYTESIO_STREAM,BytesIO,Direct in-place consumer 'BytesIO' (safe zero-copy candidate),StataReader,_open_file,https://github.com/pandas-dev/pandas/blob/main/pandas/io/stata.py#L1133
GitHub:pandas-dev/pandas (main),pandas/io/stata.py,1163,self._path_or_buf.read,True,STRUCT_UNPACK,struct.unpack,Direct in-place consumer 'struct.unpack' (safe zero-copy candidate),StataReader,_read_int8,https://github.com/pandas-dev/pandas/blob/main/pandas/io/stata.py#L1163
GitHub:pandas-dev/pandas (main),pandas/io/stata.py,1166,self._path_or_buf.read,True,STRUCT_UNPACK,struct.unpack,Direct in-place consumer 'struct.unpack' (safe zero-copy candidate),StataReader,_read_uint8,https://github.com/pandas-dev/pandas/blob/main/pandas/io/stata.py#L1166
GitHub:pandas-dev/pandas (main),pandas/io/stata.py,1169,self._path_or_buf.read,True,STRUCT_UNPACK,struct.unpack,Direct in-place consumer 'struct.unpack' (safe zero-copy candidate),StataReader,_read_uint16,https://github.com/pandas-dev/pandas/blob/main/pandas/io/stata.py#L1169
GitHub:pandas-dev/pandas (main),pandas/io/stata.py,1172,self._path_or_buf.read,True,STRUCT_UNPACK,struct.unpack,Direct in-place consumer 'struct.unpack' (safe zero-copy candidate),StataReader,_read_uint32,https://github.com/pandas-dev/pandas/blob/main/pandas/io/stata.py#L1172
GitHub:pandas-dev/pandas (main),pandas/io/stata.py,1175,self._path_or_buf.read,True,STRUCT_UNPACK,struct.unpack,Direct in-place consumer 'struct.unpack' (safe zero-copy candidate),StataReader,_read_uint64,https://github.com/pandas-dev/pandas/blob/main/pandas/io/stata.py#L1175
GitHub:pandas-dev/pandas (main),pandas/io/stata.py,1178,self._path_or_buf.read,True,STRUCT_UNPACK,struct.unpack,Direct in-place consumer 'struct.unpack' (safe zero-copy candidate),StataReader,_read_int16,https://github.com/pandas-dev/pandas/blob/main/pandas/io/stata.py#L1178
GitHub:pandas-dev/pandas (main),pandas/io/stata.py,1181,self._path_or_buf.read,True,STRUCT_UNPACK,struct.unpack,Direct in-place consumer 'struct.unpack' (safe zero-copy candidate),StataReader,_read_int32,https://github.com/pandas-dev/pandas/blob/main/pandas/io/stata.py#L1181
GitHub:pandas-dev/pandas (main),pandas/io/stata.py,1184,self._path_or_buf.read,True,STRUCT_UNPACK,struct.unpack,Direct in-place consumer 'struct.unpack' (safe zero-copy candidate),StataReader,_read_int64,https://github.com/pandas-dev/pandas/blob/main/pandas/io/stata.py#L1184
GitHub:pandas-dev/pandas (main),pandas/io/stata.py,1187,self._path_or_buf.read,True,STRUCT_UNPACK,struct.unpack,Direct in-place consumer 'struct.unpack' (safe zero-copy candidate),StataReader,_read_char8,https://github.com/pandas-dev/pandas/blob/main/pandas/io/stata.py#L1187
GitHub:pandas-dev/pandas (main),pandas/io/stata.py,1192,self._path_or_buf.read,True,STRUCT_UNPACK,struct.unpack,Direct in-place consumer 'struct.unpack' (safe zero-copy candidate),StataReader,_read_int16_count,https://github.com/pandas-dev/pandas/blob/main/pandas/io/stata.py#L1192
GitHub:pandas-dev/pandas (main),pandas/io/stata.py,1204,self._path_or_buf.read,True,STANDALONE_DRAIN,expr,Result discarded immediately after execution,StataReader,_read_new_header,https://github.com/pandas-dev/pandas/blob/main/pandas/io/stata.py#L1204
GitHub:pandas-dev/pandas (main),pandas/io/stata.py,1205,self._path_or_buf.read,True,DIRECT_CALL_ARGUMENT,int,Passed directly to consumer function 'int',StataReader,_read_new_header,https://github.com/pandas-dev/pandas/blob/main/pandas/io/stata.py#L1205
GitHub:pandas-dev/pandas (main),pandas/io/stata.py,1209,self._path_or_buf.read,True,STANDALONE_DRAIN,expr,Result discarded immediately after execution,StataReader,_read_new_header,https://github.com/pandas-dev/pandas/blob/main/pandas/io/stata.py#L1209
GitHub:pandas-dev/pandas (main),pandas/io/stata.py,1210,self._path_or_buf.read,True,LOCAL_TRANSIENT,local,Local scope execution without explicit escape detected,StataReader,_read_new_header,https://github.com/pandas-dev/pandas/blob/main/pandas/io/stata.py#L1210
GitHub:pandas-dev/pandas (main),pandas/io/stata.py,1211,self._path_or_buf.read,True,STANDALONE_DRAIN,expr,Result discarded immediately after execution,StataReader,_read_new_header,https://github.com/pandas-dev/pandas/blob/main/pandas/io/stata.py#L1211
GitHub:pandas-dev/pandas (main),pandas/io/stata.py,1215,self._path_or_buf.read,True,STANDALONE_DRAIN,expr,Result discarded immediately after execution,StataReader,_read_new_header,https://github.com/pandas-dev/pandas/blob/main/pandas/io/stata.py#L1215
GitHub:pandas-dev/pandas (main),pandas/io/stata.py,1218,self._path_or_buf.read,True,STANDALONE_DRAIN,expr,Result discarded immediately after execution,StataReader,_read_new_header,https://github.com/pandas-dev/pandas/blob/main/pandas/io/stata.py#L1218
GitHub:pandas-dev/pandas (main),pandas/io/stata.py,1220,self._path_or_buf.read,True,STANDALONE_DRAIN,expr,Result discarded immediately after execution,StataReader,_read_new_header,https://github.com/pandas-dev/pandas/blob/main/pandas/io/stata.py#L1220
GitHub:pandas-dev/pandas (main),pandas/io/stata.py,1222,self._path_or_buf.read,True,STANDALONE_DRAIN,expr,Result discarded immediately after execution,StataReader,_read_new_header,https://github.com/pandas-dev/pandas/blob/main/pandas/io/stata.py#L1222
GitHub:pandas-dev/pandas (main),pandas/io/stata.py,1223,self._path_or_buf.read,True,STANDALONE_DRAIN,expr,Result discarded immediately after execution,StataReader,_read_new_header,https://github.com/pandas-dev/pandas/blob/main/pandas/io/stata.py#L1223
GitHub:pandas-dev/pandas (main),pandas/io/stata.py,1224,self._path_or_buf.read,True,STANDALONE_DRAIN,expr,Result discarded immediately after execution,StataReader,_read_new_header,https://github.com/pandas-dev/pandas/blob/main/pandas/io/stata.py#L1224
GitHub:pandas-dev/pandas (main),pandas/io/stata.py,1235,self._path_or_buf.read,True,STANDALONE_DRAIN,expr,Result discarded immediately after execution,StataReader,_read_new_header,https://github.com/pandas-dev/pandas/blob/main/pandas/io/stata.py#L1235
GitHub:pandas-dev/pandas (main),pandas/io/stata.py,1281,self._path_or_buf.read,True,DIRECT_CALL_ARGUMENT,self._decode,Passed directly to consumer function 'self._decode',StataReader,_get_varlist,https://github.com/pandas-dev/pandas/blob/main/pandas/io/stata.py#L1281
GitHub:pandas-dev/pandas (main),pandas/io/stata.py,1294,self._path_or_buf.read,True,DIRECT_CALL_ARGUMENT,self._decode,Passed directly to consumer function 'self._decode',StataReader,_get_fmtlist,https://github.com/pandas-dev/pandas/blob/main/pandas/io/stata.py#L1294
GitHub:pandas-dev/pandas (main),pandas/io/stata.py,1304,self._path_or_buf.read,True,DIRECT_CALL_ARGUMENT,self._decode,Passed directly to consumer function 'self._decode',StataReader,_get_lbllist,https://github.com/pandas-dev/pandas/blob/main/pandas/io/stata.py#L1304
GitHub:pandas-dev/pandas (main),pandas/io/stata.py,1309,self._path_or_buf.read,True,DIRECT_CALL_ARGUMENT,self._decode,Passed directly to consumer function 'self._decode',StataReader,_get_variable_labels,https://github.com/pandas-dev/pandas/blob/main/pandas/io/stata.py#L1309
GitHub:pandas-dev/pandas (main),pandas/io/stata.py,1313,self._path_or_buf.read,True,DIRECT_CALL_ARGUMENT,self._decode,Passed directly to consumer function 'self._decode',StataReader,_get_variable_labels,https://github.com/pandas-dev/pandas/blob/main/pandas/io/stata.py#L1313
GitHub:pandas-dev/pandas (main),pandas/io/stata.py,1317,self._path_or_buf.read,True,DIRECT_CALL_ARGUMENT,self._decode,Passed directly to consumer function 'self._decode',StataReader,_get_variable_labels,https://github.com/pandas-dev/pandas/blob/main/pandas/io/stata.py#L1317
GitHub:pandas-dev/pandas (main),pandas/io/stata.py,1332,self._path_or_buf.read,True,DIRECT_CALL_ARGUMENT,self._decode,Passed directly to consumer function 'self._decode',StataReader,_get_data_label,https://github.com/pandas-dev/pandas/blob/main/pandas/io/stata.py#L1332
GitHub:pandas-dev/pandas (main),pandas/io/stata.py,1335,self._path_or_buf.read,True,DIRECT_CALL_ARGUMENT,self._decode,Passed directly to consumer function 'self._decode',StataReader,_get_data_label,https://github.com/pandas-dev/pandas/blob/main/pandas/io/stata.py#L1335
GitHub:pandas-dev/pandas (main),pandas/io/stata.py,1337,self._path_or_buf.read,True,DIRECT_CALL_ARGUMENT,self._decode,Passed directly to consumer function 'self._decode',StataReader,_get_data_label,https://github.com/pandas-dev/pandas/blob/main/pandas/io/stata.py#L1337
GitHub:pandas-dev/pandas (main),pandas/io/stata.py,1339,self._path_or_buf.read,True,DIRECT_CALL_ARGUMENT,self._decode,Passed directly to consumer function 'self._decode',StataReader,_get_data_label,https://github.com/pandas-dev/pandas/blob/main/pandas/io/stata.py#L1339
GitHub:pandas-dev/pandas (main),pandas/io/stata.py,1344,self._path_or_buf.read,True,CHAINED_TRANSFORMATION,decode,Immediately transformed in-place via .decode(),StataReader,_get_time_stamp,https://github.com/pandas-dev/pandas/blob/main/pandas/io/stata.py#L1344
GitHub:pandas-dev/pandas (main),pandas/io/stata.py,1347,self._path_or_buf.read,True,DIRECT_CALL_ARGUMENT,self._decode,Passed directly to consumer function 'self._decode',StataReader,_get_time_stamp,https://github.com/pandas-dev/pandas/blob/main/pandas/io/stata.py#L1347
GitHub:pandas-dev/pandas (main),pandas/io/stata.py,1349,self._path_or_buf.read,True,DIRECT_CALL_ARGUMENT,self._decode,Passed directly to consumer function 'self._decode',StataReader,_get_time_stamp,https://github.com/pandas-dev/pandas/blob/main/pandas/io/stata.py#L1349
GitHub:pandas-dev/pandas (main),pandas/io/stata.py,1355,self._path_or_buf.read,True,STANDALONE_DRAIN,expr,Result discarded immediately after execution,StataReader,_get_seek_variable_labels,https://github.com/pandas-dev/pandas/blob/main/pandas/io/stata.py#L1355
GitHub:pandas-dev/pandas (main),pandas/io/stata.py,1376,self._path_or_buf.read,True,STANDALONE_DRAIN,expr,Result discarded immediately after execution,StataReader,_read_old_header,https://github.com/pandas-dev/pandas/blob/main/pandas/io/stata.py#L1376
GitHub:pandas-dev/pandas (main),pandas/io/stata.py,1388,self._path_or_buf.read,True,LOCAL_TRANSIENT,local,Local scope execution without explicit escape detected,StataReader,_read_old_header,https://github.com/pandas-dev/pandas/blob/main/pandas/io/stata.py#L1388
GitHub:pandas-dev/pandas (main),pandas/io/stata.py,1390,self._path_or_buf.read,True,DESCUPED_LOCAL_VARIABLE,buf,Local transient variable 'buf' (ownership discarded at function exit),StataReader,_read_old_header,https://github.com/pandas-dev/pandas/blob/main/pandas/io/stata.py#L1390
GitHub:pandas-dev/pandas (main),pandas/io/stata.py,1412,self._path_or_buf.read,True,DIRECT_CALL_ARGUMENT,self._decode,Passed directly to consumer function 'self._decode',StataReader,_read_old_header,https://github.com/pandas-dev/pandas/blob/main/pandas/io/stata.py#L1412
GitHub:pandas-dev/pandas (main),pandas/io/stata.py,1416,self._path_or_buf.read,True,DIRECT_CALL_ARGUMENT,self._decode,Passed directly to consumer function 'self._decode',StataReader,_read_old_header,https://github.com/pandas-dev/pandas/blob/main/pandas/io/stata.py#L1416
GitHub:pandas-dev/pandas (main),pandas/io/stata.py,1440,self._path_or_buf.read,True,STANDALONE_DRAIN,expr,Result discarded immediately after execution,StataReader,_read_old_header,https://github.com/pandas-dev/pandas/blob/main/pandas/io/stata.py#L1440
GitHub:pandas-dev/pandas (main),pandas/io/stata.py,1492,self._path_or_buf.read,True,LOCAL_TRANSIENT,local,Local scope execution without explicit escape detected,StataReader,_read_new_value_labels,https://github.com/pandas-dev/pandas/blob/main/pandas/io/stata.py#L1492
GitHub:pandas-dev/pandas (main),pandas/io/stata.py,1495,self._path_or_buf.read,True,DESCUPED_LOCAL_VARIABLE,slength,Local transient variable 'slength' (ownership discarded at function exit),StataReader,_read_new_value_labels,https://github.com/pandas-dev/pandas/blob/main/pandas/io/stata.py#L1495
GitHub:pandas-dev/pandas (main),pandas/io/stata.py,1499,self._path_or_buf.read,True,DIRECT_CALL_ARGUMENT,self._decode,Passed directly to consumer function 'self._decode',StataReader,_read_new_value_labels,https://github.com/pandas-dev/pandas/blob/main/pandas/io/stata.py#L1499
GitHub:pandas-dev/pandas (main),pandas/io/stata.py,1501,self._path_or_buf.read,True,DIRECT_CALL_ARGUMENT,self._decode,Passed directly to consumer function 'self._decode',StataReader,_read_new_value_labels,https://github.com/pandas-dev/pandas/blob/main/pandas/io/stata.py#L1501
GitHub:pandas-dev/pandas (main),pandas/io/stata.py,1503,self._path_or_buf.read,True,DIRECT_CALL_ARGUMENT,self._decode,Passed directly to consumer function 'self._decode',StataReader,_read_new_value_labels,https://github.com/pandas-dev/pandas/blob/main/pandas/io/stata.py#L1503
GitHub:pandas-dev/pandas (main),pandas/io/stata.py,1504,self._path_or_buf.read,True,STANDALONE_DRAIN,expr,Result discarded immediately after execution,StataReader,_read_new_value_labels,https://github.com/pandas-dev/pandas/blob/main/pandas/io/stata.py#L1504
GitHub:pandas-dev/pandas (main),pandas/io/stata.py,1509,self._path_or_buf.read,True,NUMPY_FROMBUFFER,np.frombuffer,Direct in-place consumer 'np.frombuffer' (safe zero-copy candidate),StataReader,_read_new_value_labels,https://github.com/pandas-dev/pandas/blob/main/pandas/io/stata.py#L1509
GitHub:pandas-dev/pandas (main),pandas/io/stata.py,1512,self._path_or_buf.read,True,NUMPY_FROMBUFFER,np.frombuffer,Direct in-place consumer 'np.frombuffer' (safe zero-copy candidate),StataReader,_read_new_value_labels,https://github.com/pandas-dev/pandas/blob/main/pandas/io/stata.py#L1512
GitHub:pandas-dev/pandas (main),pandas/io/stata.py,1517,self._path_or_buf.read,True,DESCUPED_LOCAL_VARIABLE,txt,Local transient variable 'txt' (ownership discarded at function exit),StataReader,_read_new_value_labels,https://github.com/pandas-dev/pandas/blob/main/pandas/io/stata.py#L1517
GitHub:pandas-dev/pandas (main),pandas/io/stata.py,1526,self._path_or_buf.read,True,STANDALONE_DRAIN,expr,Result discarded immediately after execution,StataReader,_read_new_value_labels,https://github.com/pandas-dev/pandas/blob/main/pandas/io/stata.py#L1526
GitHub:pandas-dev/pandas (main),pandas/io/stata.py,1535,self._path_or_buf.read,True,LOCAL_TRANSIENT,local,Local scope execution without explicit escape detected,StataReader,_read_old_value_labels,https://github.com/pandas-dev/pandas/blob/main/pandas/io/stata.py#L1535
GitHub:pandas-dev/pandas (main),pandas/io/stata.py,1542,self._path_or_buf.read,True,DIRECT_CALL_ARGUMENT,self._decode,Passed directly to consumer function 'self._decode',StataReader,_read_old_value_labels,https://github.com/pandas-dev/pandas/blob/main/pandas/io/stata.py#L1542
GitHub:pandas-dev/pandas (main),pandas/io/stata.py,1543,self._path_or_buf.read,True,STANDALONE_DRAIN,expr,Result discarded immediately after execution,StataReader,_read_old_value_labels,https://github.com/pandas-dev/pandas/blob/main/pandas/io/stata.py#L1543
GitHub:pandas-dev/pandas (main),pandas/io/stata.py,1545,self._path_or_buf.read,True,NUMPY_FROMBUFFER,np.frombuffer,Direct in-place consumer 'np.frombuffer' (safe zero-copy candidate),StataReader,_read_old_value_labels,https://github.com/pandas-dev/pandas/blob/main/pandas/io/stata.py#L1545
GitHub:pandas-dev/pandas (main),pandas/io/stata.py,1550,self._path_or_buf.read,True,DIRECT_CALL_ARGUMENT,self._decode,Passed directly to consumer function 'self._decode',StataReader,_read_old_value_labels,https://github.com/pandas-dev/pandas/blob/main/pandas/io/stata.py#L1550
GitHub:pandas-dev/pandas (main),pandas/io/stata.py,1570,self._path_or_buf.read,True,LOCAL_TRANSIENT,local,Local scope execution without explicit escape detected,StataReader,_read_strls,https://github.com/pandas-dev/pandas/blob/main/pandas/io/stata.py#L1570
GitHub:pandas-dev/pandas (main),pandas/io/stata.py,1576,self._path_or_buf.read,True,DESCUPED_LOCAL_VARIABLE,buf,Local transient variable 'buf' (ownership discarded at function exit),StataReader,_read_strls,https://github.com/pandas-dev/pandas/blob/main/pandas/io/stata.py#L1576
GitHub:pandas-dev/pandas (main),pandas/io/stata.py,1586,self._path_or_buf.read,True,DESCUPED_LOCAL_VARIABLE,va,Local transient variable 'va' (ownership discarded at function exit),StataReader,_read_strls,https://github.com/pandas-dev/pandas/blob/main/pandas/io/stata.py#L1586
GitHub:pandas-dev/pandas (main),pandas/io/stata.py,1597,self.read,False,ESCAPING_RETURN,return,Directly returned from function (caller assumes ownership),StataReader,__next__,https://github.com/pandas-dev/pandas/blob/main/pandas/io/stata.py#L1597
GitHub:pandas-dev/pandas (main),pandas/io/stata.py,1614,self.read,False,ESCAPING_RETURN,return,Directly returned from function (caller assumes ownership),StataReader,get_chunk,https://github.com/pandas-dev/pandas/blob/main/pandas/io/stata.py#L1614
GitHub:pandas-dev/pandas (main),pandas/io/stata.py,1713,self._path_or_buf.read,True,NUMPY_FROMBUFFER,np.frombuffer,Direct in-place consumer 'np.frombuffer' (safe zero-copy candidate),StataReader,read,https://github.com/pandas-dev/pandas/blob/main/pandas/io/stata.py#L1713
GitHub:pandas-dev/pandas (main),pandas/io/stata.py,2257,reader.read,False,ESCAPING_RETURN,return,Directly returned from function (caller assumes ownership),,read_stata,https://github.com/pandas-dev/pandas/blob/main/pandas/io/stata.py#L2257
GitHub:pandas-dev/pandas (main),pandas/io/xml.py,720,handle_obj.handle.read,True,DIRECT_CALL_ARGUMENT,preprocess_data,Passed directly to consumer function 'preprocess_data',,get_data_from_filepath,https://github.com/pandas-dev/pandas/blob/main/pandas/io/xml.py#L720
GitHub:pandas-dev/pandas (main),pandas/io/xml.py,760,tp.read,False,ESCAPING_RETURN,return,Directly returned from function (caller assumes ownership),,_data_to_frame,https://github.com/pandas-dev/pandas/blob/main/pandas/io/xml.py#L760
GitHub:pandas-dev/pandas (main),web/pandas_web.py,113,f.read,True,DIRECT_CALL_ARGUMENT,md.convert,Passed directly to consumer function 'md.convert',Preprocessors,blog_add_posts,https://github.com/pandas-dev/pandas/blob/main/web/pandas_web.py#L113
GitHub:pandas-dev/pandas (main),web/pandas_web.py,298,f.readline,True,LOCAL_TRANSIENT,local,Local scope execution without explicit escape detected,Preprocessors,roadmap_pdeps,https://github.com/pandas-dev/pandas/blob/main/web/pandas_web.py#L298
GitHub:pandas-dev/pandas (main),web/pandas_web.py,474,f.read,True,DESCUPED_LOCAL_VARIABLE,content,Local transient variable 'content' (ownership discarded at function exit),,main,https://github.com/pandas-dev/pandas/blob/main/web/pandas_web.py#L474
GitHub:ray-project/ray (master),bazel/pyzip.py,40,f.read,True,DESCUPED_LOCAL_VARIABLE,content,Local transient variable 'content' (ownership discarded at function exit),,zip_dir,https://github.com/ray-project/ray/blob/master/bazel/pyzip.py#L40
GitHub:ray-project/ray (master),python/ray/_common/tls_utils.py,95,f.read,False,ESCAPING_LOCAL_VAR,server_cert_chain,Variable 'server_cert_chain' returned from function,,load_certs_from_env,https://github.com/ray-project/ray/blob/master/python/ray/_common/tls_utils.py#L95
GitHub:ray-project/ray (master),python/ray/_common/tls_utils.py,97,f.read,False,ESCAPING_LOCAL_VAR,private_key,Variable 'private_key' returned from function,,load_certs_from_env,https://github.com/ray-project/ray/blob/master/python/ray/_common/tls_utils.py#L97
GitHub:ray-project/ray (master),python/ray/_common/tls_utils.py,99,f.read,False,ESCAPING_LOCAL_VAR,ca_cert,Variable 'ca_cert' returned from function,,load_certs_from_env,https://github.com/ray-project/ray/blob/master/python/ray/_common/tls_utils.py#L99
GitHub:ray-project/ray (master),python/ray/_common/utils.py,400,f.read,True,CHAINED_TRANSFORMATION,strip,Immediately transformed in-place via .strip(),,get_system_memory,https://github.com/ray-project/ray/blob/master/python/ray/_common/utils.py#L400
GitHub:ray-project/ray (master),python/ray/_common/utils.py,404,f.read,True,CHAINED_TRANSFORMATION,strip,Immediately transformed in-place via .strip(),,get_system_memory,https://github.com/ray-project/ray/blob/master/python/ray/_common/utils.py#L404
GitHub:ray-project/ray (master),python/ray/_private/accelerators/tpu.py,602,f.read,True,CHAINED_TRANSFORMATION,strip,Immediately transformed in-place via .strip(),,_is_vfio_group_a_tpu,https://github.com/ray-project/ray/blob/master/python/ray/_private/accelerators/tpu.py#L602
GitHub:ray-project/ray (master),python/ray/_private/compat.py,37,f.read,True,LOCAL_TRANSIENT,local,Local scope execution without explicit escape detected,,psutil_open_binary_patched,https://github.com/ray-project/ray/blob/master/python/ray/_private/compat.py#L37
GitHub:ray-project/ray (master),python/ray/_private/external_storage.py,363,f.read,True,DIRECT_CALL_ARGUMENT,int.from_bytes,Passed directly to consumer function 'int.from_bytes',FileSystemStorage,restore_spilled_objects,https://github.com/ray-project/ray/blob/master/python/ray/_private/external_storage.py#L363
GitHub:ray-project/ray (master),python/ray/_private/external_storage.py,364,f.read,True,DIRECT_CALL_ARGUMENT,int.from_bytes,Passed directly to consumer function 'int.from_bytes',FileSystemStorage,restore_spilled_objects,https://github.com/ray-project/ray/blob/master/python/ray/_private/external_storage.py#L364
GitHub:ray-project/ray (master),python/ray/_private/external_storage.py,365,f.read,True,DIRECT_CALL_ARGUMENT,int.from_bytes,Passed directly to consumer function 'int.from_bytes',FileSystemStorage,restore_spilled_objects,https://github.com/ray-project/ray/blob/master/python/ray/_private/external_storage.py#L365
GitHub:ray-project/ray (master),python/ray/_private/external_storage.py,368,f.read,True,DESCUPED_LOCAL_VARIABLE,owner_address,Local transient variable 'owner_address' (ownership discarded at function exit),FileSystemStorage,restore_spilled_objects,https://github.com/ray-project/ray/blob/master/python/ray/_private/external_storage.py#L368
GitHub:ray-project/ray (master),python/ray/_private/external_storage.py,369,f.read,True,DESCUPED_LOCAL_VARIABLE,metadata,Local transient variable 'metadata' (ownership discarded at function exit),FileSystemStorage,restore_spilled_objects,https://github.com/ray-project/ray/blob/master/python/ray/_private/external_storage.py#L369
GitHub:ray-project/ray (master),python/ray/_private/external_storage.py,534,f.read,True,DIRECT_CALL_ARGUMENT,int.from_bytes,Passed directly to consumer function 'int.from_bytes',ExternalStorageSmartOpenImpl,restore_spilled_objects,https://github.com/ray-project/ray/blob/master/python/ray/_private/external_storage.py#L534
GitHub:ray-project/ray (master),python/ray/_private/external_storage.py,535,f.read,True,DIRECT_CALL_ARGUMENT,int.from_bytes,Passed directly to consumer function 'int.from_bytes',ExternalStorageSmartOpenImpl,restore_spilled_objects,https://github.com/ray-project/ray/blob/master/python/ray/_private/external_storage.py#L535
GitHub:ray-project/ray (master),python/ray/_private/external_storage.py,536,f.read,True,DIRECT_CALL_ARGUMENT,int.from_bytes,Passed directly to consumer function 'int.from_bytes',ExternalStorageSmartOpenImpl,restore_spilled_objects,https://github.com/ray-project/ray/blob/master/python/ray/_private/external_storage.py#L536
GitHub:ray-project/ray (master),python/ray/_private/external_storage.py,538,f.read,True,DESCUPED_LOCAL_VARIABLE,owner_address,Local transient variable 'owner_address' (ownership discarded at function exit),ExternalStorageSmartOpenImpl,restore_spilled_objects,https://github.com/ray-project/ray/blob/master/python/ray/_private/external_storage.py#L538
GitHub:ray-project/ray (master),python/ray/_private/external_storage.py,540,f.read,True,DESCUPED_LOCAL_VARIABLE,metadata,Local transient variable 'metadata' (ownership discarded at function exit),ExternalStorageSmartOpenImpl,restore_spilled_objects,https://github.com/ray-project/ray/blob/master/python/ray/_private/external_storage.py#L540
GitHub:ray-project/ray (master),python/ray/_private/log_monitor.py,401,file_info.file_handle.readline,True,DESCUPED_LOCAL_VARIABLE,next_line,Local transient variable 'next_line' (ownership discarded at function exit),LogMonitor,check_log_files_and_publish_updates,https://github.com/ray-project/ray/blob/master/python/ray/_private/log_monitor.py#L401
GitHub:ray-project/ray (master),python/ray/_private/log_monitor.py,438,file_info.file_handle.readline,True,STANDALONE_DRAIN,expr,Result discarded immediately after execution,LogMonitor,check_log_files_and_publish_updates,https://github.com/ray-project/ray/blob/master/python/ray/_private/log_monitor.py#L438
GitHub:ray-project/ray (master),python/ray/_private/memory_monitor.py,127,f.read,True,DIRECT_CALL_ARGUMENT,int,Passed directly to consumer function 'int',MemoryMonitor,__init__,https://github.com/ray-project/ray/blob/master/python/ray/_private/memory_monitor.py#L127
GitHub:ray-project/ray (master),python/ray/_private/node.py,513,f.read,True,CHAINED_TRANSFORMATION,strip,Immediately transformed in-place via .strip(),Node,_check_persisted_rocksdb_session_name,https://github.com/ray-project/ray/blob/master/python/ray/_private/node.py#L513
GitHub:ray-project/ray (master),python/ray/_private/node.py,1021,err.readlines,True,LOCAL_TRANSIENT,local,Local scope execution without explicit escape detected,Node,_init_gcs_client,https://github.com/ray-project/ray/blob/master/python/ray/_private/node.py#L1021
GitHub:ray-project/ray (master),python/ray/_private/node.py,1868,f.read,True,LOCAL_TRANSIENT,local,Local scope execution without explicit escape detected,Node,_kill_process_impl,https://github.com/ray-project/ray/blob/master/python/ray/_private/node.py#L1868
GitHub:ray-project/ray (master),python/ray/_private/node.py,1871,f.read,True,LOCAL_TRANSIENT,local,Local scope execution without explicit escape detected,Node,_kill_process_impl,https://github.com/ray-project/ray/blob/master/python/ray/_private/node.py#L1871
GitHub:ray-project/ray (master),python/ray/_private/process_watcher.py,90,f.readlines,True,DESCUPED_LOCAL_VARIABLE,raylet_logs,Local transient variable 'raylet_logs' (ownership discarded at function exit),,report_raylet_error_logs,https://github.com/ray-project/ray/blob/master/python/ray/_private/process_watcher.py#L90
GitHub:ray-project/ray (master),python/ray/_private/process_watcher.py,137,sys.stdin.readline,True,LOCAL_TRANSIENT,local,Local scope execution without explicit escape detected,,_check_parent_via_pipe,https://github.com/ray-project/ray/blob/master/python/ray/_private/process_watcher.py#L137
GitHub:ray-project/ray (master),python/ray/_private/ray_experimental_perf.py,68,chan.read,True,STANDALONE_DRAIN,expr,Result discarded immediately after execution,,put_channel_small,https://github.com/ray-project/ray/blob/master/python/ray/_private/ray_experimental_perf.py#L68
GitHub:ray-project/ray (master),python/ray/_private/ray_experimental_perf.py,78,chan.read,True,STANDALONE_DRAIN,expr,Result discarded immediately after execution,ChannelReader,read,https://github.com/ray-project/ray/blob/master/python/ray/_private/ray_experimental_perf.py#L78
GitHub:ray-project/ray (master),python/ray/_private/ray_process_reaper.py,54,sys.stdin.read,True,DIRECT_CALL_ARGUMENT,len,Passed directly to consumer function 'len',,main,https://github.com/ray-project/ray/blob/master/python/ray/_private/ray_process_reaper.py#L54
GitHub:ray-project/ray (master),python/ray/_private/runtime_env/_clonevirtualenv.py,161,f.read,True,LOCAL_TRANSIENT,local,Local scope execution without explicit escape detected,,fixup_script_,https://github.com/ray-project/ray/blob/master/python/ray/_private/runtime_env/_clonevirtualenv.py#L161
GitHub:ray-project/ray (master),python/ray/_private/runtime_env/_clonevirtualenv.py,165,f.readlines,True,DESCUPED_LOCAL_VARIABLE,lines,Local transient variable 'lines' (ownership discarded at function exit),,fixup_script_,https://github.com/ray-project/ray/blob/master/python/ray/_private/runtime_env/_clonevirtualenv.py#L165
GitHub:ray-project/ray (master),python/ray/_private/runtime_env/_clonevirtualenv.py,217,f.read,True,CHAINED_TRANSFORMATION,decode,Immediately transformed in-place via .decode(),,fixup_activate,https://github.com/ray-project/ray/blob/master/python/ray/_private/runtime_env/_clonevirtualenv.py#L217
GitHub:ray-project/ray (master),python/ray/_private/runtime_env/_clonevirtualenv.py,279,f.readlines,True,DESCUPED_LOCAL_VARIABLE,lines,Local transient variable 'lines' (ownership discarded at function exit),,fixup_pth_file,https://github.com/ray-project/ray/blob/master/python/ray/_private/runtime_env/_clonevirtualenv.py#L279
GitHub:ray-project/ray (master),python/ray/_private/runtime_env/_clonevirtualenv.py,301,f.read,True,CHAINED_TRANSFORMATION,decode,Immediately transformed in-place via .decode(),,fixup_egglink_file,https://github.com/ray-project/ray/blob/master/python/ray/_private/runtime_env/_clonevirtualenv.py#L301
GitHub:ray-project/ray (master),python/ray/_private/runtime_env/agent/main.py,186,request.read,True,LOCAL_TRANSIENT,local,Local scope execution without explicit escape detected,,get_or_create_runtime_env,https://github.com/ray-project/ray/blob/master/python/ray/_private/runtime_env/agent/main.py#L186
GitHub:ray-project/ray (master),python/ray/_private/runtime_env/agent/main.py,198,request.read,True,LOCAL_TRANSIENT,local,Local scope execution without explicit escape detected,,delete_runtime_env_if_possible,https://github.com/ray-project/ray/blob/master/python/ray/_private/runtime_env/agent/main.py#L198
GitHub:ray-project/ray (master),python/ray/_private/runtime_env/agent/main.py,210,request.read,True,LOCAL_TRANSIENT,local,Local scope execution without explicit escape detected,,get_runtime_envs_info,https://github.com/ray-project/ray/blob/master/python/ray/_private/runtime_env/agent/main.py#L210
GitHub:ray-project/ray (master),python/ray/_private/runtime_env/conda_utils.py,85,open.read,False,ESCAPING_LOCAL_VAR,conda_env_contents,Variable 'conda_env_contents' returned from function,,_get_conda_env_name,https://github.com/ray-project/ray/blob/master/python/ray/_private/runtime_env/conda_utils.py#L85
GitHub:ray-project/ray (master),python/ray/_private/runtime_env/dependency_utils.py,60,f.read,True,DESCUPED_LOCAL_VARIABLE,output,Local transient variable 'output' (ownership discarded at function exit),,_get_ray_version_and_path,https://github.com/ray-project/ray/blob/master/python/ray/_private/runtime_env/dependency_utils.py#L60
GitHub:ray-project/ray (master),python/ray/_private/runtime_env/image_uri.py,55,f.read,True,CHAINED_TRANSFORMATION,strip,Immediately transformed in-place via .strip(),,_create_impl,https://github.com/ray-project/ray/blob/master/python/ray/_private/runtime_env/image_uri.py#L55
GitHub:ray-project/ray (master),python/ray/_private/runtime_env/packaging.py,194,f.read,True,DESCUPED_LOCAL_VARIABLE,data,Local transient variable 'data' (ownership discarded at function exit),,_hash_file_content_or_directory_name,https://github.com/ray-project/ray/blob/master/python/ray/_private/runtime_env/packaging.py#L194
GitHub:ray-project/ray (master),python/ray/_private/runtime_env/packaging.py,197,f.read,True,DESCUPED_LOCAL_VARIABLE,data,Local transient variable 'data' (ownership discarded at function exit),,_hash_file_content_or_directory_name,https://github.com/ray-project/ray/blob/master/python/ray/_private/runtime_env/packaging.py#L197
GitHub:ray-project/ray (master),python/ray/_private/runtime_env/packaging.py,320,f.readlines,True,DIRECT_CALL_ARGUMENT,PathSpec.from_lines,Passed directly to consumer function 'PathSpec.from_lines',,_get_ignore_file,https://github.com/ray-project/ray/blob/master/python/ray/_private/runtime_env/packaging.py#L320
GitHub:ray-project/ray (master),python/ray/_private/runtime_env/packaging.py,535,package.read_bytes,True,HASHLIB_HASH,hashlib.sha1,Direct in-place consumer 'hashlib.sha1' (safe zero-copy candidate),,get_uri_for_package,https://github.com/ray-project/ray/blob/master/python/ray/_private/runtime_env/packaging.py#L535
GitHub:ray-project/ray (master),python/ray/_private/runtime_env/packaging.py,808,package_file.read_bytes,True,DESCUPED_LOCAL_VARIABLE,package_file_bytes,Local transient variable 'package_file_bytes' (ownership discarded at function exit),,upload_package_if_needed,https://github.com/ray-project/ray/blob/master/python/ray/_private/runtime_env/packaging.py#L808
GitHub:ray-project/ray (master),python/ray/_private/runtime_env/protocol.py,290,fin.read,True,DIRECT_CALL_ARGUMENT,fout.write,Passed directly to consumer function 'fout.write',ProtocolsProvider,download_remote_uri,https://github.com/ray-project/ray/blob/master/python/ray/_private/runtime_env/protocol.py#L290
GitHub:ray-project/ray (master),python/ray/_private/runtime_env/py_modules.py,149,Path.read_bytes,True,DIRECT_CALL_ARGUMENT,upload_package_to_gcs,Passed directly to consumer function 'upload_package_to_gcs',,upload_py_modules_if_needed,https://github.com/ray-project/ray/blob/master/python/ray/_private/runtime_env/py_modules.py#L149
GitHub:ray-project/ray (master),python/ray/_private/runtime_env/working_dir.py,122,package_path.read_bytes,True,DIRECT_CALL_ARGUMENT,upload_package_to_gcs,Passed directly to consumer function 'upload_package_to_gcs',,upload_working_dir_if_needed,https://github.com/ray-project/ray/blob/master/python/ray/_private/runtime_env/working_dir.py#L122
GitHub:ray-project/ray (master),python/ray/_private/utils.py,84,f.read,True,DESCUPED_LOCAL_VARIABLE,prev_address,Local transient variable 'prev_address' (ownership discarded at function exit),,write_ray_address,https://github.com/ray-project/ray/blob/master/python/ray/_private/utils.py#L84
GitHub:ray-project/ray (master),python/ray/_private/utils.py,104,f.read,True,CHAINED_TRANSFORMATION,strip,Immediately transformed in-place via .strip(),,read_ray_address,https://github.com/ray-project/ray/blob/master/python/ray/_private/utils.py#L104
GitHub:ray-project/ray (master),python/ray/_private/utils.py,387,quota_file.read,True,DIRECT_CALL_ARGUMENT,float,Passed directly to consumer function 'float',,_get_docker_cpus,https://github.com/ray-project/ray/blob/master/python/ray/_private/utils.py#L387
GitHub:ray-project/ray (master),python/ray/_private/utils.py,387,period_file.read,True,DIRECT_CALL_ARGUMENT,float,Passed directly to consumer function 'float',,_get_docker_cpus,https://github.com/ray-project/ray/blob/master/python/ray/_private/utils.py#L387
GitHub:ray-project/ray (master),python/ray/_private/utils.py,393,open.read,True,DESCUPED_LOCAL_VARIABLE,max_file,Local transient variable 'max_file' (ownership discarded at function exit),,_get_docker_cpus,https://github.com/ray-project/ray/blob/master/python/ray/_private/utils.py#L393
GitHub:ray-project/ray (master),python/ray/_private/utils.py,412,cpuset_file.read,True,DESCUPED_LOCAL_VARIABLE,ranges_as_string,Local transient variable 'ranges_as_string' (ownership discarded at function exit),,_get_docker_cpus,https://github.com/ray-project/ray/blob/master/python/ray/_private/utils.py#L412
GitHub:ray-project/ray (master),python/ray/_private/utils.py,517,f.readlines,True,DESCUPED_LOCAL_VARIABLE,lines,Local transient variable 'lines' (ownership discarded at function exit),,get_cgroup_used_memory,https://github.com/ray-project/ray/blob/master/python/ray/_private/utils.py#L517
GitHub:ray-project/ray (master),python/ray/_private/utils.py,525,f.readlines,True,DESCUPED_LOCAL_VARIABLE,lines,Local transient variable 'lines' (ownership discarded at function exit),,get_cgroup_used_memory,https://github.com/ray-project/ray/blob/master/python/ray/_private/utils.py#L525
GitHub:ray-project/ray (master),python/ray/_private/utils.py,565,f.read,True,CHAINED_TRANSFORMATION,strip,Immediately transformed in-place via .strip(),,get_cgroup_mem_stats,https://github.com/ray-project/ray/blob/master/python/ray/_private/utils.py#L565
GitHub:ray-project/ray (master),python/ray/_private/utils.py,578,f.read,True,CHAINED_TRANSFORMATION,strip,Immediately transformed in-place via .strip(),,get_cgroup_mem_stats,https://github.com/ray-project/ray/blob/master/python/ray/_private/utils.py#L578
GitHub:ray-project/ray (master),python/ray/air/integrations/wandb.py,347,fp.readline,True,CHAINED_TRANSFORMATION,strip,Immediately transformed in-place via .strip(),,_set_api_key,https://github.com/ray-project/ray/blob/master/python/ray/air/integrations/wandb.py#L347
GitHub:ray-project/ray (master),python/ray/autoscaler/_private/_azure/config.py,393,f.read,True,DESCUPED_LOCAL_VARIABLE,public_key,Local transient variable 'public_key' (ownership discarded at function exit),,_configure_key_pair,https://github.com/ray-project/ray/blob/master/python/ray/autoscaler/_private/_azure/config.py#L393
GitHub:ray-project/ray (master),python/ray/autoscaler/_private/_azure/config.py,413,f.read,True,DESCUPED_LOCAL_VARIABLE,public_key,Local transient variable 'public_key' (ownership discarded at function exit),,_configure_key_pair,https://github.com/ray-project/ray/blob/master/python/ray/autoscaler/_private/_azure/config.py#L413
GitHub:ray-project/ray (master),python/ray/autoscaler/_private/aliyun/config.py,114,f.readline,True,CHAINED_TRANSFORMATION,strip,Immediately transformed in-place via .strip(),,_get_or_import_key_pair,https://github.com/ray-project/ray/blob/master/python/ray/autoscaler/_private/aliyun/config.py#L114
GitHub:ray-project/ray (master),python/ray/autoscaler/_private/autoscaler.py,231,f.read,True,YAML_LOADS,yaml.safe_load,Direct in-place consumer 'yaml.safe_load' (safe zero-copy candidate),StandardAutoscaler,read_fn,https://github.com/ray-project/ray/blob/master/python/ray/autoscaler/_private/autoscaler.py#L231
GitHub:ray-project/ray (master),python/ray/autoscaler/_private/cli_logger.py,658,sys.stdin.readline,True,DESCUPED_LOCAL_VARIABLE,ans,Local transient variable 'ans' (ownership discarded at function exit),_CliLogger,confirm,https://github.com/ray-project/ray/blob/master/python/ray/autoscaler/_private/cli_logger.py#L658
GitHub:ray-project/ray (master),python/ray/autoscaler/_private/cli_logger.py,690,sys.stdin.readline,True,DESCUPED_LOCAL_VARIABLE,ans,Local transient variable 'ans' (ownership discarded at function exit),_CliLogger,confirm,https://github.com/ray-project/ray/blob/master/python/ray/autoscaler/_private/cli_logger.py#L690
GitHub:ray-project/ray (master),python/ray/autoscaler/_private/cli_logger.py,749,sys.stdin.readline,True,DESCUPED_LOCAL_VARIABLE,ans,Local transient variable 'ans' (ownership discarded at function exit),_CliLogger,prompt,https://github.com/ray-project/ray/blob/master/python/ray/autoscaler/_private/cli_logger.py#L749
GitHub:ray-project/ray (master),python/ray/autoscaler/_private/cluster_dump.py,569,open.read,True,YAML_LOADS,yaml.safe_load,Direct in-place consumer 'yaml.safe_load' (safe zero-copy candidate),,get_info_from_ray_cluster_config,https://github.com/ray-project/ray/blob/master/python/ray/autoscaler/_private/cluster_dump.py#L569
GitHub:ray-project/ray (master),python/ray/autoscaler/_private/commands.py,288,open.read,True,YAML_LOADS,yaml.safe_load,Direct in-place consumer 'yaml.safe_load' (safe zero-copy candidate),,create_or_update_cluster,https://github.com/ray-project/ray/blob/master/python/ray/autoscaler/_private/commands.py#L288
GitHub:ray-project/ray (master),python/ray/autoscaler/_private/commands.py,376,open.read,True,JSON_LOADS,json.loads,Direct in-place consumer 'json.loads' (safe zero-copy candidate),,_bootstrap_config,https://github.com/ray-project/ray/blob/master/python/ray/autoscaler/_private/commands.py#L376
GitHub:ray-project/ray (master),python/ray/autoscaler/_private/commands.py,472,open.read,True,YAML_LOADS,yaml.safe_load,Direct in-place consumer 'yaml.safe_load' (safe zero-copy candidate),,teardown_cluster,https://github.com/ray-project/ray/blob/master/python/ray/autoscaler/_private/commands.py#L472
GitHub:ray-project/ray (master),python/ray/autoscaler/_private/commands.py,619,open.read,True,YAML_LOADS,yaml.safe_load,Direct in-place consumer 'yaml.safe_load' (safe zero-copy candidate),,kill_node,https://github.com/ray-project/ray/blob/master/python/ray/autoscaler/_private/commands.py#L619
GitHub:ray-project/ray (master),python/ray/autoscaler/_private/commands.py,1223,open.read,True,YAML_LOADS,yaml.safe_load,Direct in-place consumer 'yaml.safe_load' (safe zero-copy candidate),,exec_cluster,https://github.com/ray-project/ray/blob/master/python/ray/autoscaler/_private/commands.py#L1223
GitHub:ray-project/ray (master),python/ray/autoscaler/_private/commands.py,1414,open.read,True,YAML_LOADS,yaml.safe_load,Direct in-place consumer 'yaml.safe_load' (safe zero-copy candidate),,rsync,https://github.com/ray-project/ray/blob/master/python/ray/autoscaler/_private/commands.py#L1414
GitHub:ray-project/ray (master),python/ray/autoscaler/_private/commands.py,1485,open.read,True,YAML_LOADS,yaml.safe_load,Direct in-place consumer 'yaml.safe_load' (safe zero-copy candidate),,get_head_node_ip,https://github.com/ray-project/ray/blob/master/python/ray/autoscaler/_private/commands.py#L1485
GitHub:ray-project/ray (master),python/ray/autoscaler/_private/commands.py,1509,open.read,True,YAML_LOADS,yaml.safe_load,Direct in-place consumer 'yaml.safe_load' (safe zero-copy candidate),,get_worker_node_ips,https://github.com/ray-project/ray/blob/master/python/ray/autoscaler/_private/commands.py#L1509
GitHub:ray-project/ray (master),python/ray/autoscaler/_private/commands.py,1642,fp.read,True,DIRECT_CALL_ARGUMENT,os.write,Passed directly to consumer function 'os.write',,get_local_dump_archive,https://github.com/ray-project/ray/blob/master/python/ray/autoscaler/_private/commands.py#L1642
GitHub:ray-project/ray (master),python/ray/autoscaler/_private/kuberay/node_provider.py,177,secret.read,True,DESCUPED_LOCAL_VARIABLE,token,Local transient variable 'token' (ownership discarded at function exit),,load_k8s_secrets,https://github.com/ray-project/ray/blob/master/python/ray/autoscaler/_private/kuberay/node_provider.py#L177
GitHub:ray-project/ray (master),python/ray/autoscaler/_private/local/node_provider.py,42,open.read,True,JSON_LOADS,json.loads,Direct in-place consumer 'json.loads' (safe zero-copy candidate),ClusterState,__init__,https://github.com/ray-project/ray/blob/master/python/ray/autoscaler/_private/local/node_provider.py#L42
GitHub:ray-project/ray (master),python/ray/autoscaler/_private/local/node_provider.py,103,open.read,True,JSON_LOADS,json.loads,Direct in-place consumer 'json.loads' (safe zero-copy candidate),ClusterState,get,https://github.com/ray-project/ray/blob/master/python/ray/autoscaler/_private/local/node_provider.py#L103
GitHub:ray-project/ray (master),python/ray/autoscaler/_private/local/node_provider.py,138,open.read,True,JSON_LOADS,json.loads,Direct in-place consumer 'json.loads' (safe zero-copy candidate),OnPremCoordinatorState,__init__,https://github.com/ray-project/ray/blob/master/python/ray/autoscaler/_private/local/node_provider.py#L138
GitHub:ray-project/ray (master),python/ray/autoscaler/_private/spark/spark_job_server.py,153,self.rfile.read,True,CHAINED_TRANSFORMATION,decode,Immediately transformed in-place via .decode(),SparkJobServerRequestHandler,do_POST,https://github.com/ray-project/ray/blob/master/python/ray/autoscaler/_private/spark/spark_job_server.py#L153
GitHub:ray-project/ray (master),python/ray/autoscaler/_private/subprocess_output_util.py,116,f.readline,True,DESCUPED_LOCAL_VARIABLE,line,Local transient variable 'line' (ownership discarded at function exit),,_read_subprocess_stream,https://github.com/ray-project/ray/blob/master/python/ray/autoscaler/_private/subprocess_output_util.py#L116
GitHub:ray-project/ray (master),python/ray/autoscaler/_private/util.py,456,key.read,True,LOCAL_TRANSIENT,local,Local scope execution without explicit escape detected,,hash_launch_conf,https://github.com/ray-project/ray/blob/master/python/ray/autoscaler/_private/util.py#L456
GitHub:ray-project/ray (master),python/ray/autoscaler/_private/util.py,489,f.read,True,LOCAL_TRANSIENT,local,Local scope execution without explicit escape detected,,add_hash_of_file,https://github.com/ray-project/ray/blob/master/python/ray/autoscaler/_private/util.py#L489
GitHub:ray-project/ray (master),python/ray/autoscaler/_private/vsphere/cluster_operator_client.py,154,f.read,True,DESCUPED_LOCAL_VARIABLE,tls_cert,Local transient variable 'tls_cert' (ownership discarded at function exit),ClusterOperatorClient,_create_tls_secrets,https://github.com/ray-project/ray/blob/master/python/ray/autoscaler/_private/vsphere/cluster_operator_client.py#L154
GitHub:ray-project/ray (master),python/ray/autoscaler/_private/vsphere/cluster_operator_client.py,157,f.read,True,DESCUPED_LOCAL_VARIABLE,tls_key,Local transient variable 'tls_key' (ownership discarded at function exit),ClusterOperatorClient,_create_tls_secrets,https://github.com/ray-project/ray/blob/master/python/ray/autoscaler/_private/vsphere/cluster_operator_client.py#L157
GitHub:ray-project/ray (master),python/ray/autoscaler/_private/vsphere/cluster_operator_client.py,674,ssh_key.read,True,DESCUPED_LOCAL_VARIABLE,ssh_key_data,Local transient variable 'ssh_key_data' (ownership discarded at function exit),ClusterOperatorClient,_create_ssh_secret,https://github.com/ray-project/ray/blob/master/python/ray/autoscaler/_private/vsphere/cluster_operator_client.py#L674
GitHub:ray-project/ray (master),python/ray/autoscaler/local/coordinator_server.py,56,self.rfile.read,True,CHAINED_TRANSFORMATION,decode,Immediately transformed in-place via .decode(),Handler,do_GET,https://github.com/ray-project/ray/blob/master/python/ray/autoscaler/local/coordinator_server.py#L56
GitHub:ray-project/ray (master),python/ray/autoscaler/v2/instance_manager/config.py,472,f.read,True,YAML_LOADS,yaml.safe_load,Direct in-place consumer 'yaml.safe_load' (safe zero-copy candidate),FileConfigReader,_read,https://github.com/ray-project/ray/blob/master/python/ray/autoscaler/v2/instance_manager/config.py#L472
GitHub:ray-project/ray (master),python/ray/cloudpickle/cloudpickle.py,984,obj.read,True,DESCUPED_LOCAL_VARIABLE,contents,Local transient variable 'contents' (ownership discarded at function exit),,_file_reduce,https://github.com/ray-project/ray/blob/master/python/ray/cloudpickle/cloudpickle.py#L984
GitHub:ray-project/ray (master),python/ray/dag/compiled_dag_node.py,679,self.input_reader.read,True,DESCUPED_LOCAL_VARIABLE,input_data,Local transient variable 'input_data' (ownership discarded at function exit),ExecutableTask,_read,https://github.com/ray-project/ray/blob/master/python/ray/dag/compiled_dag_node.py#L679
GitHub:ray-project/ray (master),python/ray/dag/compiled_dag_node.py,2531,self._dag_output_fetcher.read,True,DESCUPED_LOCAL_VARIABLE,result,Local transient variable 'result' (ownership discarded at function exit),CompiledDAG,_execute_until,https://github.com/ray-project/ray/blob/master/python/ray/dag/compiled_dag_node.py#L2531
GitHub:ray-project/ray (master),python/ray/dashboard/http_server_head.py,305,request.read,True,LOCAL_TRANSIENT,local,Local scope execution without explicit escape detected,HttpServerDashboardHead,proxy_server_middleware,https://github.com/ray-project/ray/blob/master/python/ray/dashboard/http_server_head.py#L305
GitHub:ray-project/ray (master),python/ray/dashboard/http_server_head.py,347,resp.read,True,LOCAL_TRANSIENT,local,Local scope execution without explicit escape detected,HttpServerDashboardHead,proxy_server_middleware,https://github.com/ray-project/ray/blob/master/python/ray/dashboard/http_server_head.py#L347
GitHub:ray-project/ray (master),python/ray/dashboard/k8s_utils.py,71,open.read,True,DIRECT_CALL_ARGUMENT,int,Passed directly to consumer function 'int',,_cpu_usage,https://github.com/ray-project/ray/blob/master/python/ray/dashboard/k8s_utils.py#L71
GitHub:ray-project/ray (master),python/ray/dashboard/k8s_utils.py,74,open.read,True,DESCUPED_LOCAL_VARIABLE,cpu_stat_text,Local transient variable 'cpu_stat_text' (ownership discarded at function exit),,_cpu_usage,https://github.com/ray-project/ray/blob/master/python/ray/dashboard/k8s_utils.py#L74
GitHub:ray-project/ray (master),python/ray/dashboard/k8s_utils.py,94,open.read,True,CHAINED_TRANSFORMATION,split,Immediately transformed in-place via .split(),,_system_usage,https://github.com/ray-project/ray/blob/master/python/ray/dashboard/k8s_utils.py#L94
GitHub:ray-project/ray (master),python/ray/dashboard/k8s_utils.py,108,open.read,True,CHAINED_TRANSFORMATION,split,Immediately transformed in-place via .split(),,_host_num_cpus,https://github.com/ray-project/ray/blob/master/python/ray/dashboard/k8s_utils.py#L108
GitHub:ray-project/ray (master),python/ray/dashboard/modules/dashboard_sdk.py,389,package_file.read_bytes,True,LOCAL_TRANSIENT,local,Local scope execution without explicit escape detected,SubmissionClient,_upload_package,https://github.com/ray-project/ray/blob/master/python/ray/dashboard/modules/dashboard_sdk.py#L389
GitHub:ray-project/ray (master),python/ray/dashboard/modules/job/job_head.py,381,req.read,True,LOCAL_TRANSIENT,local,Local scope execution without explicit escape detected,JobHead,upload_package,https://github.com/ray-project/ray/blob/master/python/ray/dashboard/modules/job/job_head.py#L381
GitHub:ray-project/ray (master),python/ray/dashboard/modules/job/job_log_storage_client.py,23,f.read,False,ESCAPING_RETURN,return,Directly returned from function (caller assumes ownership),JobLogStorageClient,get_logs,https://github.com/ray-project/ray/blob/master/python/ray/dashboard/modules/job/job_log_storage_client.py#L23
GitHub:ray-project/ray (master),python/ray/dashboard/modules/job/utils.py,93,f.readline,True,DESCUPED_LOCAL_VARIABLE,curr_line,Local transient variable 'curr_line' (ownership discarded at function exit),,file_tail_iterator,https://github.com/ray-project/ray/blob/master/python/ray/dashboard/modules/job/utils.py#L93
GitHub:ray-project/ray (master),python/ray/dashboard/modules/job/utils.py,349,f.read,True,DESCUPED_LOCAL_VARIABLE,chunk,Local transient variable 'chunk' (ownership discarded at function exit),,fast_tail_last_n_lines,https://github.com/ray-project/ray/blob/master/python/ray/dashboard/modules/job/utils.py#L349
GitHub:ray-project/ray (master),python/ray/dashboard/modules/log/log_agent.py,50,file.read,True,DESCUPED_LOCAL_VARIABLE,block_data,Local transient variable 'block_data' (ownership discarded at function exit),,find_offset_of_content_in_file,https://github.com/ray-project/ray/blob/master/python/ray/dashboard/modules/log/log_agent.py#L50
GitHub:ray-project/ray (master),python/ray/dashboard/modules/log/log_agent.py,97,file.readline,True,DESCUPED_LOCAL_VARIABLE,line,Local transient variable 'line' (ownership discarded at function exit),,find_end_offset_next_n_lines_from_offset,https://github.com/ray-project/ray/blob/master/python/ray/dashboard/modules/log/log_agent.py#L97
GitHub:ray-project/ray (master),python/ray/dashboard/modules/log/log_agent.py,139,file.read,True,LOCAL_TRANSIENT,local,Local scope execution without explicit escape detected,,find_start_offset_last_n_lines_from_offset,https://github.com/ray-project/ray/blob/master/python/ray/dashboard/modules/log/log_agent.py#L139
GitHub:ray-project/ray (master),python/ray/dashboard/modules/log/log_agent.py,152,file.read,True,DESCUPED_LOCAL_VARIABLE,block_data,Local transient variable 'block_data' (ownership discarded at function exit),,find_start_offset_last_n_lines_from_offset,https://github.com/ray-project/ray/blob/master/python/ray/dashboard/modules/log/log_agent.py#L152
GitHub:ray-project/ray (master),python/ray/dashboard/modules/log/log_agent.py,225,file.read,True,DESCUPED_LOCAL_VARIABLE,bytes,Local transient variable 'bytes' (ownership discarded at function exit),,_stream_log_in_chunk,https://github.com/ray-project/ray/blob/master/python/ray/dashboard/modules/log/log_agent.py#L225
GitHub:ray-project/ray (master),python/ray/dashboard/modules/reporter/profile_manager.py,201,open.read,True,LOCAL_TRANSIENT,local,Local scope execution without explicit escape detected,CpuProfilingManager,cpu_profile,https://github.com/ray-project/ray/blob/master/python/ray/dashboard/modules/reporter/profile_manager.py#L201
GitHub:ray-project/ray (master),python/ray/dashboard/modules/reporter/profile_manager.py,276,open.read,True,LOCAL_TRANSIENT,local,Local scope execution without explicit escape detected,MemoryProfilingManager,get_profile_result,https://github.com/ray-project/ray/blob/master/python/ray/dashboard/modules/reporter/profile_manager.py#L276
GitHub:ray-project/ray (master),python/ray/dashboard/modules/task_events/task_events_head.py,57,request.read,True,LOCAL_TRANSIENT,local,Local scope execution without explicit escape detected,TaskEventsHead,add_task_events,https://github.com/ray-project/ray/blob/master/python/ray/dashboard/modules/task_events/task_events_head.py#L57
GitHub:ray-project/ray (master),python/ray/dashboard/modules/task_events/task_events_head.py,90,request.read,True,LOCAL_TRANSIENT,local,Local scope execution without explicit escape detected,TaskEventsHead,get_task_events,https://github.com/ray-project/ray/blob/master/python/ray/dashboard/modules/task_events/task_events_head.py#L90
GitHub:ray-project/ray (master),python/ray/dashboard/optional_utils.py,80,req.read,True,LOCAL_TRANSIENT,local,Local scope execution without explicit escape detected,,_cache_handler,https://github.com/ray-project/ray/blob/master/python/ray/dashboard/optional_utils.py#L80
GitHub:ray-project/ray (master),python/ray/dashboard/subprocesses/handle.py,243,resp.read,True,LOCAL_TRANSIENT,local,Local scope execution without explicit escape detected,SubprocessModuleHandle,_health_check,https://github.com/ray-project/ray/blob/master/python/ray/dashboard/subprocesses/handle.py#L243
GitHub:ray-project/ray (master),python/ray/dashboard/subprocesses/handle.py,304,request.read,True,LOCAL_TRANSIENT,local,Local scope execution without explicit escape detected,SubprocessModuleHandle,proxy_http,https://github.com/ray-project/ray/blob/master/python/ray/dashboard/subprocesses/handle.py#L304
GitHub:ray-project/ray (master),python/ray/dashboard/subprocesses/handle.py,313,backend_resp.read,True,LOCAL_TRANSIENT,local,Local scope execution without explicit escape detected,SubprocessModuleHandle,proxy_http,https://github.com/ray-project/ray/blob/master/python/ray/dashboard/subprocesses/handle.py#L313
GitHub:ray-project/ray (master),python/ray/dashboard/subprocesses/handle.py,328,request.read,True,LOCAL_TRANSIENT,local,Local scope execution without explicit escape detected,SubprocessModuleHandle,proxy_stream,https://github.com/ray-project/ray/blob/master/python/ray/dashboard/subprocesses/handle.py#L328
GitHub:ray-project/ray (master),python/ray/data/_internal/datasource/audio_datasource.py,49,f.read,True,BYTESIO_STREAM,io.BytesIO,Direct in-place consumer 'io.BytesIO' (safe zero-copy candidate),AudioDatasource,_read_stream,https://github.com/ray-project/ray/blob/master/python/ray/data/_internal/datasource/audio_datasource.py#L49
GitHub:ray-project/ray (master),python/ray/data/_internal/datasource/audio_datasource.py,50,soundfile.read,True,LOCAL_TRANSIENT,local,Local scope execution without explicit escape detected,AudioDatasource,_read_stream,https://github.com/ray-project/ray/blob/master/python/ray/data/_internal/datasource/audio_datasource.py#L50
GitHub:ray-project/ray (master),python/ray/data/_internal/datasource/json_datasource.py,285,self._file.read,False,ESCAPING_RETURN,return,Directly returned from function (caller assumes ownership),StrictBufferedReader,read,https://github.com/ray-project/ray/blob/master/python/ray/data/_internal/datasource/json_datasource.py#L285
GitHub:ray-project/ray (master),python/ray/data/_internal/datasource/lerobot_datasource.py,1291,fh.read,True,DESCUPED_LOCAL_VARIABLE,data,Local transient variable 'data' (ownership discarded at function exit),,_decode_image_frames,https://github.com/ray-project/ray/blob/master/python/ray/data/_internal/datasource/lerobot_datasource.py#L1291
GitHub:ray-project/ray (master),python/ray/data/_internal/datasource/tfrecords_datasource.py,209,file.readinto,True,DESCUPED_LOCAL_VARIABLE,num_length_bytes_read,Local transient variable 'num_length_bytes_read' (ownership discarded at function exit),,_read_records,https://github.com/ray-project/ray/blob/master/python/ray/data/_internal/datasource/tfrecords_datasource.py#L209
GitHub:ray-project/ray (master),python/ray/data/_internal/datasource/tfrecords_datasource.py,219,file.readinto,True,DESCUPED_LOCAL_VARIABLE,num_length_crc_bytes_read,Local transient variable 'num_length_crc_bytes_read' (ownership discarded at function exit),,_read_records,https://github.com/ray-project/ray/blob/master/python/ray/data/_internal/datasource/tfrecords_datasource.py#L219
GitHub:ray-project/ray (master),python/ray/data/_internal/datasource/tfrecords_datasource.py,231,file.readinto,True,DESCUPED_LOCAL_VARIABLE,num_datum_bytes_read,Local transient variable 'num_datum_bytes_read' (ownership discarded at function exit),,_read_records,https://github.com/ray-project/ray/blob/master/python/ray/data/_internal/datasource/tfrecords_datasource.py#L231
GitHub:ray-project/ray (master),python/ray/data/_internal/datasource/tfrecords_datasource.py,240,file.readinto,True,DESCUPED_LOCAL_VARIABLE,num_crc_bytes_read,Local transient variable 'num_crc_bytes_read' (ownership discarded at function exit),,_read_records,https://github.com/ray-project/ray/blob/master/python/ray/data/_internal/datasource/tfrecords_datasource.py#L240
GitHub:ray-project/ray (master),python/ray/data/_internal/datasource/webdataset_datasource.py,146,stream.extractfile.read,True,DESCUPED_LOCAL_VARIABLE,data,Local transient variable 'data' (ownership discarded at function exit),,_tar_file_iterator,https://github.com/ray-project/ray/blob/master/python/ray/data/_internal/datasource/webdataset_datasource.py#L146
GitHub:ray-project/ray (master),python/ray/data/_internal/datasource_v2/readers/in_memory_size_estimator.py,95,self._reader.read,True,DESCUPED_LOCAL_VARIABLE,batches,Local transient variable 'batches' (ownership discarded at function exit),SamplingInMemorySizeEstimator,_estimate_encoding_ratio,https://github.com/ray-project/ray/blob/master/python/ray/data/_internal/datasource_v2/readers/in_memory_size_estimator.py#L95
GitHub:ray-project/ray (master),python/ray/data/_internal/execution/operators/shuffle_operators/external_shuffle_runtime.py,350,f.read,True,DESCUPED_LOCAL_VARIABLE,buf,Local transient variable 'buf' (ownership discarded at function exit),_ShuffleFlightServer,do_action,https://github.com/ray-project/ray/blob/master/python/ray/data/_internal/execution/operators/shuffle_operators/external_shuffle_runtime.py#L350
GitHub:ray-project/ray (master),python/ray/data/_internal/planner/plan_download_op.py,321,f.read,True,DESCUPED_LOCAL_VARIABLE,read_bytes,Local transient variable 'read_bytes' (ownership discarded at function exit),,load_uri_bytes,https://github.com/ray-project/ray/blob/master/python/ray/data/_internal/planner/plan_download_op.py#L321
GitHub:ray-project/ray (master),python/ray/data/_internal/planner/plan_read_files_op.py,73,reader.read,True,LOCAL_TRANSIENT,local,Local scope execution without explicit escape detected,,do_read,https://github.com/ray-project/ray/blob/master/python/ray/data/_internal/planner/plan_read_files_op.py#L73
GitHub:ray-project/ray (master),python/ray/data/util/torch_utils.py,105,torch.cat,False,ESCAPING_RETURN,return,Directly returned from function (caller assumes ownership),,_columns_to_tensor,https://github.com/ray-project/ray/blob/master/python/ray/data/util/torch_utils.py#L105
GitHub:ray-project/ray (master),python/ray/experimental/channel/cached_channel.py,90,self._inner_channel.read,True,DESCUPED_LOCAL_VARIABLE,value,Local transient variable 'value' (ownership discarded at function exit),CachedChannel,read,https://github.com/ray-project/ray/blob/master/python/ray/experimental/channel/cached_channel.py#L90
GitHub:ray-project/ray (master),python/ray/experimental/channel/common.py,339,c.read,True,STANDALONE_DRAIN,expr,Result discarded immediately after execution,ReaderInterface,_consume_leftover_channels_if_needed,https://github.com/ray-project/ray/blob/master/python/ray/experimental/channel/common.py#L339
GitHub:ray-project/ray (master),python/ray/experimental/channel/common.py,388,c.read,False,ESCAPING_LOCAL_VAR,result,Variable 'result' returned from function,SynchronousReader,_read_list,https://github.com/ray-project/ray/blob/master/python/ray/experimental/channel/common.py#L388
GitHub:ray-project/ray (master),python/ray/experimental/channel/common.py,474,c.read,False,ESCAPING_LOCAL_VAR,result,Variable 'result' returned from function,AwaitableBackgroundReader,_run,https://github.com/ray-project/ray/blob/master/python/ray/experimental/channel/common.py#L474
GitHub:ray-project/ray (master),python/ray/experimental/channel/shared_memory_channel.py,624,read,False,ESCAPING_LOCAL_VAR,output,Variable 'output' returned from function,BufferedSharedMemoryChannel,read,https://github.com/ray-project/ray/blob/master/python/ray/experimental/channel/shared_memory_channel.py#L624
GitHub:ray-project/ray (master),python/ray/experimental/channel/shared_memory_channel.py,799,read,False,ESCAPING_RETURN,return,Directly returned from function (caller assumes ownership),CompositeChannel,read,https://github.com/ray-project/ray/blob/master/python/ray/experimental/channel/shared_memory_channel.py#L799
GitHub:ray-project/ray (master),python/ray/experimental/channel/torch_tensor_accelerator_channel.py,298,self._cpu_data_channel.read,False,ESCAPING_LOCAL_VAR,data,Variable 'data' returned from function,TorchTensorAcceleratorChannel,_recv_cpu_and_gpu_data,https://github.com/ray-project/ray/blob/master/python/ray/experimental/channel/torch_tensor_accelerator_channel.py#L298
GitHub:ray-project/ray (master),python/ray/experimental/channel/torch_tensor_accelerator_channel.py,335,self._local_channel.read,False,ESCAPING_RETURN,return,Directly returned from function (caller assumes ownership),TorchTensorAcceleratorChannel,read,https://github.com/ray-project/ray/blob/master/python/ray/experimental/channel/torch_tensor_accelerator_channel.py#L335
GitHub:ray-project/ray (master),python/ray/experimental/channel/torch_tensor_accelerator_channel.py,338,self._gpu_data_channel.read,True,DESCUPED_LOCAL_VARIABLE,tensors,Local transient variable 'tensors' (ownership discarded at function exit),TorchTensorAcceleratorChannel,read,https://github.com/ray-project/ray/blob/master/python/ray/experimental/channel/torch_tensor_accelerator_channel.py#L338
GitHub:ray-project/ray (master),python/ray/experimental/channel/torch_tensor_accelerator_channel.py,606,self._meta_channel.read,False,ESCAPING_LOCAL_VAR,meta,Variable 'meta' returned from function,_TorchTensorAcceleratorChannel,_get_recv_tensors_metadata,https://github.com/ray-project/ray/blob/master/python/ray/experimental/channel/torch_tensor_accelerator_channel.py#L606
GitHub:ray-project/ray (master),python/ray/experimental/raysort/main.py,418,fin.read,True,LOCAL_TRANSIENT,local,Local scope execution without explicit escape detected,,validate_part,https://github.com/ray-project/ray/blob/master/python/ray/experimental/raysort/main.py#L418
GitHub:ray-project/ray (master),python/ray/experimental/sandbox/_internal/image_utils.py,159,resp.read,True,CHAINED_TRANSFORMATION,decode,Immediately transformed in-place via .decode(),,get_registry_auth_headers,https://github.com/ray-project/ray/blob/master/python/ray/experimental/sandbox/_internal/image_utils.py#L159
GitHub:ray-project/ray (master),python/ray/experimental/sandbox/_internal/image_utils.py,382,resp.read,True,CHAINED_TRANSFORMATION,decode,Immediately transformed in-place via .decode(),,pull_and_extract_container_image,https://github.com/ray-project/ray/blob/master/python/ray/experimental/sandbox/_internal/image_utils.py#L382
GitHub:ray-project/ray (master),python/ray/experimental/sandbox/_internal/image_utils.py,407,resp.read,True,CHAINED_TRANSFORMATION,decode,Immediately transformed in-place via .decode(),,pull_and_extract_container_image,https://github.com/ray-project/ray/blob/master/python/ray/experimental/sandbox/_internal/image_utils.py#L407
GitHub:ray-project/ray (master),python/ray/experimental/sandbox/_internal/image_utils.py,421,resp.read,True,DESCUPED_LOCAL_VARIABLE,config_bytes,Local transient variable 'config_bytes' (ownership discarded at function exit),,pull_and_extract_container_image,https://github.com/ray-project/ray/blob/master/python/ray/experimental/sandbox/_internal/image_utils.py#L421
GitHub:ray-project/ray (master),python/ray/experimental/sandbox/backend/gvisor.py,117,stderr_file.read,True,DESCUPED_LOCAL_VARIABLE,stderr_str,Local transient variable 'stderr_str' (ownership discarded at function exit),GVisorSandboxBackend,create_sandbox,https://github.com/ray-project/ray/blob/master/python/ray/experimental/sandbox/backend/gvisor.py#L117
GitHub:ray-project/ray (master),python/ray/experimental/sandbox/runtime.py,173,f.read,True,DESCUPED_LOCAL_VARIABLE,content,Local transient variable 'content' (ownership discarded at function exit),SandboxRuntime,upload_file,https://github.com/ray-project/ray/blob/master/python/ray/experimental/sandbox/runtime.py#L173
GitHub:ray-project/ray (master),python/ray/llm/_internal/common/utils/cloud_filesystem/pyarrow_filesystem.py,243,f.read,False,ESCAPING_LOCAL_VAR,body,Variable 'body' returned from function,PyArrowFileSystem,get_file,https://github.com/ray-project/ray/blob/master/python/ray/llm/_internal/common/utils/cloud_filesystem/pyarrow_filesystem.py#L243
GitHub:ray-project/ray (master),python/ray/llm/_internal/common/utils/cloud_filesystem/s3_filesystem.py,121,read,False,ESCAPING_LOCAL_VAR,body,Variable 'body' returned from function,S3FileSystem,get_file,https://github.com/ray-project/ray/blob/master/python/ray/llm/_internal/common/utils/cloud_filesystem/s3_filesystem.py#L121
GitHub:ray-project/ray (master),python/ray/llm/_internal/common/utils/download_utils.py,99,f.read,True,CHAINED_TRANSFORMATION,strip,Immediately transformed in-place via .strip(),,get_model_location_on_disk,https://github.com/ray-project/ray/blob/master/python/ray/llm/_internal/common/utils/download_utils.py#L99
GitHub:ray-project/ray (master),python/ray/llm/_internal/serve/engines/vllm/vllm_engine.py,776,request.file.read,True,LOCAL_TRANSIENT,local,Local scope execution without explicit escape detected,VLLMEngine,transcriptions,https://github.com/ray-project/ray/blob/master/python/ray/llm/_internal/serve/engines/vllm/vllm_engine.py#L776
GitHub:ray-project/ray (master),python/ray/llm/_internal/serve/utils/batcher.py,45,self.read,True,DIRECT_CALL_ARGUMENT,asyncio.create_task,Passed directly to consumer function 'asyncio.create_task',Batcher,__init__,https://github.com/ray-project/ray/blob/master/python/ray/llm/_internal/serve/utils/batcher.py#L45
GitHub:ray-project/ray (master),python/ray/serve/_private/deployment_state.py,722,f.readlines,True,LOCAL_TRANSIENT,local,Local scope execution without explicit escape detected,,print_verbose_scaling_log,https://github.com/ray-project/ray/blob/master/python/ray/serve/_private/deployment_state.py#L722
GitHub:ray-project/ray (master),python/ray/serve/_private/haproxy.py,209,f.read,True,LOCAL_TRANSIENT,local,Local scope execution without explicit escape detected,,_write_if_changed,https://github.com/ray-project/ray/blob/master/python/ray/serve/_private/haproxy.py#L209
GitHub:ray-project/ray (master),python/ray/serve/_private/haproxy.py,224,f.read,True,CHAINED_TRANSFORMATION,decode,Immediately transformed in-place via .decode(),,_tail_file,https://github.com/ray-project/ray/blob/master/python/ray/serve/_private/haproxy.py#L224
GitHub:ray-project/ray (master),python/ray/serve/_private/haproxy.py,992,f.read,True,CHAINED_TRANSFORMATION,split,Immediately transformed in-place via .split(),HAProxyApi,_is_our_haproxy,https://github.com/ray-project/ray/blob/master/python/ray/serve/_private/haproxy.py#L992
GitHub:ray-project/ray (master),python/ray/serve/_private/haproxy.py,1519,reader.read,True,DIRECT_CALL_ARGUMENT,asyncio.wait_for,Passed directly to consumer function 'asyncio.wait_for',HAProxyApi,_send_socket_command,https://github.com/ray-project/ray/blob/master/python/ray/serve/_private/haproxy.py#L1519
GitHub:ray-project/ray (master),python/ray/train/v2/_internal/execution/checkpoint/checkpoint_manager.py,495,f.read,True,CHAINED_TRANSFORMATION,decode,Immediately transformed in-place via .decode(),CheckpointManager,_maybe_load_state_from_storage,https://github.com/ray-project/ray/blob/master/python/ray/train/v2/_internal/execution/checkpoint/checkpoint_manager.py#L495
GitHub:ray-project/ray (master),python/ray/tune/schedulers/pbt.py,1115,fp.readlines,True,LOCAL_TRANSIENT,local,Local scope execution without explicit escape detected,PopulationBasedTrainingReplay,_load_policy,https://github.com/ray-project/ray/blob/master/python/ray/tune/schedulers/pbt.py#L1115
GitHub:ray-project/ray (master),python/ray/tune/utils/file_transfer.py,357,self.stream.read,True,DESCUPED_LOCAL_VARIABLE,data,Local transient variable 'data' (ownership discarded at function exit),_PackActor,_chunk_generator,https://github.com/ray-project/ray/blob/master/python/ray/tune/utils/file_transfer.py#L357
GitHub:ray-project/ray (master),python/ray/tune/utils/file_transfer.py,360,self.stream.read,True,DESCUPED_LOCAL_VARIABLE,data,Local transient variable 'data' (ownership discarded at function exit),_PackActor,_chunk_generator,https://github.com/ray-project/ray/blob/master/python/ray/tune/utils/file_transfer.py#L360
GitHub:ray-project/ray (master),python/ray/tune/utils/mock_trainable.py,55,f.read,True,JSON_LOADS,json.loads,Direct in-place consumer 'json.loads' (safe zero-copy candidate),MyTrainableClass,load_checkpoint,https://github.com/ray-project/ray/blob/master/python/ray/tune/utils/mock_trainable.py#L55
GitHub:ray-project/ray (master),python/ray/util/client/server/proxier.py,293,response.read,True,DESCUPED_LOCAL_VARIABLE,response_data,Local transient variable 'response_data' (ownership discarded at function exit),ProxyManager,_create_runtime_env,https://github.com/ray-project/ray/blob/master/python/ray/util/client/server/proxier.py#L293
GitHub:ray-project/ray (master),python/ray/util/client/server/proxier.py,312,e.read,True,CHAINED_TRANSFORMATION,decode,Immediately transformed in-place via .decode(),ProxyManager,_create_runtime_env,https://github.com/ray-project/ray/blob/master/python/ray/util/client/server/proxier.py#L312
GitHub:ray-project/ray (master),python/ray/util/rpdb.py,391,sys.stdin.readline,True,DESCUPED_LOCAL_VARIABLE,msg,Local transient variable 'msg' (ownership discarded at function exit),,_connect_pdb_client,https://github.com/ray-project/ray/blob/master/python/ray/util/rpdb.py#L391
GitHub:ray-project/ray (master),python/ray/util/spark/cluster_init.py,375,fp.read,True,DESCUPED_LOCAL_VARIABLE,port_alloc_data,Local transient variable 'port_alloc_data' (ownership discarded at function exit),,_preallocate_ray_worker_port_range,https://github.com/ray-project/ray/blob/master/python/ray/util/spark/cluster_init.py#L375
GitHub:ray-project/ray (master),python/ray/util/state/state_manager.py,353,resp.read,True,LOCAL_TRANSIENT,local,Local scope execution without explicit escape detected,StateDataSourceClient,_get_task_events_from_dashboard_head,https://github.com/ray-project/ray/blob/master/python/ray/util/state/state_manager.py#L353
GitHub:ray-project/ray (master),python/ray/util/state/state_manager.py,530,resp.read,True,LOCAL_TRANSIENT,local,Local scope execution without explicit escape detected,StateDataSourceClient,get_runtime_envs_info,https://github.com/ray-project/ray/blob/master/python/ray/util/state/state_manager.py#L530
GitHub:ray-project/ray (master),python/ray/widgets/render.py,13,f.read,False,ESCAPING_ATTRIBUTE,self.template,Assigned to persistent attribute 'self.template' (persists across calls),Template,__init__,https://github.com/ray-project/ray/blob/master/python/ray/widgets/render.py#L13
GitHub:ray-project/ray (master),python/setup.py,63,fp.read,True,DIRECT_CALL_ARGUMENT,re.search,Passed directly to consumer function 're.search',,find_version,https://github.com/ray-project/ray/blob/master/python/setup.py#L63
GitHub:ray-project/ray (master),python/setup.py,514,inp.read,True,DESCUPED_LOCAL_VARIABLE,target,Local transient variable 'target' (ownership discarded at function exit),,replace_symlinks_with_junctions,https://github.com/ray-project/ray/blob/master/python/setup.py#L514
GitHub:ray-project/ray (master),python/setup.py,808,f.read,True,DESCUPED_LOCAL_VARIABLE,long_readme,Local transient variable 'long_readme' (ownership discarded at function exit),,,https://github.com/ray-project/ray/blob/master/python/setup.py#L808
GitHub:ray-project/ray (master),python/setup.py,811,f.read,True,CHAINED_TRANSFORMATION,strip,Immediately transformed in-place via .strip(),,,https://github.com/ray-project/ray/blob/master/python/setup.py#L811
GitHub:ray-project/ray (master),rllib/algorithms/algorithm.py,4351,f.read,True,DESCUPED_LOCAL_VARIABLE,data,Local transient variable 'data' (ownership discarded at function exit),Algorithm,_checkpoint_info_to_algorithm_state,https://github.com/ray-project/ray/blob/master/rllib/algorithms/algorithm.py#L4351
GitHub:ray-project/ray (master),rllib/algorithms/appo/torch/appo_torch_learner.py,123,torch.cat,True,DESCUPED_LOCAL_VARIABLE,bootstrap_values,Local transient variable 'bootstrap_values' (ownership discarded at function exit),APPOTorchLearner,compute_loss_for_module,https://github.com/ray-project/ray/blob/master/rllib/algorithms/appo/torch/appo_torch_learner.py#L123
GitHub:ray-project/ray (master),rllib/algorithms/cql/cql_torch_policy.py,225,torch.cat,True,DESCUPED_LOCAL_VARIABLE,cat_q1,Local transient variable 'cat_q1' (ownership discarded at function exit),,cql_loss,https://github.com/ray-project/ray/blob/master/rllib/algorithms/cql/cql_torch_policy.py#L225
GitHub:ray-project/ray (master),rllib/algorithms/cql/cql_torch_policy.py,234,torch.cat,True,DESCUPED_LOCAL_VARIABLE,cat_q2,Local transient variable 'cat_q2' (ownership discarded at function exit),,cql_loss,https://github.com/ray-project/ray/blob/master/rllib/algorithms/cql/cql_torch_policy.py#L234
GitHub:ray-project/ray (master),rllib/algorithms/cql/torch/cql_torch_learner.py,159,torch.cat,True,DESCUPED_LOCAL_VARIABLE,q_repeat,Local transient variable 'q_repeat' (ownership discarded at function exit),CQLTorchLearner,compute_loss_for_module,https://github.com/ray-project/ray/blob/master/rllib/algorithms/cql/torch/cql_torch_learner.py#L159
GitHub:ray-project/ray (master),rllib/algorithms/cql/torch/cql_torch_learner.py,178,torch.cat,True,DESCUPED_LOCAL_VARIABLE,q_twin_repeat,Local transient variable 'q_twin_repeat' (ownership discarded at function exit),CQLTorchLearner,compute_loss_for_module,https://github.com/ray-project/ray/blob/master/rllib/algorithms/cql/torch/cql_torch_learner.py#L178
GitHub:ray-project/ray (master),rllib/algorithms/dqn/torch/default_dqn_torch_rl_module.py,129,torch.cat,True,LOCAL_TRANSIENT,local,Local scope execution without explicit escape detected,DefaultDQNTorchRLModule,_forward_train,https://github.com/ray-project/ray/blob/master/rllib/algorithms/dqn/torch/default_dqn_torch_rl_module.py#L129
GitHub:ray-project/ray (master),rllib/algorithms/dqn/torch/default_dqn_torch_rl_module.py,141,torch.cat,True,LOCAL_TRANSIENT,local,Local scope execution without explicit escape detected,DefaultDQNTorchRLModule,_forward_train,https://github.com/ray-project/ray/blob/master/rllib/algorithms/dqn/torch/default_dqn_torch_rl_module.py#L141
GitHub:ray-project/ray (master),rllib/algorithms/dreamerv3/torch/dreamerv3_torch_learner.py,134,torch.cat,True,DIRECT_CALL_ARGUMENT,torch.abs,Passed directly to consumer function 'torch.abs',DreamerV3TorchLearner,postprocess_gradients_for_module,https://github.com/ray-project/ray/blob/master/rllib/algorithms/dreamerv3/torch/dreamerv3_torch_learner.py#L134
GitHub:ray-project/ray (master),rllib/algorithms/dreamerv3/torch/models/actor_network.py,97,torch.cat,True,DESCUPED_LOCAL_VARIABLE,out,Local transient variable 'out' (ownership discarded at function exit),ActorNetwork,forward,https://github.com/ray-project/ray/blob/master/rllib/algorithms/dreamerv3/torch/models/actor_network.py#L97
GitHub:ray-project/ray (master),rllib/algorithms/dreamerv3/torch/models/actor_network.py,137,torch.cat,False,ESCAPING_LOCAL_VAR,distr_params,Variable 'distr_params' returned from function,ActorNetwork,forward,https://github.com/ray-project/ray/blob/master/rllib/algorithms/dreamerv3/torch/models/actor_network.py#L137
GitHub:ray-project/ray (master),rllib/algorithms/dreamerv3/torch/models/components/continue_predictor.py,53,torch.cat,True,DESCUPED_LOCAL_VARIABLE,out,Local transient variable 'out' (ownership discarded at function exit),ContinuePredictor,forward,https://github.com/ray-project/ray/blob/master/rllib/algorithms/dreamerv3/torch/models/components/continue_predictor.py#L53
GitHub:ray-project/ray (master),rllib/algorithms/dreamerv3/torch/models/components/conv_transpose_atari.py,83,torch.cat,True,DESCUPED_LOCAL_VARIABLE,input_,Local transient variable 'input_' (ownership discarded at function exit),ConvTransposeAtari,forward,https://github.com/ray-project/ray/blob/master/rllib/algorithms/dreamerv3/torch/models/components/conv_transpose_atari.py#L83
GitHub:ray-project/ray (master),rllib/algorithms/dreamerv3/torch/models/components/reward_predictor.py,81,torch.cat,False,ESCAPING_LOCAL_VAR,out,Variable 'out' returned from function,RewardPredictor,forward,https://github.com/ray-project/ray/blob/master/rllib/algorithms/dreamerv3/torch/models/components/reward_predictor.py#L81
GitHub:ray-project/ray (master),rllib/algorithms/dreamerv3/torch/models/components/sequence_model.py,96,torch.cat,True,DESCUPED_LOCAL_VARIABLE,out,Local transient variable 'out' (ownership discarded at function exit),SequenceModel,forward,https://github.com/ray-project/ray/blob/master/rllib/algorithms/dreamerv3/torch/models/components/sequence_model.py#L96
GitHub:ray-project/ray (master),rllib/algorithms/dreamerv3/torch/models/components/sequence_model.py,124,torch.cat,True,DESCUPED_LOCAL_VARIABLE,x,Local transient variable 'x' (ownership discarded at function exit),DreamerV3GRU,forward,https://github.com/ray-project/ray/blob/master/rllib/algorithms/dreamerv3/torch/models/components/sequence_model.py#L124
GitHub:ray-project/ray (master),rllib/algorithms/dreamerv3/torch/models/components/vector_decoder.py,63,torch.cat,True,DESCUPED_LOCAL_VARIABLE,out,Local transient variable 'out' (ownership discarded at function exit),VectorDecoder,forward,https://github.com/ray-project/ray/blob/master/rllib/algorithms/dreamerv3/torch/models/components/vector_decoder.py#L63
GitHub:ray-project/ray (master),rllib/algorithms/dreamerv3/torch/models/critic_network.py,122,torch.cat,False,ESCAPING_LOCAL_VAR,out,Variable 'out' returned from function,CriticNetwork,forward,https://github.com/ray-project/ray/blob/master/rllib/algorithms/dreamerv3/torch/models/critic_network.py#L122
GitHub:ray-project/ray (master),rllib/algorithms/dreamerv3/torch/models/dreamer_model.py,282,torch.cat,True,DESCUPED_LOCAL_VARIABLE,c_dreamed_H_B,Local transient variable 'c_dreamed_H_B' (ownership discarded at function exit),DreamerModel,dream_trajectory,https://github.com/ray-project/ray/blob/master/rllib/algorithms/dreamerv3/torch/models/dreamer_model.py#L282
GitHub:ray-project/ray (master),rllib/algorithms/dreamerv3/torch/models/world_model.py,340,torch.cat,True,DESCUPED_LOCAL_VARIABLE,posterior_mlp_input,Local transient variable 'posterior_mlp_input' (ownership discarded at function exit),WorldModel,forward_train,https://github.com/ray-project/ray/blob/master/rllib/algorithms/dreamerv3/torch/models/world_model.py#L340
GitHub:ray-project/ray (master),rllib/algorithms/dreamerv3/torch/models/world_model.py,422,torch.cat,True,DESCUPED_LOCAL_VARIABLE,posterior_mlp_input,Local transient variable 'posterior_mlp_input' (ownership discarded at function exit),WorldModel,compute_posterior_z,https://github.com/ray-project/ray/blob/master/rllib/algorithms/dreamerv3/torch/models/world_model.py#L422
GitHub:ray-project/ray (master),rllib/algorithms/impala/torch/impala_torch_learner.py,72,torch.cat,True,DESCUPED_LOCAL_VARIABLE,bootstrap_values,Local transient variable 'bootstrap_values' (ownership discarded at function exit),IMPALATorchLearner,compute_loss_for_module,https://github.com/ray-project/ray/blob/master/rllib/algorithms/impala/torch/impala_torch_learner.py#L72
GitHub:ray-project/ray (master),rllib/algorithms/impala/torch/vtrace_torch_v2.py,52,torch.cat,False,ESCAPING_LOCAL_VAR,tensor,Variable 'tensor' returned from function,,make_time_major,https://github.com/ray-project/ray/blob/master/rllib/algorithms/impala/torch/vtrace_torch_v2.py#L52
GitHub:ray-project/ray (master),rllib/algorithms/impala/torch/vtrace_torch_v2.py,136,torch.cat,True,DESCUPED_LOCAL_VARIABLE,values_t_plus_1,Local transient variable 'values_t_plus_1' (ownership discarded at function exit),,vtrace_torch,https://github.com/ray-project/ray/blob/master/rllib/algorithms/impala/torch/vtrace_torch_v2.py#L136
GitHub:ray-project/ray (master),rllib/algorithms/impala/torch/vtrace_torch_v2.py,161,torch.cat,True,DESCUPED_LOCAL_VARIABLE,vs_t_plus_1,Local transient variable 'vs_t_plus_1' (ownership discarded at function exit),,vtrace_torch,https://github.com/ray-project/ray/blob/master/rllib/algorithms/impala/torch/vtrace_torch_v2.py#L161
GitHub:ray-project/ray (master),rllib/algorithms/impala/vtrace_torch.py,326,torch.cat,True,DESCUPED_LOCAL_VARIABLE,values_t_plus_1,Local transient variable 'values_t_plus_1' (ownership discarded at function exit),,from_importance_weights,https://github.com/ray-project/ray/blob/master/rllib/algorithms/impala/vtrace_torch.py#L326
GitHub:ray-project/ray (master),rllib/algorithms/impala/vtrace_torch.py,342,torch.cat,True,DESCUPED_LOCAL_VARIABLE,vs_t_plus_1,Local transient variable 'vs_t_plus_1' (ownership discarded at function exit),,from_importance_weights,https://github.com/ray-project/ray/blob/master/rllib/algorithms/impala/vtrace_torch.py#L342
GitHub:ray-project/ray (master),rllib/algorithms/sac/sac_torch_model.py,247,torch.cat,True,DESCUPED_LOCAL_VARIABLE,model_out,Local transient variable 'model_out' (ownership discarded at function exit),SACTorchModel,_get_q_value,https://github.com/ray-project/ray/blob/master/rllib/algorithms/sac/sac_torch_model.py#L247
GitHub:ray-project/ray (master),rllib/algorithms/sac/sac_torch_model.py,249,torch.cat,True,DESCUPED_LOCAL_VARIABLE,model_out,Local transient variable 'model_out' (ownership discarded at function exit),SACTorchModel,_get_q_value,https://github.com/ray-project/ray/blob/master/rllib/algorithms/sac/sac_torch_model.py#L249
GitHub:ray-project/ray (master),rllib/algorithms/sac/sac_torch_model.py,254,torch.cat,True,LOCAL_TRANSIENT,local,Local scope execution without explicit escape detected,SACTorchModel,_get_q_value,https://github.com/ray-project/ray/blob/master/rllib/algorithms/sac/sac_torch_model.py#L254
GitHub:ray-project/ray (master),rllib/algorithms/sac/sac_torch_model.py,296,torch.cat,False,ESCAPING_LOCAL_VAR,obs,Variable 'obs' returned from function,SACTorchModel,concat_obs_if_necessary,https://github.com/ray-project/ray/blob/master/rllib/algorithms/sac/sac_torch_model.py#L296
GitHub:ray-project/ray (master),rllib/algorithms/sac/sac_torch_model.py,298,torch.cat,False,ESCAPING_LOCAL_VAR,obs,Variable 'obs' returned from function,SACTorchModel,concat_obs_if_necessary,https://github.com/ray-project/ray/blob/master/rllib/algorithms/sac/sac_torch_model.py#L298
GitHub:ray-project/ray (master),rllib/core/models/torch/encoder.py,409,torch.cat,True,DESCUPED_LOCAL_VARIABLE,embeds,Local transient variable 'embeds' (ownership discarded at function exit),TorchMultiStreamEncoder,_forward,https://github.com/ray-project/ray/blob/master/rllib/core/models/torch/encoder.py#L409
GitHub:ray-project/ray (master),rllib/core/models/torch/encoder.py,416,torch.cat,True,DIRECT_CALL_ARGUMENT,layer,Passed directly to consumer function 'layer',TorchMultiStreamEncoder,_forward,https://github.com/ray-project/ray/blob/master/rllib/core/models/torch/encoder.py#L416
GitHub:ray-project/ray (master),rllib/core/models/torch/encoder.py,422,torch.cat,False,ESCAPING_LOCAL_VAR,out,Variable 'out' returned from function,TorchMultiStreamEncoder,_forward,https://github.com/ray-project/ray/blob/master/rllib/core/models/torch/encoder.py#L422
GitHub:ray-project/ray (master),rllib/core/models/torch/heads.py,66,torch.cat,False,ESCAPING_RETURN,return,Directly returned from function (caller assumes ownership),TorchMLPHead,_forward,https://github.com/ray-project/ray/blob/master/rllib/core/models/torch/heads.py#L66
GitHub:ray-project/ray (master),rllib/core/models/torch/heads.py,137,torch.cat,False,ESCAPING_RETURN,return,Directly returned from function (caller assumes ownership),TorchFreeLogStdMLPHead,_forward,https://github.com/ray-project/ray/blob/master/rllib/core/models/torch/heads.py#L137
GitHub:ray-project/ray (master),rllib/models/torch/attention_net.py,437,torch.cat,True,DESCUPED_LOCAL_VARIABLE,wrapped_out,Local transient variable 'wrapped_out' (ownership discarded at function exit),AttentionWrapper,forward,https://github.com/ray-project/ray/blob/master/rllib/models/torch/attention_net.py#L437
GitHub:ray-project/ray (master),rllib/models/torch/complex_input_net.py,222,torch.cat,False,ESCAPING_LOCAL_VAR,out,Variable 'out' returned from function,ComplexInputNetwork,forward,https://github.com/ray-project/ray/blob/master/rllib/models/torch/complex_input_net.py#L222
GitHub:ray-project/ray (master),rllib/models/torch/misc.py,311,torch.cat,False,ESCAPING_LOCAL_VAR,out,Variable 'out' returned from function,AppendBiasLayer,forward,https://github.com/ray-project/ray/blob/master/rllib/models/torch/misc.py#L311
GitHub:ray-project/ray (master),rllib/models/torch/modules/relative_multi_head_attention.py,41,torch.cat,False,ESCAPING_LOCAL_VAR,pos_embeddings,Variable 'pos_embeddings' returned from function,RelativePositionEmbedding,forward,https://github.com/ray-project/ray/blob/master/rllib/models/torch/modules/relative_multi_head_attention.py#L41
GitHub:ray-project/ray (master),rllib/models/torch/modules/relative_multi_head_attention.py,122,torch.cat,True,DESCUPED_LOCAL_VARIABLE,inputs,Local transient variable 'inputs' (ownership discarded at function exit),RelativeMultiHeadAttention,forward,https://github.com/ray-project/ray/blob/master/rllib/models/torch/modules/relative_multi_head_attention.py#L122
GitHub:ray-project/ray (master),rllib/models/torch/recurrent_net.py,253,torch.cat,True,DESCUPED_LOCAL_VARIABLE,wrapped_out,Local transient variable 'wrapped_out' (ownership discarded at function exit),LSTMWrapper,forward,https://github.com/ray-project/ray/blob/master/rllib/models/torch/recurrent_net.py#L253
GitHub:ray-project/ray (master),rllib/offline/json_reader.py,330,file.readline,True,DESCUPED_LOCAL_VARIABLE,line,Local transient variable 'line' (ownership discarded at function exit),JsonReader,read_all_files,https://github.com/ray-project/ray/blob/master/rllib/offline/json_reader.py#L330
GitHub:ray-project/ray (master),rllib/offline/json_reader.py,406,self.cur_file.readline,False,ESCAPING_LOCAL_VAR,line,Variable 'line' returned from function,JsonReader,_next_line,https://github.com/ray-project/ray/blob/master/rllib/offline/json_reader.py#L406
GitHub:ray-project/ray (master),rllib/offline/json_reader.py,413,self.cur_file.readline,False,ESCAPING_LOCAL_VAR,line,Variable 'line' returned from function,JsonReader,_next_line,https://github.com/ray-project/ray/blob/master/rllib/offline/json_reader.py#L413
GitHub:ray-project/ray (master),rllib/policy/sample_batch.py,1797,torch.cat,False,ESCAPING_RETURN,return,Directly returned from function (caller assumes ownership),,_concat_values,https://github.com/ray-project/ray/blob/master/rllib/policy/sample_batch.py#L1797
GitHub:ray-project/ray (master),rllib/utils/exploration/curiosity.py,344,torch.cat,True,LOCAL_TRANSIENT,local,Local scope execution without explicit escape detected,Curiosity,_postprocess_torch,https://github.com/ray-project/ray/blob/master/rllib/utils/exploration/curiosity.py#L344
GitHub:ray-project/ray (master),rllib/utils/exploration/curiosity.py,363,torch.cat,True,DIRECT_CALL_ARGUMENT,self.model._curiosity_forward_fcnet,Passed directly to consumer function 'self.model._curiosity_forward_fcnet',Curiosity,_postprocess_torch,https://github.com/ray-project/ray/blob/master/rllib/utils/exploration/curiosity.py#L363
GitHub:ray-project/ray (master),rllib/utils/exploration/curiosity.py,381,torch.cat,True,DESCUPED_LOCAL_VARIABLE,phi_cat_next_phi,Local transient variable 'phi_cat_next_phi' (ownership discarded at function exit),Curiosity,_postprocess_torch,https://github.com/ray-project/ray/blob/master/rllib/utils/exploration/curiosity.py#L381
GitHub:ray-project/ray (master),rllib/utils/torch_utils.py,215,torch.cat,False,ESCAPING_LOCAL_VAR,td_error,Variable 'td_error' stored into attribute 'policy.td_error',,concat_multi_gpu_td_errors,https://github.com/ray-project/ray/blob/master/rllib/utils/torch_utils.py#L215
GitHub:ray-project/ray (master),rllib/utils/torch_utils.py,485,torch.cat,False,ESCAPING_LOCAL_VAR,merged,Variable 'merged' returned from function,,flatten_inputs_to_1d_tensor,https://github.com/ray-project/ray/blob/master/rllib/utils/torch_utils.py#L485
GitHub:ray-project/ray (master),rllib/utils/torch_utils.py,597,torch.cat,False,ESCAPING_RETURN,return,Directly returned from function (caller assumes ownership),,one_hot,https://github.com/ray-project/ray/blob/master/rllib/utils/torch_utils.py#L597
GitHub:ray-project/ray (master),rllib/utils/torch_utils.py,867,torch.cat,True,LOCAL_TRANSIENT,local,Local scope execution without explicit escape detected,,two_hot,https://github.com/ray-project/ray/blob/master/rllib/utils/torch_utils.py#L867
GitHub:ray-project/ray (master),rllib/utils/torch_utils.py,869,torch.cat,True,DESCUPED_LOCAL_VARIABLE,updates,Local transient variable 'updates' (ownership discarded at function exit),,two_hot,https://github.com/ray-project/ray/blob/master/rllib/utils/torch_utils.py#L869
GitHub:pola-rs/polars (main),py-polars/debug/launch.py,41,f.read,True,DESCUPED_LOCAL_VARIABLE,launch_info,Local transient variable 'launch_info' (ownership discarded at function exit),,launch_debugging,https://github.com/pola-rs/polars/blob/main/py-polars/debug/launch.py#L41
GitHub:pola-rs/polars (main),py-polars/debug/launch.py,71,fh.read,True,DESCUPED_LOCAL_VARIABLE,script_contents,Local transient variable 'script_contents' (ownership discarded at function exit),,launch_debugging,https://github.com/pola-rs/polars/blob/main/py-polars/debug/launch.py#L71
GitHub:pola-rs/polars (main),py-polars/runtime/template.py,31,f.read,True,DESCUPED_LOCAL_VARIABLE,cargo_toml,Local transient variable 'cargo_toml' (ownership discarded at function exit),,,https://github.com/pola-rs/polars/blob/main/py-polars/runtime/template.py#L31
GitHub:pola-rs/polars (main),py-polars/runtime/template.py,33,f.read,True,DESCUPED_LOCAL_VARIABLE,pyproject_toml,Local transient variable 'pyproject_toml' (ownership discarded at function exit),,,https://github.com/pola-rs/polars/blob/main/py-polars/runtime/template.py#L33
GitHub:pola-rs/polars (main),py-polars/src/polars/_utils/deprecation.py,384,src.read,True,LOCAL_TRANSIENT,local,Local scope execution without explicit escape detected,,identify_deprecations,https://github.com/pola-rs/polars/blob/main/py-polars/src/polars/_utils/deprecation.py#L384
GitHub:pola-rs/polars (main),py-polars/src/polars/io/_utils.py,202,file.read,True,LOCAL_TRANSIENT,local,Local scope execution without explicit escape detected,,prepare_file_arg,https://github.com/pola-rs/polars/blob/main/py-polars/src/polars/io/_utils.py#L202
GitHub:pola-rs/polars (main),py-polars/src/polars/io/_utils.py,212,file.read,True,CHAINED_TRANSFORMATION,decode,Immediately transformed in-place via .decode(),,prepare_file_arg,https://github.com/pola-rs/polars/blob/main/py-polars/src/polars/io/_utils.py#L212
GitHub:pola-rs/polars (main),py-polars/src/polars/io/_utils.py,233,file.read_bytes,True,CHAINED_TRANSFORMATION,decode,Immediately transformed in-place via .decode(),,prepare_file_arg,https://github.com/pola-rs/polars/blob/main/py-polars/src/polars/io/_utils.py#L233
GitHub:pola-rs/polars (main),py-polars/src/polars/io/_utils.py,263,f.read,True,LOCAL_TRANSIENT,local,Local scope execution without explicit escape detected,,prepare_file_arg,https://github.com/pola-rs/polars/blob/main/py-polars/src/polars/io/_utils.py#L263
GitHub:pola-rs/polars (main),py-polars/src/polars/io/_utils.py,292,f.read,True,LOCAL_TRANSIENT,local,Local scope execution without explicit escape detected,,prepare_file_arg,https://github.com/pola-rs/polars/blob/main/py-polars/src/polars/io/_utils.py#L292
GitHub:pola-rs/polars (main),py-polars/src/polars/io/_utils.py,323,f.read,True,BYTESIO_STREAM,BytesIO,Direct in-place consumer 'BytesIO' (safe zero-copy candidate),,process_file_url,https://github.com/pola-rs/polars/blob/main/py-polars/src/polars/io/_utils.py#L323
GitHub:pola-rs/polars (main),py-polars/src/polars/io/_utils.py,325,f.read,True,CHAINED_TRANSFORMATION,decode,Immediately transformed in-place via .decode(),,process_file_url,https://github.com/pola-rs/polars/blob/main/py-polars/src/polars/io/_utils.py#L325
GitHub:pola-rs/polars (main),py-polars/src/polars/io/spreadsheet/functions.py,888,source.read,True,DESCUPED_LOCAL_VARIABLE,source,Local transient variable 'source' (ownership discarded at function exit),,_initialise_spreadsheet_parser,https://github.com/pola-rs/polars/blob/main/py-polars/src/polars/io/spreadsheet/functions.py#L888
GitHub:Lightning-AI/pytorch-lightning (main),.actions/assistant.py,171,fo.read,False,ESCAPING_LOCAL_VAR,text,Variable 'text' returned from function,,load_readme_description,https://github.com/Lightning-AI/pytorch-lightning/blob/main/.actions/assistant.py#L171
GitHub:Lightning-AI/pytorch-lightning (main),.actions/assistant.py,350,fo.readlines,True,DESCUPED_LOCAL_VARIABLE,lines,Local transient variable 'lines' (ownership discarded at function exit),,copy_replace_imports,https://github.com/Lightning-AI/pytorch-lightning/blob/main/.actions/assistant.py#L350
GitHub:Lightning-AI/pytorch-lightning (main),.actions/assistant.py,411,fo.read,True,LOCAL_TRANSIENT,local,Local scope execution without explicit escape detected,AssistantCLI,_replace_min,https://github.com/Lightning-AI/pytorch-lightning/blob/main/.actions/assistant.py#L411
GitHub:Lightning-AI/pytorch-lightning (main),.actions/assistant.py,500,fopen.read,True,DESCUPED_LOCAL_VARIABLE,page,Local transient variable 'page' (ownership discarded at function exit),AssistantCLI,_copy_rst,https://github.com/Lightning-AI/pytorch-lightning/blob/main/.actions/assistant.py#L500
GitHub:Lightning-AI/pytorch-lightning (main),.actions/assistant.py,512,fo.read,True,CHAINED_TRANSFORMATION,strip,Immediately transformed in-place via .strip(),AssistantCLI,convert_version2nightly,https://github.com/Lightning-AI/pytorch-lightning/blob/main/.actions/assistant.py#L512
GitHub:Lightning-AI/pytorch-lightning (main),setup.py,99,fh.readlines,True,DIRECT_CALL_ARGUMENT,lines.extend,Passed directly to consumer function 'lines.extend',,_set_manifest_path,https://github.com/Lightning-AI/pytorch-lightning/blob/main/setup.py#L99
GitHub:Lightning-AI/pytorch-lightning (main),src/lightning/__setup__.py,81,fo.readlines,True,LOCAL_TRANSIENT,local,Local scope execution without explicit escape detected,,_setup_args,https://github.com/Lightning-AI/pytorch-lightning/blob/main/src/lightning/__setup__.py#L81
GitHub:Lightning-AI/pytorch-lightning (main),src/lightning/__version__.py,9,fo.readlines,True,LOCAL_TRANSIENT,local,Local scope execution without explicit escape detected,,,https://github.com/Lightning-AI/pytorch-lightning/blob/main/src/lightning/__version__.py#L9
GitHub:Lightning-AI/pytorch-lightning (main),src/lightning/app/cli/cmd_init.py,67,fo.read,True,LOCAL_TRANSIENT,local,Local scope execution without explicit escape detected,,_make_resource,https://github.com/Lightning-AI/pytorch-lightning/blob/main/src/lightning/app/cli/cmd_init.py#L67
GitHub:Lightning-AI/pytorch-lightning (main),src/lightning/app/cli/commands/cd.py,70,f.readlines,True,DESCUPED_LOCAL_VARIABLE,lines,Local transient variable 'lines' (ownership discarded at function exit),,cd,https://github.com/Lightning-AI/pytorch-lightning/blob/main/src/lightning/app/cli/commands/cd.py#L70
GitHub:Lightning-AI/pytorch-lightning (main),src/lightning/app/cli/commands/ls.py,63,f.readlines,True,DESCUPED_LOCAL_VARIABLE,lines,Local transient variable 'lines' (ownership discarded at function exit),,ls,https://github.com/Lightning-AI/pytorch-lightning/blob/main/src/lightning/app/cli/commands/ls.py#L63
GitHub:Lightning-AI/pytorch-lightning (main),src/lightning/app/cli/commands/pwd.py,50,f.readlines,True,DESCUPED_LOCAL_VARIABLE,lines,Local transient variable 'lines' (ownership discarded at function exit),,_pwd,https://github.com/Lightning-AI/pytorch-lightning/blob/main/src/lightning/app/cli/commands/pwd.py#L50
GitHub:Lightning-AI/pytorch-lightning (main),src/lightning/app/cli/connect/app.py,75,f.readlines,True,LOCAL_TRANSIENT,local,Local scope execution without explicit escape detected,,connect_app,https://github.com/Lightning-AI/pytorch-lightning/blob/main/src/lightning/app/cli/connect/app.py#L75
GitHub:Lightning-AI/pytorch-lightning (main),src/lightning/app/cli/connect/app.py,226,f.readlines,True,LOCAL_TRANSIENT,local,Local scope execution without explicit escape detected,,disconnect_app,https://github.com/Lightning-AI/pytorch-lightning/blob/main/src/lightning/app/cli/connect/app.py#L226
GitHub:Lightning-AI/pytorch-lightning (main),src/lightning/app/cli/connect/app.py,248,f.readlines,True,LOCAL_TRANSIENT,local,Local scope execution without explicit escape detected,,_read_connected_file,https://github.com/Lightning-AI/pytorch-lightning/blob/main/src/lightning/app/cli/connect/app.py#L248
GitHub:Lightning-AI/pytorch-lightning (main),src/lightning/app/cli/pl-app-template/setup.py,12,file.readlines,True,LOCAL_TRANSIENT,local,Local scope execution without explicit escape detected,,_load_requirements,https://github.com/Lightning-AI/pytorch-lightning/blob/main/src/lightning/app/cli/pl-app-template/setup.py#L12
GitHub:Lightning-AI/pytorch-lightning (main),src/lightning/app/core/api.py,337,uploaded_file.read,True,LOCAL_TRANSIENT,local,Local scope execution without explicit escape detected,,upload_file,https://github.com/Lightning-AI/pytorch-lightning/blob/main/src/lightning/app/core/api.py#L337
GitHub:Lightning-AI/pytorch-lightning (main),src/lightning/app/source_code/copytree.py,164,path.open.readlines,False,ESCAPING_LOCAL_VAR,raw_lines,Variable 'raw_lines' returned from function,,_read_lightningignore,https://github.com/Lightning-AI/pytorch-lightning/blob/main/src/lightning/app/source_code/copytree.py#L164
GitHub:Lightning-AI/pytorch-lightning (main),src/lightning/app/source_code/hashing.py,49,f.read,True,LOCAL_TRANSIENT,local,Local scope execution without explicit escape detected,,_get_hash,https://github.com/Lightning-AI/pytorch-lightning/blob/main/src/lightning/app/source_code/hashing.py#L49
GitHub:Lightning-AI/pytorch-lightning (main),src/lightning/app/source_code/uploader.py,105,f.read,True,DESCUPED_LOCAL_VARIABLE,data,Local transient variable 'data' (ownership discarded at function exit),FileUploader,upload,https://github.com/Lightning-AI/pytorch-lightning/blob/main/src/lightning/app/source_code/uploader.py#L105
GitHub:Lightning-AI/pytorch-lightning (main),src/lightning/app/utilities/app_commands.py,53,f.readlines,True,DESCUPED_LOCAL_VARIABLE,file_lines,Local transient variable 'file_lines' (ownership discarded at function exit),,_extract_commands_from_file,https://github.com/Lightning-AI/pytorch-lightning/blob/main/src/lightning/app/utilities/app_commands.py#L53
GitHub:Lightning-AI/pytorch-lightning (main),src/lightning/app/utilities/app_helpers.py,370,os.popen.read,False,ESCAPING_LOCAL_VAR,processes,Variable 'processes' returned from function,,_collect_child_process_pids,https://github.com/Lightning-AI/pytorch-lightning/blob/main/src/lightning/app/utilities/app_helpers.py#L370
GitHub:Lightning-AI/pytorch-lightning (main),src/lightning/app/utilities/app_helpers.py,553,os.popen.read,True,DESCUPED_LOCAL_VARIABLE,parent_process,Local transient variable 'parent_process' (ownership discarded at function exit),,_using_debugger,https://github.com/Lightning-AI/pytorch-lightning/blob/main/src/lightning/app/utilities/app_helpers.py#L553
GitHub:Lightning-AI/pytorch-lightning (main),src/lightning/app/utilities/dependency_caching.py,25,f.read,True,LOCAL_TRANSIENT,local,Local scope execution without explicit escape detected,,get_hash,https://github.com/Lightning-AI/pytorch-lightning/blob/main/src/lightning/app/utilities/dependency_caching.py#L25
GitHub:Lightning-AI/pytorch-lightning (main),src/lightning/app/utilities/frontend.py,47,f.read,True,DESCUPED_LOCAL_VARIABLE,original,Local transient variable 'original' (ownership discarded at function exit),,update_index_file,https://github.com/Lightning-AI/pytorch-lightning/blob/main/src/lightning/app/utilities/frontend.py#L47
GitHub:Lightning-AI/pytorch-lightning (main),src/lightning/app/utilities/introspection.py,326,path.open.read,True,DIRECT_CALL_ARGUMENT,ast.parse,Passed directly to consumer function 'ast.parse',Scanner,has_class,https://github.com/Lightning-AI/pytorch-lightning/blob/main/src/lightning/app/utilities/introspection.py#L326
GitHub:Lightning-AI/pytorch-lightning (main),src/lightning/app/utilities/introspection.py,357,path.open.read,True,DIRECT_CALL_ARGUMENT,ast.parse,Passed directly to consumer function 'ast.parse',Scanner,scan,https://github.com/Lightning-AI/pytorch-lightning/blob/main/src/lightning/app/utilities/introspection.py#L357
GitHub:Lightning-AI/pytorch-lightning (main),src/lightning/app/utilities/load_app.py,160,f.read,False,ESCAPING_LOCAL_VAR,filebody,Variable 'filebody' returned from function,,_create_code,https://github.com/Lightning-AI/pytorch-lightning/blob/main/src/lightning/app/utilities/load_app.py#L160
GitHub:Lightning-AI/pytorch-lightning (main),src/lightning/app/utilities/packaging/build_config.py,42,file.readlines,True,LOCAL_TRANSIENT,local,Local scope execution without explicit escape detected,,load_requirements,https://github.com/Lightning-AI/pytorch-lightning/blob/main/src/lightning/app/utilities/packaging/build_config.py#L42
GitHub:Lightning-AI/pytorch-lightning (main),src/lightning/app/utilities/packaging/build_config.py,192,f.readlines,True,DIRECT_CALL_ARGUMENT,_Dockerfile,Passed directly to consumer function '_Dockerfile',BuildConfig,_prepare_dockerfile,https://github.com/Lightning-AI/pytorch-lightning/blob/main/src/lightning/app/utilities/packaging/build_config.py#L192
GitHub:Lightning-AI/pytorch-lightning (main),src/lightning/app/utilities/packaging/docker.py,71,f.read,True,DIRECT_CALL_ARGUMENT,jinja2.Template,Passed directly to consumer function 'jinja2.Template',DockerRunner,_create_work_container,https://github.com/Lightning-AI/pytorch-lightning/blob/main/src/lightning/app/utilities/packaging/docker.py#L71
GitHub:Lightning-AI/pytorch-lightning (main),src/lightning/pytorch/demos/transformer.py,181,torch.cat,True,LOCAL_TRANSIENT,local,Local scope execution without explicit escape detected,,tokenize,https://github.com/Lightning-AI/pytorch-lightning/blob/main/src/lightning/pytorch/demos/transformer.py#L181
GitHub:Lightning-AI/pytorch-lightning (main),src/lightning/pytorch/utilities/deepspeed.py,34,fd.read,True,CHAINED_TRANSFORMATION,strip,Immediately transformed in-place via .strip(),,ds_checkpoint_dir,https://github.com/Lightning-AI/pytorch-lightning/blob/main/src/lightning/pytorch/utilities/deepspeed.py#L34
GitHub:Lightning-AI/pytorch-lightning (main),src/lightning_app/__setup__.py,62,fo.readlines,True,LOCAL_TRANSIENT,local,Local scope execution without explicit escape detected,,_setup_args,https://github.com/Lightning-AI/pytorch-lightning/blob/main/src/lightning_app/__setup__.py#L62
GitHub:Lightning-AI/pytorch-lightning (main),src/lightning_app/__version__.py,9,fo.readlines,True,LOCAL_TRANSIENT,local,Local scope execution without explicit escape detected,,,https://github.com/Lightning-AI/pytorch-lightning/blob/main/src/lightning_app/__version__.py#L9
GitHub:Lightning-AI/pytorch-lightning (main),src/lightning_fabric/__version__.py,9,fo.readlines,True,LOCAL_TRANSIENT,local,Local scope execution without explicit escape detected,,,https://github.com/Lightning-AI/pytorch-lightning/blob/main/src/lightning_fabric/__version__.py#L9
GitHub:Lightning-AI/pytorch-lightning (main),src/pytorch_lightning/__version__.py,9,fo.readlines,True,LOCAL_TRANSIENT,local,Local scope execution without explicit escape detected,,,https://github.com/Lightning-AI/pytorch-lightning/blob/main/src/pytorch_lightning/__version__.py#L9
GitHub:duckdb/duckdb (main),data/parquet-testing/pyarrow-generate-parquet.py,57,f.readlines,True,DESCUPED_LOCAL_VARIABLE,lines,Local transient variable 'lines' (ownership discarded at function exit),,fix_csv_nulls,https://github.com/duckdb/duckdb/blob/main/data/parquet-testing/pyarrow-generate-parquet.py#L57
GitHub:duckdb/duckdb (main),tools/swift/create_package.py,66,f.read,True,DIRECT_CALL_ARGUMENT,Template,Passed directly to consumer function 'Template',,,https://github.com/duckdb/duckdb/blob/main/tools/swift/create_package.py#L66
GitHub:huggingface/datasets (main),setup.py,249,open.read,True,LOCAL_TRANSIENT,local,Local scope execution without explicit escape detected,,,https://github.com/huggingface/datasets/blob/main/setup.py#L249
GitHub:huggingface/datasets (main),src/datasets/arrow_dataset.py,1336,CsvDatasetReader.read,False,ESCAPING_RETURN,return,Directly returned from function (caller assumes ownership),Dataset,from_csv,https://github.com/huggingface/datasets/blob/main/src/datasets/arrow_dataset.py#L1336
GitHub:huggingface/datasets (main),src/datasets/arrow_dataset.py,1419,GeneratorDatasetInputStream.read,False,ESCAPING_RETURN,return,Directly returned from function (caller assumes ownership),Dataset,from_generator,https://github.com/huggingface/datasets/blob/main/src/datasets/arrow_dataset.py#L1419
GitHub:huggingface/datasets (main),src/datasets/arrow_dataset.py,1479,JsonDatasetReader.read,False,ESCAPING_RETURN,return,Directly returned from function (caller assumes ownership),Dataset,from_json,https://github.com/huggingface/datasets/blob/main/src/datasets/arrow_dataset.py#L1479
GitHub:huggingface/datasets (main),src/datasets/arrow_dataset.py,1573,ParquetDatasetReader.read,False,ESCAPING_RETURN,return,Directly returned from function (caller assumes ownership),Dataset,from_parquet,https://github.com/huggingface/datasets/blob/main/src/datasets/arrow_dataset.py#L1573
GitHub:huggingface/datasets (main),src/datasets/arrow_dataset.py,1639,TextDatasetReader.read,False,ESCAPING_RETURN,return,Directly returned from function (caller assumes ownership),Dataset,from_text,https://github.com/huggingface/datasets/blob/main/src/datasets/arrow_dataset.py#L1639
GitHub:huggingface/datasets (main),src/datasets/arrow_dataset.py,1703,SparkDatasetReader.read,False,ESCAPING_RETURN,return,Directly returned from function (caller assumes ownership),Dataset,from_spark,https://github.com/huggingface/datasets/blob/main/src/datasets/arrow_dataset.py#L1703
GitHub:huggingface/datasets (main),src/datasets/arrow_dataset.py,1763,SqlDatasetReader.read,False,ESCAPING_RETURN,return,Directly returned from function (caller assumes ownership),Dataset,from_sql,https://github.com/huggingface/datasets/blob/main/src/datasets/arrow_dataset.py#L1763
GitHub:huggingface/datasets (main),src/datasets/builder.py,1096,ArrowReader.read,False,ESCAPING_LOCAL_VAR,dataset_kwargs,Variable 'dataset_kwargs' returned from function,DatasetBuilder,_as_dataset,https://github.com/huggingface/datasets/blob/main/src/datasets/builder.py#L1096
GitHub:huggingface/datasets (main),src/datasets/dataset_dict.py,1480,CsvDatasetReader.read,False,ESCAPING_RETURN,return,Directly returned from function (caller assumes ownership),DatasetDict,from_csv,https://github.com/huggingface/datasets/blob/main/src/datasets/dataset_dict.py#L1480
GitHub:huggingface/datasets (main),src/datasets/dataset_dict.py,1523,JsonDatasetReader.read,False,ESCAPING_RETURN,return,Directly returned from function (caller assumes ownership),DatasetDict,from_json,https://github.com/huggingface/datasets/blob/main/src/datasets/dataset_dict.py#L1523
GitHub:huggingface/datasets (main),src/datasets/dataset_dict.py,1571,ParquetDatasetReader.read,False,ESCAPING_RETURN,return,Directly returned from function (caller assumes ownership),DatasetDict,from_parquet,https://github.com/huggingface/datasets/blob/main/src/datasets/dataset_dict.py#L1571
GitHub:huggingface/datasets (main),src/datasets/dataset_dict.py,1615,TextDatasetReader.read,False,ESCAPING_RETURN,return,Directly returned from function (caller assumes ownership),DatasetDict,from_text,https://github.com/huggingface/datasets/blob/main/src/datasets/dataset_dict.py#L1615
GitHub:huggingface/datasets (main),src/datasets/features/audio.py,317,f.read,False,ESCAPING_RETURN,return,Directly returned from function (caller assumes ownership),Audio,path_to_bytes,https://github.com/huggingface/datasets/blob/main/src/datasets/features/audio.py#L317
GitHub:huggingface/datasets (main),src/datasets/features/features.py,1194,f.read,True,CHAINED_TRANSFORMATION,split,Immediately transformed in-place via .split(),ClassLabel,_load_names_from_file,https://github.com/huggingface/datasets/blob/main/src/datasets/features/features.py#L1194
GitHub:huggingface/datasets (main),src/datasets/features/image.py,189,f.read,True,BYTESIO_STREAM,BytesIO,Direct in-place consumer 'BytesIO' (safe zero-copy candidate),Image,decode_example,https://github.com/huggingface/datasets/blob/main/src/datasets/features/image.py#L189
GitHub:huggingface/datasets (main),src/datasets/features/image.py,312,f.read,False,ESCAPING_RETURN,return,Directly returned from function (caller assumes ownership),Image,path_to_bytes,https://github.com/huggingface/datasets/blob/main/src/datasets/features/image.py#L312
GitHub:huggingface/datasets (main),src/datasets/features/mesh.py,136,f.read,False,ESCAPING_LOCAL_VAR,bytes_,Variable 'bytes_' returned from function,Mesh,decode_example,https://github.com/huggingface/datasets/blob/main/src/datasets/features/mesh.py#L136
GitHub:huggingface/datasets (main),src/datasets/features/mesh.py,245,f.read,False,ESCAPING_RETURN,return,Directly returned from function (caller assumes ownership),Mesh,path_to_bytes,https://github.com/huggingface/datasets/blob/main/src/datasets/features/mesh.py#L245
GitHub:huggingface/datasets (main),src/datasets/features/nifti.py,250,f.read,False,ESCAPING_RETURN,return,Directly returned from function (caller assumes ownership),Nifti,path_to_bytes,https://github.com/huggingface/datasets/blob/main/src/datasets/features/nifti.py#L250
GitHub:huggingface/datasets (main),src/datasets/features/pdf.py,258,f.read,False,ESCAPING_RETURN,return,Directly returned from function (caller assumes ownership),Pdf,path_to_bytes,https://github.com/huggingface/datasets/blob/main/src/datasets/features/pdf.py#L258
GitHub:huggingface/datasets (main),src/datasets/features/video.py,328,f.read,False,ESCAPING_RETURN,return,Directly returned from function (caller assumes ownership),Video,path_to_bytes,https://github.com/huggingface/datasets/blob/main/src/datasets/features/video.py#L328
GitHub:huggingface/datasets (main),src/datasets/filesystems/compression.py,71,f.read,False,ESCAPING_RETURN,return,Directly returned from function (caller assumes ownership),BaseCompressedFileFileSystem,cat,https://github.com/huggingface/datasets/blob/main/src/datasets/filesystems/compression.py#L71
GitHub:huggingface/datasets (main),src/datasets/iterable_dataset.py,2929,GeneratorDatasetInputStream.read,False,ESCAPING_RETURN,return,Directly returned from function (caller assumes ownership),IterableDataset,from_generator,https://github.com/huggingface/datasets/blob/main/src/datasets/iterable_dataset.py#L2929
GitHub:huggingface/datasets (main),src/datasets/iterable_dataset.py,2968,SparkDatasetReader.read,False,ESCAPING_RETURN,return,Directly returned from function (caller assumes ownership),IterableDataset,from_spark,https://github.com/huggingface/datasets/blob/main/src/datasets/iterable_dataset.py#L2968
GitHub:huggingface/datasets (main),src/datasets/iterable_dataset.py,3214,CsvDatasetReader.read,False,ESCAPING_RETURN,return,Directly returned from function (caller assumes ownership),IterableDataset,from_csv,https://github.com/huggingface/datasets/blob/main/src/datasets/iterable_dataset.py#L3214
GitHub:huggingface/datasets (main),src/datasets/iterable_dataset.py,3260,JsonDatasetReader.read,False,ESCAPING_RETURN,return,Directly returned from function (caller assumes ownership),IterableDataset,from_json,https://github.com/huggingface/datasets/blob/main/src/datasets/iterable_dataset.py#L3260
GitHub:huggingface/datasets (main),src/datasets/iterable_dataset.py,3342,ParquetDatasetReader.read,False,ESCAPING_RETURN,return,Directly returned from function (caller assumes ownership),IterableDataset,from_parquet,https://github.com/huggingface/datasets/blob/main/src/datasets/iterable_dataset.py#L3342
GitHub:huggingface/datasets (main),src/datasets/iterable_dataset.py,3396,TextDatasetReader.read,False,ESCAPING_RETURN,return,Directly returned from function (caller assumes ownership),IterableDataset,from_text,https://github.com/huggingface/datasets/blob/main/src/datasets/iterable_dataset.py#L3396
GitHub:huggingface/datasets (main),src/datasets/load.py,435,f.read,True,YAML_LOADS,yaml.safe_load,Direct in-place consumer 'yaml.safe_load' (safe zero-copy candidate),LocalDatasetModuleFactory,get_module,https://github.com/huggingface/datasets/blob/main/src/datasets/load.py#L435
GitHub:huggingface/datasets (main),src/datasets/load.py,613,f.read,True,YAML_LOADS,yaml.safe_load,Direct in-place consumer 'yaml.safe_load' (safe zero-copy candidate),HubDatasetModuleFactory,get_module,https://github.com/huggingface/datasets/blob/main/src/datasets/load.py#L613
GitHub:huggingface/datasets (main),src/datasets/load.py,882,f.read,True,YAML_LOADS,yaml.safe_load,Direct in-place consumer 'yaml.safe_load' (safe zero-copy candidate),HubBucketDatasetModuleFactory,get_module,https://github.com/huggingface/datasets/blob/main/src/datasets/load.py#L882
GitHub:huggingface/datasets (main),src/datasets/packaged_modules/folder_based_builder/folder_based_builder.py,319,f.read,True,DESCUPED_LOCAL_VARIABLE,batch,Local transient variable 'batch' (ownership discarded at function exit),FolderBasedBuilder,_read_metadata,https://github.com/huggingface/datasets/blob/main/src/datasets/packaged_modules/folder_based_builder/folder_based_builder.py#L319
GitHub:huggingface/datasets (main),src/datasets/packaged_modules/folder_based_builder/folder_based_builder.py,324,f.readline,True,LOCAL_TRANSIENT,local,Local scope execution without explicit escape detected,FolderBasedBuilder,_read_metadata,https://github.com/huggingface/datasets/blob/main/src/datasets/packaged_modules/folder_based_builder/folder_based_builder.py#L324
GitHub:huggingface/datasets (main),src/datasets/packaged_modules/folder_based_builder/folder_based_builder.py,326,readline,True,LOCAL_TRANSIENT,local,Local scope execution without explicit escape detected,FolderBasedBuilder,_read_metadata,https://github.com/huggingface/datasets/blob/main/src/datasets/packaged_modules/folder_based_builder/folder_based_builder.py#L326
GitHub:huggingface/datasets (main),src/datasets/packaged_modules/json/json.py,162,f.read,True,DIRECT_CALL_ARGUMENT,ujson_loads,Passed directly to consumer function 'ujson_loads',Json,_generate_tables,https://github.com/huggingface/datasets/blob/main/src/datasets/packaged_modules/json/json.py#L162
GitHub:huggingface/datasets (main),src/datasets/packaged_modules/json/json.py,234,f.read,True,DESCUPED_LOCAL_VARIABLE,batch,Local transient variable 'batch' (ownership discarded at function exit),Json,_generate_tables,https://github.com/huggingface/datasets/blob/main/src/datasets/packaged_modules/json/json.py#L234
GitHub:huggingface/datasets (main),src/datasets/packaged_modules/json/json.py,249,f.read,True,LOCAL_TRANSIENT,local,Local scope execution without explicit escape detected,Json,_generate_tables,https://github.com/huggingface/datasets/blob/main/src/datasets/packaged_modules/json/json.py#L249
GitHub:huggingface/datasets (main),src/datasets/packaged_modules/json/json.py,258,f.readline,True,LOCAL_TRANSIENT,local,Local scope execution without explicit escape detected,Json,_generate_tables,https://github.com/huggingface/datasets/blob/main/src/datasets/packaged_modules/json/json.py#L258
GitHub:huggingface/datasets (main),src/datasets/packaged_modules/json/json.py,260,readline,True,LOCAL_TRANSIENT,local,Local scope execution without explicit escape detected,Json,_generate_tables,https://github.com/huggingface/datasets/blob/main/src/datasets/packaged_modules/json/json.py#L260
GitHub:huggingface/datasets (main),src/datasets/packaged_modules/lance/lance.py,86,path.read_bytes,True,DESCUPED_LOCAL_VARIABLE,data,Local transient variable 'data' (ownership discarded at function exit),,_fix_local_version_file,https://github.com/huggingface/datasets/blob/main/src/datasets/packaged_modules/lance/lance.py#L86
GitHub:huggingface/datasets (main),src/datasets/packaged_modules/lance/lance.py,141,read,True,LOCAL_TRANSIENT,local,Local scope execution without explicit escape detected,Lance,_split_generators,https://github.com/huggingface/datasets/blob/main/src/datasets/packaged_modules/lance/lance.py#L141
GitHub:huggingface/datasets (main),src/datasets/packaged_modules/text/text.py,98,f.read,True,DESCUPED_LOCAL_VARIABLE,batch,Local transient variable 'batch' (ownership discarded at function exit),Text,_generate_tables,https://github.com/huggingface/datasets/blob/main/src/datasets/packaged_modules/text/text.py#L98
GitHub:huggingface/datasets (main),src/datasets/packaged_modules/text/text.py,101,f.readline,True,LOCAL_TRANSIENT,local,Local scope execution without explicit escape detected,Text,_generate_tables,https://github.com/huggingface/datasets/blob/main/src/datasets/packaged_modules/text/text.py#L101
GitHub:huggingface/datasets (main),src/datasets/packaged_modules/text/text.py,103,StringIO.readlines,True,DESCUPED_LOCAL_VARIABLE,batch,Local transient variable 'batch' (ownership discarded at function exit),Text,_generate_tables,https://github.com/huggingface/datasets/blob/main/src/datasets/packaged_modules/text/text.py#L103
GitHub:huggingface/datasets (main),src/datasets/packaged_modules/text/text.py,116,f.read,True,DESCUPED_LOCAL_VARIABLE,new_batch,Local transient variable 'new_batch' (ownership discarded at function exit),Text,_generate_tables,https://github.com/huggingface/datasets/blob/main/src/datasets/packaged_modules/text/text.py#L116
GitHub:huggingface/datasets (main),src/datasets/packaged_modules/text/text.py,120,f.readline,True,LOCAL_TRANSIENT,local,Local scope execution without explicit escape detected,Text,_generate_tables,https://github.com/huggingface/datasets/blob/main/src/datasets/packaged_modules/text/text.py#L120
GitHub:huggingface/datasets (main),src/datasets/packaged_modules/text/text.py,135,f.read,True,DESCUPED_LOCAL_VARIABLE,text,Local transient variable 'text' (ownership discarded at function exit),Text,_generate_tables,https://github.com/huggingface/datasets/blob/main/src/datasets/packaged_modules/text/text.py#L135
GitHub:huggingface/datasets (main),src/datasets/packaged_modules/tsfile/tsfile.py,737,fh.read,True,DESCUPED_LOCAL_VARIABLE,header,Local transient variable 'header' (ownership discarded at function exit),TsFile,_open_reader,https://github.com/huggingface/datasets/blob/main/src/datasets/packaged_modules/tsfile/tsfile.py#L737
GitHub:huggingface/datasets (main),src/datasets/packaged_modules/webdataset/_tenbin.py,236,stream.read,True,DESCUPED_LOCAL_VARIABLE,magic,Local transient variable 'magic' (ownership discarded at function exit),,read_chunk,https://github.com/huggingface/datasets/blob/main/src/datasets/packaged_modules/webdataset/_tenbin.py#L236
GitHub:huggingface/datasets (main),src/datasets/packaged_modules/webdataset/_tenbin.py,241,stream.read,True,DESCUPED_LOCAL_VARIABLE,nbytes,Local transient variable 'nbytes' (ownership discarded at function exit),,read_chunk,https://github.com/huggingface/datasets/blob/main/src/datasets/packaged_modules/webdataset/_tenbin.py#L241
GitHub:huggingface/datasets (main),src/datasets/packaged_modules/webdataset/_tenbin.py,245,stream.read,False,ESCAPING_LOCAL_VAR,data,Variable 'data' returned from function,,read_chunk,https://github.com/huggingface/datasets/blob/main/src/datasets/packaged_modules/webdataset/_tenbin.py#L245
GitHub:huggingface/datasets (main),src/datasets/packaged_modules/webdataset/_tenbin.py,248,stream.read,True,STANDALONE_DRAIN,expr,Result discarded immediately after execution,,read_chunk,https://github.com/huggingface/datasets/blob/main/src/datasets/packaged_modules/webdataset/_tenbin.py#L248
GitHub:huggingface/datasets (main),src/datasets/packaged_modules/webdataset/_tenbin.py,285,read,False,ESCAPING_RETURN,return,Directly returned from function (caller assumes ownership),,load,https://github.com/huggingface/datasets/blob/main/src/datasets/packaged_modules/webdataset/_tenbin.py#L285
GitHub:huggingface/datasets (main),src/datasets/packaged_modules/webdataset/webdataset.py,48,extracted_f.read,True,LOCAL_TRANSIENT,local,Local scope execution without explicit escape detected,WebDataset,_get_pipeline_from_tar,https://github.com/huggingface/datasets/blob/main/src/datasets/packaged_modules/webdataset/webdataset.py#L48
GitHub:huggingface/datasets (main),src/datasets/packaged_modules/webdataset/webdataset.py,51,f.read,True,LOCAL_TRANSIENT,local,Local scope execution without explicit escape detected,WebDataset,_get_pipeline_from_tar,https://github.com/huggingface/datasets/blob/main/src/datasets/packaged_modules/webdataset/webdataset.py#L51
GitHub:huggingface/datasets (main),src/datasets/packaged_modules/xml/xml.py,68,f.read,True,DESCUPED_LOCAL_VARIABLE,xml,Local transient variable 'xml' (ownership discarded at function exit),Xml,_generate_tables,https://github.com/huggingface/datasets/blob/main/src/datasets/packaged_modules/xml/xml.py#L68
GitHub:huggingface/datasets (main),src/datasets/utils/extract.py,73,f.read,False,ESCAPING_RETURN,return,Directly returned from function (caller assumes ownership),MagicNumberBaseExtractor,read_magic_number,https://github.com/huggingface/datasets/blob/main/src/datasets/utils/extract.py#L73
GitHub:huggingface/datasets (main),src/datasets/utils/extract.py,180,fp.read,True,DESCUPED_LOCAL_VARIABLE,data,Local transient variable 'data' (ownership discarded at function exit),ZipExtractor,is_extractable,https://github.com/huggingface/datasets/blob/main/src/datasets/utils/extract.py#L180
GitHub:huggingface/datasets (main),src/datasets/utils/file_utils.py,444,f.read,True,DESCUPED_LOCAL_VARIABLE,b,Local transient variable 'b' (ownership discarded at function exit),,readline,https://github.com/huggingface/datasets/blob/main/src/datasets/utils/file_utils.py#L444
GitHub:huggingface/datasets (main),src/datasets/utils/file_utils.py,533,f.read,True,DESCUPED_LOCAL_VARIABLE,magic_number,Local transient variable 'magic_number' (ownership discarded at function exit),,_get_extraction_protocol_with_magic_number,https://github.com/huggingface/datasets/blob/main/src/datasets/utils/file_utils.py#L533
GitHub:huggingface/datasets (main),src/datasets/utils/file_utils.py,773,f.read,True,DIRECT_CALL_ARGUMENT,len,Passed directly to consumer function 'len',,xgetsize,https://github.com/huggingface/datasets/blob/main/src/datasets/utils/file_utils.py#L773
GitHub:huggingface/datasets (main),src/datasets/utils/file_utils.py,844,read,False,ESCAPING_LOCAL_VAR,out,Variable 'out' returned from function,,read_with_retries,https://github.com/huggingface/datasets/blob/main/src/datasets/utils/file_utils.py#L844
GitHub:huggingface/datasets (main),src/datasets/utils/file_utils.py,1289,filepath_or_buffer.read,True,BYTESIO_STREAM,BytesIO,Direct in-place consumer 'BytesIO' (safe zero-copy candidate),,xpandas_read_excel,https://github.com/huggingface/datasets/blob/main/src/datasets/utils/file_utils.py#L1289
GitHub:huggingface/datasets (main),src/datasets/utils/file_utils.py,1296,xopen.read,True,BYTESIO_STREAM,BytesIO,Direct in-place consumer 'BytesIO' (safe zero-copy candidate),,xpandas_read_excel,https://github.com/huggingface/datasets/blob/main/src/datasets/utils/file_utils.py#L1296
GitHub:huggingface/datasets (main),src/datasets/utils/info_utils.py,85,f.read,True,LOCAL_TRANSIENT,local,Local scope execution without explicit escape detected,,get_size_checksum_dict,https://github.com/huggingface/datasets/blob/main/src/datasets/utils/info_utils.py#L85
GitHub:huggingface/datasets (main),utils/release.py,34,f.read,True,DESCUPED_LOCAL_VARIABLE,code,Local transient variable 'code' (ownership discarded at function exit),,update_version_in_file,https://github.com/huggingface/datasets/blob/main/utils/release.py#L34
GitHub:huggingface/datasets (main),utils/release.py,51,f.read,True,DESCUPED_LOCAL_VARIABLE,code,Local transient variable 'code' (ownership discarded at function exit),,get_version,https://github.com/huggingface/datasets/blob/main/utils/release.py#L51
GitHub:mlflow/mlflow (master),.claude/hooks/validate_pr_body.py,31,sys.stdin.read,True,JSON_LOADS,json.loads,Direct in-place consumer 'json.loads' (safe zero-copy candidate),,main,https://github.com/mlflow/mlflow/blob/master/.claude/hooks/validate_pr_body.py#L31
GitHub:mlflow/mlflow (master),.claude/skills/src/skills/commands/fetch_diff.py,58,f.readline,True,DESCUPED_LOCAL_VARIABLE,first_line,Local transient variable 'first_line' (ownership discarded at function exit),,is_autogenerated_file,https://github.com/mlflow/mlflow/blob/master/.claude/skills/src/skills/commands/fetch_diff.py#L58
GitHub:mlflow/mlflow (master),.claude/skills/src/skills/github/uploads.py,69,path.read_bytes,True,LOCAL_TRANSIENT,local,Local scope execution without explicit escape detected,,upload_asset,https://github.com/mlflow/mlflow/blob/master/.claude/skills/src/skills/github/uploads.py#L69
GitHub:mlflow/mlflow (master),bin/install.py,213,response.read,True,LOCAL_TRANSIENT,local,Local scope execution without explicit escape detected,,download_and_verify,https://github.com/mlflow/mlflow/blob/master/bin/install.py#L213
GitHub:mlflow/mlflow (master),bin/install.py,225,gz.read,True,DIRECT_CALL_ARGUMENT,dest.write_bytes,Passed directly to consumer function 'dest.write_bytes',,extract_gzip,https://github.com/mlflow/mlflow/blob/master/bin/install.py#L225
GitHub:mlflow/mlflow (master),bin/install.py,234,f.read,True,DIRECT_CALL_ARGUMENT,dest.write_bytes,Passed directly to consumer function 'dest.write_bytes',,extract_tar,https://github.com/mlflow/mlflow/blob/master/bin/install.py#L234
GitHub:mlflow/mlflow (master),dev/check_whitespace_only.py,35,response.read,True,CHAINED_TRANSFORMATION,decode,Immediately transformed in-place via .decode(),,_retry_urlopen,https://github.com/mlflow/mlflow/blob/master/dev/check_whitespace_only.py#L35
GitHub:mlflow/mlflow (master),dev/classify_flaky_tests.py,134,resp.read,True,CHAINED_TRANSFORMATION,decode,Immediately transformed in-place via .decode(),,classify,https://github.com/mlflow/mlflow/blob/master/dev/classify_flaky_tests.py#L134
GitHub:mlflow/mlflow (master),dev/classify_flaky_tests.py,138,e.read,True,CHAINED_TRANSFORMATION,decode,Immediately transformed in-place via .decode(),,classify,https://github.com/mlflow/mlflow/blob/master/dev/classify_flaky_tests.py#L138
GitHub:mlflow/mlflow (master),dev/proto_plugin.py,546,sys.stdin.buffer.read,True,DESCUPED_LOCAL_VARIABLE,data,Local transient variable 'data' (ownership discarded at function exit),,main,https://github.com/mlflow/mlflow/blob/master/dev/proto_plugin.py#L546
GitHub:mlflow/mlflow (master),dev/proto_to_graphql/schema_autogeneration.py,63,file.read,True,DESCUPED_LOCAL_VARIABLE,file_content,Local transient variable 'file_content' (ownership discarded at function exit),,get_manual_extensions,https://github.com/mlflow/mlflow/blob/master/dev/proto_to_graphql/schema_autogeneration.py#L63
GitHub:mlflow/mlflow (master),dev/remove_experimental_decorators.py,36,response.read,True,CHAINED_TRANSFORMATION,decode,Immediately transformed in-place via .decode(),,get_mlflow_release_dates,https://github.com/mlflow/mlflow/blob/master/dev/remove_experimental_decorators.py#L36
GitHub:mlflow/mlflow (master),dev/update_model_catalog.py,354,resp.read,True,CHAINED_TRANSFORMATION,decode,Immediately transformed in-place via .decode(),,_fetch_litellm_catalog,https://github.com/mlflow/mlflow/blob/master/dev/update_model_catalog.py#L354
GitHub:mlflow/mlflow (master),dev/update_requirements.py,72,f.read,True,DESCUPED_LOCAL_VARIABLE,requirements_src,Local transient variable 'requirements_src' (ownership discarded at function exit),,main,https://github.com/mlflow/mlflow/blob/master/dev/update_requirements.py#L72
GitHub:mlflow/mlflow (master),mlflow/agent/setup/select.py,23,os.read,True,CHAINED_TRANSFORMATION,decode,Immediately transformed in-place via .decode(),,_read_key,https://github.com/mlflow/mlflow/blob/master/mlflow/agent/setup/select.py#L23
GitHub:mlflow/mlflow (master),mlflow/agent/setup/select.py,27,os.read,True,CHAINED_TRANSFORMATION,decode,Immediately transformed in-place via .decode(),,_read_key,https://github.com/mlflow/mlflow/blob/master/mlflow/agent/setup/select.py#L27
GitHub:mlflow/mlflow (master),mlflow/artifacts/__init__.py,190,local_artifact_fd.read,True,DIRECT_CALL_ARGUMENT,str,Passed directly to consumer function 'str',,load_text,https://github.com/mlflow/mlflow/blob/master/mlflow/artifacts/__init__.py#L190
GitHub:mlflow/mlflow (master),mlflow/assistant/config.py,62,f.read,True,DIRECT_CALL_ARGUMENT,cls.model_validate_json,Passed directly to consumer function 'cls.model_validate_json',AssistantConfig,load,https://github.com/mlflow/mlflow/blob/master/mlflow/assistant/config.py#L62
GitHub:mlflow/mlflow (master),mlflow/assistant/providers/claude_code.py,606,process.stderr.read,True,LOCAL_TRANSIENT,local,Local scope execution without explicit escape detected,ClaudeCodeProvider,astream,https://github.com/mlflow/mlflow/blob/master/mlflow/assistant/providers/claude_code.py#L606
GitHub:mlflow/mlflow (master),mlflow/assistant/providers/codex.py,261,process.stderr.read,True,LOCAL_TRANSIENT,local,Local scope execution without explicit escape detected,CodexProvider,astream,https://github.com/mlflow/mlflow/blob/master/mlflow/assistant/providers/codex.py#L261
GitHub:mlflow/mlflow (master),mlflow/bedrock/_autolog.py,145,raw_stream.read,True,BYTESIO_STREAM,io.BytesIO,Direct in-place consumer 'io.BytesIO' (safe zero-copy candidate),,_buffer_stream,https://github.com/mlflow/mlflow/blob/master/mlflow/bedrock/_autolog.py#L145
GitHub:mlflow/mlflow (master),mlflow/bedrock/_autolog.py,151,response_body.read,False,ESCAPING_LOCAL_VAR,content,Variable 'content' returned from function,,_parse_invoke_model_response_body,https://github.com/mlflow/mlflow/blob/master/mlflow/bedrock/_autolog.py#L151
GitHub:mlflow/mlflow (master),mlflow/claude_code/tracing.py,139,sys.stdin.read,False,ESCAPING_LOCAL_VAR,input_data,Variable 'input_data' returned from function,,read_hook_input,https://github.com/mlflow/mlflow/blob/master/mlflow/claude_code/tracing.py#L139
GitHub:mlflow/mlflow (master),mlflow/claude_code/tracing.py,148,f.readlines,False,ESCAPING_LOCAL_VAR,lines,Variable 'lines' returned from function,,read_transcript,https://github.com/mlflow/mlflow/blob/master/mlflow/claude_code/tracing.py#L148
GitHub:mlflow/mlflow (master),mlflow/gateway/providers/bedrock.py,301,response.get.read,True,JSON_LOADS,json.loads,Direct in-place consumer 'json.loads' (safe zero-copy candidate),AmazonBedrockProvider,_request,https://github.com/mlflow/mlflow/blob/master/mlflow/gateway/providers/bedrock.py#L301
GitHub:mlflow/mlflow (master),mlflow/gateway/providers/bedrock.py,716,self.get_bedrock_client.invoke_model.get.read,True,JSON_LOADS,json.loads,Direct in-place consumer 'json.loads' (safe zero-copy candidate),AmazonBedrockProvider,_embeddings,https://github.com/mlflow/mlflow/blob/master/mlflow/gateway/providers/bedrock.py#L716
GitHub:mlflow/mlflow (master),mlflow/gateway/runner.py,23,f.read,True,DESCUPED_LOCAL_VARIABLE,prev_config,Local transient variable 'prev_config' (ownership discarded at function exit),,monitor_config,https://github.com/mlflow/mlflow/blob/master/mlflow/gateway/runner.py#L23
GitHub:mlflow/mlflow (master),mlflow/gateway/runner.py,34,f.read,True,DESCUPED_LOCAL_VARIABLE,config,Local transient variable 'config' (ownership discarded at function exit),,monitor_config,https://github.com/mlflow/mlflow/blob/master/mlflow/gateway/runner.py#L34
GitHub:mlflow/mlflow (master),mlflow/genai/mcp_servers.py,236,file_path.read_bytes,False,ESCAPING_LOCAL_VAR,data,Variable 'data' returned from function,,_read_server_json_local,https://github.com/mlflow/mlflow/blob/master/mlflow/genai/mcp_servers.py#L236
GitHub:mlflow/mlflow (master),mlflow/genai/mcp_servers.py,253,resp.read,False,ESCAPING_LOCAL_VAR,data,Variable 'data' returned from function,,_read_server_json_remote,https://github.com/mlflow/mlflow/blob/master/mlflow/genai/mcp_servers.py#L253
GitHub:mlflow/mlflow (master),mlflow/h2o/__init__.py,290,f.read,True,YAML_LOADS,yaml.safe_load,Direct in-place consumer 'yaml.safe_load' (safe zero-copy candidate),,_load_model,https://github.com/mlflow/mlflow/blob/master/mlflow/h2o/__init__.py#L290
GitHub:mlflow/mlflow (master),mlflow/legacy_databricks_cli/configure/provider.py,63,raw_config.read,True,STANDALONE_DRAIN,expr,Result discarded immediately after execution,,_fetch_from_fs,https://github.com/mlflow/mlflow/blob/master/mlflow/legacy_databricks_cli/configure/provider.py#L63
GitHub:mlflow/mlflow (master),mlflow/models/evaluation/artifacts.py,81,f.read,False,ESCAPING_ATTRIBUTE,self._content,Assigned to persistent attribute 'self._content' (persists across calls),TextEvaluationArtifact,_load_content_from_file,https://github.com/mlflow/mlflow/blob/master/mlflow/models/evaluation/artifacts.py#L81
GitHub:mlflow/mlflow (master),mlflow/models/utils.py,556,handle.read,False,ESCAPING_RETURN,return,Directly returned from function (caller assumes ownership),,_load_serving_input_example,https://github.com/mlflow/mlflow/blob/master/mlflow/models/utils.py#L556
GitHub:mlflow/mlflow (master),mlflow/models/utils.py,588,handle.read,False,ESCAPING_RETURN,return,Directly returned from function (caller assumes ownership),,_read_file_content,https://github.com/mlflow/mlflow/blob/master/mlflow/models/utils.py#L588
GitHub:mlflow/mlflow (master),mlflow/models/utils.py,593,handle.read,False,ESCAPING_RETURN,return,Directly returned from function (caller assumes ownership),,_read_file_content,https://github.com/mlflow/mlflow/blob/master/mlflow/models/utils.py#L593
GitHub:mlflow/mlflow (master),mlflow/projects/__init__.py,432,job_template.read,True,YAML_LOADS,yaml.safe_load,Direct in-place consumer 'yaml.safe_load' (safe zero-copy candidate),,_parse_kubernetes_config,https://github.com/mlflow/mlflow/blob/master/mlflow/projects/__init__.py#L432
GitHub:mlflow/mlflow (master),mlflow/projects/databricks.py,182,tarred_project.read,True,HASHLIB_HASH,hashlib.sha256,Direct in-place consumer 'hashlib.sha256' (safe zero-copy candidate),DatabricksJobRunner,_upload_project_to_dbfs,https://github.com/mlflow/mlflow/blob/master/mlflow/projects/databricks.py#L182
GitHub:mlflow/mlflow (master),mlflow/pyfunc/__init__.py,1934,rf.read,True,LOCAL_TRANSIENT,local,Local scope execution without explicit escape detected,,_download_prebuilt_env_if_needed,https://github.com/mlflow/mlflow/blob/master/mlflow/pyfunc/__init__.py#L1934
GitHub:mlflow/mlflow (master),mlflow/pyfunc/scoring_server/__init__.py,507,sys.stdin.read,True,DESCUPED_LOCAL_VARIABLE,input_str,Local transient variable 'input_str' (ownership discarded at function exit),,_predict,https://github.com/mlflow/mlflow/blob/master/mlflow/pyfunc/scoring_server/__init__.py#L507
GitHub:mlflow/mlflow (master),mlflow/pyfunc/scoring_server/__init__.py,510,f.read,True,DESCUPED_LOCAL_VARIABLE,input_str,Local transient variable 'input_str' (ownership discarded at function exit),,_predict,https://github.com/mlflow/mlflow/blob/master/mlflow/pyfunc/scoring_server/__init__.py#L510
GitHub:mlflow/mlflow (master),mlflow/pyfunc/scoring_server/client.py,143,f.read,True,DIRECT_CALL_ARGUMENT,PredictionsResponse.from_json,Passed directly to consumer function 'PredictionsResponse.from_json',StdinScoringServerClient,invoke,https://github.com/mlflow/mlflow/blob/master/mlflow/pyfunc/scoring_server/client.py#L143
GitHub:mlflow/mlflow (master),mlflow/pytorch/__init__.py,716,f.read,True,DESCUPED_LOCAL_VARIABLE,pickle_module_name,Local transient variable 'pickle_module_name' (ownership discarded at function exit),,_load_model,https://github.com/mlflow/mlflow/blob/master/mlflow/pytorch/__init__.py#L716
GitHub:mlflow/mlflow (master),mlflow/sagemaker/__init__.py,2868,read,True,CHAINED_TRANSFORMATION,decode,Immediately transformed in-place via .decode(),SageMakerDeploymentClient,predict,https://github.com/mlflow/mlflow/blob/master/mlflow/sagemaker/__init__.py#L2868
GitHub:mlflow/mlflow (master),mlflow/server/artifact_router.py,113,f.read,True,LOCAL_TRANSIENT,local,Local scope execution without explicit escape detected,,_stream_file,https://github.com/mlflow/mlflow/blob/master/mlflow/server/artifact_router.py#L113
GitHub:mlflow/mlflow (master),mlflow/server/auth/config.py,33,config.read,True,STANDALONE_DRAIN,expr,Result discarded immediately after execution,,read_auth_config,https://github.com/mlflow/mlflow/blob/master/mlflow/server/auth/config.py#L33
GitHub:mlflow/mlflow (master),mlflow/server/gateway_api.py,127,reader.read,False,ESCAPING_LOCAL_VAR,decompressed,Variable 'decompressed' returned from function,,_decompress_zstd,https://github.com/mlflow/mlflow/blob/master/mlflow/server/gateway_api.py#L127
GitHub:mlflow/mlflow (master),mlflow/server/handlers.py,3727,request.stream.read,True,LOCAL_TRANSIENT,local,Local scope execution without explicit escape detected,,_upload_artifact,https://github.com/mlflow/mlflow/blob/master/mlflow/server/handlers.py#L3727
GitHub:mlflow/mlflow (master),mlflow/server/jobs/_job_subproc_entry.py,65,f.read,True,DESCUPED_LOCAL_VARIABLE,content,Local transient variable 'content' (ownership discarded at function exit),,_main,https://github.com/mlflow/mlflow/blob/master/mlflow/server/jobs/_job_subproc_entry.py#L65
GitHub:mlflow/mlflow (master),mlflow/store/artifact/artifact_repo.py,574,temp_file.read_bytes,False,ESCAPING_RETURN,return,Directly returned from function (caller assumes ownership),ArtifactRepository,download_trace_attachment,https://github.com/mlflow/mlflow/blob/master/mlflow/store/artifact/artifact_repo.py#L574
GitHub:mlflow/mlflow (master),mlflow/store/artifact/artifact_repo.py,648,f.read,False,ESCAPING_LOCAL_VAR,data,Variable 'data' returned from function,,try_read_trace_data,https://github.com/mlflow/mlflow/blob/master/mlflow/store/artifact/artifact_repo.py#L648
GitHub:mlflow/mlflow (master),mlflow/store/artifact/artifact_repo.py,662,Path.read_bytes,False,ESCAPING_LOCAL_VAR,data,Variable 'data' returned from function,,_try_read_trace_data_pb,https://github.com/mlflow/mlflow/blob/master/mlflow/store/artifact/artifact_repo.py#L662
GitHub:mlflow/mlflow (master),mlflow/store/artifact/azure_blob_artifact_repo.py,213,blob.readinto,True,STANDALONE_DRAIN,expr,Result discarded immediately after execution,AzureBlobArtifactRepository,_download_file,https://github.com/mlflow/mlflow/blob/master/mlflow/store/artifact/azure_blob_artifact_repo.py#L213
GitHub:mlflow/mlflow (master),mlflow/store/artifact/azure_data_lake_artifact_repo.py,183,file_client.download_file.readinto,True,STANDALONE_DRAIN,expr,Result discarded immediately after execution,AzureDataLakeArtifactRepository,try_func,https://github.com/mlflow/mlflow/blob/master/mlflow/store/artifact/azure_data_lake_artifact_repo.py#L183
GitHub:mlflow/mlflow (master),mlflow/store/artifact/databricks_artifact_repo.py,425,dst.read_bytes,False,ESCAPING_RETURN,return,Directly returned from function (caller assumes ownership),DatabricksArtifactRepository,download_trace_attachment,https://github.com/mlflow/mlflow/blob/master/mlflow/store/artifact/databricks_artifact_repo.py#L425
GitHub:mlflow/mlflow (master),mlflow/store/artifact/databricks_sdk_artifact_repo.py,140,download_resp.contents.read,True,LOCAL_TRANSIENT,local,Local scope execution without explicit escape detected,DatabricksSdkArtifactRepository,_download_file,https://github.com/mlflow/mlflow/blob/master/mlflow/store/artifact/databricks_sdk_artifact_repo.py#L140
GitHub:mlflow/mlflow (master),mlflow/store/artifact/databricks_sdk_models_artifact_repo.py,115,contents.read,True,LOCAL_TRANSIENT,local,Local scope execution without explicit escape detected,DatabricksSDKModelsArtifactRepository,_download_from_cloud,https://github.com/mlflow/mlflow/blob/master/mlflow/store/artifact/databricks_sdk_models_artifact_repo.py#L115
GitHub:mlflow/mlflow (master),mlflow/store/artifact/hdfs_artifact_repo.py,50,source.read,True,DIRECT_CALL_ARGUMENT,destination.write,Passed directly to consumer function 'destination.write',HdfsArtifactRepository,log_artifact,https://github.com/mlflow/mlflow/blob/master/mlflow/store/artifact/hdfs_artifact_repo.py#L50
GitHub:mlflow/mlflow (master),mlflow/store/artifact/hdfs_artifact_repo.py,84,source.read,True,DIRECT_CALL_ARGUMENT,destination.write,Passed directly to consumer function 'destination.write',HdfsArtifactRepository,log_artifacts,https://github.com/mlflow/mlflow/blob/master/mlflow/store/artifact/hdfs_artifact_repo.py#L84
GitHub:mlflow/mlflow (master),mlflow/store/artifact/hdfs_artifact_repo.py,135,source.read,True,DIRECT_CALL_ARGUMENT,destination.write,Passed directly to consumer function 'destination.write',HdfsArtifactRepository,_download_file,https://github.com/mlflow/mlflow/blob/master/mlflow/store/artifact/hdfs_artifact_repo.py#L135
GitHub:mlflow/mlflow (master),mlflow/store/artifact/presigned_url_artifact_repo.py,93,source_file.read,True,DESCUPED_LOCAL_VARIABLE,data,Local transient variable 'data' (ownership discarded at function exit),PresignedUrlArtifactRepository,try_func,https://github.com/mlflow/mlflow/blob/master/mlflow/store/artifact/presigned_url_artifact_repo.py#L93
GitHub:mlflow/mlflow (master),mlflow/store/tracking/file_store.py,1154,param_file.read,True,DESCUPED_LOCAL_VARIABLE,current_value,Local transient variable 'current_value' (ownership discarded at function exit),FileStore,_validate_new_param_value,https://github.com/mlflow/mlflow/blob/master/mlflow/store/tracking/file_store.py#L1154
GitHub:mlflow/mlflow (master),mlflow/store/tracking/file_store.py,1292,f.read,True,JSON_LOADS,json.loads,Direct in-place consumer 'json.loads' (safe zero-copy candidate),FileStore,record_logged_model,https://github.com/mlflow/mlflow/blob/master/mlflow/store/tracking/file_store.py#L1292
GitHub:mlflow/mlflow (master),mlflow/tensorflow/__init__.py,753,f.read,True,DIRECT_CALL_ARGUMENT,importlib.import_module,Passed directly to consumer function 'importlib.import_module',,_load_pyfunc,https://github.com/mlflow/mlflow/blob/master/mlflow/tensorflow/__init__.py#L753
GitHub:mlflow/mlflow (master),mlflow/tensorflow/__init__.py,764,f.read,True,DESCUPED_LOCAL_VARIABLE,save_format,Local transient variable 'save_format' (ownership discarded at function exit),,_load_pyfunc,https://github.com/mlflow/mlflow/blob/master/mlflow/tensorflow/__init__.py#L764
GitHub:mlflow/mlflow (master),mlflow/tracing/attachments.py,28,path.read_bytes,True,LOCAL_TRANSIENT,local,Local scope execution without explicit escape detected,Attachment,from_file,https://github.com/mlflow/mlflow/blob/master/mlflow/tracing/attachments.py#L28
GitHub:mlflow/mlflow (master),mlflow/tracking/client.py,3014,stream.read,True,LOCAL_TRANSIENT,local,Local scope execution without explicit escape detected,MlflowClient,log_stream,https://github.com/mlflow/mlflow/blob/master/mlflow/tracking/client.py#L3014
GitHub:mlflow/mlflow (master),mlflow/utils/conda.py,58,f.read,True,DESCUPED_LOCAL_VARIABLE,conda_env_contents,Local transient variable 'conda_env_contents' (ownership discarded at function exit),,_get_conda_env_name,https://github.com/mlflow/mlflow/blob/master/mlflow/utils/conda.py#L58
GitHub:mlflow/mlflow (master),mlflow/utils/credentials.py,38,config.read,True,STANDALONE_DRAIN,expr,Result discarded immediately after execution,,_read_mlflow_creds_from_file,https://github.com/mlflow/mlflow/blob/master/mlflow/utils/credentials.py#L38
GitHub:mlflow/mlflow (master),mlflow/utils/credentials.py,162,file.readlines,True,DESCUPED_LOCAL_VARIABLE,lines,Local transient variable 'lines' (ownership discarded at function exit),,_overwrite_or_create_databricks_profile,https://github.com/mlflow/mlflow/blob/master/mlflow/utils/credentials.py#L162
GitHub:mlflow/mlflow (master),mlflow/utils/databricks_utils.py,273,f.read,True,CHAINED_TRANSFORMATION,strip,Immediately transformed in-place via .strip(),,get_databricks_runtime_version,https://github.com/mlflow/mlflow/blob/master/mlflow/utils/databricks_utils.py#L273
GitHub:mlflow/mlflow (master),mlflow/utils/environment.py,383,f.read,True,CHAINED_TRANSFORMATION,splitlines,Immediately transformed in-place via .splitlines(),,_parse_pip_requirements,https://github.com/mlflow/mlflow/blob/master/mlflow/utils/environment.py#L383
GitHub:mlflow/mlflow (master),mlflow/utils/file_utils.py,264,f.readlines,False,ESCAPING_RETURN,return,Directly returned from function (caller assumes ownership),,read_file_lines,https://github.com/mlflow/mlflow/blob/master/mlflow/utils/file_utils.py#L264
GitHub:mlflow/mlflow (master),mlflow/utils/file_utils.py,280,f.read,False,ESCAPING_RETURN,return,Directly returned from function (caller assumes ownership),,read_file,https://github.com/mlflow/mlflow/blob/master/mlflow/utils/file_utils.py#L280
GitHub:mlflow/mlflow (master),mlflow/utils/file_utils.py,331,tar.read,True,DIRECT_CALL_ARGUMENT,gzipped_tar.write,Passed directly to consumer function 'gzipped_tar.write',,make_tarfile,https://github.com/mlflow/mlflow/blob/master/mlflow/utils/file_utils.py#L331
GitHub:mlflow/mlflow (master),mlflow/utils/file_utils.py,791,f.read,False,ESCAPING_RETURN,return,Directly returned from function (caller assumes ownership),,read_chunk,https://github.com/mlflow/mlflow/blob/master/mlflow/utils/file_utils.py#L791
GitHub:mlflow/mlflow (master),mlflow/utils/process.py,128,process.stdout.read,True,LOCAL_TRANSIENT,local,Local scope execution without explicit escape detected,,_exec_cmd,https://github.com/mlflow/mlflow/blob/master/mlflow/utils/process.py#L128
GitHub:mlflow/mlflow (master),mlflow/utils/requirements_utils.py,120,f.read,True,CHAINED_TRANSFORMATION,splitlines,Immediately transformed in-place via .splitlines(),,_parse_requirements,https://github.com/mlflow/mlflow/blob/master/mlflow/utils/requirements_utils.py#L120
GitHub:mlflow/mlflow (master),mlflow/utils/requirements_utils.py,386,f.read,True,CHAINED_TRANSFORMATION,splitlines,Immediately transformed in-place via .splitlines(),,_capture_imported_modules,https://github.com/mlflow/mlflow/blob/master/mlflow/utils/requirements_utils.py#L386
GitHub:mlflow/mlflow (master),mlflow/utils/requirements_utils.py,421,f.read,True,DESCUPED_LOCAL_VARIABLE,errors,Local transient variable 'errors' (ownership discarded at function exit),,_capture_imported_modules,https://github.com/mlflow/mlflow/blob/master/mlflow/utils/requirements_utils.py#L421
GitHub:mlflow/mlflow (master),mlflow/utils/requirements_utils.py,430,f.read,True,CHAINED_TRANSFORMATION,splitlines,Immediately transformed in-place via .splitlines(),,_capture_imported_modules,https://github.com/mlflow/mlflow/blob/master/mlflow/utils/requirements_utils.py#L430
GitHub:apache/arrow (main),c_glib/tool/generate-version-header.py,83,input_file.read,True,DIRECT_CALL_ARGUMENT,re.sub,Passed directly to consumer function 're.sub',,write_header,https://github.com/apache/arrow/blob/main/c_glib/tool/generate-version-header.py#L83
GitHub:apache/arrow (main),cpp/build-support/asan_symbolize.py,83,self.pipe.stdout.readline,True,LOCAL_TRANSIENT,local,Local scope execution without explicit escape detected,LLVMSymbolizer,symbolize,https://github.com/apache/arrow/blob/main/cpp/build-support/asan_symbolize.py#L83
GitHub:apache/arrow (main),cpp/build-support/asan_symbolize.py,86,self.pipe.stdout.readline,True,LOCAL_TRANSIENT,local,Local scope execution without explicit escape detected,LLVMSymbolizer,symbolize,https://github.com/apache/arrow/blob/main/cpp/build-support/asan_symbolize.py#L86
GitHub:apache/arrow (main),cpp/build-support/asan_symbolize.py,128,self.pipe.stdout.readline,True,LOCAL_TRANSIENT,local,Local scope execution without explicit escape detected,Addr2LineSymbolizer,symbolize,https://github.com/apache/arrow/blob/main/cpp/build-support/asan_symbolize.py#L128
GitHub:apache/arrow (main),cpp/build-support/asan_symbolize.py,129,self.pipe.stdout.readline,True,LOCAL_TRANSIENT,local,Local scope execution without explicit escape detected,Addr2LineSymbolizer,symbolize,https://github.com/apache/arrow/blob/main/cpp/build-support/asan_symbolize.py#L129
GitHub:apache/arrow (main),cpp/build-support/asan_symbolize.py,169,self.pipe.stdout.readline,True,LOCAL_TRANSIENT,local,Local scope execution without explicit escape detected,DarwinSymbolizer,symbolize,https://github.com/apache/arrow/blob/main/cpp/build-support/asan_symbolize.py#L169
GitHub:apache/arrow (main),cpp/build-support/asan_symbolize.py,224,file.readlines,True,DESCUPED_LOCAL_VARIABLE,lines,Local transient variable 'lines' (ownership discarded at function exit),BreakpadSymbolizer,__init__,https://github.com/apache/arrow/blob/main/cpp/build-support/asan_symbolize.py#L224
GitHub:apache/arrow (main),cpp/build-support/asan_symbolize.py,340,sys.stdin.readline,True,DESCUPED_LOCAL_VARIABLE,line,Local transient variable 'line' (ownership discarded at function exit),SymbolizationLoop,process_stdin,https://github.com/apache/arrow/blob/main/cpp/build-support/asan_symbolize.py#L340
GitHub:apache/arrow (main),cpp/build-support/fuzzing/pack_corpus.py,36,f.read,True,DESCUPED_LOCAL_VARIABLE,data,Local transient variable 'data' (ownership discarded at function exit),,process_dir,https://github.com/apache/arrow/blob/main/cpp/build-support/fuzzing/pack_corpus.py#L36
GitHub:apache/arrow (main),cpp/src/gandiva/make_precompiled_bitcode.py,43,f.read,True,DESCUPED_LOCAL_VARIABLE,template,Local transient variable 'template' (ownership discarded at function exit),,,https://github.com/apache/arrow/blob/main/cpp/src/gandiva/make_precompiled_bitcode.py#L43
GitHub:apache/arrow (main),cpp/src/gandiva/make_precompiled_bitcode.py,45,f.read,True,DESCUPED_LOCAL_VARIABLE,data,Local transient variable 'data' (ownership discarded at function exit),,,https://github.com/apache/arrow/blob/main/cpp/src/gandiva/make_precompiled_bitcode.py#L45
GitHub:apache/arrow (main),dev/archery/archery/cli.py,877,event_payload.read,True,JSON_LOADS,json.loads,Direct in-place consumer 'json.loads' (safe zero-copy candidate),,trigger_bot,https://github.com/apache/arrow/blob/main/dev/archery/archery/cli.py#L877
GitHub:apache/arrow (main),dev/archery/archery/crossbow/core.py,851,description_file.read,True,DESCUPED_LOCAL_VARIABLE,description,Local transient variable 'description' (ownership discarded at function exit),Target,from_repo,https://github.com/apache/arrow/blob/main/dev/archery/archery/crossbow/core.py#L851
GitHub:apache/arrow (main),dev/archery/archery/utils/cache.py,76,conn.read,True,DESCUPED_LOCAL_VARIABLE,content,Local transient variable 'content' (ownership discarded at function exit),Cache,download,https://github.com/apache/arrow/blob/main/dev/archery/archery/utils/cache.py#L76
GitHub:apache/arrow (main),dev/archery/archery/utils/cmake.py,200,cmake_cache.read,True,DIRECT_CALL_ARGUMENT,CMAKE_BUILD_TYPE_RE.findall,Passed directly to consumer function 'CMAKE_BUILD_TYPE_RE.findall',CMakeBuild,from_path,https://github.com/apache/arrow/blob/main/dev/archery/archery/utils/cmake.py#L200
GitHub:apache/arrow (main),dev/archery/archery/utils/source.py,135,tar.read,True,DESCUPED_LOCAL_VARIABLE,archive,Local transient variable 'archive' (ownership discarded at function exit),ArrowSources,archive,https://github.com/apache/arrow/blob/main/dev/archery/archery/utils/source.py#L135
GitHub:apache/arrow (main),dev/merge_arrow_pr.py,583,config.read,True,STANDALONE_DRAIN,expr,Result discarded immediately after execution,,load_configuration,https://github.com/apache/arrow/blob/main/dev/merge_arrow_pr.py#L583
GitHub:apache/arrow (main),python/pyarrow/feather.py,262,reader.read,False,ESCAPING_RETURN,return,Directly returned from function (caller assumes ownership),,_read_table_internal,https://github.com/apache/arrow/blob/main/python/pyarrow/feather.py#L262
GitHub:apache/arrow (main),python/pyarrow/orc.py,187,self.reader.read,False,ESCAPING_RETURN,return,Directly returned from function (caller assumes ownership),ORCFile,read,https://github.com/apache/arrow/blob/main/python/pyarrow/orc.py#L187
GitHub:apache/arrow (main),python/pyarrow/orc.py,306,ORCFile.read,True,LOCAL_TRANSIENT,local,Local scope execution without explicit escape detected,,read_table,https://github.com/apache/arrow/blob/main/python/pyarrow/orc.py#L306
GitHub:apache/arrow (main),python/pyarrow/orc.py,308,ORCFile.read,False,ESCAPING_LOCAL_VAR,result,Variable 'result' returned from function,,read_table,https://github.com/apache/arrow/blob/main/python/pyarrow/orc.py#L308
GitHub:apache/arrow (main),python/pyarrow/parquet/core.py,1659,self.read,False,ESCAPING_RETURN,return,Directly returned from function (caller assumes ownership),ParquetDataset,read_pandas,https://github.com/apache/arrow/blob/main/python/pyarrow/parquet/core.py#L1659
GitHub:apache/arrow (main),python/pyarrow/parquet/core.py,1964,dataset.read,False,ESCAPING_RETURN,return,Directly returned from function (caller assumes ownership),,read_table,https://github.com/apache/arrow/blob/main/python/pyarrow/parquet/core.py#L1964
GitHub:apache/arrow (main),python/pyarrow/util.py,238,response.read,True,DIRECT_CALL_ARGUMENT,f.write,Passed directly to consumer function 'f.write',,_download_urllib,https://github.com/apache/arrow/blob/main/python/pyarrow/util.py#L238
GitHub:apache/arrow (main),python/pyarrow/vendored/docscrape.py,233,r.read,True,CHAINED_TRANSFORMATION,strip,Immediately transformed in-place via .strip(),NumpyDocString,_parse_param_list,https://github.com/apache/arrow/blob/main/python/pyarrow/vendored/docscrape.py#L233
GitHub:iterative/dvc (main),dvc/api/data.py,330,fd.read,False,ESCAPING_RETURN,return,Directly returned from function (caller assumes ownership),,read,https://github.com/iterative/dvc/blob/main/dvc/api/data.py#L330
GitHub:iterative/dvc (main),dvc/commands/cache.py,17,self.config.read,True,DESCUPED_LOCAL_VARIABLE,conf,Local transient variable 'conf' (ownership discarded at function exit),CmdCacheDir,run,https://github.com/iterative/dvc/blob/main/dvc/commands/cache.py#L17
GitHub:iterative/dvc (main),dvc/commands/config.py,74,self.config.read,True,DESCUPED_LOCAL_VARIABLE,conf,Local transient variable 'conf' (ownership discarded at function exit),CmdConfig,_list,https://github.com/iterative/dvc/blob/main/dvc/commands/config.py#L74
GitHub:iterative/dvc (main),dvc/commands/config.py,88,self.config.read,True,DESCUPED_LOCAL_VARIABLE,conf,Local transient variable 'conf' (ownership discarded at function exit),CmdConfig,_get,https://github.com/iterative/dvc/blob/main/dvc/commands/config.py#L88
GitHub:iterative/dvc (main),dvc/commands/remote.py,86,self.config.read,True,DESCUPED_LOCAL_VARIABLE,conf,Local transient variable 'conf' (ownership discarded at function exit),CmdRemoteDefault,run,https://github.com/iterative/dvc/blob/main/dvc/commands/remote.py#L86
GitHub:iterative/dvc (main),dvc/commands/remote.py,112,self.config.read,True,DESCUPED_LOCAL_VARIABLE,conf,Local transient variable 'conf' (ownership discarded at function exit),CmdRemoteList,run,https://github.com/iterative/dvc/blob/main/dvc/commands/remote.py#L112
GitHub:iterative/dvc (main),dvc/commands/studio.py,95,self.config.read,True,DESCUPED_LOCAL_VARIABLE,conf,Local transient variable 'conf' (ownership discarded at function exit),CmdStudioToken,run,https://github.com/iterative/dvc/blob/main/dvc/commands/studio.py#L95
GitHub:iterative/dvc (main),dvc/daemon.py,106,os.read,True,CHAINED_TRANSFORMATION,decode,Immediately transformed in-place via .decode(),,_posix_detached_subprocess,https://github.com/iterative/dvc/blob/main/dvc/daemon.py#L106
GitHub:iterative/dvc (main),dvc/ignore.py,120,fobj.readlines,True,DIRECT_CALL_ARGUMENT,map,Passed directly to consumer function 'map',DvcIgnorePatterns,from_file,https://github.com/iterative/dvc/blob/main/dvc/ignore.py#L120
GitHub:iterative/dvc (main),dvc/repo/artifacts.py,183,self.read,True,LOCAL_TRANSIENT,local,Local scope execution without explicit escape detected,Artifacts,get_path,https://github.com/iterative/dvc/blob/main/dvc/repo/artifacts.py#L183
GitHub:iterative/dvc (main),dvc/repo/experiments/cache.py,54,fobj.read,True,DESCUPED_LOCAL_VARIABLE,data,Local transient variable 'data' (ownership discarded at function exit),ExpCache,get,https://github.com/iterative/dvc/blob/main/dvc/repo/experiments/cache.py#L54
GitHub:iterative/dvc (main),dvc/repo/experiments/executor/local.py,133,repo.config.read,True,DIRECT_CALL_ARGUMENT,self._update_config,Passed directly to consumer function 'self._update_config',TempDirExecutor,init_git,https://github.com/iterative/dvc/blob/main/dvc/repo/experiments/executor/local.py#L133
GitHub:iterative/dvc (main),dvc/repo/experiments/queue/celery.py,448,fobj.read,True,DIRECT_CALL_ARGUMENT,ui.write,Passed directly to consumer function 'ui.write',LocalCeleryQueue,logs,https://github.com/iterative/dvc/blob/main/dvc/repo/experiments/queue/celery.py#L448
GitHub:iterative/dvc (main),dvc/repo/plots/__init__.py,553,fd.read,False,ESCAPING_RETURN,return,Directly returned from function (caller assumes ownership),,parse,https://github.com/iterative/dvc/blob/main/dvc/repo/plots/__init__.py#L553
GitHub:iterative/dvc (main),dvc/repo/plots/__init__.py,560,fd.read,False,ESCAPING_LOCAL_VAR,contents,Variable 'contents' returned from function,,parse,https://github.com/iterative/dvc/blob/main/dvc/repo/plots/__init__.py#L560
GitHub:iterative/dvc (main),dvc/scm.py,281,git_fs.open.read,True,LOCAL_TRANSIENT,local,Local scope execution without explicit escape detected,,lfs_prefetch,https://github.com/iterative/dvc/blob/main/dvc/scm.py#L281
GitHub:iterative/dvc (main),dvc/utils/serialize/_common.py,66,fd.read,True,DIRECT_CALL_ARGUMENT,parser,Passed directly to consumer function 'parser',,_load_data,https://github.com/iterative/dvc/blob/main/dvc/utils/serialize/_common.py#L66
GitHub:iterative/dvc (main),dvc/utils/strictyaml.py,293,fd.read,False,ESCAPING_LOCAL_VAR,text,Variable 'text' returned from function,,load,https://github.com/iterative/dvc/blob/main/dvc/utils/strictyaml.py#L293
GitHub:dask/dask (main),dask/bag/avro.py,18,fo.read,True,DESCUPED_LOCAL_VARIABLE,c,Local transient variable 'c' (ownership discarded at function exit),,read_long,https://github.com/dask/dask/blob/main/dask/bag/avro.py#L18
GitHub:dask/dask (main),dask/bag/avro.py,23,fo.read,True,DIRECT_CALL_ARGUMENT,ord,Passed directly to consumer function 'ord',,read_long,https://github.com/dask/dask/blob/main/dask/bag/avro.py#L23
GitHub:dask/dask (main),dask/bag/avro.py,32,fo.read,False,ESCAPING_RETURN,return,Directly returned from function (caller assumes ownership),,read_bytes,https://github.com/dask/dask/blob/main/dask/bag/avro.py#L32
GitHub:dask/dask (main),dask/bag/avro.py,47,fo.read,True,LOCAL_TRANSIENT,local,Local scope execution without explicit escape detected,,read_header,https://github.com/dask/dask/blob/main/dask/bag/avro.py#L47
GitHub:dask/dask (main),dask/bag/avro.py,56,read_bytes,True,STANDALONE_DRAIN,expr,Result discarded immediately after execution,,read_header,https://github.com/dask/dask/blob/main/dask/bag/avro.py#L56
GitHub:dask/dask (main),dask/bag/avro.py,57,read_bytes,True,STANDALONE_DRAIN,expr,Result discarded immediately after execution,,read_header,https://github.com/dask/dask/blob/main/dask/bag/avro.py#L57
GitHub:dask/dask (main),dask/bag/avro.py,58,fo.read,True,LOCAL_TRANSIENT,local,Local scope execution without explicit escape detected,,read_header,https://github.com/dask/dask/blob/main/dask/bag/avro.py#L58
GitHub:dask/dask (main),dask/bag/avro.py,61,fo.read,True,LOCAL_TRANSIENT,local,Local scope execution without explicit escape detected,,read_header,https://github.com/dask/dask/blob/main/dask/bag/avro.py#L61
GitHub:dask/dask (main),dask/bag/avro.py,152,read_block,True,DESCUPED_LOCAL_VARIABLE,chunk,Local transient variable 'chunk' (ownership discarded at function exit),,read_chunk,https://github.com/dask/dask/blob/main/dask/bag/avro.py#L152
GitHub:dask/dask (main),dask/bag/text.py,133,read_bytes,True,DESCUPED_LOCAL_VARIABLE,o,Local transient variable 'o' (ownership discarded at function exit),,read_text,https://github.com/dask/dask/blob/main/dask/bag/text.py#L133
GitHub:dask/dask (main),dask/bag/text.py,168,f.read,True,DESCUPED_LOCAL_VARIABLE,text,Local transient variable 'text' (ownership discarded at function exit),,file_to_blocks,https://github.com/dask/dask/blob/main/dask/bag/text.py#L168
GitHub:dask/dask (main),dask/bytes/core.py,171,f.read,False,ESCAPING_LOCAL_VAR,sample,Variable 'sample' returned from function,,read_bytes,https://github.com/dask/dask/blob/main/dask/bytes/core.py#L171
GitHub:dask/dask (main),dask/bytes/core.py,173,f.read,True,DESCUPED_LOCAL_VARIABLE,sample_buff,Local transient variable 'sample_buff' (ownership discarded at function exit),,read_bytes,https://github.com/dask/dask/blob/main/dask/bytes/core.py#L173
GitHub:dask/dask (main),dask/bytes/core.py,175,f.read,True,DESCUPED_LOCAL_VARIABLE,new,Local transient variable 'new' (ownership discarded at function exit),,read_bytes,https://github.com/dask/dask/blob/main/dask/bytes/core.py#L175
GitHub:dask/dask (main),dask/bytes/core.py,193,f.read,False,ESCAPING_RETURN,return,Directly returned from function (caller assumes ownership),,read_block_from_file,https://github.com/dask/dask/blob/main/dask/bytes/core.py#L193
GitHub:dask/dask (main),dask/bytes/core.py,194,read_block,False,ESCAPING_RETURN,return,Directly returned from function (caller assumes ownership),,read_block_from_file,https://github.com/dask/dask/blob/main/dask/bytes/core.py#L194
GitHub:dask/dask (main),dask/bytes/utils.py,17,out.read,False,ESCAPING_RETURN,return,Directly returned from function (caller assumes ownership),,zip_compress,https://github.com/dask/dask/blob/main/dask/bytes/utils.py#L17
GitHub:dask/dask (main),dask/config.py,180,f.read,True,YAML_LOADS,yaml.safe_load,Direct in-place consumer 'yaml.safe_load' (safe zero-copy candidate),,_load_config_file,https://github.com/dask/dask/blob/main/dask/config.py#L180
GitHub:dask/dask (main),dask/dataframe/dask_expr/_str_accessor.py,136,ser.str.cat,False,ESCAPING_RETURN,return,Directly returned from function (caller assumes ownership),CatBlockwise,operation,https://github.com/dask/dask/blob/main/dask/dataframe/dask_expr/_str_accessor.py#L136
GitHub:dask/dask (main),dask/dataframe/dask_expr/_str_accessor.py,156,ser.str.cat,False,ESCAPING_RETURN,return,Directly returned from function (caller assumes ownership),Cat,reduction_chunk,https://github.com/dask/dask/blob/main/dask/dataframe/dask_expr/_str_accessor.py#L156
GitHub:dask/dask (main),dask/dataframe/io/csv.py,521,read_bytes,True,DESCUPED_LOCAL_VARIABLE,b_out,Local transient variable 'b_out' (ownership discarded at function exit),,read_pandas,https://github.com/dask/dask/blob/main/dask/dataframe/io/csv.py#L521
GitHub:dask/dask (main),dask/dataframe/io/json.py,218,read_bytes,True,DESCUPED_LOCAL_VARIABLE,b_out,Local transient variable 'b_out' (ownership discarded at function exit),,read_json,https://github.com/dask/dask/blob/main/dask/dataframe/io/json.py#L218
GitHub:dask/dask (main),dask/dataframe/io/parquet/arrow.py,262,pq.ParquetFile.read,False,ESCAPING_RETURN,return,Directly returned from function (caller assumes ownership),,_read_table_from_path,https://github.com/dask/dask/blob/main/dask/dataframe/io/parquet/arrow.py#L262
GitHub:dask/dask (main),dask/system.py,23,f.read,True,DIRECT_CALL_ARGUMENT,int,Passed directly to consumer function 'int',,_try_extract_cgroup_cpu_quota,https://github.com/dask/dask/blob/main/dask/system.py#L23
GitHub:dask/dask (main),dask/system.py,25,f.read,True,DIRECT_CALL_ARGUMENT,int,Passed directly to consumer function 'int',,_try_extract_cgroup_cpu_quota,https://github.com/dask/dask/blob/main/dask/system.py#L25
GitHub:dask/dask (main),dask/system.py,33,f.read,True,CHAINED_TRANSFORMATION,strip,Immediately transformed in-place via .strip(),,_try_extract_cgroup_cpu_quota,https://github.com/dask/dask/blob/main/dask/system.py#L33
GitHub:dask/dask (main),dask/system.py,37,f.read,True,CHAINED_TRANSFORMATION,split,Immediately transformed in-place via .split(),,_try_extract_cgroup_cpu_quota,https://github.com/dask/dask/blob/main/dask/system.py#L37
GitHub:modin-project/modin (main),modin/core/io/text/excel_dispatcher.py,116,ex.read,True,STANDALONE_DRAIN,expr,Result discarded immediately after execution,ExcelDispatcher,_read,https://github.com/modin-project/modin/blob/main/modin/core/io/text/excel_dispatcher.py#L116
GitHub:modin-project/modin (main),modin/core/io/text/excel_dispatcher.py,145,f.read,True,BYTESIO_STREAM,BytesIO,Direct in-place consumer 'BytesIO' (safe zero-copy candidate),ExcelDispatcher,_read,https://github.com/modin-project/modin/blob/main/modin/core/io/text/excel_dispatcher.py#L145
GitHub:modin-project/modin (main),modin/core/io/text/excel_dispatcher.py,152,f.read,True,DESCUPED_LOCAL_VARIABLE,sheet_block,Local transient variable 'sheet_block' (ownership discarded at function exit),ExcelDispatcher,_read,https://github.com/modin-project/modin/blob/main/modin/core/io/text/excel_dispatcher.py#L152
GitHub:modin-project/modin (main),modin/core/io/text/excel_dispatcher.py,155,f.read,True,LOCAL_TRANSIENT,local,Local scope execution without explicit escape detected,ExcelDispatcher,_read,https://github.com/modin-project/modin/blob/main/modin/core/io/text/excel_dispatcher.py#L155
GitHub:modin-project/modin (main),modin/core/io/text/excel_dispatcher.py,223,f.read,True,DESCUPED_LOCAL_VARIABLE,chunk,Local transient variable 'chunk' (ownership discarded at function exit),ExcelDispatcher,_read,https://github.com/modin-project/modin/blob/main/modin/core/io/text/excel_dispatcher.py#L223
GitHub:modin-project/modin (main),modin/core/io/text/excel_dispatcher.py,233,f.read,True,LOCAL_TRANSIENT,local,Local scope execution without explicit escape detected,ExcelDispatcher,_read,https://github.com/modin-project/modin/blob/main/modin/core/io/text/excel_dispatcher.py#L233
GitHub:modin-project/modin (main),modin/core/io/text/json_dispatcher.py,70,f.readline,True,LOCAL_TRANSIENT,local,Local scope execution without explicit escape detected,JSONDispatcher,_read,https://github.com/modin-project/modin/blob/main/modin/core/io/text/json_dispatcher.py#L70
GitHub:modin-project/modin (main),modin/core/io/text/text_file_dispatcher.py,184,f.read,True,DESCUPED_LOCAL_VARIABLE,chunk,Local transient variable 'chunk' (ownership discarded at function exit),TextFileDispatcher,offset,https://github.com/modin-project/modin/blob/main/modin/core/io/text/text_file_dispatcher.py#L184
GitHub:modin-project/modin (main),modin/core/io/text/text_file_dispatcher.py,455,file_like.readline,True,STANDALONE_DRAIN,expr,Result discarded immediately after execution,TextFileDispatcher,compute_newline,https://github.com/modin-project/modin/blob/main/modin/core/io/text/text_file_dispatcher.py#L455
GitHub:modin-project/modin (main),modin/core/io/text/utils.py,46,self.file.read,True,DESCUPED_LOCAL_VARIABLE,chunk,Local transient variable 'chunk' (ownership discarded at function exit),CustomNewlineIterator,__iter__,https://github.com/modin-project/modin/blob/main/modin/core/io/text/utils.py#L46
GitHub:modin-project/modin (main),modin/core/io/text/utils.py,56,self.file.read,True,DESCUPED_LOCAL_VARIABLE,chunk,Local transient variable 'chunk' (ownership discarded at function exit),CustomNewlineIterator,__iter__,https://github.com/modin-project/modin/blob/main/modin/core/io/text/utils.py#L56
GitHub:modin-project/modin (main),modin/core/storage_formats/pandas/parsers.py,199,fio.readline,True,LOCAL_TRANSIENT,local,Local scope execution without explicit escape detected,PandasParser,generic_parse,https://github.com/modin-project/modin/blob/main/modin/core/storage_formats/pandas/parsers.py#L199
GitHub:modin-project/modin (main),modin/core/storage_formats/pandas/parsers.py,202,fio.readline,True,LOCAL_TRANSIENT,local,Local scope execution without explicit escape detected,PandasParser,generic_parse,https://github.com/modin-project/modin/blob/main/modin/core/storage_formats/pandas/parsers.py#L202
GitHub:modin-project/modin (main),modin/core/storage_formats/pandas/parsers.py,205,bio.readline,True,DESCUPED_LOCAL_VARIABLE,header,Local transient variable 'header' (ownership discarded at function exit),PandasParser,generic_parse,https://github.com/modin-project/modin/blob/main/modin/core/storage_formats/pandas/parsers.py#L205
GitHub:modin-project/modin (main),modin/core/storage_formats/pandas/parsers.py,210,bio.readline,True,LOCAL_TRANSIENT,local,Local scope execution without explicit escape detected,PandasParser,generic_parse,https://github.com/modin-project/modin/blob/main/modin/core/storage_formats/pandas/parsers.py#L210
GitHub:modin-project/modin (main),modin/core/storage_formats/pandas/parsers.py,213,bio.readline,True,LOCAL_TRANSIENT,local,Local scope execution without explicit escape detected,PandasParser,generic_parse,https://github.com/modin-project/modin/blob/main/modin/core/storage_formats/pandas/parsers.py#L213
GitHub:modin-project/modin (main),modin/core/storage_formats/pandas/parsers.py,216,bio.read,True,LOCAL_TRANSIENT,local,Local scope execution without explicit escape detected,PandasParser,generic_parse,https://github.com/modin-project/modin/blob/main/modin/core/storage_formats/pandas/parsers.py#L216
GitHub:modin-project/modin (main),modin/core/storage_formats/pandas/parsers.py,535,file.read,True,DESCUPED_LOCAL_VARIABLE,bytes_data,Local transient variable 'bytes_data' (ownership discarded at function exit),PandasExcelParser,parse,https://github.com/modin-project/modin/blob/main/modin/core/storage_formats/pandas/parsers.py#L535
GitHub:modin-project/modin (main),modin/core/storage_formats/pandas/parsers.py,618,parser.read,False,ESCAPING_LOCAL_VAR,pandas_df,Variable 'pandas_df' returned from function,PandasExcelParser,parse,https://github.com/modin-project/modin/blob/main/modin/core/storage_formats/pandas/parsers.py#L618
GitHub:modin-project/modin (main),modin/core/storage_formats/pandas/parsers.py,664,bio.read,True,LOCAL_TRANSIENT,local,Local scope execution without explicit escape detected,PandasJSONParser,parse,https://github.com/modin-project/modin/blob/main/modin/core/storage_formats/pandas/parsers.py#L664
GitHub:modin-project/modin (main),modin/experimental/core/storage_formats/pandas/parsers.py,61,bio.readline,True,LOCAL_TRANSIENT,local,Local scope execution without explicit escape detected,ExperimentalPandasCSVGlobParser,parse,https://github.com/modin-project/modin/blob/main/modin/experimental/core/storage_formats/pandas/parsers.py#L61
GitHub:modin-project/modin (main),modin/experimental/core/storage_formats/pandas/parsers.py,65,bio.read,True,LOCAL_TRANSIENT,local,Local scope execution without explicit escape detected,ExperimentalPandasCSVGlobParser,parse,https://github.com/modin-project/modin/blob/main/modin/experimental/core/storage_formats/pandas/parsers.py#L65
GitHub:modin-project/modin (main),setup.py,6,fh.read,True,DESCUPED_LOCAL_VARIABLE,long_description,Local transient variable 'long_description' (ownership discarded at function exit),,,https://github.com/modin-project/modin/blob/main/setup.py#L6
GitHub:modin-project/modin (main),versioneer.py,1544,f.read,True,DESCUPED_LOCAL_VARIABLE,contents,Local transient variable 'contents' (ownership discarded at function exit),,versions_from_file,https://github.com/modin-project/modin/blob/main/versioneer.py#L1544
GitHub:modin-project/modin (main),versioneer.py,2260,f.read,True,DESCUPED_LOCAL_VARIABLE,old,Local transient variable 'old' (ownership discarded at function exit),,do_setup,https://github.com/modin-project/modin/blob/main/versioneer.py#L2260
GitHub:modin-project/modin (main),versioneer.py,2292,f.readlines,True,LOCAL_TRANSIENT,local,Local scope execution without explicit escape detected,,scan_setup_py,https://github.com/modin-project/modin/blob/main/versioneer.py#L2292
GitHub:feast-dev/feast (master),sdk/python/feast/credentials.py,324,f.read,True,CHAINED_TRANSFORMATION,strip,Immediately transformed in-place via .strip(),KubernetesSecretProvider,_current_namespace,https://github.com/feast-dev/feast/blob/master/sdk/python/feast/credentials.py#L324
GitHub:feast-dev/feast (master),sdk/python/feast/demos.py,68,fh.read,True,DIRECT_CALL_ARGUMENT,os.path.expandvars,Passed directly to consumer function 'os.path.expandvars',,_parse_yaml,https://github.com/feast-dev/feast/blob/master/sdk/python/feast/demos.py#L68
GitHub:feast-dev/feast (master),sdk/python/feast/feature_server.py,955,f.read,False,ESCAPING_LOCAL_VAR,content,Variable 'content' returned from function,,chat_ui,https://github.com/feast-dev/feast/blob/master/sdk/python/feast/feature_server.py#L955
GitHub:feast-dev/feast (master),sdk/python/feast/file_utils.py,29,f.read,True,DESCUPED_LOCAL_VARIABLE,contents,Local transient variable 'contents' (ownership discarded at function exit),,replace_str_in_file,https://github.com/feast-dev/feast/blob/master/sdk/python/feast/file_utils.py#L29
GitHub:feast-dev/feast (master),sdk/python/feast/file_utils.py,55,f.readlines,True,DIRECT_CALL_ARGUMENT,list,Passed directly to consumer function 'list',,remove_lines_from_file,https://github.com/feast-dev/feast/blob/master/sdk/python/feast/file_utils.py#L55
GitHub:feast-dev/feast (master),sdk/python/feast/infra/compute_engines/aws_lambda/lambda_engine.py,277,read,True,JSON_LOADS,json.loads,Direct in-place consumer 'json.loads' (safe zero-copy candidate),LambdaComputeEngine,invoke_with_retries,https://github.com/feast-dev/feast/blob/master/sdk/python/feast/infra/compute_engines/aws_lambda/lambda_engine.py#L277
GitHub:feast-dev/feast (master),sdk/python/feast/infra/compute_engines/snowflake/snowflake_engine.py,176,file.read,True,DESCUPED_LOCAL_VARIABLE,sqlFile,Local transient variable 'sqlFile' (ownership discarded at function exit),SnowflakeComputeEngine,update,https://github.com/feast-dev/feast/blob/master/sdk/python/feast/infra/compute_engines/snowflake/snowflake_engine.py#L176
GitHub:feast-dev/feast (master),sdk/python/feast/infra/compute_engines/snowflake/snowflake_engine.py,204,file.read,True,DESCUPED_LOCAL_VARIABLE,sqlFile,Local transient variable 'sqlFile' (ownership discarded at function exit),SnowflakeComputeEngine,teardown_infra,https://github.com/feast-dev/feast/blob/master/sdk/python/feast/infra/compute_engines/snowflake/snowflake_engine.py#L204
GitHub:feast-dev/feast (master),sdk/python/feast/infra/offline_stores/remote.py,95,root_certs.read,True,LOCAL_TRANSIENT,local,Local scope execution without explicit escape detected,,build_arrow_flight_client,https://github.com/feast-dev/feast/blob/master/sdk/python/feast/infra/offline_stores/remote.py#L95
GitHub:feast-dev/feast (master),sdk/python/feast/infra/registry/contrib/azure/azure_registry_store.py,80,file_obj.read,True,PROTOBUF_PARSE,registry_proto.ParseFromString,Direct in-place consumer 'registry_proto.ParseFromString' (safe zero-copy candidate),AzBlobRegistryStore,get_registry_proto,https://github.com/feast-dev/feast/blob/master/sdk/python/feast/infra/registry/contrib/azure/azure_registry_store.py#L80
GitHub:feast-dev/feast (master),sdk/python/feast/infra/registry/contrib/hdfs/hdfs_registry_store.py,42,f.read,True,PROTOBUF_PARSE,registry_proto.ParseFromString,Direct in-place consumer 'registry_proto.ParseFromString' (safe zero-copy candidate),HDFSRegistryStore,get_registry_proto,https://github.com/feast-dev/feast/blob/master/sdk/python/feast/infra/registry/contrib/hdfs/hdfs_registry_store.py#L42
GitHub:feast-dev/feast (master),sdk/python/feast/infra/registry/file.py,24,self._filepath.read_bytes,True,PROTOBUF_PARSE,registry_proto.ParseFromString,Direct in-place consumer 'registry_proto.ParseFromString' (safe zero-copy candidate),FileRegistryStore,get_registry_proto,https://github.com/feast-dev/feast/blob/master/sdk/python/feast/infra/registry/file.py#L24
GitHub:feast-dev/feast (master),sdk/python/feast/infra/registry/gcs.py,46,file_obj.read,True,PROTOBUF_PARSE,registry_proto.ParseFromString,Direct in-place consumer 'registry_proto.ParseFromString' (safe zero-copy candidate),GCSRegistryStore,get_registry_proto,https://github.com/feast-dev/feast/blob/master/sdk/python/feast/infra/registry/gcs.py#L46
GitHub:feast-dev/feast (master),sdk/python/feast/infra/registry/remote.py,135,cert_file.read,True,DESCUPED_LOCAL_VARIABLE,trusted_certs,Local transient variable 'trusted_certs' (ownership discarded at function exit),RemoteRegistry,_create_grpc_channel,https://github.com/feast-dev/feast/blob/master/sdk/python/feast/infra/registry/remote.py#L135
GitHub:feast-dev/feast (master),sdk/python/feast/infra/registry/remote.py,140,key_file.read,True,DESCUPED_LOCAL_VARIABLE,private_key,Local transient variable 'private_key' (ownership discarded at function exit),RemoteRegistry,_create_grpc_channel,https://github.com/feast-dev/feast/blob/master/sdk/python/feast/infra/registry/remote.py#L140
GitHub:feast-dev/feast (master),sdk/python/feast/infra/registry/remote.py,142,cert_file.read,True,DESCUPED_LOCAL_VARIABLE,certificate_chain,Local transient variable 'certificate_chain' (ownership discarded at function exit),RemoteRegistry,_create_grpc_channel,https://github.com/feast-dev/feast/blob/master/sdk/python/feast/infra/registry/remote.py#L142
GitHub:feast-dev/feast (master),sdk/python/feast/infra/registry/s3.py,60,file_obj.read,True,PROTOBUF_PARSE,registry_proto.ParseFromString,Direct in-place consumer 'registry_proto.ParseFromString' (safe zero-copy candidate),S3RegistryStore,get_registry_proto,https://github.com/feast-dev/feast/blob/master/sdk/python/feast/infra/registry/s3.py#L60
GitHub:feast-dev/feast (master),sdk/python/feast/infra/registry/snowflake.py,145,file.read,True,CHAINED_TRANSFORMATION,split,Immediately transformed in-place via .split(),SnowflakeRegistry,__init__,https://github.com/feast-dev/feast/blob/master/sdk/python/feast/infra/registry/snowflake.py#L145
GitHub:feast-dev/feast (master),sdk/python/feast/infra/registry/snowflake.py,241,file.read,True,CHAINED_TRANSFORMATION,split,Immediately transformed in-place via .split(),SnowflakeRegistry,teardown,https://github.com/feast-dev/feast/blob/master/sdk/python/feast/infra/registry/snowflake.py#L241
GitHub:feast-dev/feast (master),sdk/python/feast/infra/utils/snowflake/snowflake_utils.py,72,config_reader.read,True,STANDALONE_DRAIN,expr,Result discarded immediately after execution,GetSnowflakeConnection,__enter__,https://github.com/feast-dev/feast/blob/master/sdk/python/feast/infra/utils/snowflake/snowflake_utils.py#L72
GitHub:feast-dev/feast (master),sdk/python/feast/infra/utils/snowflake/snowflake_utils.py,528,key.read,True,DIRECT_CALL_ARGUMENT,serialization.load_pem_private_key,Passed directly to consumer function 'serialization.load_pem_private_key',,parse_private_key_path,https://github.com/feast-dev/feast/blob/master/sdk/python/feast/infra/utils/snowflake/snowflake_utils.py#L528
GitHub:feast-dev/feast (master),sdk/python/feast/offline_server.py,25,f.read,True,CHAINED_TRANSFORMATION,strip,Immediately transformed in-place via .strip(),,_is_fips_enabled,https://github.com/feast-dev/feast/blob/master/sdk/python/feast/offline_server.py#L25
GitHub:feast-dev/feast (master),sdk/python/feast/offline_server.py,650,cert_file.read,True,DESCUPED_LOCAL_VARIABLE,tls_cert_chain,Local transient variable 'tls_cert_chain' (ownership discarded at function exit),,start_server,https://github.com/feast-dev/feast/blob/master/sdk/python/feast/offline_server.py#L650
GitHub:feast-dev/feast (master),sdk/python/feast/offline_server.py,652,key_file.read,True,DESCUPED_LOCAL_VARIABLE,tls_private_key,Local transient variable 'tls_private_key' (ownership discarded at function exit),,start_server,https://github.com/feast-dev/feast/blob/master/sdk/python/feast/offline_server.py#L652
GitHub:feast-dev/feast (master),sdk/python/feast/permissions/auth/kubernetes_token_parser.py,105,file.read,True,CHAINED_TRANSFORMATION,strip,Immediately transformed in-place via .strip(),KubernetesTokenParser,_read_namespace_from_file,https://github.com/feast-dev/feast/blob/master/sdk/python/feast/permissions/auth/kubernetes_token_parser.py#L105
GitHub:feast-dev/feast (master),sdk/python/feast/permissions/client/kubernetes_auth_client_manager.py,50,file.read,True,CHAINED_TRANSFORMATION,strip,Immediately transformed in-place via .strip(),KubernetesAuthClientManager,_read_token_from_file,https://github.com/feast-dev/feast/blob/master/sdk/python/feast/permissions/client/kubernetes_auth_client_manager.py#L50
GitHub:feast-dev/feast (master),sdk/python/feast/permissions/client/oidc_authentication_client_manager.py,77,f.read,True,CHAINED_TRANSFORMATION,strip,Immediately transformed in-place via .strip(),OidcAuthClientManager,_read_sa_token,https://github.com/feast-dev/feast/blob/master/sdk/python/feast/permissions/client/oidc_authentication_client_manager.py#L77
GitHub:feast-dev/feast (master),sdk/python/feast/registry_server.py,1958,cert_file.read,True,DESCUPED_LOCAL_VARIABLE,certificate_chain,Local transient variable 'certificate_chain' (ownership discarded at function exit),,start_server,https://github.com/feast-dev/feast/blob/master/sdk/python/feast/registry_server.py#L1958
GitHub:feast-dev/feast (master),sdk/python/feast/registry_server.py,1959,key_file.read,True,DESCUPED_LOCAL_VARIABLE,private_key,Local transient variable 'private_key' (ownership discarded at function exit),,start_server,https://github.com/feast-dev/feast/blob/master/sdk/python/feast/registry_server.py#L1959
GitHub:feast-dev/feast (master),sdk/python/feast/repo_config.py,895,f.read,True,DIRECT_CALL_ARGUMENT,os.path.expandvars,Passed directly to consumer function 'os.path.expandvars',,load_repo_config,https://github.com/feast-dev/feast/blob/master/sdk/python/feast/repo_config.py#L895
GitHub:feast-dev/feast (master),sdk/python/feast/ui_server.py,1179,f.read,False,ESCAPING_LOCAL_VAR,content,Variable 'content' returned from function,,_serve_index,https://github.com/feast-dev/feast/blob/master/sdk/python/feast/ui_server.py#L1179
GitHub:pydata/xarray (main),xarray/core/accessor_str.py,303,self.cat,False,ESCAPING_RETURN,return,Directly returned from function (caller assumes ownership),StringAccessor,__add__,https://github.com/pydata/xarray/blob/main/xarray/core/accessor_str.py#L303
GitHub:pydata/xarray (main),xarray/core/accessor_str.py,584,start.str.cat,False,ESCAPING_RETURN,return,Directly returned from function (caller assumes ownership),StringAccessor,join,https://github.com/pydata/xarray/blob/main/xarray/core/accessor_str.py#L584
GitHub:pydata/xarray (main),xarray/core/utils.py,775,filename_or_obj.read,False,ESCAPING_LOCAL_VAR,magic_number,Variable 'magic_number' returned from function,,read_magic_number_from_file,https://github.com/pydata/xarray/blob/main/xarray/core/utils.py#L775
GitHub:kedro-org/kedro (main),features/steps/cli_steps.py,401,context.result.stdout.readline,True,DESCUPED_LOCAL_VARIABLE,stdout,Local transient variable 'stdout' (ownership discarded at function exit),,wait_for_notebook_to_run,https://github.com/kedro-org/kedro/blob/main/features/steps/cli_steps.py#L401
GitHub:kedro-org/kedro (main),features/steps/cli_steps.py,611,context.result.stdout.read,True,CHAINED_TRANSFORMATION,decode,Immediately transformed in-place via .decode(),,check_message_printed,https://github.com/kedro-org/kedro/blob/main/features/steps/cli_steps.py#L611
GitHub:kedro-org/kedro (main),features/steps/cli_steps.py,628,context.result.stdout.read,True,CHAINED_TRANSFORMATION,decode,Immediately transformed in-place via .decode(),,check_message_not_printed,https://github.com/kedro-org/kedro/blob/main/features/steps/cli_steps.py#L628
GitHub:kedro-org/kedro (main),features/steps/cli_steps.py,644,context.result.stderr.read,True,CHAINED_TRANSFORMATION,decode,Immediately transformed in-place via .decode(),,check_error_message_printed,https://github.com/kedro-org/kedro/blob/main/features/steps/cli_steps.py#L644
GitHub:kedro-org/kedro (main),kedro/config/omegaconf_config.py,353,open_config.read,True,CHAINED_TRANSFORMATION,decode,Immediately transformed in-place via .decode(),OmegaConfigLoader,load_and_merge_dir_config,https://github.com/kedro-org/kedro/blob/main/kedro/config/omegaconf_config.py#L353
GitHub:kedro-org/kedro (main),kedro/framework/session/store.py,19,self.read,True,DIRECT_CALL_ARGUMENT,super.__init__,Passed directly to consumer function 'super.__init__',BaseSessionStore,__init__,https://github.com/kedro-org/kedro/blob/main/kedro/framework/session/store.py#L19
GitHub:kedro-org/kedro (main),kedro/ipython/__init__.py,449,file.readlines,True,LOCAL_TRANSIENT,local,Local scope execution without explicit escape detected,,_prepare_imports,https://github.com/kedro-org/kedro/blob/main/kedro/ipython/__init__.py#L449
GitHub:kedro-org/kedro (main),kedro/templates/project/hooks/utils.py,45,file.readlines,True,DESCUPED_LOCAL_VARIABLE,lines,Local transient variable 'lines' (ownership discarded at function exit),,_remove_from_file,https://github.com/kedro-org/kedro/blob/main/kedro/templates/project/hooks/utils.py#L45
GitHub:kedro-org/kedro (main),kedro/templates/project/hooks/utils.py,168,file.readlines,True,DESCUPED_LOCAL_VARIABLE,lines,Local transient variable 'lines' (ownership discarded at function exit),,_remove_extras_from_kedro_datasets,https://github.com/kedro-org/kedro/blob/main/kedro/templates/project/hooks/utils.py#L168
GitHub:kedro-org/kedro (main),tools/github_actions/extract_release_notes.py,7,file.readlines,True,DESCUPED_LOCAL_VARIABLE,lines,Local transient variable 'lines' (ownership discarded at function exit),,extract_section,https://github.com/kedro-org/kedro/blob/main/tools/github_actions/extract_release_notes.py#L7
GitHub:pytorch/torchtitan (main),torchtitan/components/tokenizer.py,158,f.read,True,DIRECT_CALL_ARGUMENT,self.set_chat_template,Passed directly to consumer function 'self.set_chat_template',HuggingFaceTokenizer,__init__,https://github.com/pytorch/torchtitan/blob/main/torchtitan/components/tokenizer.py#L158
GitHub:pytorch/torchtitan (main),torchtitan/distributed/linear.py,261,torch.cat,True,DIRECT_CALL_ARGUMENT,torch.ops.symm_mem.fused_matmul_reduce_scatter,Passed directly to consumer function 'torch.ops.symm_mem.fused_matmul_reduce_scatter',AllGatherLinearMulti,backward,https://github.com/pytorch/torchtitan/blob/main/torchtitan/distributed/linear.py#L261
GitHub:pytorch/torchtitan (main),torchtitan/distributed/linear.py,262,torch.cat,True,DIRECT_CALL_ARGUMENT,torch.ops.symm_mem.fused_matmul_reduce_scatter,Passed directly to consumer function 'torch.ops.symm_mem.fused_matmul_reduce_scatter',AllGatherLinearMulti,backward,https://github.com/pytorch/torchtitan/blob/main/torchtitan/distributed/linear.py#L262
GitHub:pytorch/torchtitan (main),torchtitan/experiments/graph_trainer/custom_codegen.py,430,f.read,True,DESCUPED_LOCAL_VARIABLE,existing_code,Local transient variable 'existing_code' (ownership discarded at function exit),_CodegenGraphModule,_setup_custom_codegen,https://github.com/pytorch/torchtitan/blob/main/torchtitan/experiments/graph_trainer/custom_codegen.py#L430
GitHub:pytorch/torchtitan (main),torchtitan/experiments/graph_trainer/custom_codegen.py,465,f.read,True,DESCUPED_LOCAL_VARIABLE,current_code,Local transient variable 'current_code' (ownership discarded at function exit),_CodegenGraphModule,_reload_forward_from_disk,https://github.com/pytorch/torchtitan/blob/main/torchtitan/experiments/graph_trainer/custom_codegen.py#L465
GitHub:pytorch/torchtitan (main),torchtitan/experiments/graph_trainer/custom_codegen.py,545,f.read,True,DESCUPED_LOCAL_VARIABLE,current_code,Local transient variable 'current_code' (ownership discarded at function exit),_CodegenGraphModule,_check_file_modified,https://github.com/pytorch/torchtitan/blob/main/torchtitan/experiments/graph_trainer/custom_codegen.py#L545
GitHub:pytorch/torchtitan (main),torchtitan/experiments/graph_trainer/ep_eager_chunk.py,44,torch.cat,False,ESCAPING_RETURN,return,Directly returned from function (caller assumes ownership),,_cat_chunked_outputs,https://github.com/pytorch/torchtitan/blob/main/torchtitan/experiments/graph_trainer/ep_eager_chunk.py#L44
GitHub:pytorch/torchtitan (main),torchtitan/experiments/graph_trainer/storage.py,78,path.read_bytes,False,ESCAPING_RETURN,return,Directly returned from function (caller assumes ownership),DiskStorageAdapter,load,https://github.com/pytorch/torchtitan/blob/main/torchtitan/experiments/graph_trainer/storage.py#L78
GitHub:pytorch/torchtitan (main),torchtitan/experiments/rl/components/batcher.py,363,torch.cat,True,LOCAL_TRANSIENT,local,Local scope execution without explicit escape detected,Batcher,collate,https://github.com/pytorch/torchtitan/blob/main/torchtitan/experiments/rl/components/batcher.py#L363
GitHub:pytorch/torchtitan (main),torchtitan/experiments/rl/components/batcher.py,364,torch.cat,True,LOCAL_TRANSIENT,local,Local scope execution without explicit escape detected,Batcher,collate,https://github.com/pytorch/torchtitan/blob/main/torchtitan/experiments/rl/components/batcher.py#L364
GitHub:pytorch/torchtitan (main),torchtitan/experiments/rl/components/batcher.py,365,torch.cat,True,LOCAL_TRANSIENT,local,Local scope execution without explicit escape detected,Batcher,collate,https://github.com/pytorch/torchtitan/blob/main/torchtitan/experiments/rl/components/batcher.py#L365
GitHub:pytorch/torchtitan (main),torchtitan/experiments/rl/components/batcher.py,366,torch.cat,True,LOCAL_TRANSIENT,local,Local scope execution without explicit escape detected,Batcher,collate,https://github.com/pytorch/torchtitan/blob/main/torchtitan/experiments/rl/components/batcher.py#L366
GitHub:pytorch/torchtitan (main),torchtitan/experiments/rl/components/batcher.py,367,torch.cat,True,LOCAL_TRANSIENT,local,Local scope execution without explicit escape detected,Batcher,collate,https://github.com/pytorch/torchtitan/blob/main/torchtitan/experiments/rl/components/batcher.py#L367
GitHub:pytorch/torchtitan (main),torchtitan/experiments/rl/components/batcher.py,368,torch.cat,True,LOCAL_TRANSIENT,local,Local scope execution without explicit escape detected,Batcher,collate,https://github.com/pytorch/torchtitan/blob/main/torchtitan/experiments/rl/components/batcher.py#L368
GitHub:pytorch/torchtitan (main),torchtitan/experiments/transformers_modeling_backend/state_dict_adapter.py,264,torch.cat,True,DESCUPED_LOCAL_VARIABLE,fused_value,Local transient variable 'fused_value' (ownership discarded at function exit),,titan_to_hf_moe_state_dict,https://github.com/pytorch/torchtitan/blob/main/torchtitan/experiments/transformers_modeling_backend/state_dict_adapter.py#L264
GitHub:pytorch/torchtitan (main),torchtitan/hf_datasets/multimodal/mm_collator.py,198,torch.cat,True,DESCUPED_LOCAL_VARIABLE,prev_vision,Local transient variable 'prev_vision' (ownership discarded at function exit),MultiModalCollator,_build_mrope_positions,https://github.com/pytorch/torchtitan/blob/main/torchtitan/hf_datasets/multimodal/mm_collator.py#L198
GitHub:pytorch/torchtitan (main),torchtitan/hf_datasets/multimodal/mm_collator.py,310,torch.cat,True,LOCAL_TRANSIENT,local,Local scope execution without explicit escape detected,MultiModalCollator,_build_mrope_positions,https://github.com/pytorch/torchtitan/blob/main/torchtitan/hf_datasets/multimodal/mm_collator.py#L310
GitHub:pytorch/torchtitan (main),torchtitan/hf_datasets/multimodal/utils/image.py,358,torch.cat,True,DESCUPED_LOCAL_VARIABLE,img,Local transient variable 'img' (ownership discarded at function exit),,vision_to_patches,https://github.com/pytorch/torchtitan/blob/main/torchtitan/hf_datasets/multimodal/utils/image.py#L358
GitHub:pytorch/torchtitan (main),torchtitan/hf_datasets/multimodal/utils/packing.py,84,torch.cat,True,LOCAL_TRANSIENT,local,Local scope execution without explicit escape detected,MMSamplePacker,_merge_samples,https://github.com/pytorch/torchtitan/blob/main/torchtitan/hf_datasets/multimodal/utils/packing.py#L84
GitHub:pytorch/torchtitan (main),torchtitan/hf_datasets/multimodal/utils/packing.py,85,torch.cat,True,LOCAL_TRANSIENT,local,Local scope execution without explicit escape detected,MMSamplePacker,_merge_samples,https://github.com/pytorch/torchtitan/blob/main/torchtitan/hf_datasets/multimodal/utils/packing.py#L85
GitHub:pytorch/torchtitan (main),torchtitan/hf_datasets/multimodal/utils/packing.py,86,torch.cat,True,LOCAL_TRANSIENT,local,Local scope execution without explicit escape detected,MMSamplePacker,_merge_samples,https://github.com/pytorch/torchtitan/blob/main/torchtitan/hf_datasets/multimodal/utils/packing.py#L86
GitHub:pytorch/torchtitan (main),torchtitan/hf_datasets/multimodal/utils/text.py,32,torch.cat,False,ESCAPING_LOCAL_VAR,input_ids,Variable 'input_ids' returned from function,,pad_seq_len,https://github.com/pytorch/torchtitan/blob/main/torchtitan/hf_datasets/multimodal/utils/text.py#L32
GitHub:pytorch/torchtitan (main),torchtitan/hf_datasets/multimodal/utils/text.py,33,torch.cat,False,ESCAPING_LOCAL_VAR,labels,Variable 'labels' returned from function,,pad_seq_len,https://github.com/pytorch/torchtitan/blob/main/torchtitan/hf_datasets/multimodal/utils/text.py#L33
GitHub:pytorch/torchtitan (main),torchtitan/hf_datasets/multimodal/utils/text.py,64,torch.cat,False,ESCAPING_LOCAL_VAR,input_ids,Variable 'input_ids' returned from function,,pad_batch_dim,https://github.com/pytorch/torchtitan/blob/main/torchtitan/hf_datasets/multimodal/utils/text.py#L64
GitHub:pytorch/torchtitan (main),torchtitan/hf_datasets/multimodal/utils/text.py,65,torch.cat,False,ESCAPING_LOCAL_VAR,labels,Variable 'labels' returned from function,,pad_batch_dim,https://github.com/pytorch/torchtitan/blob/main/torchtitan/hf_datasets/multimodal/utils/text.py#L65
GitHub:pytorch/torchtitan (main),torchtitan/models/common/attention.py,657,torch.cat,True,DESCUPED_LOCAL_VARIABLE,sample_cu_seqlens,Local transient variable 'sample_cu_seqlens' (ownership discarded at function exit),,create_varlen_metadata_for_document,https://github.com/pytorch/torchtitan/blob/main/torchtitan/models/common/attention.py#L657
GitHub:pytorch/torchtitan (main),torchtitan/models/common/attention.py,669,torch.cat,False,ESCAPING_LOCAL_VAR,packed_cu_seqlens,Variable 'packed_cu_seqlens' returned from function,,create_varlen_metadata_for_document,https://github.com/pytorch/torchtitan/blob/main/torchtitan/models/common/attention.py#L669
GitHub:pytorch/torchtitan (main),torchtitan/models/common/attention.py,695,torch.cat,True,DESCUPED_LOCAL_VARIABLE,all_seq_lengths,Local transient variable 'all_seq_lengths' (ownership discarded at function exit),,create_varlen_metadata_for_document,https://github.com/pytorch/torchtitan/blob/main/torchtitan/models/common/attention.py#L695
GitHub:pytorch/torchtitan (main),torchtitan/models/common/attention.py,924,torch.cat,True,LOCAL_TRANSIENT,local,Local scope execution without explicit escape detected,FusedQKVLinear,_merge_qkv_on_load,https://github.com/pytorch/torchtitan/blob/main/torchtitan/models/common/attention.py#L924
GitHub:pytorch/torchtitan (main),torchtitan/models/common/config_utils.py,150,torch.cat,True,LOCAL_TRANSIENT,local,Local scope execution without explicit escape detected,,_init,https://github.com/pytorch/torchtitan/blob/main/torchtitan/models/common/config_utils.py#L150
GitHub:pytorch/torchtitan (main),torchtitan/models/common/rope.py,305,torch.cat,True,DESCUPED_LOCAL_VARIABLE,theta,Local transient variable 'theta' (ownership discarded at function exit),CosSinRoPE,_precompute_cache,https://github.com/pytorch/torchtitan/blob/main/torchtitan/models/common/rope.py#L305
GitHub:pytorch/torchtitan (main),torchtitan/models/common/rope.py,309,torch.cat,False,ESCAPING_RETURN,return,Directly returned from function (caller assumes ownership),CosSinRoPE,_precompute_cache,https://github.com/pytorch/torchtitan/blob/main/torchtitan/models/common/rope.py#L309
GitHub:pytorch/torchtitan (main),torchtitan/models/common/rope.py,346,torch.cat,False,ESCAPING_RETURN,return,Directly returned from function (caller assumes ownership),CosSinRoPE,_rotate_half,https://github.com/pytorch/torchtitan/blob/main/torchtitan/models/common/rope.py#L346
GitHub:pytorch/torchtitan (main),torchtitan/models/deepseek_v3/model.py,126,torch.cat,True,DESCUPED_LOCAL_VARIABLE,q,Local transient variable 'q' (ownership discarded at function exit),Attention,forward,https://github.com/pytorch/torchtitan/blob/main/torchtitan/models/deepseek_v3/model.py#L126
GitHub:pytorch/torchtitan (main),torchtitan/models/deepseek_v3/model.py,135,torch.cat,True,DESCUPED_LOCAL_VARIABLE,k,Local transient variable 'k' (ownership discarded at function exit),Attention,forward,https://github.com/pytorch/torchtitan/blob/main/torchtitan/models/deepseek_v3/model.py#L135
GitHub:pytorch/torchtitan (main),torchtitan/models/deepseek_v3/mtp.py,157,torch.cat,True,DIRECT_CALL_ARGUMENT,self.eh_proj,Passed directly to consumer function 'self.eh_proj',MTPTransformerBlock,forward,https://github.com/pytorch/torchtitan/blob/main/torchtitan/models/deepseek_v3/mtp.py#L157
GitHub:pytorch/torchtitan (main),torchtitan/models/flux/inference/infer.py,26,open.readlines,True,DESCUPED_LOCAL_VARIABLE,original_prompts,Local transient variable 'original_prompts' (ownership discarded at function exit),,inference,https://github.com/pytorch/torchtitan/blob/main/torchtitan/models/flux/inference/infer.py#L26
GitHub:pytorch/torchtitan (main),torchtitan/models/flux/inference/sampling.py,189,torch.cat,False,ESCAPING_LOCAL_VAR,latents,Variable 'latents' returned from function,,denoise,https://github.com/pytorch/torchtitan/blob/main/torchtitan/models/flux/inference/sampling.py#L189
GitHub:pytorch/torchtitan (main),torchtitan/models/flux/inference/sampling.py,190,torch.cat,True,DESCUPED_LOCAL_VARIABLE,t5_encodings,Local transient variable 't5_encodings' (ownership discarded at function exit),,denoise,https://github.com/pytorch/torchtitan/blob/main/torchtitan/models/flux/inference/sampling.py#L190
GitHub:pytorch/torchtitan (main),torchtitan/models/flux/inference/sampling.py,191,torch.cat,True,DESCUPED_LOCAL_VARIABLE,clip_encodings,Local transient variable 'clip_encodings' (ownership discarded at function exit),,denoise,https://github.com/pytorch/torchtitan/blob/main/torchtitan/models/flux/inference/sampling.py#L191
GitHub:pytorch/torchtitan (main),torchtitan/models/flux/model/layers.py,70,torch.cat,False,ESCAPING_LOCAL_VAR,emb,Variable 'emb' returned from function,EmbedND,forward,https://github.com/pytorch/torchtitan/blob/main/torchtitan/models/flux/model/layers.py#L70
GitHub:pytorch/torchtitan (main),torchtitan/models/flux/model/layers.py,101,torch.cat,False,ESCAPING_LOCAL_VAR,embedding,Variable 'embedding' returned from function,,timestep_embedding,https://github.com/pytorch/torchtitan/blob/main/torchtitan/models/flux/model/layers.py#L101
GitHub:pytorch/torchtitan (main),torchtitan/models/flux/model/layers.py,103,torch.cat,False,ESCAPING_LOCAL_VAR,embedding,Variable 'embedding' returned from function,,timestep_embedding,https://github.com/pytorch/torchtitan/blob/main/torchtitan/models/flux/model/layers.py#L103
GitHub:pytorch/torchtitan (main),torchtitan/models/flux/model/layers.py,274,torch.cat,False,ESCAPING_RETURN,return,Directly returned from function (caller assumes ownership),DoubleStreamBlock,_local_concat_text_image_attention_states,https://github.com/pytorch/torchtitan/blob/main/torchtitan/models/flux/model/layers.py#L274
GitHub:pytorch/torchtitan (main),torchtitan/models/flux/model/layers.py,386,torch.cat,True,DIRECT_CALL_ARGUMENT,self.linear2,Passed directly to consumer function 'self.linear2',SingleStreamBlock,forward,https://github.com/pytorch/torchtitan/blob/main/torchtitan/models/flux/model/layers.py#L386
GitHub:pytorch/torchtitan (main),torchtitan/models/flux/model/model.py,167,torch.cat,False,ESCAPING_RETURN,return,Directly returned from function (caller assumes ownership),FluxModel,_local_concat_text_image,https://github.com/pytorch/torchtitan/blob/main/torchtitan/models/flux/model/model.py#L167
GitHub:pytorch/torchtitan (main),torchtitan/models/flux/model/state_dict_adapter.py,162,torch.cat,False,ESCAPING_LOCAL_VAR,new_weight,Variable 'new_weight' returned from function,FluxStateDictAdapter,_swap_scale_shift,https://github.com/pytorch/torchtitan/blob/main/torchtitan/models/flux/model/state_dict_adapter.py#L162
GitHub:pytorch/torchtitan (main),torchtitan/models/flux/model/state_dict_adapter.py,294,torch.cat,True,DESCUPED_LOCAL_VARIABLE,value,Local transient variable 'value' (ownership discarded at function exit),FluxStateDictAdapter,from_hf,https://github.com/pytorch/torchtitan/blob/main/torchtitan/models/flux/model/state_dict_adapter.py#L294
GitHub:pytorch/torchtitan (main),torchtitan/models/gpt_oss/moe.py,156,torch.cat,True,LOCAL_TRANSIENT,local,Local scope execution without explicit escape detected,GptOssGroupedExperts,forward,https://github.com/pytorch/torchtitan/blob/main/torchtitan/models/gpt_oss/moe.py#L156
GitHub:pytorch/torchtitan (main),torchtitan/models/gpt_oss/moe.py,167,torch.cat,True,DESCUPED_LOCAL_VARIABLE,b1,Local transient variable 'b1' (ownership discarded at function exit),GptOssGroupedExperts,forward,https://github.com/pytorch/torchtitan/blob/main/torchtitan/models/gpt_oss/moe.py#L167
GitHub:pytorch/torchtitan (main),torchtitan/models/gpt_oss/moe.py,181,torch.cat,True,DESCUPED_LOCAL_VARIABLE,b2,Local transient variable 'b2' (ownership discarded at function exit),GptOssGroupedExperts,forward,https://github.com/pytorch/torchtitan/blob/main/torchtitan/models/gpt_oss/moe.py#L181
GitHub:pytorch/torchtitan (main),torchtitan/models/kimi_k2_7/state_dict_adapter.py,212,torch.cat,True,DESCUPED_LOCAL_VARIABLE,fused,Local transient variable 'fused' (ownership discarded at function exit),KimiK25StateDictAdapter,to_hf,https://github.com/pytorch/torchtitan/blob/main/torchtitan/models/kimi_k2_7/state_dict_adapter.py#L212
GitHub:pytorch/torchtitan (main),torchtitan/models/kimi_k2_7/vision_encoder.py,64,torch.cat,False,ESCAPING_RETURN,return,Directly returned from function (caller assumes ownership),,_get_temporal_pos_embed,https://github.com/pytorch/torchtitan/blob/main/torchtitan/models/kimi_k2_7/vision_encoder.py#L64
GitHub:pytorch/torchtitan (main),torchtitan/models/muse_glimmer/model.py,390,torch.cat,True,DESCUPED_LOCAL_VARIABLE,prev,Local transient variable 'prev' (ownership discarded at function exit),MuseGlimmerModel,_vision_spans,https://github.com/pytorch/torchtitan/blob/main/torchtitan/models/muse_glimmer/model.py#L390
GitHub:pytorch/torchtitan (main),torchtitan/models/muse_glimmer/model.py,391,torch.cat,True,DESCUPED_LOCAL_VARIABLE,nxt,Local transient variable 'nxt' (ownership discarded at function exit),MuseGlimmerModel,_vision_spans,https://github.com/pytorch/torchtitan/blob/main/torchtitan/models/muse_glimmer/model.py#L391
GitHub:pytorch/torchtitan (main),torchtitan/models/muse_glimmer/vision_encoder.py,260,torch.cat,False,ESCAPING_LOCAL_VAR,freq,Variable 'freq' returned from function,MuseGlimmerVisionEncoder,_make_2d_rope,https://github.com/pytorch/torchtitan/blob/main/torchtitan/models/muse_glimmer/vision_encoder.py#L260
GitHub:pytorch/torchtitan (main),torchtitan/models/muse_glimmer/vision_encoder.py,525,torch.cat,False,ESCAPING_RETURN,return,Directly returned from function (caller assumes ownership),MuseGlimmerVisionEncoder,forward,https://github.com/pytorch/torchtitan/blob/main/torchtitan/models/muse_glimmer/vision_encoder.py#L525
GitHub:pytorch/torchtitan (main),torchtitan/models/qwen3_5/model.py,563,torch.cat,True,DESCUPED_LOCAL_VARIABLE,xq_BLNH,Local transient variable 'xq_BLNH' (ownership discarded at function exit),Qwen35Attention,forward,https://github.com/pytorch/torchtitan/blob/main/torchtitan/models/qwen3_5/model.py#L563
GitHub:pytorch/torchtitan (main),torchtitan/models/qwen3_5/model.py,564,torch.cat,True,DESCUPED_LOCAL_VARIABLE,xk_BLNH,Local transient variable 'xk_BLNH' (ownership discarded at function exit),Qwen35Attention,forward,https://github.com/pytorch/torchtitan/blob/main/torchtitan/models/qwen3_5/model.py#L564
GitHub:pytorch/torchtitan (main),torchtitan/models/qwen3_5/model.py,808,torch.cat,True,DESCUPED_LOCAL_VARIABLE,prev_mask,Local transient variable 'prev_mask' (ownership discarded at function exit),Qwen35Model,_get_vision_positions,https://github.com/pytorch/torchtitan/blob/main/torchtitan/models/qwen3_5/model.py#L808
GitHub:pytorch/torchtitan (main),torchtitan/models/qwen3_5/rope.py,97,torch.cat,True,DESCUPED_LOCAL_VARIABLE,col_indices,Local transient variable 'col_indices' (ownership discarded at function exit),MRoPE,_compute_mrope_cache,https://github.com/pytorch/torchtitan/blob/main/torchtitan/models/qwen3_5/rope.py#L97
GitHub:pytorch/torchtitan (main),torchtitan/models/qwen3_5/rope.py,102,torch.cat,True,LOCAL_TRANSIENT,local,Local scope execution without explicit escape detected,MRoPE,_compute_mrope_cache,https://github.com/pytorch/torchtitan/blob/main/torchtitan/models/qwen3_5/rope.py#L102
GitHub:pytorch/torchtitan (main),torchtitan/models/qwen3_5/state_dict_adapter.py,221,torch.cat,True,LOCAL_TRANSIENT,local,Local scope execution without explicit escape detected,Qwen35StateDictAdapter,to_hf,https://github.com/pytorch/torchtitan/blob/main/torchtitan/models/qwen3_5/state_dict_adapter.py#L221
GitHub:pytorch/torchtitan (main),torchtitan/models/qwen3_5/state_dict_adapter.py,232,torch.cat,True,LOCAL_TRANSIENT,local,Local scope execution without explicit escape detected,Qwen35StateDictAdapter,to_hf,https://github.com/pytorch/torchtitan/blob/main/torchtitan/models/qwen3_5/state_dict_adapter.py#L232
GitHub:pytorch/torchtitan (main),torchtitan/models/qwen3_5/state_dict_adapter.py,242,torch.cat,True,LOCAL_TRANSIENT,local,Local scope execution without explicit escape detected,Qwen35StateDictAdapter,to_hf,https://github.com/pytorch/torchtitan/blob/main/torchtitan/models/qwen3_5/state_dict_adapter.py#L242
GitHub:pytorch/torchtitan (main),torchtitan/models/qwen3_5/state_dict_adapter.py,249,torch.cat,True,LOCAL_TRANSIENT,local,Local scope execution without explicit escape detected,Qwen35StateDictAdapter,to_hf,https://github.com/pytorch/torchtitan/blob/main/torchtitan/models/qwen3_5/state_dict_adapter.py#L249
GitHub:pytorch/torchtitan (main),torchtitan/models/qwen3_5/vision_encoder.py,197,torch.cat,True,DESCUPED_LOCAL_VARIABLE,rope_2d,Local transient variable 'rope_2d' (ownership discarded at function exit),,_compute_2d_rope_cache,https://github.com/pytorch/torchtitan/blob/main/torchtitan/models/qwen3_5/vision_encoder.py#L197
GitHub:pytorch/torchtitan (main),torchtitan/models/qwen3_5/vision_encoder.py,211,torch.cat,True,DESCUPED_LOCAL_VARIABLE,rope_embeds,Local transient variable 'rope_embeds' (ownership discarded at function exit),,_compute_2d_rope_cache,https://github.com/pytorch/torchtitan/blob/main/torchtitan/models/qwen3_5/vision_encoder.py#L211
GitHub:pytorch/torchtitan (main),torchtitan/models/qwen3_5/vision_encoder.py,212,torch.cat,True,LOCAL_TRANSIENT,local,Local scope execution without explicit escape detected,,_compute_2d_rope_cache,https://github.com/pytorch/torchtitan/blob/main/torchtitan/models/qwen3_5/vision_encoder.py#L212
GitHub:zarr-developers/zarr-python (main),src/zarr/codecs/sharding.py,1003,self._get_inner_pipeline.read,True,LOCAL_TRANSIENT,local,Local scope execution without explicit escape detected,ShardingCodec,_decode_single,https://github.com/zarr-developers/zarr-python/blob/main/src/zarr/codecs/sharding.py#L1003
GitHub:zarr-developers/zarr-python (main),src/zarr/codecs/sharding.py,1071,self._get_inner_pipeline.read,True,LOCAL_TRANSIENT,local,Local scope execution without explicit escape detected,ShardingCodec,_decode_partial_single,https://github.com/zarr-developers/zarr-python/blob/main/src/zarr/codecs/sharding.py#L1071
GitHub:zarr-developers/zarr-python (main),src/zarr/core/array.py,5480,codec_pipeline.read,True,LOCAL_TRANSIENT,local,Local scope execution without explicit escape detected,,_get_selection,https://github.com/zarr-developers/zarr-python/blob/main/src/zarr/core/array.py#L5480
GitHub:zarr-developers/zarr-python (main),src/zarr/storage/_local.py,32,path.read_bytes,True,DIRECT_CALL_ARGUMENT,prototype.buffer.from_bytes,Passed directly to consumer function 'prototype.buffer.from_bytes',,_get,https://github.com/zarr-developers/zarr-python/blob/main/src/zarr/storage/_local.py#L32
GitHub:zarr-developers/zarr-python (main),src/zarr/storage/_local.py,37,f.read,True,DIRECT_CALL_ARGUMENT,prototype.buffer.from_bytes,Passed directly to consumer function 'prototype.buffer.from_bytes',,_get,https://github.com/zarr-developers/zarr-python/blob/main/src/zarr/storage/_local.py#L37
GitHub:zarr-developers/zarr-python (main),src/zarr/storage/_local.py,44,f.read,True,DIRECT_CALL_ARGUMENT,prototype.buffer.from_bytes,Passed directly to consumer function 'prototype.buffer.from_bytes',,_get,https://github.com/zarr-developers/zarr-python/blob/main/src/zarr/storage/_local.py#L44
GitHub:zarr-developers/zarr-python (main),src/zarr/storage/_zip.py,69,self._fileobj.read,True,DESCUPED_LOCAL_VARIABLE,data,Local transient variable 'data' (ownership discarded at function exit),_RawReaderAdapter,readinto,https://github.com/zarr-developers/zarr-python/blob/main/src/zarr/storage/_zip.py#L69
GitHub:zarr-developers/zarr-python (main),src/zarr/storage/_zip.py,252,f.read,True,DIRECT_CALL_ARGUMENT,prototype.buffer.from_bytes,Passed directly to consumer function 'prototype.buffer.from_bytes',ZipStore,_get,https://github.com/zarr-developers/zarr-python/blob/main/src/zarr/storage/_zip.py#L252
GitHub:zarr-developers/zarr-python (main),src/zarr/storage/_zip.py,255,f.read,True,DIRECT_CALL_ARGUMENT,prototype.buffer.from_bytes,Passed directly to consumer function 'prototype.buffer.from_bytes',ZipStore,_get,https://github.com/zarr-developers/zarr-python/blob/main/src/zarr/storage/_zip.py#L255
GitHub:zarr-developers/zarr-python (main),src/zarr/storage/_zip.py,263,f.read,True,DIRECT_CALL_ARGUMENT,prototype.buffer.from_bytes,Passed directly to consumer function 'prototype.buffer.from_bytes',ZipStore,_get,https://github.com/zarr-developers/zarr-python/blob/main/src/zarr/storage/_zip.py#L263
GitHub:intake/intake (master),intake/catalog/local.py,648,f.read,True,CHAINED_TRANSFORMATION,decode,Immediately transformed in-place via .decode(),YAMLFileCatalog,_load,https://github.com/intake/intake/blob/master/intake/catalog/local.py#L648
GitHub:intake/intake (master),intake/interface/gui.py,111,source.read,True,DESCUPED_LOCAL_VARIABLE,cat,Local transient variable 'cat' (ownership discarded at function exit),GUI,cat_selected,https://github.com/intake/intake/blob/master/intake/interface/gui.py#L111
GitHub:intake/intake (master),intake/interface/source/defined_plots.py,283,self.source.read,True,DESCUPED_LOCAL_VARIABLE,data,Local transient variable 'data' (ownership discarded at function exit),Plots,draw,https://github.com/intake/intake/blob/master/intake/interface/source/defined_plots.py#L283
GitHub:intake/intake (master),intake/readers/catalogs.py,324,reader.read,False,ESCAPING_RETURN,return,Directly returned from function (caller assumes ownership),StackBands,_read,https://github.com/intake/intake/blob/master/intake/readers/catalogs.py#L324
GitHub:intake/intake (master),intake/readers/convert.py,138,data.read,False,ESCAPING_LOCAL_VAR,data,Variable 'data' returned from function,BaseConverter,_read,https://github.com/intake/intake/blob/master/intake/readers/convert.py#L138
GitHub:intake/intake (master),intake/readers/convert.py,151,data.read,False,ESCAPING_LOCAL_VAR,data,Variable 'data' returned from function,GenericFunc,_read,https://github.com/intake/intake/blob/master/intake/readers/convert.py#L151
GitHub:intake/intake (master),intake/readers/convert.py,397,reader.read,True,LOCAL_TRANSIENT,local,Local scope execution without explicit escape detected,DeltaQueryToDask,_read,https://github.com/intake/intake/blob/master/intake/readers/convert.py#L397
GitHub:intake/intake (master),intake/readers/convert.py,409,reader.read,True,LOCAL_TRANSIENT,local,Local scope execution without explicit escape detected,DeltaQueryToDaskGeopandas,_read,https://github.com/intake/intake/blob/master/intake/readers/convert.py#L409
GitHub:intake/intake (master),intake/readers/convert.py,442,StacCatalogReader.read,False,ESCAPING_RETURN,return,Directly returned from function (caller assumes ownership),GeoDataFrameToSTACCatalog,read,https://github.com/intake/intake/blob/master/intake/readers/convert.py#L442
GitHub:intake/intake (master),intake/readers/convert.py,566,LlamaServerReader.read,False,ESCAPING_RETURN,return,Directly returned from function (caller assumes ownership),GGUFToLlamaCPPService,run,https://github.com/intake/intake/blob/master/intake/readers/convert.py#L566
GitHub:intake/intake (master),intake/readers/convert.py,586,OpenAIReader.read,False,ESCAPING_RETURN,return,Directly returned from function (caller assumes ownership),OpenAIServiceToOpenAIClient,run,https://github.com/intake/intake/blob/master/intake/readers/convert.py#L586
GitHub:intake/intake (master),intake/readers/convert.py,930,v.read,True,LOCAL_TRANSIENT,local,Local scope execution without explicit escape detected,Pipeline,_read_stage_n,https://github.com/intake/intake/blob/master/intake/readers/convert.py#L930
GitHub:intake/intake (master),intake/readers/convert.py,942,func.read,False,ESCAPING_RETURN,return,Directly returned from function (caller assumes ownership),Pipeline,_read_stage_n,https://github.com/intake/intake/blob/master/intake/readers/convert.py#L942
GitHub:intake/intake (master),intake/readers/convert.py,946,func.read,False,ESCAPING_RETURN,return,Directly returned from function (caller assumes ownership),Pipeline,_read_stage_n,https://github.com/intake/intake/blob/master/intake/readers/convert.py#L946
GitHub:intake/intake (master),intake/readers/convert.py,952,func.read,False,ESCAPING_RETURN,return,Directly returned from function (caller assumes ownership),Pipeline,_read_stage_n,https://github.com/intake/intake/blob/master/intake/readers/convert.py#L952
GitHub:intake/intake (master),intake/readers/convert.py,956,func.read,False,ESCAPING_RETURN,return,Directly returned from function (caller assumes ownership),Pipeline,_read_stage_n,https://github.com/intake/intake/blob/master/intake/readers/convert.py#L956
GitHub:intake/intake (master),intake/readers/convert.py,1002,self.read,False,ESCAPING_RETURN,return,Directly returned from function (caller assumes ownership),Pipeline,discover,https://github.com/intake/intake/blob/master/intake/readers/convert.py#L1002
GitHub:intake/intake (master),intake/readers/datatypes.py,233,self.auto_pipeline.read,True,LOCAL_TRANSIENT,local,Local scope execution without explicit escape detected,BaseData,describe,https://github.com/intake/intake/blob/master/intake/readers/datatypes.py#L233
GitHub:intake/intake (master),intake/readers/datatypes.py,1932,fs.cat_file,True,DESCUPED_LOCAL_VARIABLE,head,Local transient variable 'head' (ownership discarded at function exit),,recommend,https://github.com/intake/intake/blob/master/intake/readers/datatypes.py#L1932
GitHub:intake/intake (master),intake/readers/mixins.py,22,self.read,True,LOCAL_TRANSIENT,local,Local scope execution without explicit escape detected,PipelineMixin,__getattr__,https://github.com/intake/intake/blob/master/intake/readers/mixins.py#L22
GitHub:intake/intake (master),intake/readers/mixins.py,42,self.read,True,LOCAL_TRANSIENT,local,Local scope execution without explicit escape detected,PipelineMixin,__getitem__,https://github.com/intake/intake/blob/master/intake/readers/mixins.py#L42
GitHub:intake/intake (master),intake/readers/readers.py,110,self.read,False,ESCAPING_RETURN,return,Directly returned from function (caller assumes ownership),BaseReader,discover,https://github.com/intake/intake/blob/master/intake/readers/readers.py#L110
GitHub:intake/intake (master),intake/readers/readers.py,264,_fs.cat_file,False,ESCAPING_LOCAL_VAR,head,Variable 'head' returned from function,FileReader,_sniff_head,https://github.com/intake/intake/blob/master/intake/readers/readers.py#L264
GitHub:intake/intake (master),intake/readers/readers.py,335,self.read,True,DIRECT_CALL_ARGUMENT,iter,Passed directly to consumer function 'iter',PandasSQLAlchemy,discover,https://github.com/intake/intake/blob/master/intake/readers/readers.py#L335
GitHub:intake/intake (master),intake/readers/readers.py,348,self.read,True,LOCAL_TRANSIENT,local,Local scope execution without explicit escape detected,DaskDF,discover,https://github.com/intake/intake/blob/master/intake/readers/readers.py#L348
GitHub:intake/intake (master),intake/readers/readers.py,457,self.read,True,LOCAL_TRANSIENT,local,Local scope execution without explicit escape detected,DuckDB,discover,https://github.com/intake/intake/blob/master/intake/readers/readers.py#L457
GitHub:intake/intake (master),intake/readers/readers.py,526,self.read,True,LOCAL_TRANSIENT,local,Local scope execution without explicit escape detected,SparkDataFrame,discover,https://github.com/intake/intake/blob/master/intake/readers/readers.py#L526
GitHub:intake/intake (master),intake/readers/readers.py,941,self.read,False,ESCAPING_RETURN,return,Directly returned from function (caller assumes ownership),AwkwardParquet,discover,https://github.com/intake/intake/blob/master/intake/readers/readers.py#L941
GitHub:intake/intake (master),intake/readers/readers.py,950,self.read,True,LOCAL_TRANSIENT,local,Local scope execution without explicit escape detected,DaskAwkwardParquet,discover,https://github.com/intake/intake/blob/master/intake/readers/readers.py#L950
GitHub:intake/intake (master),intake/readers/readers.py,977,self.read,True,LOCAL_TRANSIENT,local,Local scope execution without explicit escape detected,DaskAwkwardJSON,discover,https://github.com/intake/intake/blob/master/intake/readers/readers.py#L977
GitHub:intake/intake (master),intake/readers/readers.py,1000,h.cat,True,DESCUPED_LOCAL_VARIABLE,rr,Local transient variable 'rr' (ownership discarded at function exit),HandleToUrlReader,_extract,https://github.com/intake/intake/blob/master/intake/readers/readers.py#L1000
GitHub:intake/intake (master),intake/readers/readers.py,1007,h.cat,True,DESCUPED_LOCAL_VARIABLE,r,Local transient variable 'r' (ownership discarded at function exit),HandleToUrlReader,_read,https://github.com/intake/intake/blob/master/intake/readers/readers.py#L1007
GitHub:intake/intake (master),intake/readers/readers.py,1026,self.read,False,ESCAPING_RETURN,return,Directly returned from function (caller assumes ownership),PandasCSV,discover,https://github.com/intake/intake/blob/master/intake/readers/readers.py#L1026
GitHub:intake/intake (master),intake/readers/readers.py,1064,self.read,True,LOCAL_TRANSIENT,local,Local scope execution without explicit escape detected,DaskText,discover,https://github.com/intake/intake/blob/master/intake/readers/readers.py#L1064
GitHub:intake/intake (master),intake/readers/readers.py,1105,self.read,True,LOCAL_TRANSIENT,local,Local scope execution without explicit escape detected,Polars,discover,https://github.com/intake/intake/blob/master/intake/readers/readers.py#L1105
GitHub:intake/intake (master),intake/readers/readers.py,1171,self.read,True,LOCAL_TRANSIENT,local,Local scope execution without explicit escape detected,Ray,discover,https://github.com/intake/intake/blob/master/intake/readers/readers.py#L1171
GitHub:intake/intake (master),intake/readers/readers.py,1254,client.read,False,ESCAPING_RETURN,return,Directly returned from function (caller assumes ownership),TiledClient,_read,https://github.com/intake/intake/blob/master/intake/readers/readers.py#L1254
GitHub:intake/intake (master),intake/readers/readers.py,1288,f.read,True,DIRECT_CALL_ARGUMENT,exec,Passed directly to consumer function 'exec',PythonModule,_read,https://github.com/intake/intake/blob/master/intake/readers/readers.py#L1288
GitHub:intake/intake (master),intake/readers/readers.py,1664,condition.read,True,DESCUPED_LOCAL_VARIABLE,cond,Local transient variable 'cond' (ownership discarded at function exit),Condition,_read,https://github.com/intake/intake/blob/master/intake/readers/readers.py#L1664
GitHub:intake/intake (master),intake/readers/readers.py,1668,if_true.read,True,LOCAL_TRANSIENT,local,Local scope execution without explicit escape detected,Condition,_read,https://github.com/intake/intake/blob/master/intake/readers/readers.py#L1668
GitHub:intake/intake (master),intake/readers/readers.py,1670,if_false.read,True,LOCAL_TRANSIENT,local,Local scope execution without explicit escape detected,Condition,_read,https://github.com/intake/intake/blob/master/intake/readers/readers.py#L1670
GitHub:intake/intake (master),intake/readers/readers.py,1687,f.read,False,ESCAPING_RETURN,return,Directly returned from function (caller assumes ownership),PMTileReader,get_bytes,https://github.com/intake/intake/blob/master/intake/readers/readers.py#L1687
GitHub:intake/intake (master),intake/readers/readers.py,1781,reader.first_n_stages.read,False,ESCAPING_LOCAL_VAR,data,Variable 'data' returned from function,Retry,_read,https://github.com/intake/intake/blob/master/intake/readers/readers.py#L1781
GitHub:intake/intake (master),intake/readers/readers.py,1931,self.read,False,ESCAPING_LOCAL_VAR,tbl,Variable 'tbl' returned from function,LanceReader,discover,https://github.com/intake/intake/blob/master/intake/readers/readers.py#L1931
GitHub:intake/intake (master),intake/readers/readers.py,1999,f.read,False,ESCAPING_RETURN,return,Directly returned from function (caller assumes ownership),MarkdownReader,_read,https://github.com/intake/intake/blob/master/intake/readers/readers.py#L1999
GitHub:intake/intake (master),intake/readers/readers.py,2006,f.read,False,ESCAPING_LOCAL_VAR,raw,Variable 'raw' returned from function,MarkdownReader,discover,https://github.com/intake/intake/blob/master/intake/readers/readers.py#L2006
GitHub:intake/intake (master),intake/readers/readers.py,2096,self.read,False,ESCAPING_LOCAL_VAR,tables,Variable 'tables' returned from function,HTMLTableReader,discover,https://github.com/intake/intake/blob/master/intake/readers/readers.py#L2096
GitHub:intake/intake (master),intake/readers/readers.py,2132,self.read,False,ESCAPING_LOCAL_VAR,pdf,Variable 'pdf' returned from function,PDFPlumberReader,discover,https://github.com/intake/intake/blob/master/intake/readers/readers.py#L2132
GitHub:intake/intake (master),intake/readers/readers.py,2358,self.read,False,ESCAPING_LOCAL_VAR,las,Variable 'las' returned from function,LASReader,discover,https://github.com/intake/intake/blob/master/intake/readers/readers.py#L2358
GitHub:intake/intake (master),intake/readers/readers.py,2386,self.read,False,ESCAPING_RETURN,return,Directly returned from function (caller assumes ownership),COGXarrayReader,discover,https://github.com/intake/intake/blob/master/intake/readers/readers.py#L2386
GitHub:intake/intake (master),intake/readers/readers.py,2472,self.read,False,ESCAPING_LOCAL_VAR,records,Variable 'records' returned from function,BioPythonFASTAReader,discover,https://github.com/intake/intake/blob/master/intake/readers/readers.py#L2472
GitHub:intake/intake (master),intake/readers/readers.py,2499,self.read,False,ESCAPING_LOCAL_VAR,vf,Variable 'vf' returned from function,PySAMVCFReader,discover,https://github.com/intake/intake/blob/master/intake/readers/readers.py#L2499
GitHub:intake/intake (master),intake/readers/readers.py,2517,self.read,False,ESCAPING_LOCAL_VAR,bw,Variable 'bw' returned from function,PyBigWigReader,discover,https://github.com/intake/intake/blob/master/intake/readers/readers.py#L2517
GitHub:intake/intake (master),intake/readers/readers.py,2535,self.read,False,ESCAPING_LOCAL_VAR,u,Variable 'u' returned from function,MDAnalysisReader,discover,https://github.com/intake/intake/blob/master/intake/readers/readers.py#L2535
GitHub:intake/intake (master),intake/readers/readers.py,2562,self.read,False,ESCAPING_LOCAL_VAR,model,Variable 'model' returned from function,ONNXReader,discover,https://github.com/intake/intake/blob/master/intake/readers/readers.py#L2562
GitHub:intake/intake (master),intake/readers/readers.py,2665,f.read,True,DESCUPED_LOCAL_VARIABLE,header,Local transient variable 'header' (ownership discarded at function exit),GGUFMetadataReader,_read,https://github.com/intake/intake/blob/master/intake/readers/readers.py#L2665
GitHub:intake/intake (master),intake/readers/readers.py,2677,f.read,True,STRUCT_UNPACK,struct.unpack,Direct in-place consumer 'struct.unpack' (safe zero-copy candidate),GGUFMetadataReader,_read,https://github.com/intake/intake/blob/master/intake/readers/readers.py#L2677
GitHub:intake/intake (master),intake/readers/readers.py,2678,f.read,True,CHAINED_TRANSFORMATION,decode,Immediately transformed in-place via .decode(),GGUFMetadataReader,_read,https://github.com/intake/intake/blob/master/intake/readers/readers.py#L2678
GitHub:intake/intake (master),intake/readers/readers.py,2680,f.read,True,STRUCT_UNPACK,struct.unpack,Direct in-place consumer 'struct.unpack' (safe zero-copy candidate),GGUFMetadataReader,_read,https://github.com/intake/intake/blob/master/intake/readers/readers.py#L2680
GitHub:intake/intake (master),intake/readers/readers.py,2696,f.read,True,STRUCT_UNPACK,struct.unpack,Direct in-place consumer 'struct.unpack' (safe zero-copy candidate),GGUFMetadataReader,_read,https://github.com/intake/intake/blob/master/intake/readers/readers.py#L2696
GitHub:intake/intake (master),intake/readers/readers.py,2697,f.read,True,CHAINED_TRANSFORMATION,decode,Immediately transformed in-place via .decode(),GGUFMetadataReader,_read,https://github.com/intake/intake/blob/master/intake/readers/readers.py#L2697
GitHub:intake/intake (master),intake/readers/readers.py,2699,f.read,True,STRUCT_UNPACK,struct.unpack,Direct in-place consumer 'struct.unpack' (safe zero-copy candidate),GGUFMetadataReader,_read,https://github.com/intake/intake/blob/master/intake/readers/readers.py#L2699
GitHub:intake/intake (master),intake/readers/readers.py,2700,f.read,True,STRUCT_UNPACK,struct.unpack,Direct in-place consumer 'struct.unpack' (safe zero-copy candidate),GGUFMetadataReader,_read,https://github.com/intake/intake/blob/master/intake/readers/readers.py#L2700
GitHub:intake/intake (master),intake/readers/readers.py,2704,f.read,True,STRUCT_UNPACK,struct.unpack,Direct in-place consumer 'struct.unpack' (safe zero-copy candidate),GGUFMetadataReader,_read,https://github.com/intake/intake/blob/master/intake/readers/readers.py#L2704
GitHub:intake/intake (master),intake/readers/readers.py,2705,f.read,True,STANDALONE_DRAIN,expr,Result discarded immediately after execution,GGUFMetadataReader,_read,https://github.com/intake/intake/blob/master/intake/readers/readers.py#L2705
GitHub:intake/intake (master),intake/readers/readers.py,2707,f.read,True,STANDALONE_DRAIN,expr,Result discarded immediately after execution,GGUFMetadataReader,_read,https://github.com/intake/intake/blob/master/intake/readers/readers.py#L2707
GitHub:intake/intake (master),intake/readers/readers.py,2713,f.read,True,STRUCT_UNPACK,struct.unpack,Direct in-place consumer 'struct.unpack' (safe zero-copy candidate),GGUFMetadataReader,_read,https://github.com/intake/intake/blob/master/intake/readers/readers.py#L2713
GitHub:intake/intake (master),intake/readers/readers.py,2752,f.read,True,DESCUPED_LOCAL_VARIABLE,raw,Local transient variable 'raw' (ownership discarded at function exit),PMTilesMetadataReader,_read,https://github.com/intake/intake/blob/master/intake/readers/readers.py#L2752
GitHub:intake/intake (master),intake/readers/readers.py,2849,f.read,True,DESCUPED_LOCAL_VARIABLE,header_size_raw,Local transient variable 'header_size_raw' (ownership discarded at function exit),OSMPBFMetadataReader,_read,https://github.com/intake/intake/blob/master/intake/readers/readers.py#L2849
GitHub:intake/intake (master),intake/readers/readers.py,2853,f.read,True,DESCUPED_LOCAL_VARIABLE,blob_header_bytes,Local transient variable 'blob_header_bytes' (ownership discarded at function exit),OSMPBFMetadataReader,_read,https://github.com/intake/intake/blob/master/intake/readers/readers.py#L2853
GitHub:intake/intake (master),intake/readers/readers.py,2855,f.read,True,DESCUPED_LOCAL_VARIABLE,blob_size_raw,Local transient variable 'blob_size_raw' (ownership discarded at function exit),OSMPBFMetadataReader,_read,https://github.com/intake/intake/blob/master/intake/readers/readers.py#L2855
GitHub:intake/intake (master),intake/readers/readers.py,2859,f.read,True,DESCUPED_LOCAL_VARIABLE,blob_bytes,Local transient variable 'blob_bytes' (ownership discarded at function exit),OSMPBFMetadataReader,_read,https://github.com/intake/intake/blob/master/intake/readers/readers.py#L2859
GitHub:intake/intake (master),intake/readers/readers.py,3103,pkl_f.read,True,BYTESIO_STREAM,io.BytesIO,Direct in-place consumer 'io.BytesIO' (safe zero-copy candidate),TorchModelMetadataReader,_read,https://github.com/intake/intake/blob/master/intake/readers/readers.py#L3103
GitHub:intake/intake (master),intake/readers/readers.py,3183,self.read,False,ESCAPING_LOCAL_VAR,npz,Variable 'npz' returned from function,NPZReader,discover,https://github.com/intake/intake/blob/master/intake/readers/readers.py#L3183
GitHub:intake/intake (master),intake/readers/readers.py,3235,self.read,False,ESCAPING_RETURN,return,Directly returned from function (caller assumes ownership),KafkaReader,discover,https://github.com/intake/intake/blob/master/intake/readers/readers.py#L3235
GitHub:intake/intake (master),intake/readers/readers.py,3285,self.read,False,ESCAPING_RETURN,return,Directly returned from function (caller assumes ownership),MQTTReader,discover,https://github.com/intake/intake/blob/master/intake/readers/readers.py#L3285
GitHub:intake/intake (master),intake/readers/readers.py,3361,self.read,False,ESCAPING_RETURN,return,Directly returned from function (caller assumes ownership),MongoDBReader,discover,https://github.com/intake/intake/blob/master/intake/readers/readers.py#L3361
GitHub:intake/intake (master),intake/readers/readers.py,3394,self.read,False,ESCAPING_RETURN,return,Directly returned from function (caller assumes ownership),ElasticsearchReader,discover,https://github.com/intake/intake/blob/master/intake/readers/readers.py#L3394
GitHub:intake/intake (master),intake/readers/readers.py,3443,self.read,False,ESCAPING_RETURN,return,Directly returned from function (caller assumes ownership),SocrataReader,discover,https://github.com/intake/intake/blob/master/intake/readers/readers.py#L3443
GitHub:intake/intake (master),intake/readers/readers.py,3495,self.read,False,ESCAPING_LOCAL_VAR,npz_dict,Variable 'npz_dict' returned from function,NPZDaskReader,discover,https://github.com/intake/intake/blob/master/intake/readers/readers.py#L3495
GitHub:intake/intake (master),intake/readers/readers.py,3566,self.read,False,ESCAPING_LOCAL_VAR,img,Variable 'img' returned from function,SimpleITKReader,discover,https://github.com/intake/intake/blob/master/intake/readers/readers.py#L3566
GitHub:intake/intake (master),intake/readers/readers.py,3614,self.read,False,ESCAPING_LOCAL_VAR,slide,Variable 'slide' returned from function,OpenSlideReader,discover,https://github.com/intake/intake/blob/master/intake/readers/readers.py#L3614
GitHub:intake/intake (master),intake/readers/readers.py,3661,self.read,True,DESCUPED_LOCAL_VARIABLE,reader,Local transient variable 'reader' (ownership discarded at function exit),ImageIOVideoReader,discover,https://github.com/intake/intake/blob/master/intake/readers/readers.py#L3661
GitHub:intake/intake (master),intake/readers/search.py,127,f.read,True,DESCUPED_LOCAL_VARIABLE,env,Local transient variable 'env' (ownership discarded at function exit),EnvironmentSatisfied,_is_consistent,https://github.com/intake/intake/blob/master/intake/readers/search.py#L127
GitHub:intake/intake (master),intake/readers/transform.py,67,cat.read,True,DESCUPED_LOCAL_VARIABLE,cat,Local transient variable 'cat' (ownership discarded at function exit),THREDDSCatToMergedDataset,run,https://github.com/intake/intake/blob/master/intake/readers/transform.py#L67
GitHub:intake/intake (master),intake/readers/transform.py,72,read,True,DIRECT_CALL_ARGUMENT,data.append,Passed directly to consumer function 'data.append',THREDDSCatToMergedDataset,run,https://github.com/intake/intake/blob/master/intake/readers/transform.py#L72
GitHub:intake/intake (master),intake/readers/transform.py,157,pipe.read,True,LOCAL_TRANSIENT,local,Local scope execution without explicit escape detected,CatalogMapper,run,https://github.com/intake/intake/blob/master/intake/readers/transform.py#L157
GitHub:intake/intake (master),intake/source/csv.py,32,DaskCSV.read,False,ESCAPING_RETURN,return,Directly returned from function (caller assumes ownership),CSVSource,to_dask,https://github.com/intake/intake/blob/master/intake/source/csv.py#L32
GitHub:intake/intake (master),intake/source/csv.py,35,PandasCSV.read,False,ESCAPING_RETURN,return,Directly returned from function (caller assumes ownership),CSVSource,read,https://github.com/intake/intake/blob/master/intake/source/csv.py#L35
GitHub:intake/intake (master),intake/source/csv.py,38,SparkDataFrame.read,False,ESCAPING_RETURN,return,Directly returned from function (caller assumes ownership),CSVSource,to_spark,https://github.com/intake/intake/blob/master/intake/source/csv.py#L38
GitHub:intake/intake (master),intake/source/derived.py,105,self.source.read,False,ESCAPING_RETURN,return,Directly returned from function (caller assumes ownership),AliasSource,read,https://github.com/intake/intake/blob/master/intake/source/derived.py#L105
GitHub:intake/intake (master),intake/source/derived.py,254,self._source.read,True,DIRECT_CALL_ARGUMENT,self._transform,Passed directly to consumer function 'self._transform',GenericTransform,read,https://github.com/intake/intake/blob/master/intake/source/derived.py#L254
GitHub:intake/intake (master),intake/source/npy.py,44,DaskNPYStack.read,False,ESCAPING_RETURN,return,Directly returned from function (caller assumes ownership),NPySource,to_dask,https://github.com/intake/intake/blob/master/intake/source/npy.py#L44
GitHub:intake/intake (master),intake/source/npy.py,47,NumpyReader.read,False,ESCAPING_RETURN,return,Directly returned from function (caller assumes ownership),NPySource,read,https://github.com/intake/intake/blob/master/intake/source/npy.py#L47
GitHub:intake/intake (master),intake/source/textfiles.py,78,reader.read,False,ESCAPING_RETURN,return,Directly returned from function (caller assumes ownership),TextFilesSource,read,https://github.com/intake/intake/blob/master/intake/source/textfiles.py#L78
GitHub:intake/intake (master),intake/source/textfiles.py,81,SparkText.read,False,ESCAPING_RETURN,return,Directly returned from function (caller assumes ownership),TextFilesSource,to_spark,https://github.com/intake/intake/blob/master/intake/source/textfiles.py#L81
GitHub:intake/intake (master),intake/source/tiled.py,112,read,False,ESCAPING_LOCAL_VAR,instance,Variable 'instance' stored into attribute 'self.instance',TiledSource,__init__,https://github.com/intake/intake/blob/master/intake/source/tiled.py#L112
GitHub:intake/intake (master),intake/source/tiled.py,134,self.instance.read,False,ESCAPING_RETURN,return,Directly returned from function (caller assumes ownership),TiledSource,to_dask,https://github.com/intake/intake/blob/master/intake/source/tiled.py#L134
GitHub:intake/intake (master),intake/source/tiled.py,137,self.instance.read,True,LOCAL_TRANSIENT,local,Local scope execution without explicit escape detected,TiledSource,read,https://github.com/intake/intake/blob/master/intake/source/tiled.py#L137
GitHub:intake/intake (master),intake/source/zarr.py,51,DaskZarr.read,False,ESCAPING_RETURN,return,Directly returned from function (caller assumes ownership),ZarrArraySource,to_dask,https://github.com/intake/intake/blob/master/intake/source/zarr.py#L51
GitHub:intake/intake (master),intake/source/zarr.py,54,NumpyZarr.read,False,ESCAPING_RETURN,return,Directly returned from function (caller assumes ownership),ZarrArraySource,read,https://github.com/intake/intake/blob/master/intake/source/zarr.py#L54
GitHub:fsspec/s3fs (main),s3fs/core.py,1325,read,True,LOCAL_TRANSIENT,local,Local scope execution without explicit escape detected,S3FileSystem,_call_and_read,https://github.com/fsspec/s3fs/blob/main/s3fs/core.py#L1325
GitHub:fsspec/s3fs (main),s3fs/core.py,1370,read,True,LOCAL_TRANSIENT,local,Local scope execution without explicit escape detected,S3FileSystem,_read_chunk,https://github.com/fsspec/s3fs/blob/main/s3fs/core.py#L1370
GitHub:fsspec/s3fs (main),s3fs/core.py,1494,f0.read,True,DESCUPED_LOCAL_VARIABLE,chunk,Local transient variable 'chunk' (ownership discarded at function exit),S3FileSystem,_put_file,https://github.com/fsspec/s3fs/blob/main/s3fs/core.py#L1494
GitHub:fsspec/s3fs (main),s3fs/core.py,1563,f0.read,True,DESCUPED_LOCAL_VARIABLE,chunk,Local transient variable 'chunk' (ownership discarded at function exit),S3FileSystem,_upload_file_part_concurrent,https://github.com/fsspec/s3fs/blob/main/s3fs/core.py#L1563
GitHub:fsspec/s3fs (main),s3fs/core.py,1601,read,True,LOCAL_TRANSIENT,local,Local scope execution without explicit escape detected,S3FileSystem,_download_chunk,https://github.com/fsspec/s3fs/blob/main/s3fs/core.py#L1601
GitHub:fsspec/s3fs (main),s3fs/core.py,1680,body.read,True,LOCAL_TRANSIENT,local,Local scope execution without explicit escape detected,S3FileSystem,_get_file,https://github.com/fsspec/s3fs/blob/main/s3fs/core.py#L1680
GitHub:fsspec/s3fs (main),s3fs/core.py,2609,self.fs.cat,True,DIRECT_CALL_ARGUMENT,self.write,Passed directly to consumer function 'self.write',S3File,__init__,https://github.com/fsspec/s3fs/blob/main/s3fs/core.py#L2609
GitHub:fsspec/s3fs (main),s3fs/core.py,2770,self.buffer.read,True,DIRECT_CALL_ARGUMENT,upload_part,Passed directly to consumer function 'upload_part',S3File,_upload_chunk,https://github.com/fsspec/s3fs/blob/main/s3fs/core.py#L2770
GitHub:fsspec/s3fs (main),s3fs/core.py,2773,self.buffer.read,True,DIRECT_CALL_ARGUMENT,upload_part,Passed directly to consumer function 'upload_part',S3File,_upload_chunk,https://github.com/fsspec/s3fs/blob/main/s3fs/core.py#L2773
GitHub:fsspec/s3fs (main),s3fs/core.py,2781,self.buffer.read,True,BYTESIO_STREAM,io.BytesIO,Direct in-place consumer 'io.BytesIO' (safe zero-copy candidate),S3File,_upload_chunk,https://github.com/fsspec/s3fs/blob/main/s3fs/core.py#L2781
GitHub:fsspec/s3fs (main),s3fs/core.py,2798,self.buffer.read,True,DESCUPED_LOCAL_VARIABLE,data,Local transient variable 'data' (ownership discarded at function exit),S3File,commit,https://github.com/fsspec/s3fs/blob/main/s3fs/core.py#L2798
GitHub:fsspec/s3fs (main),s3fs/core.py,2856,self.r.read,True,LOCAL_TRANSIENT,local,Local scope execution without explicit escape detected,S3AsyncStreamedFile,read,https://github.com/fsspec/s3fs/blob/main/s3fs/core.py#L2856
GitHub:fsspec/s3fs (main),s3fs/core.py,2903,read,True,LOCAL_TRANSIENT,local,Local scope execution without explicit escape detected,,_call_and_read,https://github.com/fsspec/s3fs/blob/main/s3fs/core.py#L2903
GitHub:fsspec/s3fs (main),setup.py,29,open.read,True,CHAINED_TRANSFORMATION,strip,Immediately transformed in-place via .strip(),,,https://github.com/fsspec/s3fs/blob/main/setup.py#L29
GitHub:fsspec/s3fs (main),versioneer.py,1545,f.read,True,DESCUPED_LOCAL_VARIABLE,contents,Local transient variable 'contents' (ownership discarded at function exit),,versions_from_file,https://github.com/fsspec/s3fs/blob/main/versioneer.py#L1545
GitHub:fsspec/s3fs (main),versioneer.py,2261,f.read,True,DESCUPED_LOCAL_VARIABLE,old,Local transient variable 'old' (ownership discarded at function exit),,do_setup,https://github.com/fsspec/s3fs/blob/main/versioneer.py#L2261
GitHub:fsspec/s3fs (main),versioneer.py,2293,f.readlines,True,LOCAL_TRANSIENT,local,Local scope execution without explicit escape detected,,scan_setup_py,https://github.com/fsspec/s3fs/blob/main/versioneer.py#L2293
GitHub:fsspec/gcsfs (main),gcsfs/core.py,120,r.read,True,LOCAL_TRANSIENT,local,Local scope execution without explicit escape detected,,_req_to_text,https://github.com/fsspec/gcsfs/blob/main/gcsfs/core.py#L120
GitHub:fsspec/gcsfs (main),gcsfs/core.py,537,r.read,True,LOCAL_TRANSIENT,local,Local scope execution without explicit escape detected,GCSFileSystem,_request,https://github.com/fsspec/gcsfs/blob/main/gcsfs/core.py#L537
GitHub:fsspec/gcsfs (main),gcsfs/core.py,1772,f0.read,True,DIRECT_CALL_ARGUMENT,simple_upload,Passed directly to consumer function 'simple_upload',GCSFileSystem,_put_file,https://github.com/fsspec/gcsfs/blob/main/gcsfs/core.py#L1772
GitHub:fsspec/gcsfs (main),gcsfs/core.py,1794,f0.read,True,DESCUPED_LOCAL_VARIABLE,bit,Local transient variable 'bit' (ownership discarded at function exit),GCSFileSystem,_put_file,https://github.com/fsspec/gcsfs/blob/main/gcsfs/core.py#L1794
GitHub:fsspec/gcsfs (main),gcsfs/core.py,1982,r.content.read,True,LOCAL_TRANSIENT,local,Local scope execution without explicit escape detected,GCSFileSystem,_get_file_request,https://github.com/fsspec/gcsfs/blob/main/gcsfs/core.py#L1982
GitHub:fsspec/gcsfs (main),gcsfs/core.py,2676,self.buffer.read,True,DESCUPED_LOCAL_VARIABLE,data,Local transient variable 'data' (ownership discarded at function exit),GCSFile,_simple_upload,https://github.com/fsspec/gcsfs/blob/main/gcsfs/core.py#L2676
GitHub:fsspec/gcsfs (main),gcsfs/core.py,2703,self.fs.cat_file,False,ESCAPING_RETURN,return,Directly returned from function (caller assumes ownership),GCSFile,_fetch_range,https://github.com/fsspec/gcsfs/blob/main/gcsfs/core.py#L2703
GitHub:fsspec/gcsfs (main),gcsfs/zonal_file.py,354,self.buffer.read,True,DESCUPED_LOCAL_VARIABLE,data,Local transient variable 'data' (ownership discarded at function exit),ZonalFile,_simple_upload,https://github.com/fsspec/gcsfs/blob/main/gcsfs/zonal_file.py#L354
GitHub:fsspec/adlfs (main),adlfs/spec.py,1597,self.cat_file,True,LOCAL_TRANSIENT,local,Local scope execution without explicit escape detected,AzureBlobFileSystem,cat,https://github.com/fsspec/adlfs/blob/main/adlfs/spec.py#L1597
GitHub:fsspec/adlfs (main),adlfs/spec.py,1605,self.cat_file,False,ESCAPING_RETURN,return,Directly returned from function (caller assumes ownership),AzureBlobFileSystem,cat,https://github.com/fsspec/adlfs/blob/main/adlfs/spec.py#L1605
GitHub:fsspec/adlfs (main),adlfs/spec.py,1865,stream.readinto,True,LOCAL_TRANSIENT,local,Local scope execution without explicit escape detected,AzureBlobFileSystem,_get_file,https://github.com/fsspec/adlfs/blob/main/adlfs/spec.py#L1865
